ISO-10303-21;
HEADER;
/* Generated by software containing ST-Developer
 * from STEP Tools, Inc. (www.steptools.com) 
 */

FILE_DESCRIPTION(
/* description */ (''),
/* implementation_level */ '2;1');

FILE_NAME(
/* name */ 'osupadfullassembly.step',
/* time_stamp */ '2026-01-24T10:02:32Z',
/* author */ (''),
/* organization */ (''),
/* preprocessor_version */ 'ST-DEVELOPER v20.1',
/* originating_system */ 'Autodesk Translation Framework v14.21.0.0',
/* authorisation */ '');

FILE_SCHEMA (('AUTOMOTIVE_DESIGN { 1 0 10303 214 3 1 1 }'));
ENDSEC;

DATA;
#10=MECHANICAL_DESIGN_GEOMETRIC_PRESENTATION_REPRESENTATION('',(#13,#14,
#15),#9963);
#11=SHAPE_REPRESENTATION_RELATIONSHIP('SRR','None',#9970,#12);
#12=ADVANCED_BREP_SHAPE_REPRESENTATION('',(#16,#17,#18),#9962);
#13=STYLED_ITEM('',(#9980),#16);
#14=STYLED_ITEM('',(#9980),#17);
#15=STYLED_ITEM('',(#9981),#18);
#16=MANIFOLD_SOLID_BREP('case',#5221);
#17=MANIFOLD_SOLID_BREP('plate',#5222);
#18=MANIFOLD_SOLID_BREP('pcb',#5223);
#19=CYLINDRICAL_SURFACE('',#5315,1.7);
#20=CYLINDRICAL_SURFACE('',#5317,1.7);
#21=CYLINDRICAL_SURFACE('',#5319,1.7);
#22=CYLINDRICAL_SURFACE('',#5321,1.7);
#23=CYLINDRICAL_SURFACE('',#5379,0.499999999999998);
#24=CYLINDRICAL_SURFACE('',#5382,0.499999999999998);
#25=CYLINDRICAL_SURFACE('',#5385,0.500000000000003);
#26=CYLINDRICAL_SURFACE('',#5388,0.5);
#27=CYLINDRICAL_SURFACE('',#5390,1.7);
#28=CYLINDRICAL_SURFACE('',#5392,0.499999999999998);
#29=CYLINDRICAL_SURFACE('',#5395,0.499999999999998);
#30=CYLINDRICAL_SURFACE('',#5398,0.499999999999998);
#31=CYLINDRICAL_SURFACE('',#5401,0.5);
#32=CYLINDRICAL_SURFACE('',#5404,1.7);
#33=CYLINDRICAL_SURFACE('',#5406,1.7);
#34=CYLINDRICAL_SURFACE('',#5409,0.5);
#35=CYLINDRICAL_SURFACE('',#5412,0.499999999999998);
#36=CYLINDRICAL_SURFACE('',#5415,0.499999999999998);
#37=CYLINDRICAL_SURFACE('',#5418,0.5);
#38=CYLINDRICAL_SURFACE('',#5421,0.499999999999998);
#39=CYLINDRICAL_SURFACE('',#5424,0.499999999999998);
#40=CYLINDRICAL_SURFACE('',#5427,0.499999999999998);
#41=CYLINDRICAL_SURFACE('',#5430,0.5);
#42=CYLINDRICAL_SURFACE('',#5432,1.7);
#43=CIRCLE('',#5310,1.7);
#44=CIRCLE('',#5311,1.7);
#45=CIRCLE('',#5312,1.7);
#46=CIRCLE('',#5313,1.7);
#47=CIRCLE('',#5316,1.7);
#48=CIRCLE('',#5318,1.7);
#49=CIRCLE('',#5320,1.7);
#50=CIRCLE('',#5322,1.7);
#51=CIRCLE('',#5346,1.7);
#52=CIRCLE('',#5347,0.5);
#53=CIRCLE('',#5348,0.499999999999998);
#54=CIRCLE('',#5349,0.499999999999998);
#55=CIRCLE('',#5350,0.499999999999998);
#56=CIRCLE('',#5351,0.5);
#57=CIRCLE('',#5352,0.5);
#58=CIRCLE('',#5353,0.499999999999998);
#59=CIRCLE('',#5354,0.499999999999998);
#60=CIRCLE('',#5355,1.7);
#61=CIRCLE('',#5356,1.7);
#62=CIRCLE('',#5357,0.499999999999998);
#63=CIRCLE('',#5358,0.499999999999998);
#64=CIRCLE('',#5359,0.499999999999998);
#65=CIRCLE('',#5360,0.5);
#66=CIRCLE('',#5361,1.7);
#67=CIRCLE('',#5362,0.5);
#68=CIRCLE('',#5363,0.499999999999998);
#69=CIRCLE('',#5364,0.499999999999998);
#70=CIRCLE('',#5365,0.500000000000003);
#71=CIRCLE('',#5380,0.499999999999998);
#72=CIRCLE('',#5383,0.499999999999998);
#73=CIRCLE('',#5386,0.500000000000003);
#74=CIRCLE('',#5389,0.5);
#75=CIRCLE('',#5391,1.7);
#76=CIRCLE('',#5393,0.499999999999998);
#77=CIRCLE('',#5396,0.499999999999998);
#78=CIRCLE('',#5399,0.499999999999998);
#79=CIRCLE('',#5402,0.5);
#80=CIRCLE('',#5405,1.7);
#81=CIRCLE('',#5407,1.7);
#82=CIRCLE('',#5410,0.5);
#83=CIRCLE('',#5413,0.499999999999998);
#84=CIRCLE('',#5416,0.499999999999998);
#85=CIRCLE('',#5419,0.5);
#86=CIRCLE('',#5422,0.499999999999998);
#87=CIRCLE('',#5425,0.499999999999998);
#88=CIRCLE('',#5428,0.499999999999998);
#89=CIRCLE('',#5431,0.5);
#90=CIRCLE('',#5433,1.7);
#91=FACE_BOUND('',#626,.T.);
#92=FACE_BOUND('',#647,.T.);
#93=FACE_BOUND('',#671,.T.);
#94=FACE_BOUND('',#713,.T.);
#95=FACE_BOUND('',#715,.T.);
#96=FACE_BOUND('',#716,.T.);
#97=FACE_BOUND('',#717,.T.);
#98=FACE_BOUND('',#718,.T.);
#99=FACE_BOUND('',#719,.T.);
#100=FACE_BOUND('',#720,.T.);
#101=FACE_BOUND('',#721,.T.);
#102=FACE_BOUND('',#722,.T.);
#103=FACE_BOUND('',#750,.T.);
#104=FACE_BOUND('',#751,.T.);
#105=FACE_BOUND('',#752,.T.);
#106=FACE_BOUND('',#753,.T.);
#107=FACE_BOUND('',#782,.T.);
#108=FACE_BOUND('',#783,.T.);
#109=FACE_BOUND('',#784,.T.);
#110=FACE_BOUND('',#785,.T.);
#111=FACE_BOUND('',#786,.T.);
#112=FACE_BOUND('',#787,.T.);
#113=FACE_BOUND('',#788,.T.);
#114=FACE_BOUND('',#789,.T.);
#115=FACE_BOUND('',#790,.T.);
#116=FACE_BOUND('',#843,.T.);
#117=FACE_BOUND('',#844,.T.);
#118=FACE_BOUND('',#845,.T.);
#119=FACE_BOUND('',#846,.T.);
#120=FACE_BOUND('',#847,.T.);
#121=FACE_BOUND('',#848,.T.);
#122=FACE_BOUND('',#849,.T.);
#123=FACE_BOUND('',#850,.T.);
#124=FACE_BOUND('',#851,.T.);
#125=PLANE('',#5237);
#126=PLANE('',#5238);
#127=PLANE('',#5239);
#128=PLANE('',#5240);
#129=PLANE('',#5241);
#130=PLANE('',#5242);
#131=PLANE('',#5243);
#132=PLANE('',#5244);
#133=PLANE('',#5245);
#134=PLANE('',#5246);
#135=PLANE('',#5247);
#136=PLANE('',#5248);
#137=PLANE('',#5249);
#138=PLANE('',#5250);
#139=PLANE('',#5251);
#140=PLANE('',#5252);
#141=PLANE('',#5253);
#142=PLANE('',#5254);
#143=PLANE('',#5255);
#144=PLANE('',#5256);
#145=PLANE('',#5257);
#146=PLANE('',#5258);
#147=PLANE('',#5259);
#148=PLANE('',#5260);
#149=PLANE('',#5261);
#150=PLANE('',#5262);
#151=PLANE('',#5263);
#152=PLANE('',#5264);
#153=PLANE('',#5265);
#154=PLANE('',#5266);
#155=PLANE('',#5267);
#156=PLANE('',#5268);
#157=PLANE('',#5269);
#158=PLANE('',#5270);
#159=PLANE('',#5271);
#160=PLANE('',#5272);
#161=PLANE('',#5273);
#162=PLANE('',#5274);
#163=PLANE('',#5275);
#164=PLANE('',#5276);
#165=PLANE('',#5277);
#166=PLANE('',#5278);
#167=PLANE('',#5279);
#168=PLANE('',#5280);
#169=PLANE('',#5281);
#170=PLANE('',#5282);
#171=PLANE('',#5283);
#172=PLANE('',#5284);
#173=PLANE('',#5285);
#174=PLANE('',#5286);
#175=PLANE('',#5287);
#176=PLANE('',#5288);
#177=PLANE('',#5289);
#178=PLANE('',#5290);
#179=PLANE('',#5291);
#180=PLANE('',#5292);
#181=PLANE('',#5293);
#182=PLANE('',#5294);
#183=PLANE('',#5295);
#184=PLANE('',#5296);
#185=PLANE('',#5297);
#186=PLANE('',#5298);
#187=PLANE('',#5299);
#188=PLANE('',#5300);
#189=PLANE('',#5301);
#190=PLANE('',#5302);
#191=PLANE('',#5303);
#192=PLANE('',#5304);
#193=PLANE('',#5305);
#194=PLANE('',#5306);
#195=PLANE('',#5307);
#196=PLANE('',#5308);
#197=PLANE('',#5309);
#198=PLANE('',#5314);
#199=PLANE('',#5323);
#200=PLANE('',#5324);
#201=PLANE('',#5325);
#202=PLANE('',#5326);
#203=PLANE('',#5327);
#204=PLANE('',#5328);
#205=PLANE('',#5329);
#206=PLANE('',#5330);
#207=PLANE('',#5331);
#208=PLANE('',#5332);
#209=PLANE('',#5333);
#210=PLANE('',#5334);
#211=PLANE('',#5335);
#212=PLANE('',#5336);
#213=PLANE('',#5337);
#214=PLANE('',#5338);
#215=PLANE('',#5339);
#216=PLANE('',#5340);
#217=PLANE('',#5341);
#218=PLANE('',#5342);
#219=PLANE('',#5343);
#220=PLANE('',#5344);
#221=PLANE('',#5345);
#222=PLANE('',#5366);
#223=PLANE('',#5367);
#224=PLANE('',#5368);
#225=PLANE('',#5369);
#226=PLANE('',#5370);
#227=PLANE('',#5371);
#228=PLANE('',#5372);
#229=PLANE('',#5373);
#230=PLANE('',#5374);
#231=PLANE('',#5375);
#232=PLANE('',#5376);
#233=PLANE('',#5377);
#234=PLANE('',#5378);
#235=PLANE('',#5381);
#236=PLANE('',#5384);
#237=PLANE('',#5387);
#238=PLANE('',#5394);
#239=PLANE('',#5397);
#240=PLANE('',#5400);
#241=PLANE('',#5403);
#242=PLANE('',#5408);
#243=PLANE('',#5411);
#244=PLANE('',#5414);
#245=PLANE('',#5417);
#246=PLANE('',#5420);
#247=PLANE('',#5423);
#248=PLANE('',#5426);
#249=PLANE('',#5429);
#250=PLANE('',#5434);
#251=PLANE('',#5435);
#252=PLANE('',#5436);
#253=PLANE('',#5437);
#254=PLANE('',#5438);
#255=PLANE('',#5439);
#256=PLANE('',#5440);
#257=PLANE('',#5441);
#258=PLANE('',#5442);
#259=PLANE('',#5443);
#260=FACE_OUTER_BOUND('',#542,.T.);
#261=FACE_OUTER_BOUND('',#543,.T.);
#262=FACE_OUTER_BOUND('',#544,.T.);
#263=FACE_OUTER_BOUND('',#545,.T.);
#264=FACE_OUTER_BOUND('',#546,.T.);
#265=FACE_OUTER_BOUND('',#547,.T.);
#266=FACE_OUTER_BOUND('',#548,.T.);
#267=FACE_OUTER_BOUND('',#549,.T.);
#268=FACE_OUTER_BOUND('',#550,.T.);
#269=FACE_OUTER_BOUND('',#551,.T.);
#270=FACE_OUTER_BOUND('',#552,.T.);
#271=FACE_OUTER_BOUND('',#553,.T.);
#272=FACE_OUTER_BOUND('',#554,.T.);
#273=FACE_OUTER_BOUND('',#555,.T.);
#274=FACE_OUTER_BOUND('',#556,.T.);
#275=FACE_OUTER_BOUND('',#557,.T.);
#276=FACE_OUTER_BOUND('',#558,.T.);
#277=FACE_OUTER_BOUND('',#559,.T.);
#278=FACE_OUTER_BOUND('',#560,.T.);
#279=FACE_OUTER_BOUND('',#561,.T.);
#280=FACE_OUTER_BOUND('',#562,.T.);
#281=FACE_OUTER_BOUND('',#563,.T.);
#282=FACE_OUTER_BOUND('',#564,.T.);
#283=FACE_OUTER_BOUND('',#565,.T.);
#284=FACE_OUTER_BOUND('',#566,.T.);
#285=FACE_OUTER_BOUND('',#567,.T.);
#286=FACE_OUTER_BOUND('',#568,.T.);
#287=FACE_OUTER_BOUND('',#569,.T.);
#288=FACE_OUTER_BOUND('',#570,.T.);
#289=FACE_OUTER_BOUND('',#571,.T.);
#290=FACE_OUTER_BOUND('',#572,.T.);
#291=FACE_OUTER_BOUND('',#573,.T.);
#292=FACE_OUTER_BOUND('',#574,.T.);
#293=FACE_OUTER_BOUND('',#575,.T.);
#294=FACE_OUTER_BOUND('',#576,.T.);
#295=FACE_OUTER_BOUND('',#577,.T.);
#296=FACE_OUTER_BOUND('',#578,.T.);
#297=FACE_OUTER_BOUND('',#579,.T.);
#298=FACE_OUTER_BOUND('',#580,.T.);
#299=FACE_OUTER_BOUND('',#581,.T.);
#300=FACE_OUTER_BOUND('',#582,.T.);
#301=FACE_OUTER_BOUND('',#583,.T.);
#302=FACE_OUTER_BOUND('',#584,.T.);
#303=FACE_OUTER_BOUND('',#585,.T.);
#304=FACE_OUTER_BOUND('',#586,.T.);
#305=FACE_OUTER_BOUND('',#587,.T.);
#306=FACE_OUTER_BOUND('',#588,.T.);
#307=FACE_OUTER_BOUND('',#589,.T.);
#308=FACE_OUTER_BOUND('',#590,.T.);
#309=FACE_OUTER_BOUND('',#591,.T.);
#310=FACE_OUTER_BOUND('',#592,.T.);
#311=FACE_OUTER_BOUND('',#593,.T.);
#312=FACE_OUTER_BOUND('',#594,.T.);
#313=FACE_OUTER_BOUND('',#595,.T.);
#314=FACE_OUTER_BOUND('',#596,.T.);
#315=FACE_OUTER_BOUND('',#597,.T.);
#316=FACE_OUTER_BOUND('',#598,.T.);
#317=FACE_OUTER_BOUND('',#599,.T.);
#318=FACE_OUTER_BOUND('',#600,.T.);
#319=FACE_OUTER_BOUND('',#601,.T.);
#320=FACE_OUTER_BOUND('',#602,.T.);
#321=FACE_OUTER_BOUND('',#603,.T.);
#322=FACE_OUTER_BOUND('',#604,.T.);
#323=FACE_OUTER_BOUND('',#605,.T.);
#324=FACE_OUTER_BOUND('',#606,.T.);
#325=FACE_OUTER_BOUND('',#607,.T.);
#326=FACE_OUTER_BOUND('',#608,.T.);
#327=FACE_OUTER_BOUND('',#609,.T.);
#328=FACE_OUTER_BOUND('',#610,.T.);
#329=FACE_OUTER_BOUND('',#611,.T.);
#330=FACE_OUTER_BOUND('',#612,.T.);
#331=FACE_OUTER_BOUND('',#613,.T.);
#332=FACE_OUTER_BOUND('',#614,.T.);
#333=FACE_OUTER_BOUND('',#615,.T.);
#334=FACE_OUTER_BOUND('',#616,.T.);
#335=FACE_OUTER_BOUND('',#617,.T.);
#336=FACE_OUTER_BOUND('',#618,.T.);
#337=FACE_OUTER_BOUND('',#619,.T.);
#338=FACE_OUTER_BOUND('',#620,.T.);
#339=FACE_OUTER_BOUND('',#621,.T.);
#340=FACE_OUTER_BOUND('',#622,.T.);
#341=FACE_OUTER_BOUND('',#623,.T.);
#342=FACE_OUTER_BOUND('',#624,.T.);
#343=FACE_OUTER_BOUND('',#625,.T.);
#344=FACE_OUTER_BOUND('',#627,.T.);
#345=FACE_OUTER_BOUND('',#628,.T.);
#346=FACE_OUTER_BOUND('',#629,.T.);
#347=FACE_OUTER_BOUND('',#630,.T.);
#348=FACE_OUTER_BOUND('',#631,.T.);
#349=FACE_OUTER_BOUND('',#632,.T.);
#350=FACE_OUTER_BOUND('',#633,.T.);
#351=FACE_OUTER_BOUND('',#634,.T.);
#352=FACE_OUTER_BOUND('',#635,.T.);
#353=FACE_OUTER_BOUND('',#636,.T.);
#354=FACE_OUTER_BOUND('',#637,.T.);
#355=FACE_OUTER_BOUND('',#638,.T.);
#356=FACE_OUTER_BOUND('',#639,.T.);
#357=FACE_OUTER_BOUND('',#640,.T.);
#358=FACE_OUTER_BOUND('',#641,.T.);
#359=FACE_OUTER_BOUND('',#642,.T.);
#360=FACE_OUTER_BOUND('',#643,.T.);
#361=FACE_OUTER_BOUND('',#644,.T.);
#362=FACE_OUTER_BOUND('',#645,.T.);
#363=FACE_OUTER_BOUND('',#646,.T.);
#364=FACE_OUTER_BOUND('',#648,.T.);
#365=FACE_OUTER_BOUND('',#649,.T.);
#366=FACE_OUTER_BOUND('',#650,.T.);
#367=FACE_OUTER_BOUND('',#651,.T.);
#368=FACE_OUTER_BOUND('',#652,.T.);
#369=FACE_OUTER_BOUND('',#653,.T.);
#370=FACE_OUTER_BOUND('',#654,.T.);
#371=FACE_OUTER_BOUND('',#655,.T.);
#372=FACE_OUTER_BOUND('',#656,.T.);
#373=FACE_OUTER_BOUND('',#657,.T.);
#374=FACE_OUTER_BOUND('',#658,.T.);
#375=FACE_OUTER_BOUND('',#659,.T.);
#376=FACE_OUTER_BOUND('',#660,.T.);
#377=FACE_OUTER_BOUND('',#661,.T.);
#378=FACE_OUTER_BOUND('',#662,.T.);
#379=FACE_OUTER_BOUND('',#663,.T.);
#380=FACE_OUTER_BOUND('',#664,.T.);
#381=FACE_OUTER_BOUND('',#665,.T.);
#382=FACE_OUTER_BOUND('',#666,.T.);
#383=FACE_OUTER_BOUND('',#667,.T.);
#384=FACE_OUTER_BOUND('',#668,.T.);
#385=FACE_OUTER_BOUND('',#669,.T.);
#386=FACE_OUTER_BOUND('',#670,.T.);
#387=FACE_OUTER_BOUND('',#672,.T.);
#388=FACE_OUTER_BOUND('',#673,.T.);
#389=FACE_OUTER_BOUND('',#674,.T.);
#390=FACE_OUTER_BOUND('',#675,.T.);
#391=FACE_OUTER_BOUND('',#676,.T.);
#392=FACE_OUTER_BOUND('',#677,.T.);
#393=FACE_OUTER_BOUND('',#678,.T.);
#394=FACE_OUTER_BOUND('',#679,.T.);
#395=FACE_OUTER_BOUND('',#680,.T.);
#396=FACE_OUTER_BOUND('',#681,.T.);
#397=FACE_OUTER_BOUND('',#682,.T.);
#398=FACE_OUTER_BOUND('',#683,.T.);
#399=FACE_OUTER_BOUND('',#684,.T.);
#400=FACE_OUTER_BOUND('',#685,.T.);
#401=FACE_OUTER_BOUND('',#686,.T.);
#402=FACE_OUTER_BOUND('',#687,.T.);
#403=FACE_OUTER_BOUND('',#688,.T.);
#404=FACE_OUTER_BOUND('',#689,.T.);
#405=FACE_OUTER_BOUND('',#690,.T.);
#406=FACE_OUTER_BOUND('',#691,.T.);
#407=FACE_OUTER_BOUND('',#692,.T.);
#408=FACE_OUTER_BOUND('',#693,.T.);
#409=FACE_OUTER_BOUND('',#694,.T.);
#410=FACE_OUTER_BOUND('',#695,.T.);
#411=FACE_OUTER_BOUND('',#696,.T.);
#412=FACE_OUTER_BOUND('',#697,.T.);
#413=FACE_OUTER_BOUND('',#698,.T.);
#414=FACE_OUTER_BOUND('',#699,.T.);
#415=FACE_OUTER_BOUND('',#700,.T.);
#416=FACE_OUTER_BOUND('',#701,.T.);
#417=FACE_OUTER_BOUND('',#702,.T.);
#418=FACE_OUTER_BOUND('',#703,.T.);
#419=FACE_OUTER_BOUND('',#704,.T.);
#420=FACE_OUTER_BOUND('',#705,.T.);
#421=FACE_OUTER_BOUND('',#706,.T.);
#422=FACE_OUTER_BOUND('',#707,.T.);
#423=FACE_OUTER_BOUND('',#708,.T.);
#424=FACE_OUTER_BOUND('',#709,.T.);
#425=FACE_OUTER_BOUND('',#710,.T.);
#426=FACE_OUTER_BOUND('',#711,.T.);
#427=FACE_OUTER_BOUND('',#712,.T.);
#428=FACE_OUTER_BOUND('',#714,.T.);
#429=FACE_OUTER_BOUND('',#723,.T.);
#430=FACE_OUTER_BOUND('',#724,.T.);
#431=FACE_OUTER_BOUND('',#725,.T.);
#432=FACE_OUTER_BOUND('',#726,.T.);
#433=FACE_OUTER_BOUND('',#727,.T.);
#434=FACE_OUTER_BOUND('',#728,.T.);
#435=FACE_OUTER_BOUND('',#729,.T.);
#436=FACE_OUTER_BOUND('',#730,.T.);
#437=FACE_OUTER_BOUND('',#731,.T.);
#438=FACE_OUTER_BOUND('',#732,.T.);
#439=FACE_OUTER_BOUND('',#733,.T.);
#440=FACE_OUTER_BOUND('',#734,.T.);
#441=FACE_OUTER_BOUND('',#735,.T.);
#442=FACE_OUTER_BOUND('',#736,.T.);
#443=FACE_OUTER_BOUND('',#737,.T.);
#444=FACE_OUTER_BOUND('',#738,.T.);
#445=FACE_OUTER_BOUND('',#739,.T.);
#446=FACE_OUTER_BOUND('',#740,.T.);
#447=FACE_OUTER_BOUND('',#741,.T.);
#448=FACE_OUTER_BOUND('',#742,.T.);
#449=FACE_OUTER_BOUND('',#743,.T.);
#450=FACE_OUTER_BOUND('',#744,.T.);
#451=FACE_OUTER_BOUND('',#745,.T.);
#452=FACE_OUTER_BOUND('',#746,.T.);
#453=FACE_OUTER_BOUND('',#747,.T.);
#454=FACE_OUTER_BOUND('',#748,.T.);
#455=FACE_OUTER_BOUND('',#749,.T.);
#456=FACE_OUTER_BOUND('',#754,.T.);
#457=FACE_OUTER_BOUND('',#755,.T.);
#458=FACE_OUTER_BOUND('',#756,.T.);
#459=FACE_OUTER_BOUND('',#757,.T.);
#460=FACE_OUTER_BOUND('',#758,.T.);
#461=FACE_OUTER_BOUND('',#759,.T.);
#462=FACE_OUTER_BOUND('',#760,.T.);
#463=FACE_OUTER_BOUND('',#761,.T.);
#464=FACE_OUTER_BOUND('',#762,.T.);
#465=FACE_OUTER_BOUND('',#763,.T.);
#466=FACE_OUTER_BOUND('',#764,.T.);
#467=FACE_OUTER_BOUND('',#765,.T.);
#468=FACE_OUTER_BOUND('',#766,.T.);
#469=FACE_OUTER_BOUND('',#767,.T.);
#470=FACE_OUTER_BOUND('',#768,.T.);
#471=FACE_OUTER_BOUND('',#769,.T.);
#472=FACE_OUTER_BOUND('',#770,.T.);
#473=FACE_OUTER_BOUND('',#771,.T.);
#474=FACE_OUTER_BOUND('',#772,.T.);
#475=FACE_OUTER_BOUND('',#773,.T.);
#476=FACE_OUTER_BOUND('',#774,.T.);
#477=FACE_OUTER_BOUND('',#775,.T.);
#478=FACE_OUTER_BOUND('',#776,.T.);
#479=FACE_OUTER_BOUND('',#777,.T.);
#480=FACE_OUTER_BOUND('',#778,.T.);
#481=FACE_OUTER_BOUND('',#779,.T.);
#482=FACE_OUTER_BOUND('',#780,.T.);
#483=FACE_OUTER_BOUND('',#781,.T.);
#484=FACE_OUTER_BOUND('',#791,.T.);
#485=FACE_OUTER_BOUND('',#792,.T.);
#486=FACE_OUTER_BOUND('',#793,.T.);
#487=FACE_OUTER_BOUND('',#794,.T.);
#488=FACE_OUTER_BOUND('',#795,.T.);
#489=FACE_OUTER_BOUND('',#796,.T.);
#490=FACE_OUTER_BOUND('',#797,.T.);
#491=FACE_OUTER_BOUND('',#798,.T.);
#492=FACE_OUTER_BOUND('',#799,.T.);
#493=FACE_OUTER_BOUND('',#800,.T.);
#494=FACE_OUTER_BOUND('',#801,.T.);
#495=FACE_OUTER_BOUND('',#802,.T.);
#496=FACE_OUTER_BOUND('',#803,.T.);
#497=FACE_OUTER_BOUND('',#804,.T.);
#498=FACE_OUTER_BOUND('',#805,.T.);
#499=FACE_OUTER_BOUND('',#806,.T.);
#500=FACE_OUTER_BOUND('',#807,.T.);
#501=FACE_OUTER_BOUND('',#808,.T.);
#502=FACE_OUTER_BOUND('',#809,.T.);
#503=FACE_OUTER_BOUND('',#810,.T.);
#504=FACE_OUTER_BOUND('',#811,.T.);
#505=FACE_OUTER_BOUND('',#812,.T.);
#506=FACE_OUTER_BOUND('',#813,.T.);
#507=FACE_OUTER_BOUND('',#814,.T.);
#508=FACE_OUTER_BOUND('',#815,.T.);
#509=FACE_OUTER_BOUND('',#816,.T.);
#510=FACE_OUTER_BOUND('',#817,.T.);
#511=FACE_OUTER_BOUND('',#818,.T.);
#512=FACE_OUTER_BOUND('',#819,.T.);
#513=FACE_OUTER_BOUND('',#820,.T.);
#514=FACE_OUTER_BOUND('',#821,.T.);
#515=FACE_OUTER_BOUND('',#822,.T.);
#516=FACE_OUTER_BOUND('',#823,.T.);
#517=FACE_OUTER_BOUND('',#824,.T.);
#518=FACE_OUTER_BOUND('',#825,.T.);
#519=FACE_OUTER_BOUND('',#826,.T.);
#520=FACE_OUTER_BOUND('',#827,.T.);
#521=FACE_OUTER_BOUND('',#828,.T.);
#522=FACE_OUTER_BOUND('',#829,.T.);
#523=FACE_OUTER_BOUND('',#830,.T.);
#524=FACE_OUTER_BOUND('',#831,.T.);
#525=FACE_OUTER_BOUND('',#832,.T.);
#526=FACE_OUTER_BOUND('',#833,.T.);
#527=FACE_OUTER_BOUND('',#834,.T.);
#528=FACE_OUTER_BOUND('',#835,.T.);
#529=FACE_OUTER_BOUND('',#836,.T.);
#530=FACE_OUTER_BOUND('',#837,.T.);
#531=FACE_OUTER_BOUND('',#838,.T.);
#532=FACE_OUTER_BOUND('',#839,.T.);
#533=FACE_OUTER_BOUND('',#840,.T.);
#534=FACE_OUTER_BOUND('',#841,.T.);
#535=FACE_OUTER_BOUND('',#842,.T.);
#536=FACE_OUTER_BOUND('',#852,.T.);
#537=FACE_OUTER_BOUND('',#853,.T.);
#538=FACE_OUTER_BOUND('',#854,.T.);
#539=FACE_OUTER_BOUND('',#855,.T.);
#540=FACE_OUTER_BOUND('',#856,.T.);
#541=FACE_OUTER_BOUND('',#857,.T.);
#542=EDGE_LOOP('',(#3296,#3297,#3298,#3299));
#543=EDGE_LOOP('',(#3300,#3301,#3302,#3303));
#544=EDGE_LOOP('',(#3304,#3305,#3306,#3307));
#545=EDGE_LOOP('',(#3308,#3309,#3310,#3311));
#546=EDGE_LOOP('',(#3312,#3313,#3314,#3315));
#547=EDGE_LOOP('',(#3316,#3317,#3318,#3319));
#548=EDGE_LOOP('',(#3320,#3321,#3322,#3323));
#549=EDGE_LOOP('',(#3324,#3325,#3326,#3327));
#550=EDGE_LOOP('',(#3328,#3329,#3330,#3331));
#551=EDGE_LOOP('',(#3332,#3333,#3334,#3335));
#552=EDGE_LOOP('',(#3336,#3337,#3338,#3339));
#553=EDGE_LOOP('',(#3340,#3341,#3342,#3343));
#554=EDGE_LOOP('',(#3344,#3345,#3346,#3347));
#555=EDGE_LOOP('',(#3348,#3349,#3350,#3351));
#556=EDGE_LOOP('',(#3352,#3353,#3354,#3355));
#557=EDGE_LOOP('',(#3356,#3357,#3358,#3359));
#558=EDGE_LOOP('',(#3360,#3361,#3362,#3363));
#559=EDGE_LOOP('',(#3364,#3365,#3366,#3367));
#560=EDGE_LOOP('',(#3368,#3369,#3370,#3371));
#561=EDGE_LOOP('',(#3372,#3373,#3374,#3375));
#562=EDGE_LOOP('',(#3376,#3377,#3378,#3379));
#563=EDGE_LOOP('',(#3380,#3381,#3382,#3383));
#564=EDGE_LOOP('',(#3384,#3385,#3386,#3387));
#565=EDGE_LOOP('',(#3388,#3389,#3390,#3391));
#566=EDGE_LOOP('',(#3392,#3393,#3394,#3395));
#567=EDGE_LOOP('',(#3396,#3397,#3398,#3399));
#568=EDGE_LOOP('',(#3400,#3401,#3402,#3403));
#569=EDGE_LOOP('',(#3404,#3405,#3406,#3407));
#570=EDGE_LOOP('',(#3408,#3409,#3410,#3411));
#571=EDGE_LOOP('',(#3412,#3413,#3414,#3415));
#572=EDGE_LOOP('',(#3416,#3417,#3418,#3419));
#573=EDGE_LOOP('',(#3420,#3421,#3422,#3423));
#574=EDGE_LOOP('',(#3424,#3425,#3426,#3427));
#575=EDGE_LOOP('',(#3428,#3429,#3430,#3431,#3432,#3433,#3434,#3435,#3436,
#3437,#3438,#3439,#3440,#3441,#3442,#3443,#3444,#3445,#3446,#3447,#3448,
#3449,#3450,#3451,#3452,#3453,#3454,#3455,#3456,#3457,#3458,#3459,#3460));
#576=EDGE_LOOP('',(#3461,#3462,#3463,#3464));
#577=EDGE_LOOP('',(#3465,#3466,#3467,#3468));
#578=EDGE_LOOP('',(#3469,#3470,#3471,#3472));
#579=EDGE_LOOP('',(#3473,#3474,#3475,#3476));
#580=EDGE_LOOP('',(#3477,#3478,#3479,#3480));
#581=EDGE_LOOP('',(#3481,#3482,#3483,#3484));
#582=EDGE_LOOP('',(#3485,#3486,#3487,#3488,#3489,#3490));
#583=EDGE_LOOP('',(#3491,#3492,#3493,#3494));
#584=EDGE_LOOP('',(#3495,#3496,#3497,#3498));
#585=EDGE_LOOP('',(#3499,#3500,#3501,#3502));
#586=EDGE_LOOP('',(#3503,#3504,#3505,#3506));
#587=EDGE_LOOP('',(#3507,#3508,#3509,#3510));
#588=EDGE_LOOP('',(#3511,#3512,#3513,#3514));
#589=EDGE_LOOP('',(#3515,#3516,#3517,#3518));
#590=EDGE_LOOP('',(#3519,#3520,#3521,#3522));
#591=EDGE_LOOP('',(#3523,#3524,#3525,#3526));
#592=EDGE_LOOP('',(#3527,#3528,#3529,#3530));
#593=EDGE_LOOP('',(#3531,#3532,#3533,#3534));
#594=EDGE_LOOP('',(#3535,#3536,#3537,#3538));
#595=EDGE_LOOP('',(#3539,#3540,#3541,#3542));
#596=EDGE_LOOP('',(#3543,#3544,#3545,#3546));
#597=EDGE_LOOP('',(#3547,#3548,#3549,#3550));
#598=EDGE_LOOP('',(#3551,#3552,#3553,#3554));
#599=EDGE_LOOP('',(#3555,#3556,#3557,#3558));
#600=EDGE_LOOP('',(#3559,#3560,#3561,#3562));
#601=EDGE_LOOP('',(#3563,#3564,#3565,#3566));
#602=EDGE_LOOP('',(#3567,#3568,#3569,#3570));
#603=EDGE_LOOP('',(#3571,#3572,#3573,#3574));
#604=EDGE_LOOP('',(#3575,#3576,#3577,#3578));
#605=EDGE_LOOP('',(#3579,#3580,#3581,#3582));
#606=EDGE_LOOP('',(#3583,#3584,#3585,#3586));
#607=EDGE_LOOP('',(#3587,#3588,#3589,#3590));
#608=EDGE_LOOP('',(#3591,#3592,#3593,#3594));
#609=EDGE_LOOP('',(#3595,#3596,#3597,#3598));
#610=EDGE_LOOP('',(#3599,#3600,#3601,#3602));
#611=EDGE_LOOP('',(#3603,#3604,#3605,#3606));
#612=EDGE_LOOP('',(#3607,#3608,#3609,#3610));
#613=EDGE_LOOP('',(#3611,#3612,#3613,#3614));
#614=EDGE_LOOP('',(#3615,#3616,#3617,#3618));
#615=EDGE_LOOP('',(#3619,#3620,#3621,#3622));
#616=EDGE_LOOP('',(#3623,#3624,#3625,#3626));
#617=EDGE_LOOP('',(#3627,#3628,#3629,#3630));
#618=EDGE_LOOP('',(#3631,#3632,#3633,#3634));
#619=EDGE_LOOP('',(#3635,#3636,#3637,#3638));
#620=EDGE_LOOP('',(#3639,#3640,#3641,#3642));
#621=EDGE_LOOP('',(#3643,#3644,#3645,#3646));
#622=EDGE_LOOP('',(#3647,#3648,#3649,#3650));
#623=EDGE_LOOP('',(#3651,#3652,#3653,#3654));
#624=EDGE_LOOP('',(#3655,#3656,#3657,#3658));
#625=EDGE_LOOP('',(#3659,#3660,#3661,#3662,#3663,#3664,#3665,#3666,#3667,
#3668,#3669,#3670,#3671,#3672,#3673,#3674,#3675,#3676,#3677,#3678,#3679,
#3680,#3681,#3682,#3683,#3684,#3685));
#626=EDGE_LOOP('',(#3686,#3687,#3688,#3689,#3690,#3691,#3692,#3693,#3694,
#3695));
#627=EDGE_LOOP('',(#3696,#3697,#3698,#3699));
#628=EDGE_LOOP('',(#3700,#3701,#3702,#3703));
#629=EDGE_LOOP('',(#3704,#3705,#3706,#3707));
#630=EDGE_LOOP('',(#3708,#3709,#3710,#3711));
#631=EDGE_LOOP('',(#3712,#3713,#3714,#3715));
#632=EDGE_LOOP('',(#3716,#3717,#3718,#3719));
#633=EDGE_LOOP('',(#3720,#3721,#3722,#3723));
#634=EDGE_LOOP('',(#3724,#3725,#3726,#3727));
#635=EDGE_LOOP('',(#3728,#3729,#3730,#3731));
#636=EDGE_LOOP('',(#3732,#3733,#3734,#3735));
#637=EDGE_LOOP('',(#3736,#3737,#3738,#3739));
#638=EDGE_LOOP('',(#3740,#3741,#3742,#3743));
#639=EDGE_LOOP('',(#3744,#3745,#3746,#3747));
#640=EDGE_LOOP('',(#3748,#3749,#3750,#3751));
#641=EDGE_LOOP('',(#3752,#3753,#3754,#3755));
#642=EDGE_LOOP('',(#3756,#3757,#3758,#3759));
#643=EDGE_LOOP('',(#3760,#3761,#3762,#3763));
#644=EDGE_LOOP('',(#3764,#3765,#3766,#3767));
#645=EDGE_LOOP('',(#3768,#3769,#3770,#3771));
#646=EDGE_LOOP('',(#3772,#3773,#3774,#3775,#3776,#3777,#3778,#3779,#3780,
#3781,#3782));
#647=EDGE_LOOP('',(#3783,#3784,#3785,#3786,#3787,#3788,#3789,#3790));
#648=EDGE_LOOP('',(#3791,#3792,#3793,#3794));
#649=EDGE_LOOP('',(#3795,#3796,#3797,#3798));
#650=EDGE_LOOP('',(#3799,#3800,#3801,#3802));
#651=EDGE_LOOP('',(#3803,#3804,#3805,#3806));
#652=EDGE_LOOP('',(#3807,#3808,#3809,#3810));
#653=EDGE_LOOP('',(#3811,#3812,#3813,#3814));
#654=EDGE_LOOP('',(#3815,#3816,#3817,#3818));
#655=EDGE_LOOP('',(#3819,#3820,#3821,#3822));
#656=EDGE_LOOP('',(#3823,#3824,#3825,#3826));
#657=EDGE_LOOP('',(#3827,#3828,#3829,#3830));
#658=EDGE_LOOP('',(#3831,#3832,#3833,#3834));
#659=EDGE_LOOP('',(#3835,#3836,#3837,#3838));
#660=EDGE_LOOP('',(#3839,#3840,#3841,#3842));
#661=EDGE_LOOP('',(#3843,#3844,#3845,#3846));
#662=EDGE_LOOP('',(#3847,#3848,#3849,#3850));
#663=EDGE_LOOP('',(#3851,#3852,#3853,#3854));
#664=EDGE_LOOP('',(#3855,#3856,#3857,#3858));
#665=EDGE_LOOP('',(#3859,#3860,#3861,#3862));
#666=EDGE_LOOP('',(#3863,#3864,#3865,#3866));
#667=EDGE_LOOP('',(#3867,#3868,#3869,#3870));
#668=EDGE_LOOP('',(#3871,#3872,#3873,#3874));
#669=EDGE_LOOP('',(#3875,#3876,#3877,#3878));
#670=EDGE_LOOP('',(#3879,#3880,#3881,#3882,#3883,#3884,#3885,#3886,#3887,
#3888,#3889,#3890,#3891,#3892));
#671=EDGE_LOOP('',(#3893,#3894,#3895,#3896,#3897,#3898,#3899,#3900));
#672=EDGE_LOOP('',(#3901,#3902,#3903,#3904));
#673=EDGE_LOOP('',(#3905,#3906,#3907,#3908));
#674=EDGE_LOOP('',(#3909,#3910,#3911,#3912));
#675=EDGE_LOOP('',(#3913,#3914,#3915,#3916));
#676=EDGE_LOOP('',(#3917,#3918,#3919,#3920));
#677=EDGE_LOOP('',(#3921,#3922,#3923,#3924));
#678=EDGE_LOOP('',(#3925,#3926,#3927,#3928));
#679=EDGE_LOOP('',(#3929,#3930,#3931,#3932));
#680=EDGE_LOOP('',(#3933,#3934,#3935,#3936));
#681=EDGE_LOOP('',(#3937,#3938,#3939,#3940));
#682=EDGE_LOOP('',(#3941,#3942,#3943,#3944));
#683=EDGE_LOOP('',(#3945,#3946,#3947,#3948));
#684=EDGE_LOOP('',(#3949,#3950,#3951,#3952));
#685=EDGE_LOOP('',(#3953,#3954,#3955,#3956));
#686=EDGE_LOOP('',(#3957,#3958,#3959,#3960));
#687=EDGE_LOOP('',(#3961,#3962,#3963,#3964));
#688=EDGE_LOOP('',(#3965,#3966,#3967,#3968));
#689=EDGE_LOOP('',(#3969,#3970,#3971,#3972));
#690=EDGE_LOOP('',(#3973,#3974,#3975,#3976));
#691=EDGE_LOOP('',(#3977,#3978,#3979,#3980,#3981,#3982,#3983,#3984,#3985,
#3986,#3987,#3988,#3989,#3990,#3991,#3992,#3993,#3994,#3995));
#692=EDGE_LOOP('',(#3996,#3997,#3998,#3999));
#693=EDGE_LOOP('',(#4000,#4001,#4002,#4003));
#694=EDGE_LOOP('',(#4004,#4005,#4006,#4007));
#695=EDGE_LOOP('',(#4008,#4009,#4010,#4011));
#696=EDGE_LOOP('',(#4012,#4013,#4014,#4015));
#697=EDGE_LOOP('',(#4016,#4017,#4018,#4019));
#698=EDGE_LOOP('',(#4020,#4021,#4022,#4023));
#699=EDGE_LOOP('',(#4024,#4025,#4026,#4027));
#700=EDGE_LOOP('',(#4028,#4029,#4030,#4031));
#701=EDGE_LOOP('',(#4032,#4033,#4034,#4035));
#702=EDGE_LOOP('',(#4036,#4037,#4038,#4039));
#703=EDGE_LOOP('',(#4040,#4041,#4042,#4043));
#704=EDGE_LOOP('',(#4044,#4045,#4046,#4047));
#705=EDGE_LOOP('',(#4048,#4049,#4050,#4051));
#706=EDGE_LOOP('',(#4052,#4053,#4054,#4055));
#707=EDGE_LOOP('',(#4056,#4057,#4058,#4059));
#708=EDGE_LOOP('',(#4060,#4061,#4062,#4063));
#709=EDGE_LOOP('',(#4064,#4065,#4066,#4067));
#710=EDGE_LOOP('',(#4068,#4069,#4070,#4071));
#711=EDGE_LOOP('',(#4072,#4073,#4074,#4075));
#712=EDGE_LOOP('',(#4076,#4077,#4078,#4079,#4080,#4081,#4082,#4083,#4084,
#4085,#4086));
#713=EDGE_LOOP('',(#4087,#4088,#4089,#4090,#4091,#4092,#4093,#4094,#4095));
#714=EDGE_LOOP('',(#4096,#4097,#4098,#4099,#4100,#4101,#4102,#4103));
#715=EDGE_LOOP('',(#4104,#4105,#4106,#4107,#4108,#4109,#4110,#4111,#4112,
#4113,#4114,#4115,#4116,#4117,#4118,#4119,#4120,#4121,#4122,#4123,#4124,
#4125,#4126,#4127,#4128,#4129,#4130,#4131,#4132,#4133,#4134,#4135,#4136));
#716=EDGE_LOOP('',(#4137,#4138,#4139,#4140,#4141,#4142));
#717=EDGE_LOOP('',(#4143,#4144,#4145,#4146));
#718=EDGE_LOOP('',(#4147,#4148,#4149,#4150,#4151,#4152,#4153,#4154,#4155,
#4156,#4157,#4158,#4159,#4160,#4161,#4162,#4163,#4164,#4165,#4166,#4167,
#4168,#4169,#4170,#4171,#4172,#4173));
#719=EDGE_LOOP('',(#4174,#4175,#4176,#4177,#4178,#4179,#4180,#4181,#4182,
#4183,#4184));
#720=EDGE_LOOP('',(#4185,#4186,#4187,#4188,#4189,#4190,#4191,#4192,#4193,
#4194,#4195,#4196,#4197,#4198));
#721=EDGE_LOOP('',(#4199,#4200,#4201,#4202,#4203,#4204,#4205,#4206,#4207,
#4208,#4209,#4210,#4211,#4212,#4213,#4214,#4215,#4216,#4217));
#722=EDGE_LOOP('',(#4218,#4219,#4220,#4221,#4222,#4223,#4224,#4225,#4226,
#4227,#4228));
#723=EDGE_LOOP('',(#4229,#4230,#4231,#4232,#4233,#4234,#4235,#4236,#4237));
#724=EDGE_LOOP('',(#4238,#4239,#4240,#4241,#4242,#4243,#4244,#4245));
#725=EDGE_LOOP('',(#4246,#4247,#4248,#4249,#4250,#4251,#4252,#4253));
#726=EDGE_LOOP('',(#4254,#4255,#4256));
#727=EDGE_LOOP('',(#4257,#4258,#4259,#4260));
#728=EDGE_LOOP('',(#4261,#4262,#4263));
#729=EDGE_LOOP('',(#4264,#4265,#4266,#4267));
#730=EDGE_LOOP('',(#4268,#4269,#4270,#4271));
#731=EDGE_LOOP('',(#4272,#4273,#4274));
#732=EDGE_LOOP('',(#4275,#4276,#4277,#4278));
#733=EDGE_LOOP('',(#4279,#4280,#4281,#4282));
#734=EDGE_LOOP('',(#4283,#4284,#4285));
#735=EDGE_LOOP('',(#4286,#4287,#4288,#4289));
#736=EDGE_LOOP('',(#4290,#4291,#4292,#4293));
#737=EDGE_LOOP('',(#4294,#4295,#4296));
#738=EDGE_LOOP('',(#4297,#4298,#4299,#4300));
#739=EDGE_LOOP('',(#4301,#4302,#4303));
#740=EDGE_LOOP('',(#4304,#4305,#4306,#4307));
#741=EDGE_LOOP('',(#4308,#4309,#4310,#4311));
#742=EDGE_LOOP('',(#4312,#4313,#4314,#4315));
#743=EDGE_LOOP('',(#4316,#4317,#4318,#4319));
#744=EDGE_LOOP('',(#4320,#4321,#4322,#4323));
#745=EDGE_LOOP('',(#4324,#4325,#4326,#4327));
#746=EDGE_LOOP('',(#4328,#4329,#4330,#4331));
#747=EDGE_LOOP('',(#4332,#4333,#4334,#4335));
#748=EDGE_LOOP('',(#4336,#4337,#4338,#4339));
#749=EDGE_LOOP('',(#4340,#4341,#4342,#4343,#4344,#4345,#4346,#4347,#4348,
#4349,#4350,#4351,#4352,#4353,#4354,#4355));
#750=EDGE_LOOP('',(#4356));
#751=EDGE_LOOP('',(#4357));
#752=EDGE_LOOP('',(#4358));
#753=EDGE_LOOP('',(#4359));
#754=EDGE_LOOP('',(#4360,#4361,#4362,#4363,#4364,#4365,#4366,#4367,#4368,
#4369));
#755=EDGE_LOOP('',(#4370,#4371,#4372,#4373));
#756=EDGE_LOOP('',(#4374,#4375,#4376,#4377));
#757=EDGE_LOOP('',(#4378,#4379,#4380,#4381));
#758=EDGE_LOOP('',(#4382,#4383,#4384,#4385));
#759=EDGE_LOOP('',(#4386,#4387,#4388,#4389));
#760=EDGE_LOOP('',(#4390,#4391,#4392,#4393));
#761=EDGE_LOOP('',(#4394,#4395,#4396,#4397));
#762=EDGE_LOOP('',(#4398));
#763=EDGE_LOOP('',(#4399));
#764=EDGE_LOOP('',(#4400));
#765=EDGE_LOOP('',(#4401));
#766=EDGE_LOOP('',(#4402,#4403,#4404,#4405));
#767=EDGE_LOOP('',(#4406,#4407,#4408,#4409));
#768=EDGE_LOOP('',(#4410,#4411,#4412,#4413,#4414,#4415));
#769=EDGE_LOOP('',(#4416,#4417,#4418,#4419));
#770=EDGE_LOOP('',(#4420,#4421,#4422,#4423,#4424,#4425));
#771=EDGE_LOOP('',(#4426,#4427,#4428,#4429,#4430,#4431));
#772=EDGE_LOOP('',(#4432,#4433,#4434,#4435));
#773=EDGE_LOOP('',(#4436,#4437,#4438,#4439));
#774=EDGE_LOOP('',(#4440,#4441,#4442,#4443));
#775=EDGE_LOOP('',(#4444,#4445,#4446,#4447));
#776=EDGE_LOOP('',(#4448,#4449,#4450,#4451));
#777=EDGE_LOOP('',(#4452,#4453,#4454,#4455));
#778=EDGE_LOOP('',(#4456,#4457,#4458,#4459));
#779=EDGE_LOOP('',(#4460,#4461,#4462,#4463));
#780=EDGE_LOOP('',(#4464,#4465,#4466,#4467));
#781=EDGE_LOOP('',(#4468,#4469,#4470,#4471,#4472,#4473,#4474,#4475,#4476,
#4477,#4478,#4479,#4480,#4481,#4482,#4483));
#782=EDGE_LOOP('',(#4484));
#783=EDGE_LOOP('',(#4485,#4486,#4487,#4488,#4489,#4490,#4491,#4492));
#784=EDGE_LOOP('',(#4493,#4494,#4495,#4496,#4497,#4498,#4499,#4500));
#785=EDGE_LOOP('',(#4501));
#786=EDGE_LOOP('',(#4502));
#787=EDGE_LOOP('',(#4503,#4504,#4505,#4506,#4507,#4508,#4509,#4510));
#788=EDGE_LOOP('',(#4511,#4512,#4513,#4514,#4515,#4516,#4517,#4518));
#789=EDGE_LOOP('',(#4519));
#790=EDGE_LOOP('',(#4520,#4521,#4522,#4523,#4524,#4525,#4526,#4527));
#791=EDGE_LOOP('',(#4528,#4529,#4530,#4531));
#792=EDGE_LOOP('',(#4532,#4533,#4534,#4535));
#793=EDGE_LOOP('',(#4536,#4537,#4538,#4539));
#794=EDGE_LOOP('',(#4540,#4541,#4542,#4543));
#795=EDGE_LOOP('',(#4544,#4545,#4546,#4547));
#796=EDGE_LOOP('',(#4548,#4549,#4550,#4551));
#797=EDGE_LOOP('',(#4552,#4553,#4554,#4555));
#798=EDGE_LOOP('',(#4556,#4557,#4558,#4559));
#799=EDGE_LOOP('',(#4560,#4561,#4562,#4563));
#800=EDGE_LOOP('',(#4564,#4565,#4566,#4567));
#801=EDGE_LOOP('',(#4568,#4569,#4570,#4571));
#802=EDGE_LOOP('',(#4572,#4573,#4574,#4575));
#803=EDGE_LOOP('',(#4576,#4577,#4578,#4579));
#804=EDGE_LOOP('',(#4580,#4581,#4582,#4583));
#805=EDGE_LOOP('',(#4584,#4585,#4586,#4587));
#806=EDGE_LOOP('',(#4588,#4589,#4590,#4591));
#807=EDGE_LOOP('',(#4592,#4593,#4594,#4595));
#808=EDGE_LOOP('',(#4596,#4597,#4598,#4599));
#809=EDGE_LOOP('',(#4600,#4601,#4602,#4603));
#810=EDGE_LOOP('',(#4604,#4605,#4606,#4607));
#811=EDGE_LOOP('',(#4608,#4609,#4610,#4611));
#812=EDGE_LOOP('',(#4612,#4613,#4614,#4615));
#813=EDGE_LOOP('',(#4616,#4617,#4618,#4619));
#814=EDGE_LOOP('',(#4620,#4621,#4622,#4623));
#815=EDGE_LOOP('',(#4624,#4625,#4626,#4627));
#816=EDGE_LOOP('',(#4628,#4629,#4630,#4631));
#817=EDGE_LOOP('',(#4632,#4633,#4634,#4635));
#818=EDGE_LOOP('',(#4636,#4637,#4638,#4639));
#819=EDGE_LOOP('',(#4640,#4641,#4642,#4643));
#820=EDGE_LOOP('',(#4644,#4645,#4646,#4647));
#821=EDGE_LOOP('',(#4648,#4649,#4650,#4651));
#822=EDGE_LOOP('',(#4652,#4653,#4654,#4655));
#823=EDGE_LOOP('',(#4656,#4657,#4658,#4659));
#824=EDGE_LOOP('',(#4660,#4661,#4662,#4663));
#825=EDGE_LOOP('',(#4664,#4665,#4666,#4667));
#826=EDGE_LOOP('',(#4668,#4669,#4670,#4671));
#827=EDGE_LOOP('',(#4672,#4673,#4674,#4675));
#828=EDGE_LOOP('',(#4676,#4677,#4678,#4679));
#829=EDGE_LOOP('',(#4680,#4681,#4682,#4683));
#830=EDGE_LOOP('',(#4684,#4685,#4686,#4687));
#831=EDGE_LOOP('',(#4688,#4689,#4690,#4691));
#832=EDGE_LOOP('',(#4692,#4693,#4694,#4695));
#833=EDGE_LOOP('',(#4696,#4697,#4698,#4699));
#834=EDGE_LOOP('',(#4700,#4701,#4702,#4703));
#835=EDGE_LOOP('',(#4704,#4705,#4706,#4707));
#836=EDGE_LOOP('',(#4708,#4709,#4710,#4711));
#837=EDGE_LOOP('',(#4712,#4713,#4714,#4715));
#838=EDGE_LOOP('',(#4716,#4717,#4718,#4719));
#839=EDGE_LOOP('',(#4720,#4721,#4722,#4723));
#840=EDGE_LOOP('',(#4724,#4725,#4726,#4727));
#841=EDGE_LOOP('',(#4728,#4729,#4730,#4731));
#842=EDGE_LOOP('',(#4732,#4733,#4734,#4735,#4736,#4737,#4738,#4739,#4740,
#4741,#4742,#4743,#4744,#4745,#4746,#4747));
#843=EDGE_LOOP('',(#4748));
#844=EDGE_LOOP('',(#4749,#4750,#4751,#4752,#4753,#4754,#4755,#4756));
#845=EDGE_LOOP('',(#4757,#4758,#4759,#4760,#4761,#4762,#4763,#4764));
#846=EDGE_LOOP('',(#4765));
#847=EDGE_LOOP('',(#4766));
#848=EDGE_LOOP('',(#4767,#4768,#4769,#4770,#4771,#4772,#4773,#4774));
#849=EDGE_LOOP('',(#4775,#4776,#4777,#4778,#4779,#4780,#4781,#4782));
#850=EDGE_LOOP('',(#4783));
#851=EDGE_LOOP('',(#4784,#4785,#4786,#4787,#4788,#4789,#4790,#4791));
#852=EDGE_LOOP('',(#4792,#4793,#4794,#4795));
#853=EDGE_LOOP('',(#4796,#4797,#4798,#4799));
#854=EDGE_LOOP('',(#4800,#4801,#4802,#4803));
#855=EDGE_LOOP('',(#4804,#4805,#4806,#4807));
#856=EDGE_LOOP('',(#4808,#4809,#4810,#4811));
#857=EDGE_LOOP('',(#4812,#4813,#4814,#4815));
#858=LINE('',#6345,#1324);
#859=LINE('',#6352,#1325);
#860=LINE('',#6370,#1326);
#861=LINE('',#6393,#1327);
#862=LINE('',#6416,#1328);
#863=LINE('',#6439,#1329);
#864=LINE('',#6462,#1330);
#865=LINE('',#6485,#1331);
#866=LINE('',#6508,#1332);
#867=LINE('',#6531,#1333);
#868=LINE('',#6554,#1334);
#869=LINE('',#6577,#1335);
#870=LINE('',#6600,#1336);
#871=LINE('',#6623,#1337);
#872=LINE('',#6646,#1338);
#873=LINE('',#6654,#1339);
#874=LINE('',#6656,#1340);
#875=LINE('',#6657,#1341);
#876=LINE('',#6675,#1342);
#877=LINE('',#6698,#1343);
#878=LINE('',#6721,#1344);
#879=LINE('',#6744,#1345);
#880=LINE('',#6767,#1346);
#881=LINE('',#6790,#1347);
#882=LINE('',#6813,#1348);
#883=LINE('',#6836,#1349);
#884=LINE('',#6859,#1350);
#885=LINE('',#6882,#1351);
#886=LINE('',#6905,#1352);
#887=LINE('',#6928,#1353);
#888=LINE('',#6951,#1354);
#889=LINE('',#6974,#1355);
#890=LINE('',#6997,#1356);
#891=LINE('',#7020,#1357);
#892=LINE('',#7028,#1358);
#893=LINE('',#7030,#1359);
#894=LINE('',#7031,#1360);
#895=LINE('',#7056,#1361);
#896=LINE('',#7058,#1362);
#897=LINE('',#7060,#1363);
#898=LINE('',#7061,#1364);
#899=LINE('',#7064,#1365);
#900=LINE('',#7066,#1366);
#901=LINE('',#7067,#1367);
#902=LINE('',#7070,#1368);
#903=LINE('',#7072,#1369);
#904=LINE('',#7073,#1370);
#905=LINE('',#7076,#1371);
#906=LINE('',#7078,#1372);
#907=LINE('',#7079,#1373);
#908=LINE('',#7082,#1374);
#909=LINE('',#7084,#1375);
#910=LINE('',#7085,#1376);
#911=LINE('',#7087,#1377);
#912=LINE('',#7088,#1378);
#913=LINE('',#7093,#1379);
#914=LINE('',#7095,#1380);
#915=LINE('',#7097,#1381);
#916=LINE('',#7098,#1382);
#917=LINE('',#7101,#1383);
#918=LINE('',#7103,#1384);
#919=LINE('',#7104,#1385);
#920=LINE('',#7107,#1386);
#921=LINE('',#7109,#1387);
#922=LINE('',#7110,#1388);
#923=LINE('',#7112,#1389);
#924=LINE('',#7113,#1390);
#925=LINE('',#7133,#1391);
#926=LINE('',#7140,#1392);
#927=LINE('',#7158,#1393);
#928=LINE('',#7181,#1394);
#929=LINE('',#7204,#1395);
#930=LINE('',#7227,#1396);
#931=LINE('',#7250,#1397);
#932=LINE('',#7273,#1398);
#933=LINE('',#7296,#1399);
#934=LINE('',#7319,#1400);
#935=LINE('',#7326,#1401);
#936=LINE('',#7327,#1402);
#937=LINE('',#7331,#1403);
#938=LINE('',#7333,#1404);
#939=LINE('',#7335,#1405);
#940=LINE('',#7336,#1406);
#941=LINE('',#7354,#1407);
#942=LINE('',#7377,#1408);
#943=LINE('',#7385,#1409);
#944=LINE('',#7387,#1410);
#945=LINE('',#7388,#1411);
#946=LINE('',#7406,#1412);
#947=LINE('',#7429,#1413);
#948=LINE('',#7452,#1414);
#949=LINE('',#7475,#1415);
#950=LINE('',#7498,#1416);
#951=LINE('',#7521,#1417);
#952=LINE('',#7544,#1418);
#953=LINE('',#7552,#1419);
#954=LINE('',#7554,#1420);
#955=LINE('',#7555,#1421);
#956=LINE('',#7573,#1422);
#957=LINE('',#7596,#1423);
#958=LINE('',#7619,#1424);
#959=LINE('',#7642,#1425);
#960=LINE('',#7665,#1426);
#961=LINE('',#7688,#1427);
#962=LINE('',#7711,#1428);
#963=LINE('',#7734,#1429);
#964=LINE('',#7757,#1430);
#965=LINE('',#7780,#1431);
#966=LINE('',#7803,#1432);
#967=LINE('',#7826,#1433);
#968=LINE('',#7849,#1434);
#969=LINE('',#7872,#1435);
#970=LINE('',#7902,#1436);
#971=LINE('',#7904,#1437);
#972=LINE('',#7906,#1438);
#973=LINE('',#7907,#1439);
#974=LINE('',#7925,#1440);
#975=LINE('',#7948,#1441);
#976=LINE('',#7971,#1442);
#977=LINE('',#7994,#1443);
#978=LINE('',#8017,#1444);
#979=LINE('',#8025,#1445);
#980=LINE('',#8027,#1446);
#981=LINE('',#8028,#1447);
#982=LINE('',#8030,#1448);
#983=LINE('',#8031,#1449);
#984=LINE('',#8035,#1450);
#985=LINE('',#8037,#1451);
#986=LINE('',#8039,#1452);
#987=LINE('',#8040,#1453);
#988=LINE('',#8043,#1454);
#989=LINE('',#8045,#1455);
#990=LINE('',#8046,#1456);
#991=LINE('',#8064,#1457);
#992=LINE('',#8087,#1458);
#993=LINE('',#8110,#1459);
#994=LINE('',#8133,#1460);
#995=LINE('',#8156,#1461);
#996=LINE('',#8179,#1462);
#997=LINE('',#8187,#1463);
#998=LINE('',#8189,#1464);
#999=LINE('',#8190,#1465);
#1000=LINE('',#8193,#1466);
#1001=LINE('',#8195,#1467);
#1002=LINE('',#8196,#1468);
#1003=LINE('',#8198,#1469);
#1004=LINE('',#8199,#1470);
#1005=LINE('',#8219,#1471);
#1006=LINE('',#8226,#1472);
#1007=LINE('',#8244,#1473);
#1008=LINE('',#8267,#1474);
#1009=LINE('',#8290,#1475);
#1010=LINE('',#8313,#1476);
#1011=LINE('',#8336,#1477);
#1012=LINE('',#8359,#1478);
#1013=LINE('',#8388,#1479);
#1014=LINE('',#8390,#1480);
#1015=LINE('',#8392,#1481);
#1016=LINE('',#8393,#1482);
#1017=LINE('',#8396,#1483);
#1018=LINE('',#8398,#1484);
#1019=LINE('',#8399,#1485);
#1020=LINE('',#8402,#1486);
#1021=LINE('',#8404,#1487);
#1022=LINE('',#8405,#1488);
#1023=LINE('',#8423,#1489);
#1024=LINE('',#8446,#1490);
#1025=LINE('',#8469,#1491);
#1026=LINE('',#8492,#1492);
#1027=LINE('',#8515,#1493);
#1028=LINE('',#8538,#1494);
#1029=LINE('',#8561,#1495);
#1030=LINE('',#8584,#1496);
#1031=LINE('',#8607,#1497);
#1032=LINE('',#8615,#1498);
#1033=LINE('',#8617,#1499);
#1034=LINE('',#8618,#1500);
#1035=LINE('',#8620,#1501);
#1036=LINE('',#8621,#1502);
#1037=LINE('',#8626,#1503);
#1038=LINE('',#8628,#1504);
#1039=LINE('',#8630,#1505);
#1040=LINE('',#8631,#1506);
#1041=LINE('',#8634,#1507);
#1042=LINE('',#8636,#1508);
#1043=LINE('',#8637,#1509);
#1044=LINE('',#8640,#1510);
#1045=LINE('',#8642,#1511);
#1046=LINE('',#8643,#1512);
#1047=LINE('',#8661,#1513);
#1048=LINE('',#8684,#1514);
#1049=LINE('',#8707,#1515);
#1050=LINE('',#8730,#1516);
#1051=LINE('',#8753,#1517);
#1052=LINE('',#8776,#1518);
#1053=LINE('',#8784,#1519);
#1054=LINE('',#8786,#1520);
#1055=LINE('',#8787,#1521);
#1056=LINE('',#8790,#1522);
#1057=LINE('',#8792,#1523);
#1058=LINE('',#8793,#1524);
#1059=LINE('',#8796,#1525);
#1060=LINE('',#8798,#1526);
#1061=LINE('',#8799,#1527);
#1062=LINE('',#8817,#1528);
#1063=LINE('',#8840,#1529);
#1064=LINE('',#8863,#1530);
#1065=LINE('',#8886,#1531);
#1066=LINE('',#8909,#1532);
#1067=LINE('',#8917,#1533);
#1068=LINE('',#8919,#1534);
#1069=LINE('',#8920,#1535);
#1070=LINE('',#8922,#1536);
#1071=LINE('',#8923,#1537);
#1072=LINE('',#8943,#1538);
#1073=LINE('',#8950,#1539);
#1074=LINE('',#8968,#1540);
#1075=LINE('',#8991,#1541);
#1076=LINE('',#9014,#1542);
#1077=LINE('',#9037,#1543);
#1078=LINE('',#9060,#1544);
#1079=LINE('',#9083,#1545);
#1080=LINE('',#9106,#1546);
#1081=LINE('',#9150,#1547);
#1082=LINE('',#9157,#1548);
#1083=LINE('',#9175,#1549);
#1084=LINE('',#9198,#1550);
#1085=LINE('',#9221,#1551);
#1086=LINE('',#9244,#1552);
#1087=LINE('',#9267,#1553);
#1088=LINE('',#9290,#1554);
#1089=LINE('',#9313,#1555);
#1090=LINE('',#9336,#1556);
#1091=LINE('',#9359,#1557);
#1092=LINE('',#9389,#1558);
#1093=LINE('',#9391,#1559);
#1094=LINE('',#9393,#1560);
#1095=LINE('',#9395,#1561);
#1096=LINE('',#9397,#1562);
#1097=LINE('',#9399,#1563);
#1098=LINE('',#9401,#1564);
#1099=LINE('',#9402,#1565);
#1100=LINE('',#9408,#1566);
#1101=LINE('',#9410,#1567);
#1102=LINE('',#9411,#1568);
#1103=LINE('',#9415,#1569);
#1104=LINE('',#9416,#1570);
#1105=LINE('',#9417,#1571);
#1106=LINE('',#9420,#1572);
#1107=LINE('',#9422,#1573);
#1108=LINE('',#9423,#1574);
#1109=LINE('',#9427,#1575);
#1110=LINE('',#9428,#1576);
#1111=LINE('',#9429,#1577);
#1112=LINE('',#9431,#1578);
#1113=LINE('',#9434,#1579);
#1114=LINE('',#9436,#1580);
#1115=LINE('',#9437,#1581);
#1116=LINE('',#9441,#1582);
#1117=LINE('',#9442,#1583);
#1118=LINE('',#9443,#1584);
#1119=LINE('',#9445,#1585);
#1120=LINE('',#9448,#1586);
#1121=LINE('',#9450,#1587);
#1122=LINE('',#9451,#1588);
#1123=LINE('',#9455,#1589);
#1124=LINE('',#9456,#1590);
#1125=LINE('',#9457,#1591);
#1126=LINE('',#9459,#1592);
#1127=LINE('',#9462,#1593);
#1128=LINE('',#9464,#1594);
#1129=LINE('',#9465,#1595);
#1130=LINE('',#9469,#1596);
#1131=LINE('',#9470,#1597);
#1132=LINE('',#9471,#1598);
#1133=LINE('',#9474,#1599);
#1134=LINE('',#9476,#1600);
#1135=LINE('',#9477,#1601);
#1136=LINE('',#9481,#1602);
#1137=LINE('',#9482,#1603);
#1138=LINE('',#9483,#1604);
#1139=LINE('',#9485,#1605);
#1140=LINE('',#9487,#1606);
#1141=LINE('',#9490,#1607);
#1142=LINE('',#9491,#1608);
#1143=LINE('',#9494,#1609);
#1144=LINE('',#9495,#1610);
#1145=LINE('',#9497,#1611);
#1146=LINE('',#9499,#1612);
#1147=LINE('',#9501,#1613);
#1148=LINE('',#9503,#1614);
#1149=LINE('',#9505,#1615);
#1150=LINE('',#9507,#1616);
#1151=LINE('',#9509,#1617);
#1152=LINE('',#9511,#1618);
#1153=LINE('',#9513,#1619);
#1154=LINE('',#9514,#1620);
#1155=LINE('',#9515,#1621);
#1156=LINE('',#9527,#1622);
#1157=LINE('',#9531,#1623);
#1158=LINE('',#9535,#1624);
#1159=LINE('',#9539,#1625);
#1160=LINE('',#9544,#1626);
#1161=LINE('',#9545,#1627);
#1162=LINE('',#9546,#1628);
#1163=LINE('',#9549,#1629);
#1164=LINE('',#9550,#1630);
#1165=LINE('',#9553,#1631);
#1166=LINE('',#9554,#1632);
#1167=LINE('',#9563,#1633);
#1168=LINE('',#9564,#1634);
#1169=LINE('',#9567,#1635);
#1170=LINE('',#9568,#1636);
#1171=LINE('',#9570,#1637);
#1172=LINE('',#9575,#1638);
#1173=LINE('',#9577,#1639);
#1174=LINE('',#9579,#1640);
#1175=LINE('',#9580,#1641);
#1176=LINE('',#9583,#1642);
#1177=LINE('',#9585,#1643);
#1178=LINE('',#9586,#1644);
#1179=LINE('',#9589,#1645);
#1180=LINE('',#9591,#1646);
#1181=LINE('',#9592,#1647);
#1182=LINE('',#9595,#1648);
#1183=LINE('',#9597,#1649);
#1184=LINE('',#9598,#1650);
#1185=LINE('',#9601,#1651);
#1186=LINE('',#9603,#1652);
#1187=LINE('',#9604,#1653);
#1188=LINE('',#9607,#1654);
#1189=LINE('',#9609,#1655);
#1190=LINE('',#9610,#1656);
#1191=LINE('',#9613,#1657);
#1192=LINE('',#9615,#1658);
#1193=LINE('',#9616,#1659);
#1194=LINE('',#9618,#1660);
#1195=LINE('',#9619,#1661);
#1196=LINE('',#9623,#1662);
#1197=LINE('',#9625,#1663);
#1198=LINE('',#9627,#1664);
#1199=LINE('',#9628,#1665);
#1200=LINE('',#9631,#1666);
#1201=LINE('',#9633,#1667);
#1202=LINE('',#9635,#1668);
#1203=LINE('',#9637,#1669);
#1204=LINE('',#9639,#1670);
#1205=LINE('',#9641,#1671);
#1206=LINE('',#9643,#1672);
#1207=LINE('',#9645,#1673);
#1208=LINE('',#9647,#1674);
#1209=LINE('',#9649,#1675);
#1210=LINE('',#9651,#1676);
#1211=LINE('',#9653,#1677);
#1212=LINE('',#9655,#1678);
#1213=LINE('',#9657,#1679);
#1214=LINE('',#9658,#1680);
#1215=LINE('',#9665,#1681);
#1216=LINE('',#9669,#1682);
#1217=LINE('',#9673,#1683);
#1218=LINE('',#9676,#1684);
#1219=LINE('',#9681,#1685);
#1220=LINE('',#9685,#1686);
#1221=LINE('',#9689,#1687);
#1222=LINE('',#9692,#1688);
#1223=LINE('',#9699,#1689);
#1224=LINE('',#9703,#1690);
#1225=LINE('',#9707,#1691);
#1226=LINE('',#9711,#1692);
#1227=LINE('',#9719,#1693);
#1228=LINE('',#9723,#1694);
#1229=LINE('',#9727,#1695);
#1230=LINE('',#9730,#1696);
#1231=LINE('',#9733,#1697);
#1232=LINE('',#9734,#1698);
#1233=LINE('',#9737,#1699);
#1234=LINE('',#9738,#1700);
#1235=LINE('',#9742,#1701);
#1236=LINE('',#9743,#1702);
#1237=LINE('',#9744,#1703);
#1238=LINE('',#9747,#1704);
#1239=LINE('',#9748,#1705);
#1240=LINE('',#9751,#1706);
#1241=LINE('',#9752,#1707);
#1242=LINE('',#9756,#1708);
#1243=LINE('',#9757,#1709);
#1244=LINE('',#9758,#1710);
#1245=LINE('',#9761,#1711);
#1246=LINE('',#9762,#1712);
#1247=LINE('',#9765,#1713);
#1248=LINE('',#9766,#1714);
#1249=LINE('',#9769,#1715);
#1250=LINE('',#9770,#1716);
#1251=LINE('',#9773,#1717);
#1252=LINE('',#9774,#1718);
#1253=LINE('',#9777,#1719);
#1254=LINE('',#9779,#1720);
#1255=LINE('',#9780,#1721);
#1256=LINE('',#9782,#1722);
#1257=LINE('',#9785,#1723);
#1258=LINE('',#9787,#1724);
#1259=LINE('',#9788,#1725);
#1260=LINE('',#9792,#1726);
#1261=LINE('',#9795,#1727);
#1262=LINE('',#9796,#1728);
#1263=LINE('',#9800,#1729);
#1264=LINE('',#9803,#1730);
#1265=LINE('',#9804,#1731);
#1266=LINE('',#9808,#1732);
#1267=LINE('',#9811,#1733);
#1268=LINE('',#9812,#1734);
#1269=LINE('',#9818,#1735);
#1270=LINE('',#9821,#1736);
#1271=LINE('',#9824,#1737);
#1272=LINE('',#9827,#1738);
#1273=LINE('',#9828,#1739);
#1274=LINE('',#9832,#1740);
#1275=LINE('',#9835,#1741);
#1276=LINE('',#9836,#1742);
#1277=LINE('',#9840,#1743);
#1278=LINE('',#9843,#1744);
#1279=LINE('',#9844,#1745);
#1280=LINE('',#9848,#1746);
#1281=LINE('',#9850,#1747);
#1282=LINE('',#9854,#1748);
#1283=LINE('',#9858,#1749);
#1284=LINE('',#9861,#1750);
#1285=LINE('',#9863,#1751);
#1286=LINE('',#9864,#1752);
#1287=LINE('',#9868,#1753);
#1288=LINE('',#9871,#1754);
#1289=LINE('',#9872,#1755);
#1290=LINE('',#9876,#1756);
#1291=LINE('',#9879,#1757);
#1292=LINE('',#9880,#1758);
#1293=LINE('',#9884,#1759);
#1294=LINE('',#9887,#1760);
#1295=LINE('',#9888,#1761);
#1296=LINE('',#9893,#1762);
#1297=LINE('',#9895,#1763);
#1298=LINE('',#9896,#1764);
#1299=LINE('',#9900,#1765);
#1300=LINE('',#9903,#1766);
#1301=LINE('',#9904,#1767);
#1302=LINE('',#9908,#1768);
#1303=LINE('',#9911,#1769);
#1304=LINE('',#9912,#1770);
#1305=LINE('',#9916,#1771);
#1306=LINE('',#9919,#1772);
#1307=LINE('',#9920,#1773);
#1308=LINE('',#9926,#1774);
#1309=LINE('',#9928,#1775);
#1310=LINE('',#9930,#1776);
#1311=LINE('',#9932,#1777);
#1312=LINE('',#9937,#1778);
#1313=LINE('',#9939,#1779);
#1314=LINE('',#9941,#1780);
#1315=LINE('',#9942,#1781);
#1316=LINE('',#9945,#1782);
#1317=LINE('',#9947,#1783);
#1318=LINE('',#9948,#1784);
#1319=LINE('',#9951,#1785);
#1320=LINE('',#9953,#1786);
#1321=LINE('',#9954,#1787);
#1322=LINE('',#9956,#1788);
#1323=LINE('',#9957,#1789);
#1324=VECTOR('',#5446,10.);
#1325=VECTOR('',#5447,10.);
#1326=VECTOR('',#5448,10.);
#1327=VECTOR('',#5449,10.);
#1328=VECTOR('',#5450,10.);
#1329=VECTOR('',#5451,10.);
#1330=VECTOR('',#5452,10.);
#1331=VECTOR('',#5453,10.);
#1332=VECTOR('',#5454,10.);
#1333=VECTOR('',#5455,10.);
#1334=VECTOR('',#5456,10.);
#1335=VECTOR('',#5457,10.);
#1336=VECTOR('',#5458,10.);
#1337=VECTOR('',#5459,10.);
#1338=VECTOR('',#5460,10.);
#1339=VECTOR('',#5463,10.);
#1340=VECTOR('',#5464,10.);
#1341=VECTOR('',#5465,10.);
#1342=VECTOR('',#5466,10.);
#1343=VECTOR('',#5467,10.);
#1344=VECTOR('',#5468,10.);
#1345=VECTOR('',#5469,10.);
#1346=VECTOR('',#5470,10.);
#1347=VECTOR('',#5471,10.);
#1348=VECTOR('',#5472,10.);
#1349=VECTOR('',#5473,10.);
#1350=VECTOR('',#5474,10.);
#1351=VECTOR('',#5475,10.);
#1352=VECTOR('',#5476,10.);
#1353=VECTOR('',#5477,10.);
#1354=VECTOR('',#5478,10.);
#1355=VECTOR('',#5479,10.);
#1356=VECTOR('',#5480,10.);
#1357=VECTOR('',#5481,10.);
#1358=VECTOR('',#5484,10.);
#1359=VECTOR('',#5485,10.);
#1360=VECTOR('',#5486,10.);
#1361=VECTOR('',#5491,10.);
#1362=VECTOR('',#5492,10.);
#1363=VECTOR('',#5493,10.);
#1364=VECTOR('',#5494,10.);
#1365=VECTOR('',#5497,10.);
#1366=VECTOR('',#5498,10.);
#1367=VECTOR('',#5499,10.);
#1368=VECTOR('',#5502,10.);
#1369=VECTOR('',#5503,10.);
#1370=VECTOR('',#5504,10.);
#1371=VECTOR('',#5507,10.);
#1372=VECTOR('',#5508,10.);
#1373=VECTOR('',#5509,10.);
#1374=VECTOR('',#5512,10.);
#1375=VECTOR('',#5513,10.);
#1376=VECTOR('',#5514,10.);
#1377=VECTOR('',#5517,10.);
#1378=VECTOR('',#5518,10.);
#1379=VECTOR('',#5523,10.);
#1380=VECTOR('',#5524,10.);
#1381=VECTOR('',#5525,10.);
#1382=VECTOR('',#5526,10.);
#1383=VECTOR('',#5529,10.);
#1384=VECTOR('',#5530,10.);
#1385=VECTOR('',#5531,10.);
#1386=VECTOR('',#5534,10.);
#1387=VECTOR('',#5535,10.);
#1388=VECTOR('',#5536,10.);
#1389=VECTOR('',#5539,10.);
#1390=VECTOR('',#5540,10.);
#1391=VECTOR('',#5543,10.);
#1392=VECTOR('',#5544,10.);
#1393=VECTOR('',#5545,10.);
#1394=VECTOR('',#5546,10.);
#1395=VECTOR('',#5547,10.);
#1396=VECTOR('',#5548,10.);
#1397=VECTOR('',#5549,10.);
#1398=VECTOR('',#5550,10.);
#1399=VECTOR('',#5551,10.);
#1400=VECTOR('',#5552,10.);
#1401=VECTOR('',#5555,10.);
#1402=VECTOR('',#5556,10.);
#1403=VECTOR('',#5559,10.);
#1404=VECTOR('',#5560,10.);
#1405=VECTOR('',#5561,10.);
#1406=VECTOR('',#5562,10.);
#1407=VECTOR('',#5563,10.);
#1408=VECTOR('',#5564,10.);
#1409=VECTOR('',#5567,10.);
#1410=VECTOR('',#5568,10.);
#1411=VECTOR('',#5569,10.);
#1412=VECTOR('',#5570,10.);
#1413=VECTOR('',#5571,10.);
#1414=VECTOR('',#5572,10.);
#1415=VECTOR('',#5573,10.);
#1416=VECTOR('',#5574,10.);
#1417=VECTOR('',#5575,10.);
#1418=VECTOR('',#5576,10.);
#1419=VECTOR('',#5579,10.);
#1420=VECTOR('',#5580,10.);
#1421=VECTOR('',#5581,10.);
#1422=VECTOR('',#5582,10.);
#1423=VECTOR('',#5583,10.);
#1424=VECTOR('',#5584,10.);
#1425=VECTOR('',#5585,10.);
#1426=VECTOR('',#5586,10.);
#1427=VECTOR('',#5587,10.);
#1428=VECTOR('',#5588,10.);
#1429=VECTOR('',#5589,10.);
#1430=VECTOR('',#5590,10.);
#1431=VECTOR('',#5591,10.);
#1432=VECTOR('',#5592,10.);
#1433=VECTOR('',#5593,10.);
#1434=VECTOR('',#5594,10.);
#1435=VECTOR('',#5595,10.);
#1436=VECTOR('',#5600,10.);
#1437=VECTOR('',#5601,10.);
#1438=VECTOR('',#5602,10.);
#1439=VECTOR('',#5603,10.);
#1440=VECTOR('',#5604,10.);
#1441=VECTOR('',#5605,10.);
#1442=VECTOR('',#5606,10.);
#1443=VECTOR('',#5607,10.);
#1444=VECTOR('',#5608,10.);
#1445=VECTOR('',#5611,10.);
#1446=VECTOR('',#5612,10.);
#1447=VECTOR('',#5613,10.);
#1448=VECTOR('',#5616,10.);
#1449=VECTOR('',#5617,10.);
#1450=VECTOR('',#5620,10.);
#1451=VECTOR('',#5621,10.);
#1452=VECTOR('',#5622,10.);
#1453=VECTOR('',#5623,10.);
#1454=VECTOR('',#5626,10.);
#1455=VECTOR('',#5627,10.);
#1456=VECTOR('',#5628,10.);
#1457=VECTOR('',#5629,10.);
#1458=VECTOR('',#5630,10.);
#1459=VECTOR('',#5631,10.);
#1460=VECTOR('',#5632,10.);
#1461=VECTOR('',#5633,10.);
#1462=VECTOR('',#5634,10.);
#1463=VECTOR('',#5637,10.);
#1464=VECTOR('',#5638,10.);
#1465=VECTOR('',#5639,10.);
#1466=VECTOR('',#5642,10.);
#1467=VECTOR('',#5643,10.);
#1468=VECTOR('',#5644,10.);
#1469=VECTOR('',#5647,10.);
#1470=VECTOR('',#5648,10.);
#1471=VECTOR('',#5651,10.);
#1472=VECTOR('',#5652,10.);
#1473=VECTOR('',#5653,10.);
#1474=VECTOR('',#5654,10.);
#1475=VECTOR('',#5655,10.);
#1476=VECTOR('',#5656,10.);
#1477=VECTOR('',#5657,10.);
#1478=VECTOR('',#5658,10.);
#1479=VECTOR('',#5661,10.);
#1480=VECTOR('',#5662,10.);
#1481=VECTOR('',#5663,10.);
#1482=VECTOR('',#5664,10.);
#1483=VECTOR('',#5667,10.);
#1484=VECTOR('',#5668,10.);
#1485=VECTOR('',#5669,10.);
#1486=VECTOR('',#5672,10.);
#1487=VECTOR('',#5673,10.);
#1488=VECTOR('',#5674,10.);
#1489=VECTOR('',#5675,10.);
#1490=VECTOR('',#5676,10.);
#1491=VECTOR('',#5677,10.);
#1492=VECTOR('',#5678,10.);
#1493=VECTOR('',#5679,10.);
#1494=VECTOR('',#5680,10.);
#1495=VECTOR('',#5681,10.);
#1496=VECTOR('',#5682,10.);
#1497=VECTOR('',#5683,10.);
#1498=VECTOR('',#5686,10.);
#1499=VECTOR('',#5687,10.);
#1500=VECTOR('',#5688,10.);
#1501=VECTOR('',#5691,10.);
#1502=VECTOR('',#5692,10.);
#1503=VECTOR('',#5697,10.);
#1504=VECTOR('',#5698,10.);
#1505=VECTOR('',#5699,10.);
#1506=VECTOR('',#5700,10.);
#1507=VECTOR('',#5703,10.);
#1508=VECTOR('',#5704,10.);
#1509=VECTOR('',#5705,10.);
#1510=VECTOR('',#5708,10.);
#1511=VECTOR('',#5709,10.);
#1512=VECTOR('',#5710,10.);
#1513=VECTOR('',#5711,10.);
#1514=VECTOR('',#5712,10.);
#1515=VECTOR('',#5713,10.);
#1516=VECTOR('',#5714,10.);
#1517=VECTOR('',#5715,10.);
#1518=VECTOR('',#5716,10.);
#1519=VECTOR('',#5719,10.);
#1520=VECTOR('',#5720,10.);
#1521=VECTOR('',#5721,10.);
#1522=VECTOR('',#5724,10.);
#1523=VECTOR('',#5725,10.);
#1524=VECTOR('',#5726,10.);
#1525=VECTOR('',#5729,10.);
#1526=VECTOR('',#5730,10.);
#1527=VECTOR('',#5731,10.);
#1528=VECTOR('',#5732,10.);
#1529=VECTOR('',#5733,10.);
#1530=VECTOR('',#5734,10.);
#1531=VECTOR('',#5735,10.);
#1532=VECTOR('',#5736,10.);
#1533=VECTOR('',#5739,10.);
#1534=VECTOR('',#5740,10.);
#1535=VECTOR('',#5741,10.);
#1536=VECTOR('',#5744,10.);
#1537=VECTOR('',#5745,10.);
#1538=VECTOR('',#5748,10.);
#1539=VECTOR('',#5749,10.);
#1540=VECTOR('',#5750,10.);
#1541=VECTOR('',#5751,10.);
#1542=VECTOR('',#5752,10.);
#1543=VECTOR('',#5753,10.);
#1544=VECTOR('',#5754,10.);
#1545=VECTOR('',#5755,10.);
#1546=VECTOR('',#5756,10.);
#1547=VECTOR('',#5757,10.);
#1548=VECTOR('',#5758,10.);
#1549=VECTOR('',#5759,10.);
#1550=VECTOR('',#5760,10.);
#1551=VECTOR('',#5761,10.);
#1552=VECTOR('',#5762,10.);
#1553=VECTOR('',#5763,10.);
#1554=VECTOR('',#5764,10.);
#1555=VECTOR('',#5765,10.);
#1556=VECTOR('',#5766,10.);
#1557=VECTOR('',#5767,10.);
#1558=VECTOR('',#5772,10.);
#1559=VECTOR('',#5773,10.);
#1560=VECTOR('',#5774,10.);
#1561=VECTOR('',#5775,10.);
#1562=VECTOR('',#5776,10.);
#1563=VECTOR('',#5777,10.);
#1564=VECTOR('',#5778,10.);
#1565=VECTOR('',#5779,10.);
#1566=VECTOR('',#5788,10.);
#1567=VECTOR('',#5789,10.);
#1568=VECTOR('',#5790,10.);
#1569=VECTOR('',#5793,10.);
#1570=VECTOR('',#5794,10.);
#1571=VECTOR('',#5795,10.);
#1572=VECTOR('',#5798,10.);
#1573=VECTOR('',#5799,10.);
#1574=VECTOR('',#5800,10.);
#1575=VECTOR('',#5803,10.);
#1576=VECTOR('',#5804,10.);
#1577=VECTOR('',#5805,10.);
#1578=VECTOR('',#5808,10.);
#1579=VECTOR('',#5811,10.);
#1580=VECTOR('',#5812,10.);
#1581=VECTOR('',#5813,10.);
#1582=VECTOR('',#5816,10.);
#1583=VECTOR('',#5817,10.);
#1584=VECTOR('',#5818,10.);
#1585=VECTOR('',#5821,10.);
#1586=VECTOR('',#5824,10.);
#1587=VECTOR('',#5825,10.);
#1588=VECTOR('',#5826,10.);
#1589=VECTOR('',#5829,10.);
#1590=VECTOR('',#5830,10.);
#1591=VECTOR('',#5831,10.);
#1592=VECTOR('',#5834,10.);
#1593=VECTOR('',#5837,10.);
#1594=VECTOR('',#5838,10.);
#1595=VECTOR('',#5839,10.);
#1596=VECTOR('',#5842,10.);
#1597=VECTOR('',#5843,10.);
#1598=VECTOR('',#5844,10.);
#1599=VECTOR('',#5847,10.);
#1600=VECTOR('',#5848,10.);
#1601=VECTOR('',#5849,10.);
#1602=VECTOR('',#5852,10.);
#1603=VECTOR('',#5853,10.);
#1604=VECTOR('',#5854,10.);
#1605=VECTOR('',#5857,10.);
#1606=VECTOR('',#5860,10.);
#1607=VECTOR('',#5863,10.);
#1608=VECTOR('',#5864,10.);
#1609=VECTOR('',#5867,10.);
#1610=VECTOR('',#5868,10.);
#1611=VECTOR('',#5871,10.);
#1612=VECTOR('',#5874,10.);
#1613=VECTOR('',#5877,10.);
#1614=VECTOR('',#5880,10.);
#1615=VECTOR('',#5883,10.);
#1616=VECTOR('',#5884,10.);
#1617=VECTOR('',#5885,10.);
#1618=VECTOR('',#5886,10.);
#1619=VECTOR('',#5887,10.);
#1620=VECTOR('',#5888,10.);
#1621=VECTOR('',#5889,10.);
#1622=VECTOR('',#5902,1.7);
#1623=VECTOR('',#5907,1.7);
#1624=VECTOR('',#5912,1.7);
#1625=VECTOR('',#5917,1.7);
#1626=VECTOR('',#5922,10.);
#1627=VECTOR('',#5923,10.);
#1628=VECTOR('',#5924,10.);
#1629=VECTOR('',#5927,10.);
#1630=VECTOR('',#5928,10.);
#1631=VECTOR('',#5931,10.);
#1632=VECTOR('',#5932,10.);
#1633=VECTOR('',#5947,10.);
#1634=VECTOR('',#5948,10.);
#1635=VECTOR('',#5951,10.);
#1636=VECTOR('',#5952,10.);
#1637=VECTOR('',#5955,10.);
#1638=VECTOR('',#5960,10.);
#1639=VECTOR('',#5961,10.);
#1640=VECTOR('',#5962,10.);
#1641=VECTOR('',#5963,10.);
#1642=VECTOR('',#5966,10.);
#1643=VECTOR('',#5967,10.);
#1644=VECTOR('',#5968,10.);
#1645=VECTOR('',#5971,10.);
#1646=VECTOR('',#5972,10.);
#1647=VECTOR('',#5973,10.);
#1648=VECTOR('',#5976,10.);
#1649=VECTOR('',#5977,10.);
#1650=VECTOR('',#5978,10.);
#1651=VECTOR('',#5981,10.);
#1652=VECTOR('',#5982,10.);
#1653=VECTOR('',#5983,10.);
#1654=VECTOR('',#5986,10.);
#1655=VECTOR('',#5987,10.);
#1656=VECTOR('',#5988,10.);
#1657=VECTOR('',#5991,10.);
#1658=VECTOR('',#5992,10.);
#1659=VECTOR('',#5993,10.);
#1660=VECTOR('',#5996,10.);
#1661=VECTOR('',#5997,10.);
#1662=VECTOR('',#6000,10.);
#1663=VECTOR('',#6001,10.);
#1664=VECTOR('',#6002,10.);
#1665=VECTOR('',#6003,10.);
#1666=VECTOR('',#6006,10.);
#1667=VECTOR('',#6007,10.);
#1668=VECTOR('',#6008,10.);
#1669=VECTOR('',#6009,10.);
#1670=VECTOR('',#6010,10.);
#1671=VECTOR('',#6011,10.);
#1672=VECTOR('',#6012,10.);
#1673=VECTOR('',#6013,10.);
#1674=VECTOR('',#6014,10.);
#1675=VECTOR('',#6015,10.);
#1676=VECTOR('',#6016,10.);
#1677=VECTOR('',#6017,10.);
#1678=VECTOR('',#6018,10.);
#1679=VECTOR('',#6019,10.);
#1680=VECTOR('',#6020,10.);
#1681=VECTOR('',#6025,10.);
#1682=VECTOR('',#6028,10.);
#1683=VECTOR('',#6031,10.);
#1684=VECTOR('',#6034,10.);
#1685=VECTOR('',#6037,10.);
#1686=VECTOR('',#6040,10.);
#1687=VECTOR('',#6043,10.);
#1688=VECTOR('',#6046,10.);
#1689=VECTOR('',#6051,10.);
#1690=VECTOR('',#6054,10.);
#1691=VECTOR('',#6057,10.);
#1692=VECTOR('',#6060,10.);
#1693=VECTOR('',#6067,10.);
#1694=VECTOR('',#6070,10.);
#1695=VECTOR('',#6073,10.);
#1696=VECTOR('',#6076,10.);
#1697=VECTOR('',#6079,10.);
#1698=VECTOR('',#6080,10.);
#1699=VECTOR('',#6083,10.);
#1700=VECTOR('',#6084,10.);
#1701=VECTOR('',#6087,10.);
#1702=VECTOR('',#6088,10.);
#1703=VECTOR('',#6089,10.);
#1704=VECTOR('',#6092,10.);
#1705=VECTOR('',#6093,10.);
#1706=VECTOR('',#6096,10.);
#1707=VECTOR('',#6097,10.);
#1708=VECTOR('',#6100,10.);
#1709=VECTOR('',#6101,10.);
#1710=VECTOR('',#6102,10.);
#1711=VECTOR('',#6105,10.);
#1712=VECTOR('',#6106,10.);
#1713=VECTOR('',#6109,10.);
#1714=VECTOR('',#6110,10.);
#1715=VECTOR('',#6113,10.);
#1716=VECTOR('',#6114,10.);
#1717=VECTOR('',#6117,10.);
#1718=VECTOR('',#6118,10.);
#1719=VECTOR('',#6121,10.);
#1720=VECTOR('',#6122,10.);
#1721=VECTOR('',#6123,10.);
#1722=VECTOR('',#6126,10.);
#1723=VECTOR('',#6129,10.);
#1724=VECTOR('',#6130,10.);
#1725=VECTOR('',#6131,10.);
#1726=VECTOR('',#6136,10.);
#1727=VECTOR('',#6139,10.);
#1728=VECTOR('',#6140,10.);
#1729=VECTOR('',#6145,10.);
#1730=VECTOR('',#6148,10.);
#1731=VECTOR('',#6149,10.);
#1732=VECTOR('',#6154,10.);
#1733=VECTOR('',#6157,10.);
#1734=VECTOR('',#6158,10.);
#1735=VECTOR('',#6167,1.7);
#1736=VECTOR('',#6170,10.);
#1737=VECTOR('',#6173,10.);
#1738=VECTOR('',#6176,10.);
#1739=VECTOR('',#6177,10.);
#1740=VECTOR('',#6182,10.);
#1741=VECTOR('',#6185,10.);
#1742=VECTOR('',#6186,10.);
#1743=VECTOR('',#6191,10.);
#1744=VECTOR('',#6194,10.);
#1745=VECTOR('',#6195,10.);
#1746=VECTOR('',#6200,10.);
#1747=VECTOR('',#6203,10.);
#1748=VECTOR('',#6208,1.7);
#1749=VECTOR('',#6213,1.7);
#1750=VECTOR('',#6216,10.);
#1751=VECTOR('',#6217,10.);
#1752=VECTOR('',#6218,10.);
#1753=VECTOR('',#6223,10.);
#1754=VECTOR('',#6226,10.);
#1755=VECTOR('',#6227,10.);
#1756=VECTOR('',#6232,10.);
#1757=VECTOR('',#6235,10.);
#1758=VECTOR('',#6236,10.);
#1759=VECTOR('',#6241,10.);
#1760=VECTOR('',#6244,10.);
#1761=VECTOR('',#6245,10.);
#1762=VECTOR('',#6252,10.);
#1763=VECTOR('',#6253,10.);
#1764=VECTOR('',#6254,10.);
#1765=VECTOR('',#6259,10.);
#1766=VECTOR('',#6262,10.);
#1767=VECTOR('',#6263,10.);
#1768=VECTOR('',#6268,10.);
#1769=VECTOR('',#6271,10.);
#1770=VECTOR('',#6272,10.);
#1771=VECTOR('',#6277,10.);
#1772=VECTOR('',#6280,10.);
#1773=VECTOR('',#6281,10.);
#1774=VECTOR('',#6290,1.7);
#1775=VECTOR('',#6293,10.);
#1776=VECTOR('',#6296,10.);
#1777=VECTOR('',#6299,10.);
#1778=VECTOR('',#6304,10.);
#1779=VECTOR('',#6305,10.);
#1780=VECTOR('',#6306,10.);
#1781=VECTOR('',#6307,10.);
#1782=VECTOR('',#6310,10.);
#1783=VECTOR('',#6311,10.);
#1784=VECTOR('',#6312,10.);
#1785=VECTOR('',#6315,10.);
#1786=VECTOR('',#6316,10.);
#1787=VECTOR('',#6317,10.);
#1788=VECTOR('',#6320,10.);
#1789=VECTOR('',#6321,10.);
#1790=B_SPLINE_CURVE_WITH_KNOTS('',3,(#6339,#6340,#6341,#6342,#6343),
 .UNSPECIFIED.,.F.,.F.,(4,1,4),(0.,0.0501058864809835,0.0904680334386425),
 .UNSPECIFIED.);
#1791=B_SPLINE_CURVE_WITH_KNOTS('',3,(#6347,#6348,#6349,#6350,#6351),
 .UNSPECIFIED.,.F.,.F.,(4,1,4),(0.,0.0501058864809835,0.0904680334386425),
 .UNSPECIFIED.);
#1792=B_SPLINE_CURVE_WITH_KNOTS('',3,(#6364,#6365,#6366,#6367,#6368),
 .UNSPECIFIED.,.F.,.F.,(4,1,4),(0.,0.0301307856339455,0.0625994919518499),
 .UNSPECIFIED.);
#1793=B_SPLINE_CURVE_WITH_KNOTS('',3,(#6371,#6372,#6373,#6374,#6375),
 .UNSPECIFIED.,.F.,.F.,(4,1,4),(0.,0.0301307856339455,0.0625994919518499),
 .UNSPECIFIED.);
#1794=B_SPLINE_CURVE_WITH_KNOTS('',3,(#6387,#6388,#6389,#6390,#6391),
 .UNSPECIFIED.,.F.,.F.,(4,1,4),(0.,0.0260030304018247,0.0538159620328232),
 .UNSPECIFIED.);
#1795=B_SPLINE_CURVE_WITH_KNOTS('',3,(#6394,#6395,#6396,#6397,#6398),
 .UNSPECIFIED.,.F.,.F.,(4,1,4),(0.,0.0260030304018247,0.0538159620328232),
 .UNSPECIFIED.);
#1796=B_SPLINE_CURVE_WITH_KNOTS('',3,(#6410,#6411,#6412,#6413,#6414),
 .UNSPECIFIED.,.F.,.F.,(4,1,4),(0.,0.0241078976766233,0.0489582005537831),
 .UNSPECIFIED.);
#1797=B_SPLINE_CURVE_WITH_KNOTS('',3,(#6417,#6418,#6419,#6420,#6421),
 .UNSPECIFIED.,.F.,.F.,(4,1,4),(0.,0.0241078976766233,0.0489582005537831),
 .UNSPECIFIED.);
#1798=B_SPLINE_CURVE_WITH_KNOTS('',3,(#6433,#6434,#6435,#6436,#6437),
 .UNSPECIFIED.,.F.,.F.,(4,1,4),(0.,0.0209052959766831,0.0441470412150363),
 .UNSPECIFIED.);
#1799=B_SPLINE_CURVE_WITH_KNOTS('',3,(#6440,#6441,#6442,#6443,#6444),
 .UNSPECIFIED.,.F.,.F.,(4,1,4),(0.,0.0209052959766831,0.0441470412150363),
 .UNSPECIFIED.);
#1800=B_SPLINE_CURVE_WITH_KNOTS('',3,(#6456,#6457,#6458,#6459,#6460),
 .UNSPECIFIED.,.F.,.F.,(4,1,4),(0.,0.0213616890335782,0.0417757287399357),
 .UNSPECIFIED.);
#1801=B_SPLINE_CURVE_WITH_KNOTS('',3,(#6463,#6464,#6465,#6466,#6467),
 .UNSPECIFIED.,.F.,.F.,(4,1,4),(0.,0.0213616890335782,0.0417757287399357),
 .UNSPECIFIED.);
#1802=B_SPLINE_CURVE_WITH_KNOTS('',3,(#6479,#6480,#6481,#6482,#6483),
 .UNSPECIFIED.,.F.,.F.,(4,1,4),(0.,0.0460101143249325,0.076236819793081),
 .UNSPECIFIED.);
#1803=B_SPLINE_CURVE_WITH_KNOTS('',3,(#6486,#6487,#6488,#6489,#6490),
 .UNSPECIFIED.,.F.,.F.,(4,1,4),(0.,0.0460101143249325,0.076236819793081),
 .UNSPECIFIED.);
#1804=B_SPLINE_CURVE_WITH_KNOTS('',3,(#6502,#6503,#6504,#6505,#6506),
 .UNSPECIFIED.,.F.,.F.,(4,1,4),(0.,0.0152108666071834,0.0451665428233868),
 .UNSPECIFIED.);
#1805=B_SPLINE_CURVE_WITH_KNOTS('',3,(#6509,#6510,#6511,#6512,#6513),
 .UNSPECIFIED.,.F.,.F.,(4,1,4),(0.,0.0152108666071834,0.0451665428233868),
 .UNSPECIFIED.);
#1806=B_SPLINE_CURVE_WITH_KNOTS('',3,(#6525,#6526,#6527,#6528,#6529),
 .UNSPECIFIED.,.F.,.F.,(4,1,4),(0.,0.0105686171838878,0.023139975950417),
 .UNSPECIFIED.);
#1807=B_SPLINE_CURVE_WITH_KNOTS('',3,(#6532,#6533,#6534,#6535,#6536),
 .UNSPECIFIED.,.F.,.F.,(4,1,4),(0.,0.0105686171838878,0.023139975950417),
 .UNSPECIFIED.);
#1808=B_SPLINE_CURVE_WITH_KNOTS('',3,(#6548,#6549,#6550,#6551,#6552),
 .UNSPECIFIED.,.F.,.F.,(4,1,4),(0.,0.00919558016653783,0.0184777879050703),
 .UNSPECIFIED.);
#1809=B_SPLINE_CURVE_WITH_KNOTS('',3,(#6555,#6556,#6557,#6558,#6559),
 .UNSPECIFIED.,.F.,.F.,(4,1,4),(0.,0.00919558016653783,0.0184777879050703),
 .UNSPECIFIED.);
#1810=B_SPLINE_CURVE_WITH_KNOTS('',3,(#6571,#6572,#6573,#6574,#6575),
 .UNSPECIFIED.,.F.,.F.,(4,1,4),(0.,0.0162806731132211,0.0307900855289827),
 .UNSPECIFIED.);
#1811=B_SPLINE_CURVE_WITH_KNOTS('',3,(#6578,#6579,#6580,#6581,#6582),
 .UNSPECIFIED.,.F.,.F.,(4,1,4),(0.,0.0162806731132211,0.0307900855289827),
 .UNSPECIFIED.);
#1812=B_SPLINE_CURVE_WITH_KNOTS('',3,(#6594,#6595,#6596,#6597,#6598),
 .UNSPECIFIED.,.F.,.F.,(4,1,4),(0.,0.0291250401736118,0.0501736983204275),
 .UNSPECIFIED.);
#1813=B_SPLINE_CURVE_WITH_KNOTS('',3,(#6601,#6602,#6603,#6604,#6605),
 .UNSPECIFIED.,.F.,.F.,(4,1,4),(0.,0.0291250401736118,0.0501736983204275),
 .UNSPECIFIED.);
#1814=B_SPLINE_CURVE_WITH_KNOTS('',3,(#6617,#6618,#6619,#6620,#6621),
 .UNSPECIFIED.,.F.,.F.,(4,1,4),(0.,0.0211404760539032,0.0467427714903001),
 .UNSPECIFIED.);
#1815=B_SPLINE_CURVE_WITH_KNOTS('',3,(#6624,#6625,#6626,#6627,#6628),
 .UNSPECIFIED.,.F.,.F.,(4,1,4),(0.,0.0211404760539032,0.0467427714903001),
 .UNSPECIFIED.);
#1816=B_SPLINE_CURVE_WITH_KNOTS('',3,(#6640,#6641,#6642,#6643,#6644),
 .UNSPECIFIED.,.F.,.F.,(4,1,4),(0.,0.0209143613458219,0.0404998938787773),
 .UNSPECIFIED.);
#1817=B_SPLINE_CURVE_WITH_KNOTS('',3,(#6647,#6648,#6649,#6650,#6651),
 .UNSPECIFIED.,.F.,.F.,(4,1,4),(0.,0.0209143613458219,0.0404998938787773),
 .UNSPECIFIED.);
#1818=B_SPLINE_CURVE_WITH_KNOTS('',3,(#6669,#6670,#6671,#6672,#6673),
 .UNSPECIFIED.,.F.,.F.,(4,1,4),(0.,0.0221833495502129,0.0482907883404929),
 .UNSPECIFIED.);
#1819=B_SPLINE_CURVE_WITH_KNOTS('',3,(#6676,#6677,#6678,#6679,#6680),
 .UNSPECIFIED.,.F.,.F.,(4,1,4),(0.,0.0221833495502129,0.0482907883404929),
 .UNSPECIFIED.);
#1820=B_SPLINE_CURVE_WITH_KNOTS('',3,(#6692,#6693,#6694,#6695,#6696),
 .UNSPECIFIED.,.F.,.F.,(4,1,4),(0.,0.025214992964978,0.0469245392552442),
 .UNSPECIFIED.);
#1821=B_SPLINE_CURVE_WITH_KNOTS('',3,(#6699,#6700,#6701,#6702,#6703),
 .UNSPECIFIED.,.F.,.F.,(4,1,4),(0.,0.025214992964978,0.0469245392552442),
 .UNSPECIFIED.);
#1822=B_SPLINE_CURVE_WITH_KNOTS('',3,(#6715,#6716,#6717,#6718,#6719),
 .UNSPECIFIED.,.F.,.F.,(4,1,4),(0.,0.0321199412687051,0.0609422680653401),
 .UNSPECIFIED.);
#1823=B_SPLINE_CURVE_WITH_KNOTS('',3,(#6722,#6723,#6724,#6725,#6726),
 .UNSPECIFIED.,.F.,.F.,(4,1,4),(0.,0.0321199412687051,0.0609422680653401),
 .UNSPECIFIED.);
#1824=B_SPLINE_CURVE_WITH_KNOTS('',3,(#6738,#6739,#6740,#6741,#6742),
 .UNSPECIFIED.,.F.,.F.,(4,1,4),(0.,0.0209647837102618,0.0429442227776647),
 .UNSPECIFIED.);
#1825=B_SPLINE_CURVE_WITH_KNOTS('',3,(#6745,#6746,#6747,#6748,#6749),
 .UNSPECIFIED.,.F.,.F.,(4,1,4),(0.,0.0209647837102618,0.0429442227776647),
 .UNSPECIFIED.);
#1826=B_SPLINE_CURVE_WITH_KNOTS('',3,(#6761,#6762,#6763,#6764,#6765),
 .UNSPECIFIED.,.F.,.F.,(4,1,4),(0.,0.0156313724987349,0.0344932690478314),
 .UNSPECIFIED.);
#1827=B_SPLINE_CURVE_WITH_KNOTS('',3,(#6768,#6769,#6770,#6771,#6772),
 .UNSPECIFIED.,.F.,.F.,(4,1,4),(0.,0.0156313724987349,0.0344932690478314),
 .UNSPECIFIED.);
#1828=B_SPLINE_CURVE_WITH_KNOTS('',3,(#6784,#6785,#6786,#6787,#6788),
 .UNSPECIFIED.,.F.,.F.,(4,1,4),(0.,0.018382590343275,0.036784973341367),
 .UNSPECIFIED.);
#1829=B_SPLINE_CURVE_WITH_KNOTS('',3,(#6791,#6792,#6793,#6794,#6795),
 .UNSPECIFIED.,.F.,.F.,(4,1,4),(0.,0.018382590343275,0.036784973341367),
 .UNSPECIFIED.);
#1830=B_SPLINE_CURVE_WITH_KNOTS('',3,(#6807,#6808,#6809,#6810,#6811),
 .UNSPECIFIED.,.F.,.F.,(4,1,4),(0.,0.0187875120197484,0.0372506863393127),
 .UNSPECIFIED.);
#1831=B_SPLINE_CURVE_WITH_KNOTS('',3,(#6814,#6815,#6816,#6817,#6818),
 .UNSPECIFIED.,.F.,.F.,(4,1,4),(0.,0.0187875120197484,0.0372506863393127),
 .UNSPECIFIED.);
#1832=B_SPLINE_CURVE_WITH_KNOTS('',3,(#6830,#6831,#6832,#6833,#6834),
 .UNSPECIFIED.,.F.,.F.,(4,1,4),(0.,0.0202069720883615,0.0407459578467252),
 .UNSPECIFIED.);
#1833=B_SPLINE_CURVE_WITH_KNOTS('',3,(#6837,#6838,#6839,#6840,#6841),
 .UNSPECIFIED.,.F.,.F.,(4,1,4),(0.,0.0202069720883615,0.0407459578467252),
 .UNSPECIFIED.);
#1834=B_SPLINE_CURVE_WITH_KNOTS('',3,(#6853,#6854,#6855,#6856,#6857),
 .UNSPECIFIED.,.F.,.F.,(4,1,4),(0.,0.0218533230689566,0.0424220811466384),
 .UNSPECIFIED.);
#1835=B_SPLINE_CURVE_WITH_KNOTS('',3,(#6860,#6861,#6862,#6863,#6864),
 .UNSPECIFIED.,.F.,.F.,(4,1,4),(0.,0.0218533230689566,0.0424220811466384),
 .UNSPECIFIED.);
#1836=B_SPLINE_CURVE_WITH_KNOTS('',3,(#6876,#6877,#6878,#6879,#6880),
 .UNSPECIFIED.,.F.,.F.,(4,1,4),(0.,0.047473035042093,0.0785975720250917),
 .UNSPECIFIED.);
#1837=B_SPLINE_CURVE_WITH_KNOTS('',3,(#6883,#6884,#6885,#6886,#6887),
 .UNSPECIFIED.,.F.,.F.,(4,1,4),(0.,0.047473035042093,0.0785975720250917),
 .UNSPECIFIED.);
#1838=B_SPLINE_CURVE_WITH_KNOTS('',3,(#6899,#6900,#6901,#6902,#6903),
 .UNSPECIFIED.,.F.,.F.,(4,1,4),(0.,0.0191050901587307,0.052986234526247),
 .UNSPECIFIED.);
#1839=B_SPLINE_CURVE_WITH_KNOTS('',3,(#6906,#6907,#6908,#6909,#6910),
 .UNSPECIFIED.,.F.,.F.,(4,1,4),(0.,0.0191050901587307,0.052986234526247),
 .UNSPECIFIED.);
#1840=B_SPLINE_CURVE_WITH_KNOTS('',3,(#6922,#6923,#6924,#6925,#6926),
 .UNSPECIFIED.,.F.,.F.,(4,1,4),(0.,0.0153035635226869,0.0309831716238995),
 .UNSPECIFIED.);
#1841=B_SPLINE_CURVE_WITH_KNOTS('',3,(#6929,#6930,#6931,#6932,#6933),
 .UNSPECIFIED.,.F.,.F.,(4,1,4),(0.,0.0153035635226869,0.0309831716238995),
 .UNSPECIFIED.);
#1842=B_SPLINE_CURVE_WITH_KNOTS('',3,(#6945,#6946,#6947,#6948,#6949),
 .UNSPECIFIED.,.F.,.F.,(4,1,4),(0.,0.0193633275006722,0.0371994574720609),
 .UNSPECIFIED.);
#1843=B_SPLINE_CURVE_WITH_KNOTS('',3,(#6952,#6953,#6954,#6955,#6956),
 .UNSPECIFIED.,.F.,.F.,(4,1,4),(0.,0.0193633275006722,0.0371994574720609),
 .UNSPECIFIED.);
#1844=B_SPLINE_CURVE_WITH_KNOTS('',3,(#6968,#6969,#6970,#6971,#6972),
 .UNSPECIFIED.,.F.,.F.,(4,1,4),(0.,0.0296686044709656,0.0528377063845328),
 .UNSPECIFIED.);
#1845=B_SPLINE_CURVE_WITH_KNOTS('',3,(#6975,#6976,#6977,#6978,#6979),
 .UNSPECIFIED.,.F.,.F.,(4,1,4),(0.,0.0296686044709656,0.0528377063845328),
 .UNSPECIFIED.);
#1846=B_SPLINE_CURVE_WITH_KNOTS('',3,(#6991,#6992,#6993,#6994,#6995),
 .UNSPECIFIED.,.F.,.F.,(4,1,4),(0.,0.0252621646999636,0.0553574748723738),
 .UNSPECIFIED.);
#1847=B_SPLINE_CURVE_WITH_KNOTS('',3,(#6998,#6999,#7000,#7001,#7002),
 .UNSPECIFIED.,.F.,.F.,(4,1,4),(0.,0.0252621646999636,0.0553574748723738),
 .UNSPECIFIED.);
#1848=B_SPLINE_CURVE_WITH_KNOTS('',3,(#7014,#7015,#7016,#7017,#7018),
 .UNSPECIFIED.,.F.,.F.,(4,1,4),(0.,0.0269217606317888,0.0511256612240814),
 .UNSPECIFIED.);
#1849=B_SPLINE_CURVE_WITH_KNOTS('',3,(#7021,#7022,#7023,#7024,#7025),
 .UNSPECIFIED.,.F.,.F.,(4,1,4),(0.,0.0269217606317888,0.0511256612240814),
 .UNSPECIFIED.);
#1850=B_SPLINE_CURVE_WITH_KNOTS('',3,(#7042,#7043,#7044,#7045,#7046),
 .UNSPECIFIED.,.F.,.F.,(4,1,4),(0.,0.037900157288856,0.0805564343177688),
 .UNSPECIFIED.);
#1851=B_SPLINE_CURVE_WITH_KNOTS('',3,(#7047,#7048,#7049,#7050,#7051),
 .UNSPECIFIED.,.F.,.F.,(4,1,4),(0.,0.037900157288856,0.0805564343177688),
 .UNSPECIFIED.);
#1852=B_SPLINE_CURVE_WITH_KNOTS('',3,(#7127,#7128,#7129,#7130,#7131),
 .UNSPECIFIED.,.F.,.F.,(4,1,4),(0.,0.0214381102141819,0.0500195430024939),
 .UNSPECIFIED.);
#1853=B_SPLINE_CURVE_WITH_KNOTS('',3,(#7135,#7136,#7137,#7138,#7139),
 .UNSPECIFIED.,.F.,.F.,(4,1,4),(0.,0.0214381102141819,0.0500195430024939),
 .UNSPECIFIED.);
#1854=B_SPLINE_CURVE_WITH_KNOTS('',3,(#7152,#7153,#7154,#7155,#7156),
 .UNSPECIFIED.,.F.,.F.,(4,1,4),(0.,0.0241555052698486,0.0475706624012874),
 .UNSPECIFIED.);
#1855=B_SPLINE_CURVE_WITH_KNOTS('',3,(#7159,#7160,#7161,#7162,#7163),
 .UNSPECIFIED.,.F.,.F.,(4,1,4),(0.,0.0241555052698486,0.0475706624012874),
 .UNSPECIFIED.);
#1856=B_SPLINE_CURVE_WITH_KNOTS('',3,(#7175,#7176,#7177,#7178,#7179),
 .UNSPECIFIED.,.F.,.F.,(4,1,4),(0.,0.0269867394455824,0.0524220547425963),
 .UNSPECIFIED.);
#1857=B_SPLINE_CURVE_WITH_KNOTS('',3,(#7182,#7183,#7184,#7185,#7186),
 .UNSPECIFIED.,.F.,.F.,(4,1,4),(0.,0.0269867394455824,0.0524220547425963),
 .UNSPECIFIED.);
#1858=B_SPLINE_CURVE_WITH_KNOTS('',3,(#7198,#7199,#7200,#7201,#7202),
 .UNSPECIFIED.,.F.,.F.,(4,1,4),(0.,0.0207829260441035,0.0461992436822509),
 .UNSPECIFIED.);
#1859=B_SPLINE_CURVE_WITH_KNOTS('',3,(#7205,#7206,#7207,#7208,#7209),
 .UNSPECIFIED.,.F.,.F.,(4,1,4),(0.,0.0207829260441035,0.0461992436822509),
 .UNSPECIFIED.);
#1860=B_SPLINE_CURVE_WITH_KNOTS('',3,(#7221,#7222,#7223,#7224,#7225),
 .UNSPECIFIED.,.F.,.F.,(4,1,4),(0.,0.0183879696150916,0.0368669259080695),
 .UNSPECIFIED.);
#1861=B_SPLINE_CURVE_WITH_KNOTS('',3,(#7228,#7229,#7230,#7231,#7232),
 .UNSPECIFIED.,.F.,.F.,(4,1,4),(0.,0.0183879696150916,0.0368669259080695),
 .UNSPECIFIED.);
#1862=B_SPLINE_CURVE_WITH_KNOTS('',3,(#7244,#7245,#7246,#7247,#7248),
 .UNSPECIFIED.,.F.,.F.,(4,1,4),(0.,0.0122082228842639,0.0245706273825149),
 .UNSPECIFIED.);
#1863=B_SPLINE_CURVE_WITH_KNOTS('',3,(#7251,#7252,#7253,#7254,#7255),
 .UNSPECIFIED.,.F.,.F.,(4,1,4),(0.,0.0122082228842639,0.0245706273825149),
 .UNSPECIFIED.);
#1864=B_SPLINE_CURVE_WITH_KNOTS('',3,(#7267,#7268,#7269,#7270,#7271),
 .UNSPECIFIED.,.F.,.F.,(4,1,4),(0.,0.0129911934369932,0.0253829049875095),
 .UNSPECIFIED.);
#1865=B_SPLINE_CURVE_WITH_KNOTS('',3,(#7274,#7275,#7276,#7277,#7278),
 .UNSPECIFIED.,.F.,.F.,(4,1,4),(0.,0.0129911934369932,0.0253829049875095),
 .UNSPECIFIED.);
#1866=B_SPLINE_CURVE_WITH_KNOTS('',3,(#7290,#7291,#7292,#7293,#7294),
 .UNSPECIFIED.,.F.,.F.,(4,1,4),(0.,0.0262655038353866,0.0440239899229426),
 .UNSPECIFIED.);
#1867=B_SPLINE_CURVE_WITH_KNOTS('',3,(#7297,#7298,#7299,#7300,#7301),
 .UNSPECIFIED.,.F.,.F.,(4,1,4),(0.,0.0262655038353866,0.0440239899229426),
 .UNSPECIFIED.);
#1868=B_SPLINE_CURVE_WITH_KNOTS('',3,(#7313,#7314,#7315,#7316,#7317),
 .UNSPECIFIED.,.F.,.F.,(4,1,4),(0.,0.0349157223225691,0.0824679749219661),
 .UNSPECIFIED.);
#1869=B_SPLINE_CURVE_WITH_KNOTS('',3,(#7320,#7321,#7322,#7323,#7324),
 .UNSPECIFIED.,.F.,.F.,(4,1,4),(0.,0.0349157223225691,0.0824679749219661),
 .UNSPECIFIED.);
#1870=B_SPLINE_CURVE_WITH_KNOTS('',3,(#7348,#7349,#7350,#7351,#7352),
 .UNSPECIFIED.,.F.,.F.,(4,1,4),(0.,0.0183735155814206,0.0370708052612177),
 .UNSPECIFIED.);
#1871=B_SPLINE_CURVE_WITH_KNOTS('',3,(#7355,#7356,#7357,#7358,#7359),
 .UNSPECIFIED.,.F.,.F.,(4,1,4),(0.,0.0183735155814206,0.0370708052612177),
 .UNSPECIFIED.);
#1872=B_SPLINE_CURVE_WITH_KNOTS('',3,(#7371,#7372,#7373,#7374,#7375),
 .UNSPECIFIED.,.F.,.F.,(4,1,4),(0.,0.0559059575942002,0.086725833700376),
 .UNSPECIFIED.);
#1873=B_SPLINE_CURVE_WITH_KNOTS('',3,(#7378,#7379,#7380,#7381,#7382),
 .UNSPECIFIED.,.F.,.F.,(4,1,4),(0.,0.0559059575942002,0.086725833700376),
 .UNSPECIFIED.);
#1874=B_SPLINE_CURVE_WITH_KNOTS('',3,(#7400,#7401,#7402,#7403,#7404),
 .UNSPECIFIED.,.F.,.F.,(4,1,4),(0.,0.017695038819937,0.0453962468666059),
 .UNSPECIFIED.);
#1875=B_SPLINE_CURVE_WITH_KNOTS('',3,(#7407,#7408,#7409,#7410,#7411),
 .UNSPECIFIED.,.F.,.F.,(4,1,4),(0.,0.017695038819937,0.0453962468666059),
 .UNSPECIFIED.);
#1876=B_SPLINE_CURVE_WITH_KNOTS('',3,(#7423,#7424,#7425,#7426,#7427),
 .UNSPECIFIED.,.F.,.F.,(4,1,4),(0.,0.0176137902064585,0.0370171474367986),
 .UNSPECIFIED.);
#1877=B_SPLINE_CURVE_WITH_KNOTS('',3,(#7430,#7431,#7432,#7433,#7434),
 .UNSPECIFIED.,.F.,.F.,(4,1,4),(0.,0.0176137902064585,0.0370171474367986),
 .UNSPECIFIED.);
#1878=B_SPLINE_CURVE_WITH_KNOTS('',3,(#7446,#7447,#7448,#7449,#7450),
 .UNSPECIFIED.,.F.,.F.,(4,1,4),(0.,0.022407200494803,0.0409041839385696),
 .UNSPECIFIED.);
#1879=B_SPLINE_CURVE_WITH_KNOTS('',3,(#7453,#7454,#7455,#7456,#7457),
 .UNSPECIFIED.,.F.,.F.,(4,1,4),(0.,0.022407200494803,0.0409041839385696),
 .UNSPECIFIED.);
#1880=B_SPLINE_CURVE_WITH_KNOTS('',3,(#7469,#7470,#7471,#7472,#7473),
 .UNSPECIFIED.,.F.,.F.,(4,1,4),(0.,0.0336997098033708,0.0611630121646987),
 .UNSPECIFIED.);
#1881=B_SPLINE_CURVE_WITH_KNOTS('',3,(#7476,#7477,#7478,#7479,#7480),
 .UNSPECIFIED.,.F.,.F.,(4,1,4),(0.,0.0336997098033708,0.0611630121646987),
 .UNSPECIFIED.);
#1882=B_SPLINE_CURVE_WITH_KNOTS('',3,(#7492,#7493,#7494,#7495,#7496),
 .UNSPECIFIED.,.F.,.F.,(4,1,4),(0.,0.0315742464464931,0.0667969207373995),
 .UNSPECIFIED.);
#1883=B_SPLINE_CURVE_WITH_KNOTS('',3,(#7499,#7500,#7501,#7502,#7503),
 .UNSPECIFIED.,.F.,.F.,(4,1,4),(0.,0.0315742464464931,0.0667969207373995),
 .UNSPECIFIED.);
#1884=B_SPLINE_CURVE_WITH_KNOTS('',3,(#7515,#7516,#7517,#7518,#7519),
 .UNSPECIFIED.,.F.,.F.,(4,1,4),(0.,0.0248650979909218,0.0528085275060579),
 .UNSPECIFIED.);
#1885=B_SPLINE_CURVE_WITH_KNOTS('',3,(#7522,#7523,#7524,#7525,#7526),
 .UNSPECIFIED.,.F.,.F.,(4,1,4),(0.,0.0248650979909218,0.0528085275060579),
 .UNSPECIFIED.);
#1886=B_SPLINE_CURVE_WITH_KNOTS('',3,(#7538,#7539,#7540,#7541,#7542),
 .UNSPECIFIED.,.F.,.F.,(4,1,4),(0.,0.0291805255375751,0.0546197139369148),
 .UNSPECIFIED.);
#1887=B_SPLINE_CURVE_WITH_KNOTS('',3,(#7545,#7546,#7547,#7548,#7549),
 .UNSPECIFIED.,.F.,.F.,(4,1,4),(0.,0.0291805255375751,0.0546197139369148),
 .UNSPECIFIED.);
#1888=B_SPLINE_CURVE_WITH_KNOTS('',3,(#7567,#7568,#7569,#7570,#7571),
 .UNSPECIFIED.,.F.,.F.,(4,1,4),(0.,0.0221111689534247,0.0501389839538169),
 .UNSPECIFIED.);
#1889=B_SPLINE_CURVE_WITH_KNOTS('',3,(#7574,#7575,#7576,#7577,#7578),
 .UNSPECIFIED.,.F.,.F.,(4,1,4),(0.,0.0221111689534247,0.0501389839538169),
 .UNSPECIFIED.);
#1890=B_SPLINE_CURVE_WITH_KNOTS('',3,(#7590,#7591,#7592,#7593,#7594),
 .UNSPECIFIED.,.F.,.F.,(4,1,4),(0.,0.0302685536920279,0.0531980550078259),
 .UNSPECIFIED.);
#1891=B_SPLINE_CURVE_WITH_KNOTS('',3,(#7597,#7598,#7599,#7600,#7601),
 .UNSPECIFIED.,.F.,.F.,(4,1,4),(0.,0.0302685536920279,0.0531980550078259),
 .UNSPECIFIED.);
#1892=B_SPLINE_CURVE_WITH_KNOTS('',3,(#7613,#7614,#7615,#7616,#7617),
 .UNSPECIFIED.,.F.,.F.,(4,1,4),(0.,0.0265187098242649,0.0593211525326363),
 .UNSPECIFIED.);
#1893=B_SPLINE_CURVE_WITH_KNOTS('',3,(#7620,#7621,#7622,#7623,#7624),
 .UNSPECIFIED.,.F.,.F.,(4,1,4),(0.,0.0265187098242649,0.0593211525326363),
 .UNSPECIFIED.);
#1894=B_SPLINE_CURVE_WITH_KNOTS('',3,(#7636,#7637,#7638,#7639,#7640),
 .UNSPECIFIED.,.F.,.F.,(4,1,4),(0.,0.0258152494808685,0.0455185109411212),
 .UNSPECIFIED.);
#1895=B_SPLINE_CURVE_WITH_KNOTS('',3,(#7643,#7644,#7645,#7646,#7647),
 .UNSPECIFIED.,.F.,.F.,(4,1,4),(0.,0.0258152494808685,0.0455185109411212),
 .UNSPECIFIED.);
#1896=B_SPLINE_CURVE_WITH_KNOTS('',3,(#7659,#7660,#7661,#7662,#7663),
 .UNSPECIFIED.,.F.,.F.,(4,1,4),(0.,0.00825623113698721,0.0128270451272029),
 .UNSPECIFIED.);
#1897=B_SPLINE_CURVE_WITH_KNOTS('',3,(#7666,#7667,#7668,#7669,#7670),
 .UNSPECIFIED.,.F.,.F.,(4,1,4),(0.,0.00825623113698721,0.0128270451272029),
 .UNSPECIFIED.);
#1898=B_SPLINE_CURVE_WITH_KNOTS('',3,(#7682,#7683,#7684,#7685,#7686),
 .UNSPECIFIED.,.F.,.F.,(4,1,4),(0.,0.0522193110404341,0.089311455348097),
 .UNSPECIFIED.);
#1899=B_SPLINE_CURVE_WITH_KNOTS('',3,(#7689,#7690,#7691,#7692,#7693),
 .UNSPECIFIED.,.F.,.F.,(4,1,4),(0.,0.0522193110404341,0.089311455348097),
 .UNSPECIFIED.);
#1900=B_SPLINE_CURVE_WITH_KNOTS('',3,(#7705,#7706,#7707,#7708,#7709),
 .UNSPECIFIED.,.F.,.F.,(4,1,4),(0.,0.018528515274044,0.0442949145813921),
 .UNSPECIFIED.);
#1901=B_SPLINE_CURVE_WITH_KNOTS('',3,(#7712,#7713,#7714,#7715,#7716),
 .UNSPECIFIED.,.F.,.F.,(4,1,4),(0.,0.018528515274044,0.0442949145813921),
 .UNSPECIFIED.);
#1902=B_SPLINE_CURVE_WITH_KNOTS('',3,(#7728,#7729,#7730,#7731,#7732),
 .UNSPECIFIED.,.F.,.F.,(4,1,4),(0.,0.0191178221120879,0.038958576710533),
 .UNSPECIFIED.);
#1903=B_SPLINE_CURVE_WITH_KNOTS('',3,(#7735,#7736,#7737,#7738,#7739),
 .UNSPECIFIED.,.F.,.F.,(4,1,4),(0.,0.0191178221120879,0.038958576710533),
 .UNSPECIFIED.);
#1904=B_SPLINE_CURVE_WITH_KNOTS('',3,(#7751,#7752,#7753,#7754,#7755),
 .UNSPECIFIED.,.F.,.F.,(4,1,4),(0.,0.0194079520267744,0.038238427823478),
 .UNSPECIFIED.);
#1905=B_SPLINE_CURVE_WITH_KNOTS('',3,(#7758,#7759,#7760,#7761,#7762),
 .UNSPECIFIED.,.F.,.F.,(4,1,4),(0.,0.0194079520267744,0.038238427823478),
 .UNSPECIFIED.);
#1906=B_SPLINE_CURVE_WITH_KNOTS('',3,(#7774,#7775,#7776,#7777,#7778),
 .UNSPECIFIED.,.F.,.F.,(4,1,4),(0.,0.0205050256084784,0.0403986886735882),
 .UNSPECIFIED.);
#1907=B_SPLINE_CURVE_WITH_KNOTS('',3,(#7781,#7782,#7783,#7784,#7785),
 .UNSPECIFIED.,.F.,.F.,(4,1,4),(0.,0.0205050256084784,0.0403986886735882),
 .UNSPECIFIED.);
#1908=B_SPLINE_CURVE_WITH_KNOTS('',3,(#7797,#7798,#7799,#7800,#7801),
 .UNSPECIFIED.,.F.,.F.,(4,1,4),(0.,0.0328013472759324,0.0664667236473917),
 .UNSPECIFIED.);
#1909=B_SPLINE_CURVE_WITH_KNOTS('',3,(#7804,#7805,#7806,#7807,#7808),
 .UNSPECIFIED.,.F.,.F.,(4,1,4),(0.,0.0328013472759324,0.0664667236473917),
 .UNSPECIFIED.);
#1910=B_SPLINE_CURVE_WITH_KNOTS('',3,(#7820,#7821,#7822,#7823,#7824),
 .UNSPECIFIED.,.F.,.F.,(4,1,4),(0.,0.0426246962429531,0.078372433739377),
 .UNSPECIFIED.);
#1911=B_SPLINE_CURVE_WITH_KNOTS('',3,(#7827,#7828,#7829,#7830,#7831),
 .UNSPECIFIED.,.F.,.F.,(4,1,4),(0.,0.0426246962429531,0.078372433739377),
 .UNSPECIFIED.);
#1912=B_SPLINE_CURVE_WITH_KNOTS('',3,(#7843,#7844,#7845,#7846,#7847),
 .UNSPECIFIED.,.F.,.F.,(4,1,4),(0.,0.0271224259273493,0.0552253256778374),
 .UNSPECIFIED.);
#1913=B_SPLINE_CURVE_WITH_KNOTS('',3,(#7850,#7851,#7852,#7853,#7854),
 .UNSPECIFIED.,.F.,.F.,(4,1,4),(0.,0.0271224259273493,0.0552253256778374),
 .UNSPECIFIED.);
#1914=B_SPLINE_CURVE_WITH_KNOTS('',3,(#7866,#7867,#7868,#7869,#7870),
 .UNSPECIFIED.,.F.,.F.,(4,1,4),(0.,0.033288643294749,0.0621166830882631),
 .UNSPECIFIED.);
#1915=B_SPLINE_CURVE_WITH_KNOTS('',3,(#7873,#7874,#7875,#7876,#7877),
 .UNSPECIFIED.,.F.,.F.,(4,1,4),(0.,0.033288643294749,0.0621166830882631),
 .UNSPECIFIED.);
#1916=B_SPLINE_CURVE_WITH_KNOTS('',3,(#7888,#7889,#7890,#7891,#7892),
 .UNSPECIFIED.,.F.,.F.,(4,1,4),(0.,0.0177239235351617,0.037217141494298),
 .UNSPECIFIED.);
#1917=B_SPLINE_CURVE_WITH_KNOTS('',3,(#7893,#7894,#7895,#7896,#7897),
 .UNSPECIFIED.,.F.,.F.,(4,1,4),(0.,0.0177239235351617,0.037217141494298),
 .UNSPECIFIED.);
#1918=B_SPLINE_CURVE_WITH_KNOTS('',3,(#7919,#7920,#7921,#7922,#7923),
 .UNSPECIFIED.,.F.,.F.,(4,1,4),(0.,0.019216437073666,0.0495841262163778),
 .UNSPECIFIED.);
#1919=B_SPLINE_CURVE_WITH_KNOTS('',3,(#7926,#7927,#7928,#7929,#7930),
 .UNSPECIFIED.,.F.,.F.,(4,1,4),(0.,0.019216437073666,0.0495841262163778),
 .UNSPECIFIED.);
#1920=B_SPLINE_CURVE_WITH_KNOTS('',3,(#7942,#7943,#7944,#7945,#7946),
 .UNSPECIFIED.,.F.,.F.,(4,1,4),(0.,0.0208854194430583,0.041559942249103),
 .UNSPECIFIED.);
#1921=B_SPLINE_CURVE_WITH_KNOTS('',3,(#7949,#7950,#7951,#7952,#7953),
 .UNSPECIFIED.,.F.,.F.,(4,1,4),(0.,0.0208854194430583,0.041559942249103),
 .UNSPECIFIED.);
#1922=B_SPLINE_CURVE_WITH_KNOTS('',3,(#7965,#7966,#7967,#7968,#7969),
 .UNSPECIFIED.,.F.,.F.,(4,1,4),(0.,0.0235095886720967,0.0453688502518991),
 .UNSPECIFIED.);
#1923=B_SPLINE_CURVE_WITH_KNOTS('',3,(#7972,#7973,#7974,#7975,#7976),
 .UNSPECIFIED.,.F.,.F.,(4,1,4),(0.,0.0235095886720967,0.0453688502518991),
 .UNSPECIFIED.);
#1924=B_SPLINE_CURVE_WITH_KNOTS('',3,(#7988,#7989,#7990,#7991,#7992),
 .UNSPECIFIED.,.F.,.F.,(4,1,4),(0.,0.0281031249256627,0.0593355193744301),
 .UNSPECIFIED.);
#1925=B_SPLINE_CURVE_WITH_KNOTS('',3,(#7995,#7996,#7997,#7998,#7999),
 .UNSPECIFIED.,.F.,.F.,(4,1,4),(0.,0.0281031249256627,0.0593355193744301),
 .UNSPECIFIED.);
#1926=B_SPLINE_CURVE_WITH_KNOTS('',3,(#8011,#8012,#8013,#8014,#8015),
 .UNSPECIFIED.,.F.,.F.,(4,1,4),(0.,0.0441199400595291,0.0764563828566252),
 .UNSPECIFIED.);
#1927=B_SPLINE_CURVE_WITH_KNOTS('',3,(#8018,#8019,#8020,#8021,#8022),
 .UNSPECIFIED.,.F.,.F.,(4,1,4),(0.,0.0441199400595291,0.0764563828566252),
 .UNSPECIFIED.);
#1928=B_SPLINE_CURVE_WITH_KNOTS('',3,(#8058,#8059,#8060,#8061,#8062),
 .UNSPECIFIED.,.F.,.F.,(4,1,4),(0.,0.0527120008187687,0.12501359196536),
 .UNSPECIFIED.);
#1929=B_SPLINE_CURVE_WITH_KNOTS('',3,(#8065,#8066,#8067,#8068,#8069),
 .UNSPECIFIED.,.F.,.F.,(4,1,4),(0.,0.0527120008187687,0.12501359196536),
 .UNSPECIFIED.);
#1930=B_SPLINE_CURVE_WITH_KNOTS('',3,(#8081,#8082,#8083,#8084,#8085),
 .UNSPECIFIED.,.F.,.F.,(4,1,4),(0.,0.0477953073089095,0.0939915984397311),
 .UNSPECIFIED.);
#1931=B_SPLINE_CURVE_WITH_KNOTS('',3,(#8088,#8089,#8090,#8091,#8092),
 .UNSPECIFIED.,.F.,.F.,(4,1,4),(0.,0.0477953073089095,0.0939915984397311),
 .UNSPECIFIED.);
#1932=B_SPLINE_CURVE_WITH_KNOTS('',3,(#8104,#8105,#8106,#8107,#8108),
 .UNSPECIFIED.,.F.,.F.,(4,1,4),(0.,0.0276027084702946,0.0562767929712902),
 .UNSPECIFIED.);
#1933=B_SPLINE_CURVE_WITH_KNOTS('',3,(#8111,#8112,#8113,#8114,#8115),
 .UNSPECIFIED.,.F.,.F.,(4,1,4),(0.,0.0276027084702946,0.0562767929712902),
 .UNSPECIFIED.);
#1934=B_SPLINE_CURVE_WITH_KNOTS('',3,(#8127,#8128,#8129,#8130,#8131),
 .UNSPECIFIED.,.F.,.F.,(4,1,4),(0.,0.0244273245417344,0.0506067048245201),
 .UNSPECIFIED.);
#1935=B_SPLINE_CURVE_WITH_KNOTS('',3,(#8134,#8135,#8136,#8137,#8138),
 .UNSPECIFIED.,.F.,.F.,(4,1,4),(0.,0.0244273245417344,0.0506067048245201),
 .UNSPECIFIED.);
#1936=B_SPLINE_CURVE_WITH_KNOTS('',3,(#8150,#8151,#8152,#8153,#8154),
 .UNSPECIFIED.,.F.,.F.,(4,1,4),(0.,0.0280028704632078,0.0531269574497465),
 .UNSPECIFIED.);
#1937=B_SPLINE_CURVE_WITH_KNOTS('',3,(#8157,#8158,#8159,#8160,#8161),
 .UNSPECIFIED.,.F.,.F.,(4,1,4),(0.,0.0280028704632078,0.0531269574497465),
 .UNSPECIFIED.);
#1938=B_SPLINE_CURVE_WITH_KNOTS('',3,(#8173,#8174,#8175,#8176,#8177),
 .UNSPECIFIED.,.F.,.F.,(4,1,4),(0.,0.0351426443779997,0.061017925594712),
 .UNSPECIFIED.);
#1939=B_SPLINE_CURVE_WITH_KNOTS('',3,(#8180,#8181,#8182,#8183,#8184),
 .UNSPECIFIED.,.F.,.F.,(4,1,4),(0.,0.0351426443779997,0.061017925594712),
 .UNSPECIFIED.);
#1940=B_SPLINE_CURVE_WITH_KNOTS('',3,(#8213,#8214,#8215,#8216,#8217),
 .UNSPECIFIED.,.F.,.F.,(4,1,4),(0.,0.0307822783351084,0.0625666830927302),
 .UNSPECIFIED.);
#1941=B_SPLINE_CURVE_WITH_KNOTS('',3,(#8221,#8222,#8223,#8224,#8225),
 .UNSPECIFIED.,.F.,.F.,(4,1,4),(0.,0.0307822783351084,0.0625666830927302),
 .UNSPECIFIED.);
#1942=B_SPLINE_CURVE_WITH_KNOTS('',3,(#8238,#8239,#8240,#8241,#8242),
 .UNSPECIFIED.,.F.,.F.,(4,1,4),(0.,0.0330154557025875,0.0646895664016476),
 .UNSPECIFIED.);
#1943=B_SPLINE_CURVE_WITH_KNOTS('',3,(#8245,#8246,#8247,#8248,#8249),
 .UNSPECIFIED.,.F.,.F.,(4,1,4),(0.,0.0330154557025875,0.0646895664016476),
 .UNSPECIFIED.);
#1944=B_SPLINE_CURVE_WITH_KNOTS('',3,(#8261,#8262,#8263,#8264,#8265),
 .UNSPECIFIED.,.F.,.F.,(4,1,4),(0.,0.0518862200258535,0.0915482833461465),
 .UNSPECIFIED.);
#1945=B_SPLINE_CURVE_WITH_KNOTS('',3,(#8268,#8269,#8270,#8271,#8272),
 .UNSPECIFIED.,.F.,.F.,(4,1,4),(0.,0.0518862200258535,0.0915482833461465),
 .UNSPECIFIED.);
#1946=B_SPLINE_CURVE_WITH_KNOTS('',3,(#8284,#8285,#8286,#8287,#8288),
 .UNSPECIFIED.,.F.,.F.,(4,1,4),(0.,0.0372939488484093,0.0847298548205419),
 .UNSPECIFIED.);
#1947=B_SPLINE_CURVE_WITH_KNOTS('',3,(#8291,#8292,#8293,#8294,#8295),
 .UNSPECIFIED.,.F.,.F.,(4,1,4),(0.,0.0372939488484093,0.0847298548205419),
 .UNSPECIFIED.);
#1948=B_SPLINE_CURVE_WITH_KNOTS('',3,(#8307,#8308,#8309,#8310,#8311),
 .UNSPECIFIED.,.F.,.F.,(4,1,4),(0.,0.0304936318271305,0.0622987935456008),
 .UNSPECIFIED.);
#1949=B_SPLINE_CURVE_WITH_KNOTS('',3,(#8314,#8315,#8316,#8317,#8318),
 .UNSPECIFIED.,.F.,.F.,(4,1,4),(0.,0.0304936318271305,0.0622987935456008),
 .UNSPECIFIED.);
#1950=B_SPLINE_CURVE_WITH_KNOTS('',3,(#8330,#8331,#8332,#8333,#8334),
 .UNSPECIFIED.,.F.,.F.,(4,1,4),(0.,0.0328863601209725,0.0634813805561939),
 .UNSPECIFIED.);
#1951=B_SPLINE_CURVE_WITH_KNOTS('',3,(#8337,#8338,#8339,#8340,#8341),
 .UNSPECIFIED.,.F.,.F.,(4,1,4),(0.,0.0328863601209725,0.0634813805561939),
 .UNSPECIFIED.);
#1952=B_SPLINE_CURVE_WITH_KNOTS('',3,(#8353,#8354,#8355,#8356,#8357),
 .UNSPECIFIED.,.F.,.F.,(4,1,4),(0.,0.0489881713041644,0.0877923989837148),
 .UNSPECIFIED.);
#1953=B_SPLINE_CURVE_WITH_KNOTS('',3,(#8360,#8361,#8362,#8363,#8364),
 .UNSPECIFIED.,.F.,.F.,(4,1,4),(0.,0.0489881713041644,0.0877923989837148),
 .UNSPECIFIED.);
#1954=B_SPLINE_CURVE_WITH_KNOTS('',3,(#8375,#8376,#8377,#8378,#8379),
 .UNSPECIFIED.,.F.,.F.,(4,1,4),(0.,0.0381837536149982,0.088348783271788),
 .UNSPECIFIED.);
#1955=B_SPLINE_CURVE_WITH_KNOTS('',3,(#8380,#8381,#8382,#8383,#8384),
 .UNSPECIFIED.,.F.,.F.,(4,1,4),(0.,0.0381837536149982,0.088348783271788),
 .UNSPECIFIED.);
#1956=B_SPLINE_CURVE_WITH_KNOTS('',3,(#8417,#8418,#8419,#8420,#8421),
 .UNSPECIFIED.,.F.,.F.,(4,1,4),(0.,0.0224964544323122,0.0442943693645618),
 .UNSPECIFIED.);
#1957=B_SPLINE_CURVE_WITH_KNOTS('',3,(#8424,#8425,#8426,#8427,#8428),
 .UNSPECIFIED.,.F.,.F.,(4,1,4),(0.,0.0224964544323122,0.0442943693645618),
 .UNSPECIFIED.);
#1958=B_SPLINE_CURVE_WITH_KNOTS('',3,(#8440,#8441,#8442,#8443,#8444),
 .UNSPECIFIED.,.F.,.F.,(4,1,4),(0.,0.0249148363113454,0.0483272067759334),
 .UNSPECIFIED.);
#1959=B_SPLINE_CURVE_WITH_KNOTS('',3,(#8447,#8448,#8449,#8450,#8451),
 .UNSPECIFIED.,.F.,.F.,(4,1,4),(0.,0.0249148363113454,0.0483272067759334),
 .UNSPECIFIED.);
#1960=B_SPLINE_CURVE_WITH_KNOTS('',3,(#8463,#8464,#8465,#8466,#8467),
 .UNSPECIFIED.,.F.,.F.,(4,1,4),(0.,0.033725854882732,0.0680877937068713),
 .UNSPECIFIED.);
#1961=B_SPLINE_CURVE_WITH_KNOTS('',3,(#8470,#8471,#8472,#8473,#8474),
 .UNSPECIFIED.,.F.,.F.,(4,1,4),(0.,0.033725854882732,0.0680877937068713),
 .UNSPECIFIED.);
#1962=B_SPLINE_CURVE_WITH_KNOTS('',3,(#8486,#8487,#8488,#8489,#8490),
 .UNSPECIFIED.,.F.,.F.,(4,1,4),(0.,0.0360647515882229,0.07023049840943),
 .UNSPECIFIED.);
#1963=B_SPLINE_CURVE_WITH_KNOTS('',3,(#8493,#8494,#8495,#8496,#8497),
 .UNSPECIFIED.,.F.,.F.,(4,1,4),(0.,0.0360647515882229,0.07023049840943),
 .UNSPECIFIED.);
#1964=B_SPLINE_CURVE_WITH_KNOTS('',3,(#8509,#8510,#8511,#8512,#8513),
 .UNSPECIFIED.,.F.,.F.,(4,1,4),(0.,0.0415287194445867,0.0804182110404018),
 .UNSPECIFIED.);
#1965=B_SPLINE_CURVE_WITH_KNOTS('',3,(#8516,#8517,#8518,#8519,#8520),
 .UNSPECIFIED.,.F.,.F.,(4,1,4),(0.,0.0415287194445867,0.0804182110404018),
 .UNSPECIFIED.);
#1966=B_SPLINE_CURVE_WITH_KNOTS('',3,(#8532,#8533,#8534,#8535,#8536),
 .UNSPECIFIED.,.F.,.F.,(4,1,4),(0.,0.0386990901590789,0.0808053898153938),
 .UNSPECIFIED.);
#1967=B_SPLINE_CURVE_WITH_KNOTS('',3,(#8539,#8540,#8541,#8542,#8543),
 .UNSPECIFIED.,.F.,.F.,(4,1,4),(0.,0.0386990901590789,0.0808053898153938),
 .UNSPECIFIED.);
#1968=B_SPLINE_CURVE_WITH_KNOTS('',3,(#8555,#8556,#8557,#8558,#8559),
 .UNSPECIFIED.,.F.,.F.,(4,1,4),(0.,0.0344755818997617,0.0704985902315363),
 .UNSPECIFIED.);
#1969=B_SPLINE_CURVE_WITH_KNOTS('',3,(#8562,#8563,#8564,#8565,#8566),
 .UNSPECIFIED.,.F.,.F.,(4,1,4),(0.,0.0344755818997617,0.0704985902315363),
 .UNSPECIFIED.);
#1970=B_SPLINE_CURVE_WITH_KNOTS('',3,(#8578,#8579,#8580,#8581,#8582),
 .UNSPECIFIED.,.F.,.F.,(4,1,4),(0.,0.0335949750116038,0.0672524568665069),
 .UNSPECIFIED.);
#1971=B_SPLINE_CURVE_WITH_KNOTS('',3,(#8585,#8586,#8587,#8588,#8589),
 .UNSPECIFIED.,.F.,.F.,(4,1,4),(0.,0.0335949750116038,0.0672524568665069),
 .UNSPECIFIED.);
#1972=B_SPLINE_CURVE_WITH_KNOTS('',3,(#8601,#8602,#8603,#8604,#8605),
 .UNSPECIFIED.,.F.,.F.,(4,1,4),(0.,0.0469470176578821,0.0951654330530856),
 .UNSPECIFIED.);
#1973=B_SPLINE_CURVE_WITH_KNOTS('',3,(#8608,#8609,#8610,#8611,#8612),
 .UNSPECIFIED.,.F.,.F.,(4,1,4),(0.,0.0469470176578821,0.0951654330530856),
 .UNSPECIFIED.);
#1974=B_SPLINE_CURVE_WITH_KNOTS('',3,(#8655,#8656,#8657,#8658,#8659),
 .UNSPECIFIED.,.F.,.F.,(4,1,4),(0.,0.0246589750088163,0.0574288044240876),
 .UNSPECIFIED.);
#1975=B_SPLINE_CURVE_WITH_KNOTS('',3,(#8662,#8663,#8664,#8665,#8666),
 .UNSPECIFIED.,.F.,.F.,(4,1,4),(0.,0.0246589750088163,0.0574288044240876),
 .UNSPECIFIED.);
#1976=B_SPLINE_CURVE_WITH_KNOTS('',3,(#8678,#8679,#8680,#8681,#8682),
 .UNSPECIFIED.,.F.,.F.,(4,1,4),(0.,0.0212690874836977,0.0418436563418107),
 .UNSPECIFIED.);
#1977=B_SPLINE_CURVE_WITH_KNOTS('',3,(#8685,#8686,#8687,#8688,#8689),
 .UNSPECIFIED.,.F.,.F.,(4,1,4),(0.,0.0212690874836977,0.0418436563418107),
 .UNSPECIFIED.);
#1978=B_SPLINE_CURVE_WITH_KNOTS('',3,(#8701,#8702,#8703,#8704,#8705),
 .UNSPECIFIED.,.F.,.F.,(4,1,4),(0.,0.0216051326258258,0.0433837499644386),
 .UNSPECIFIED.);
#1979=B_SPLINE_CURVE_WITH_KNOTS('',3,(#8708,#8709,#8710,#8711,#8712),
 .UNSPECIFIED.,.F.,.F.,(4,1,4),(0.,0.0216051326258258,0.0433837499644386),
 .UNSPECIFIED.);
#1980=B_SPLINE_CURVE_WITH_KNOTS('',3,(#8724,#8725,#8726,#8727,#8728),
 .UNSPECIFIED.,.F.,.F.,(4,1,4),(0.,0.0187155130803987,0.0392297795322478),
 .UNSPECIFIED.);
#1981=B_SPLINE_CURVE_WITH_KNOTS('',3,(#8731,#8732,#8733,#8734,#8735),
 .UNSPECIFIED.,.F.,.F.,(4,1,4),(0.,0.0187155130803987,0.0392297795322478),
 .UNSPECIFIED.);
#1982=B_SPLINE_CURVE_WITH_KNOTS('',3,(#8747,#8748,#8749,#8750,#8751),
 .UNSPECIFIED.,.F.,.F.,(4,1,4),(0.,0.018742874225806,0.03681343711012),
 .UNSPECIFIED.);
#1983=B_SPLINE_CURVE_WITH_KNOTS('',3,(#8754,#8755,#8756,#8757,#8758),
 .UNSPECIFIED.,.F.,.F.,(4,1,4),(0.,0.018742874225806,0.03681343711012),
 .UNSPECIFIED.);
#1984=B_SPLINE_CURVE_WITH_KNOTS('',3,(#8770,#8771,#8772,#8773,#8774),
 .UNSPECIFIED.,.F.,.F.,(4,1,4),(0.,0.0322052048541887,0.0519789644336261),
 .UNSPECIFIED.);
#1985=B_SPLINE_CURVE_WITH_KNOTS('',3,(#8777,#8778,#8779,#8780,#8781),
 .UNSPECIFIED.,.F.,.F.,(4,1,4),(0.,0.0322052048541887,0.0519789644336261),
 .UNSPECIFIED.);
#1986=B_SPLINE_CURVE_WITH_KNOTS('',3,(#8811,#8812,#8813,#8814,#8815),
 .UNSPECIFIED.,.F.,.F.,(4,1,4),(0.,0.0188252960559579,0.0459844468905975),
 .UNSPECIFIED.);
#1987=B_SPLINE_CURVE_WITH_KNOTS('',3,(#8818,#8819,#8820,#8821,#8822),
 .UNSPECIFIED.,.F.,.F.,(4,1,4),(0.,0.0188252960559579,0.0459844468905975),
 .UNSPECIFIED.);
#1988=B_SPLINE_CURVE_WITH_KNOTS('',3,(#8834,#8835,#8836,#8837,#8838),
 .UNSPECIFIED.,.F.,.F.,(4,1,4),(0.,0.0189155662877464,0.0396761454415789),
 .UNSPECIFIED.);
#1989=B_SPLINE_CURVE_WITH_KNOTS('',3,(#8841,#8842,#8843,#8844,#8845),
 .UNSPECIFIED.,.F.,.F.,(4,1,4),(0.,0.0189155662877464,0.0396761454415789),
 .UNSPECIFIED.);
#1990=B_SPLINE_CURVE_WITH_KNOTS('',3,(#8857,#8858,#8859,#8860,#8861),
 .UNSPECIFIED.,.F.,.F.,(4,1,4),(0.,0.0223194403300612,0.0415888681622462),
 .UNSPECIFIED.);
#1991=B_SPLINE_CURVE_WITH_KNOTS('',3,(#8864,#8865,#8866,#8867,#8868),
 .UNSPECIFIED.,.F.,.F.,(4,1,4),(0.,0.0223194403300612,0.0415888681622462),
 .UNSPECIFIED.);
#1992=B_SPLINE_CURVE_WITH_KNOTS('',3,(#8880,#8881,#8882,#8883,#8884),
 .UNSPECIFIED.,.F.,.F.,(4,1,4),(0.,0.0249166624804382,0.0491534574767369),
 .UNSPECIFIED.);
#1993=B_SPLINE_CURVE_WITH_KNOTS('',3,(#8887,#8888,#8889,#8890,#8891),
 .UNSPECIFIED.,.F.,.F.,(4,1,4),(0.,0.0249166624804382,0.0491534574767369),
 .UNSPECIFIED.);
#1994=B_SPLINE_CURVE_WITH_KNOTS('',3,(#8903,#8904,#8905,#8906,#8907),
 .UNSPECIFIED.,.F.,.F.,(4,1,4),(0.,0.0543062821923386,0.107781328193758),
 .UNSPECIFIED.);
#1995=B_SPLINE_CURVE_WITH_KNOTS('',3,(#8910,#8911,#8912,#8913,#8914),
 .UNSPECIFIED.,.F.,.F.,(4,1,4),(0.,0.0543062821923386,0.107781328193758),
 .UNSPECIFIED.);
#1996=B_SPLINE_CURVE_WITH_KNOTS('',3,(#8937,#8938,#8939,#8940,#8941),
 .UNSPECIFIED.,.F.,.F.,(4,1,4),(0.,0.0531685764836824,0.10621046939181),
 .UNSPECIFIED.);
#1997=B_SPLINE_CURVE_WITH_KNOTS('',3,(#8945,#8946,#8947,#8948,#8949),
 .UNSPECIFIED.,.F.,.F.,(4,1,4),(0.,0.0531685764836824,0.10621046939181),
 .UNSPECIFIED.);
#1998=B_SPLINE_CURVE_WITH_KNOTS('',3,(#8962,#8963,#8964,#8965,#8966),
 .UNSPECIFIED.,.F.,.F.,(4,1,4),(0.,0.0369327097041394,0.0748847276623235),
 .UNSPECIFIED.);
#1999=B_SPLINE_CURVE_WITH_KNOTS('',3,(#8969,#8970,#8971,#8972,#8973),
 .UNSPECIFIED.,.F.,.F.,(4,1,4),(0.,0.0369327097041394,0.0748847276623235),
 .UNSPECIFIED.);
#2000=B_SPLINE_CURVE_WITH_KNOTS('',3,(#8985,#8986,#8987,#8988,#8989),
 .UNSPECIFIED.,.F.,.F.,(4,1,4),(0.,0.0381918866435196,0.0751413393390444),
 .UNSPECIFIED.);
#2001=B_SPLINE_CURVE_WITH_KNOTS('',3,(#8992,#8993,#8994,#8995,#8996),
 .UNSPECIFIED.,.F.,.F.,(4,1,4),(0.,0.0381918866435196,0.0751413393390444),
 .UNSPECIFIED.);
#2002=B_SPLINE_CURVE_WITH_KNOTS('',3,(#9008,#9009,#9010,#9011,#9012),
 .UNSPECIFIED.,.F.,.F.,(4,1,4),(0.,0.0459224796618699,0.0873452682717938),
 .UNSPECIFIED.);
#2003=B_SPLINE_CURVE_WITH_KNOTS('',3,(#9015,#9016,#9017,#9018,#9019),
 .UNSPECIFIED.,.F.,.F.,(4,1,4),(0.,0.0459224796618699,0.0873452682717938),
 .UNSPECIFIED.);
#2004=B_SPLINE_CURVE_WITH_KNOTS('',3,(#9031,#9032,#9033,#9034,#9035),
 .UNSPECIFIED.,.F.,.F.,(4,1,4),(0.,0.058489235375737,0.127584213929608),
 .UNSPECIFIED.);
#2005=B_SPLINE_CURVE_WITH_KNOTS('',3,(#9038,#9039,#9040,#9041,#9042),
 .UNSPECIFIED.,.F.,.F.,(4,1,4),(0.,0.058489235375737,0.127584213929608),
 .UNSPECIFIED.);
#2006=B_SPLINE_CURVE_WITH_KNOTS('',3,(#9054,#9055,#9056,#9057,#9058),
 .UNSPECIFIED.,.F.,.F.,(4,1,4),(0.,0.0554716864105456,0.109508008761733),
 .UNSPECIFIED.);
#2007=B_SPLINE_CURVE_WITH_KNOTS('',3,(#9061,#9062,#9063,#9064,#9065),
 .UNSPECIFIED.,.F.,.F.,(4,1,4),(0.,0.0554716864105456,0.109508008761733),
 .UNSPECIFIED.);
#2008=B_SPLINE_CURVE_WITH_KNOTS('',3,(#9077,#9078,#9079,#9080,#9081),
 .UNSPECIFIED.,.F.,.F.,(4,1,4),(0.,0.0538022229419613,0.108517770535321),
 .UNSPECIFIED.);
#2009=B_SPLINE_CURVE_WITH_KNOTS('',3,(#9084,#9085,#9086,#9087,#9088),
 .UNSPECIFIED.,.F.,.F.,(4,1,4),(0.,0.0538022229419613,0.108517770535321),
 .UNSPECIFIED.);
#2010=B_SPLINE_CURVE_WITH_KNOTS('',3,(#9100,#9101,#9102,#9103,#9104),
 .UNSPECIFIED.,.F.,.F.,(4,1,4),(0.,0.065358501620706,0.122623295377612),
 .UNSPECIFIED.);
#2011=B_SPLINE_CURVE_WITH_KNOTS('',3,(#9107,#9108,#9109,#9110,#9111),
 .UNSPECIFIED.,.F.,.F.,(4,1,4),(0.,0.065358501620706,0.122623295377612),
 .UNSPECIFIED.);
#2012=B_SPLINE_CURVE_WITH_KNOTS('',3,(#9122,#9123,#9124,#9125,#9126),
 .UNSPECIFIED.,.F.,.F.,(4,1,4),(0.,0.0598273593520951,0.137874950974825),
 .UNSPECIFIED.);
#2013=B_SPLINE_CURVE_WITH_KNOTS('',3,(#9127,#9128,#9129,#9130,#9131),
 .UNSPECIFIED.,.F.,.F.,(4,1,4),(0.,0.0598273593520951,0.137874950974825),
 .UNSPECIFIED.);
#2014=B_SPLINE_CURVE_WITH_KNOTS('',3,(#9144,#9145,#9146,#9147,#9148),
 .UNSPECIFIED.,.F.,.F.,(4,1,4),(0.,0.050682568289843,0.101517605185041),
 .UNSPECIFIED.);
#2015=B_SPLINE_CURVE_WITH_KNOTS('',3,(#9152,#9153,#9154,#9155,#9156),
 .UNSPECIFIED.,.F.,.F.,(4,1,4),(0.,0.050682568289843,0.101517605185041),
 .UNSPECIFIED.);
#2016=B_SPLINE_CURVE_WITH_KNOTS('',3,(#9169,#9170,#9171,#9172,#9173),
 .UNSPECIFIED.,.F.,.F.,(4,1,4),(0.,0.0539121413523234,0.105610781513174),
 .UNSPECIFIED.);
#2017=B_SPLINE_CURVE_WITH_KNOTS('',3,(#9176,#9177,#9178,#9179,#9180),
 .UNSPECIFIED.,.F.,.F.,(4,1,4),(0.,0.0539121413523234,0.105610781513174),
 .UNSPECIFIED.);
#2018=B_SPLINE_CURVE_WITH_KNOTS('',3,(#9192,#9193,#9194,#9195,#9196),
 .UNSPECIFIED.,.F.,.F.,(4,1,4),(0.,0.0503255368792334,0.10104370277379),
 .UNSPECIFIED.);
#2019=B_SPLINE_CURVE_WITH_KNOTS('',3,(#9199,#9200,#9201,#9202,#9203),
 .UNSPECIFIED.,.F.,.F.,(4,1,4),(0.,0.0503255368792334,0.10104370277379),
 .UNSPECIFIED.);
#2020=B_SPLINE_CURVE_WITH_KNOTS('',3,(#9215,#9216,#9217,#9218,#9219),
 .UNSPECIFIED.,.F.,.F.,(4,1,4),(0.,0.0515794049342273,0.101820402282571),
 .UNSPECIFIED.);
#2021=B_SPLINE_CURVE_WITH_KNOTS('',3,(#9222,#9223,#9224,#9225,#9226),
 .UNSPECIFIED.,.F.,.F.,(4,1,4),(0.,0.0515794049342273,0.101820402282571),
 .UNSPECIFIED.);
#2022=B_SPLINE_CURVE_WITH_KNOTS('',3,(#9238,#9239,#9240,#9241,#9242),
 .UNSPECIFIED.,.F.,.F.,(4,1,4),(0.,0.0579658530140974,0.11240380573104),
 .UNSPECIFIED.);
#2023=B_SPLINE_CURVE_WITH_KNOTS('',3,(#9245,#9246,#9247,#9248,#9249),
 .UNSPECIFIED.,.F.,.F.,(4,1,4),(0.,0.0579658530140974,0.11240380573104),
 .UNSPECIFIED.);
#2024=B_SPLINE_CURVE_WITH_KNOTS('',3,(#9261,#9262,#9263,#9264,#9265),
 .UNSPECIFIED.,.F.,.F.,(4,1,4),(0.,0.0534561327589062,0.110609802981519),
 .UNSPECIFIED.);
#2025=B_SPLINE_CURVE_WITH_KNOTS('',3,(#9268,#9269,#9270,#9271,#9272),
 .UNSPECIFIED.,.F.,.F.,(4,1,4),(0.,0.0534561327589062,0.110609802981519),
 .UNSPECIFIED.);
#2026=B_SPLINE_CURVE_WITH_KNOTS('',3,(#9284,#9285,#9286,#9287,#9288),
 .UNSPECIFIED.,.F.,.F.,(4,1,4),(0.,0.0503949783903138,0.101316944815853),
 .UNSPECIFIED.);
#2027=B_SPLINE_CURVE_WITH_KNOTS('',3,(#9291,#9292,#9293,#9294,#9295),
 .UNSPECIFIED.,.F.,.F.,(4,1,4),(0.,0.0503949783903138,0.101316944815853),
 .UNSPECIFIED.);
#2028=B_SPLINE_CURVE_WITH_KNOTS('',3,(#9307,#9308,#9309,#9310,#9311),
 .UNSPECIFIED.,.F.,.F.,(4,1,4),(0.,0.0530743574598029,0.104281459805922),
 .UNSPECIFIED.);
#2029=B_SPLINE_CURVE_WITH_KNOTS('',3,(#9314,#9315,#9316,#9317,#9318),
 .UNSPECIFIED.,.F.,.F.,(4,1,4),(0.,0.0530743574598029,0.104281459805922),
 .UNSPECIFIED.);
#2030=B_SPLINE_CURVE_WITH_KNOTS('',3,(#9330,#9331,#9332,#9333,#9334),
 .UNSPECIFIED.,.F.,.F.,(4,1,4),(0.,0.0744171638784141,0.152505759248252),
 .UNSPECIFIED.);
#2031=B_SPLINE_CURVE_WITH_KNOTS('',3,(#9337,#9338,#9339,#9340,#9341),
 .UNSPECIFIED.,.F.,.F.,(4,1,4),(0.,0.0744171638784141,0.152505759248252),
 .UNSPECIFIED.);
#2032=B_SPLINE_CURVE_WITH_KNOTS('',3,(#9353,#9354,#9355,#9356,#9357),
 .UNSPECIFIED.,.F.,.F.,(4,1,4),(0.,0.0897800379015889,0.168001577637219),
 .UNSPECIFIED.);
#2033=B_SPLINE_CURVE_WITH_KNOTS('',3,(#9360,#9361,#9362,#9363,#9364),
 .UNSPECIFIED.,.F.,.F.,(4,1,4),(0.,0.0897800379015889,0.168001577637219),
 .UNSPECIFIED.);
#2034=B_SPLINE_CURVE_WITH_KNOTS('',3,(#9375,#9376,#9377,#9378,#9379),
 .UNSPECIFIED.,.F.,.F.,(4,1,4),(0.,0.0515197903310221,0.103134873158703),
 .UNSPECIFIED.);
#2035=B_SPLINE_CURVE_WITH_KNOTS('',3,(#9380,#9381,#9382,#9383,#9384),
 .UNSPECIFIED.,.F.,.F.,(4,1,4),(0.,0.0515197903310221,0.103134873158703),
 .UNSPECIFIED.);
#2036=VERTEX_POINT('',#6337);
#2037=VERTEX_POINT('',#6338);
#2038=VERTEX_POINT('',#6344);
#2039=VERTEX_POINT('',#6346);
#2040=VERTEX_POINT('',#6363);
#2041=VERTEX_POINT('',#6369);
#2042=VERTEX_POINT('',#6386);
#2043=VERTEX_POINT('',#6392);
#2044=VERTEX_POINT('',#6409);
#2045=VERTEX_POINT('',#6415);
#2046=VERTEX_POINT('',#6432);
#2047=VERTEX_POINT('',#6438);
#2048=VERTEX_POINT('',#6455);
#2049=VERTEX_POINT('',#6461);
#2050=VERTEX_POINT('',#6478);
#2051=VERTEX_POINT('',#6484);
#2052=VERTEX_POINT('',#6501);
#2053=VERTEX_POINT('',#6507);
#2054=VERTEX_POINT('',#6524);
#2055=VERTEX_POINT('',#6530);
#2056=VERTEX_POINT('',#6547);
#2057=VERTEX_POINT('',#6553);
#2058=VERTEX_POINT('',#6570);
#2059=VERTEX_POINT('',#6576);
#2060=VERTEX_POINT('',#6593);
#2061=VERTEX_POINT('',#6599);
#2062=VERTEX_POINT('',#6616);
#2063=VERTEX_POINT('',#6622);
#2064=VERTEX_POINT('',#6639);
#2065=VERTEX_POINT('',#6645);
#2066=VERTEX_POINT('',#6653);
#2067=VERTEX_POINT('',#6655);
#2068=VERTEX_POINT('',#6668);
#2069=VERTEX_POINT('',#6674);
#2070=VERTEX_POINT('',#6691);
#2071=VERTEX_POINT('',#6697);
#2072=VERTEX_POINT('',#6714);
#2073=VERTEX_POINT('',#6720);
#2074=VERTEX_POINT('',#6737);
#2075=VERTEX_POINT('',#6743);
#2076=VERTEX_POINT('',#6760);
#2077=VERTEX_POINT('',#6766);
#2078=VERTEX_POINT('',#6783);
#2079=VERTEX_POINT('',#6789);
#2080=VERTEX_POINT('',#6806);
#2081=VERTEX_POINT('',#6812);
#2082=VERTEX_POINT('',#6829);
#2083=VERTEX_POINT('',#6835);
#2084=VERTEX_POINT('',#6852);
#2085=VERTEX_POINT('',#6858);
#2086=VERTEX_POINT('',#6875);
#2087=VERTEX_POINT('',#6881);
#2088=VERTEX_POINT('',#6898);
#2089=VERTEX_POINT('',#6904);
#2090=VERTEX_POINT('',#6921);
#2091=VERTEX_POINT('',#6927);
#2092=VERTEX_POINT('',#6944);
#2093=VERTEX_POINT('',#6950);
#2094=VERTEX_POINT('',#6967);
#2095=VERTEX_POINT('',#6973);
#2096=VERTEX_POINT('',#6990);
#2097=VERTEX_POINT('',#6996);
#2098=VERTEX_POINT('',#7013);
#2099=VERTEX_POINT('',#7019);
#2100=VERTEX_POINT('',#7027);
#2101=VERTEX_POINT('',#7029);
#2102=VERTEX_POINT('',#7054);
#2103=VERTEX_POINT('',#7055);
#2104=VERTEX_POINT('',#7057);
#2105=VERTEX_POINT('',#7059);
#2106=VERTEX_POINT('',#7063);
#2107=VERTEX_POINT('',#7065);
#2108=VERTEX_POINT('',#7069);
#2109=VERTEX_POINT('',#7071);
#2110=VERTEX_POINT('',#7075);
#2111=VERTEX_POINT('',#7077);
#2112=VERTEX_POINT('',#7081);
#2113=VERTEX_POINT('',#7083);
#2114=VERTEX_POINT('',#7091);
#2115=VERTEX_POINT('',#7092);
#2116=VERTEX_POINT('',#7094);
#2117=VERTEX_POINT('',#7096);
#2118=VERTEX_POINT('',#7100);
#2119=VERTEX_POINT('',#7102);
#2120=VERTEX_POINT('',#7106);
#2121=VERTEX_POINT('',#7108);
#2122=VERTEX_POINT('',#7125);
#2123=VERTEX_POINT('',#7126);
#2124=VERTEX_POINT('',#7132);
#2125=VERTEX_POINT('',#7134);
#2126=VERTEX_POINT('',#7151);
#2127=VERTEX_POINT('',#7157);
#2128=VERTEX_POINT('',#7174);
#2129=VERTEX_POINT('',#7180);
#2130=VERTEX_POINT('',#7197);
#2131=VERTEX_POINT('',#7203);
#2132=VERTEX_POINT('',#7220);
#2133=VERTEX_POINT('',#7226);
#2134=VERTEX_POINT('',#7243);
#2135=VERTEX_POINT('',#7249);
#2136=VERTEX_POINT('',#7266);
#2137=VERTEX_POINT('',#7272);
#2138=VERTEX_POINT('',#7289);
#2139=VERTEX_POINT('',#7295);
#2140=VERTEX_POINT('',#7312);
#2141=VERTEX_POINT('',#7318);
#2142=VERTEX_POINT('',#7329);
#2143=VERTEX_POINT('',#7330);
#2144=VERTEX_POINT('',#7332);
#2145=VERTEX_POINT('',#7334);
#2146=VERTEX_POINT('',#7347);
#2147=VERTEX_POINT('',#7353);
#2148=VERTEX_POINT('',#7370);
#2149=VERTEX_POINT('',#7376);
#2150=VERTEX_POINT('',#7384);
#2151=VERTEX_POINT('',#7386);
#2152=VERTEX_POINT('',#7399);
#2153=VERTEX_POINT('',#7405);
#2154=VERTEX_POINT('',#7422);
#2155=VERTEX_POINT('',#7428);
#2156=VERTEX_POINT('',#7445);
#2157=VERTEX_POINT('',#7451);
#2158=VERTEX_POINT('',#7468);
#2159=VERTEX_POINT('',#7474);
#2160=VERTEX_POINT('',#7491);
#2161=VERTEX_POINT('',#7497);
#2162=VERTEX_POINT('',#7514);
#2163=VERTEX_POINT('',#7520);
#2164=VERTEX_POINT('',#7537);
#2165=VERTEX_POINT('',#7543);
#2166=VERTEX_POINT('',#7551);
#2167=VERTEX_POINT('',#7553);
#2168=VERTEX_POINT('',#7566);
#2169=VERTEX_POINT('',#7572);
#2170=VERTEX_POINT('',#7589);
#2171=VERTEX_POINT('',#7595);
#2172=VERTEX_POINT('',#7612);
#2173=VERTEX_POINT('',#7618);
#2174=VERTEX_POINT('',#7635);
#2175=VERTEX_POINT('',#7641);
#2176=VERTEX_POINT('',#7658);
#2177=VERTEX_POINT('',#7664);
#2178=VERTEX_POINT('',#7681);
#2179=VERTEX_POINT('',#7687);
#2180=VERTEX_POINT('',#7704);
#2181=VERTEX_POINT('',#7710);
#2182=VERTEX_POINT('',#7727);
#2183=VERTEX_POINT('',#7733);
#2184=VERTEX_POINT('',#7750);
#2185=VERTEX_POINT('',#7756);
#2186=VERTEX_POINT('',#7773);
#2187=VERTEX_POINT('',#7779);
#2188=VERTEX_POINT('',#7796);
#2189=VERTEX_POINT('',#7802);
#2190=VERTEX_POINT('',#7819);
#2191=VERTEX_POINT('',#7825);
#2192=VERTEX_POINT('',#7842);
#2193=VERTEX_POINT('',#7848);
#2194=VERTEX_POINT('',#7865);
#2195=VERTEX_POINT('',#7871);
#2196=VERTEX_POINT('',#7900);
#2197=VERTEX_POINT('',#7901);
#2198=VERTEX_POINT('',#7903);
#2199=VERTEX_POINT('',#7905);
#2200=VERTEX_POINT('',#7918);
#2201=VERTEX_POINT('',#7924);
#2202=VERTEX_POINT('',#7941);
#2203=VERTEX_POINT('',#7947);
#2204=VERTEX_POINT('',#7964);
#2205=VERTEX_POINT('',#7970);
#2206=VERTEX_POINT('',#7987);
#2207=VERTEX_POINT('',#7993);
#2208=VERTEX_POINT('',#8010);
#2209=VERTEX_POINT('',#8016);
#2210=VERTEX_POINT('',#8024);
#2211=VERTEX_POINT('',#8026);
#2212=VERTEX_POINT('',#8033);
#2213=VERTEX_POINT('',#8034);
#2214=VERTEX_POINT('',#8036);
#2215=VERTEX_POINT('',#8038);
#2216=VERTEX_POINT('',#8042);
#2217=VERTEX_POINT('',#8044);
#2218=VERTEX_POINT('',#8057);
#2219=VERTEX_POINT('',#8063);
#2220=VERTEX_POINT('',#8080);
#2221=VERTEX_POINT('',#8086);
#2222=VERTEX_POINT('',#8103);
#2223=VERTEX_POINT('',#8109);
#2224=VERTEX_POINT('',#8126);
#2225=VERTEX_POINT('',#8132);
#2226=VERTEX_POINT('',#8149);
#2227=VERTEX_POINT('',#8155);
#2228=VERTEX_POINT('',#8172);
#2229=VERTEX_POINT('',#8178);
#2230=VERTEX_POINT('',#8186);
#2231=VERTEX_POINT('',#8188);
#2232=VERTEX_POINT('',#8192);
#2233=VERTEX_POINT('',#8194);
#2234=VERTEX_POINT('',#8211);
#2235=VERTEX_POINT('',#8212);
#2236=VERTEX_POINT('',#8218);
#2237=VERTEX_POINT('',#8220);
#2238=VERTEX_POINT('',#8237);
#2239=VERTEX_POINT('',#8243);
#2240=VERTEX_POINT('',#8260);
#2241=VERTEX_POINT('',#8266);
#2242=VERTEX_POINT('',#8283);
#2243=VERTEX_POINT('',#8289);
#2244=VERTEX_POINT('',#8306);
#2245=VERTEX_POINT('',#8312);
#2246=VERTEX_POINT('',#8329);
#2247=VERTEX_POINT('',#8335);
#2248=VERTEX_POINT('',#8352);
#2249=VERTEX_POINT('',#8358);
#2250=VERTEX_POINT('',#8386);
#2251=VERTEX_POINT('',#8387);
#2252=VERTEX_POINT('',#8389);
#2253=VERTEX_POINT('',#8391);
#2254=VERTEX_POINT('',#8395);
#2255=VERTEX_POINT('',#8397);
#2256=VERTEX_POINT('',#8401);
#2257=VERTEX_POINT('',#8403);
#2258=VERTEX_POINT('',#8416);
#2259=VERTEX_POINT('',#8422);
#2260=VERTEX_POINT('',#8439);
#2261=VERTEX_POINT('',#8445);
#2262=VERTEX_POINT('',#8462);
#2263=VERTEX_POINT('',#8468);
#2264=VERTEX_POINT('',#8485);
#2265=VERTEX_POINT('',#8491);
#2266=VERTEX_POINT('',#8508);
#2267=VERTEX_POINT('',#8514);
#2268=VERTEX_POINT('',#8531);
#2269=VERTEX_POINT('',#8537);
#2270=VERTEX_POINT('',#8554);
#2271=VERTEX_POINT('',#8560);
#2272=VERTEX_POINT('',#8577);
#2273=VERTEX_POINT('',#8583);
#2274=VERTEX_POINT('',#8600);
#2275=VERTEX_POINT('',#8606);
#2276=VERTEX_POINT('',#8614);
#2277=VERTEX_POINT('',#8616);
#2278=VERTEX_POINT('',#8624);
#2279=VERTEX_POINT('',#8625);
#2280=VERTEX_POINT('',#8627);
#2281=VERTEX_POINT('',#8629);
#2282=VERTEX_POINT('',#8633);
#2283=VERTEX_POINT('',#8635);
#2284=VERTEX_POINT('',#8639);
#2285=VERTEX_POINT('',#8641);
#2286=VERTEX_POINT('',#8654);
#2287=VERTEX_POINT('',#8660);
#2288=VERTEX_POINT('',#8677);
#2289=VERTEX_POINT('',#8683);
#2290=VERTEX_POINT('',#8700);
#2291=VERTEX_POINT('',#8706);
#2292=VERTEX_POINT('',#8723);
#2293=VERTEX_POINT('',#8729);
#2294=VERTEX_POINT('',#8746);
#2295=VERTEX_POINT('',#8752);
#2296=VERTEX_POINT('',#8769);
#2297=VERTEX_POINT('',#8775);
#2298=VERTEX_POINT('',#8783);
#2299=VERTEX_POINT('',#8785);
#2300=VERTEX_POINT('',#8789);
#2301=VERTEX_POINT('',#8791);
#2302=VERTEX_POINT('',#8795);
#2303=VERTEX_POINT('',#8797);
#2304=VERTEX_POINT('',#8810);
#2305=VERTEX_POINT('',#8816);
#2306=VERTEX_POINT('',#8833);
#2307=VERTEX_POINT('',#8839);
#2308=VERTEX_POINT('',#8856);
#2309=VERTEX_POINT('',#8862);
#2310=VERTEX_POINT('',#8879);
#2311=VERTEX_POINT('',#8885);
#2312=VERTEX_POINT('',#8902);
#2313=VERTEX_POINT('',#8908);
#2314=VERTEX_POINT('',#8916);
#2315=VERTEX_POINT('',#8918);
#2316=VERTEX_POINT('',#8935);
#2317=VERTEX_POINT('',#8936);
#2318=VERTEX_POINT('',#8942);
#2319=VERTEX_POINT('',#8944);
#2320=VERTEX_POINT('',#8961);
#2321=VERTEX_POINT('',#8967);
#2322=VERTEX_POINT('',#8984);
#2323=VERTEX_POINT('',#8990);
#2324=VERTEX_POINT('',#9007);
#2325=VERTEX_POINT('',#9013);
#2326=VERTEX_POINT('',#9030);
#2327=VERTEX_POINT('',#9036);
#2328=VERTEX_POINT('',#9053);
#2329=VERTEX_POINT('',#9059);
#2330=VERTEX_POINT('',#9076);
#2331=VERTEX_POINT('',#9082);
#2332=VERTEX_POINT('',#9099);
#2333=VERTEX_POINT('',#9105);
#2334=VERTEX_POINT('',#9142);
#2335=VERTEX_POINT('',#9143);
#2336=VERTEX_POINT('',#9149);
#2337=VERTEX_POINT('',#9151);
#2338=VERTEX_POINT('',#9168);
#2339=VERTEX_POINT('',#9174);
#2340=VERTEX_POINT('',#9191);
#2341=VERTEX_POINT('',#9197);
#2342=VERTEX_POINT('',#9214);
#2343=VERTEX_POINT('',#9220);
#2344=VERTEX_POINT('',#9237);
#2345=VERTEX_POINT('',#9243);
#2346=VERTEX_POINT('',#9260);
#2347=VERTEX_POINT('',#9266);
#2348=VERTEX_POINT('',#9283);
#2349=VERTEX_POINT('',#9289);
#2350=VERTEX_POINT('',#9306);
#2351=VERTEX_POINT('',#9312);
#2352=VERTEX_POINT('',#9329);
#2353=VERTEX_POINT('',#9335);
#2354=VERTEX_POINT('',#9352);
#2355=VERTEX_POINT('',#9358);
#2356=VERTEX_POINT('',#9387);
#2357=VERTEX_POINT('',#9388);
#2358=VERTEX_POINT('',#9390);
#2359=VERTEX_POINT('',#9392);
#2360=VERTEX_POINT('',#9394);
#2361=VERTEX_POINT('',#9396);
#2362=VERTEX_POINT('',#9398);
#2363=VERTEX_POINT('',#9400);
#2364=VERTEX_POINT('',#9407);
#2365=VERTEX_POINT('',#9409);
#2366=VERTEX_POINT('',#9413);
#2367=VERTEX_POINT('',#9414);
#2368=VERTEX_POINT('',#9419);
#2369=VERTEX_POINT('',#9421);
#2370=VERTEX_POINT('',#9425);
#2371=VERTEX_POINT('',#9426);
#2372=VERTEX_POINT('',#9433);
#2373=VERTEX_POINT('',#9435);
#2374=VERTEX_POINT('',#9439);
#2375=VERTEX_POINT('',#9440);
#2376=VERTEX_POINT('',#9447);
#2377=VERTEX_POINT('',#9449);
#2378=VERTEX_POINT('',#9453);
#2379=VERTEX_POINT('',#9454);
#2380=VERTEX_POINT('',#9461);
#2381=VERTEX_POINT('',#9463);
#2382=VERTEX_POINT('',#9467);
#2383=VERTEX_POINT('',#9468);
#2384=VERTEX_POINT('',#9473);
#2385=VERTEX_POINT('',#9475);
#2386=VERTEX_POINT('',#9479);
#2387=VERTEX_POINT('',#9480);
#2388=VERTEX_POINT('',#9489);
#2389=VERTEX_POINT('',#9493);
#2390=VERTEX_POINT('',#9506);
#2391=VERTEX_POINT('',#9508);
#2392=VERTEX_POINT('',#9510);
#2393=VERTEX_POINT('',#9512);
#2394=VERTEX_POINT('',#9516);
#2395=VERTEX_POINT('',#9518);
#2396=VERTEX_POINT('',#9520);
#2397=VERTEX_POINT('',#9522);
#2398=VERTEX_POINT('',#9526);
#2399=VERTEX_POINT('',#9530);
#2400=VERTEX_POINT('',#9534);
#2401=VERTEX_POINT('',#9538);
#2402=VERTEX_POINT('',#9542);
#2403=VERTEX_POINT('',#9543);
#2404=VERTEX_POINT('',#9548);
#2405=VERTEX_POINT('',#9552);
#2406=VERTEX_POINT('',#9562);
#2407=VERTEX_POINT('',#9566);
#2408=VERTEX_POINT('',#9573);
#2409=VERTEX_POINT('',#9574);
#2410=VERTEX_POINT('',#9576);
#2411=VERTEX_POINT('',#9578);
#2412=VERTEX_POINT('',#9582);
#2413=VERTEX_POINT('',#9584);
#2414=VERTEX_POINT('',#9588);
#2415=VERTEX_POINT('',#9590);
#2416=VERTEX_POINT('',#9594);
#2417=VERTEX_POINT('',#9596);
#2418=VERTEX_POINT('',#9600);
#2419=VERTEX_POINT('',#9602);
#2420=VERTEX_POINT('',#9606);
#2421=VERTEX_POINT('',#9608);
#2422=VERTEX_POINT('',#9612);
#2423=VERTEX_POINT('',#9614);
#2424=VERTEX_POINT('',#9621);
#2425=VERTEX_POINT('',#9622);
#2426=VERTEX_POINT('',#9624);
#2427=VERTEX_POINT('',#9626);
#2428=VERTEX_POINT('',#9630);
#2429=VERTEX_POINT('',#9632);
#2430=VERTEX_POINT('',#9634);
#2431=VERTEX_POINT('',#9636);
#2432=VERTEX_POINT('',#9638);
#2433=VERTEX_POINT('',#9640);
#2434=VERTEX_POINT('',#9642);
#2435=VERTEX_POINT('',#9644);
#2436=VERTEX_POINT('',#9646);
#2437=VERTEX_POINT('',#9648);
#2438=VERTEX_POINT('',#9650);
#2439=VERTEX_POINT('',#9652);
#2440=VERTEX_POINT('',#9654);
#2441=VERTEX_POINT('',#9656);
#2442=VERTEX_POINT('',#9659);
#2443=VERTEX_POINT('',#9661);
#2444=VERTEX_POINT('',#9662);
#2445=VERTEX_POINT('',#9664);
#2446=VERTEX_POINT('',#9666);
#2447=VERTEX_POINT('',#9668);
#2448=VERTEX_POINT('',#9670);
#2449=VERTEX_POINT('',#9672);
#2450=VERTEX_POINT('',#9674);
#2451=VERTEX_POINT('',#9677);
#2452=VERTEX_POINT('',#9678);
#2453=VERTEX_POINT('',#9680);
#2454=VERTEX_POINT('',#9682);
#2455=VERTEX_POINT('',#9684);
#2456=VERTEX_POINT('',#9686);
#2457=VERTEX_POINT('',#9688);
#2458=VERTEX_POINT('',#9690);
#2459=VERTEX_POINT('',#9693);
#2460=VERTEX_POINT('',#9695);
#2461=VERTEX_POINT('',#9697);
#2462=VERTEX_POINT('',#9698);
#2463=VERTEX_POINT('',#9700);
#2464=VERTEX_POINT('',#9702);
#2465=VERTEX_POINT('',#9704);
#2466=VERTEX_POINT('',#9706);
#2467=VERTEX_POINT('',#9708);
#2468=VERTEX_POINT('',#9710);
#2469=VERTEX_POINT('',#9713);
#2470=VERTEX_POINT('',#9715);
#2471=VERTEX_POINT('',#9716);
#2472=VERTEX_POINT('',#9718);
#2473=VERTEX_POINT('',#9720);
#2474=VERTEX_POINT('',#9722);
#2475=VERTEX_POINT('',#9724);
#2476=VERTEX_POINT('',#9726);
#2477=VERTEX_POINT('',#9728);
#2478=VERTEX_POINT('',#9732);
#2479=VERTEX_POINT('',#9736);
#2480=VERTEX_POINT('',#9740);
#2481=VERTEX_POINT('',#9741);
#2482=VERTEX_POINT('',#9746);
#2483=VERTEX_POINT('',#9750);
#2484=VERTEX_POINT('',#9754);
#2485=VERTEX_POINT('',#9755);
#2486=VERTEX_POINT('',#9760);
#2487=VERTEX_POINT('',#9764);
#2488=VERTEX_POINT('',#9768);
#2489=VERTEX_POINT('',#9772);
#2490=VERTEX_POINT('',#9776);
#2491=VERTEX_POINT('',#9778);
#2492=VERTEX_POINT('',#9784);
#2493=VERTEX_POINT('',#9786);
#2494=VERTEX_POINT('',#9790);
#2495=VERTEX_POINT('',#9794);
#2496=VERTEX_POINT('',#9798);
#2497=VERTEX_POINT('',#9802);
#2498=VERTEX_POINT('',#9806);
#2499=VERTEX_POINT('',#9810);
#2500=VERTEX_POINT('',#9816);
#2501=VERTEX_POINT('',#9820);
#2502=VERTEX_POINT('',#9822);
#2503=VERTEX_POINT('',#9826);
#2504=VERTEX_POINT('',#9830);
#2505=VERTEX_POINT('',#9834);
#2506=VERTEX_POINT('',#9838);
#2507=VERTEX_POINT('',#9842);
#2508=VERTEX_POINT('',#9846);
#2509=VERTEX_POINT('',#9852);
#2510=VERTEX_POINT('',#9856);
#2511=VERTEX_POINT('',#9860);
#2512=VERTEX_POINT('',#9862);
#2513=VERTEX_POINT('',#9866);
#2514=VERTEX_POINT('',#9870);
#2515=VERTEX_POINT('',#9874);
#2516=VERTEX_POINT('',#9878);
#2517=VERTEX_POINT('',#9882);
#2518=VERTEX_POINT('',#9886);
#2519=VERTEX_POINT('',#9892);
#2520=VERTEX_POINT('',#9894);
#2521=VERTEX_POINT('',#9898);
#2522=VERTEX_POINT('',#9902);
#2523=VERTEX_POINT('',#9906);
#2524=VERTEX_POINT('',#9910);
#2525=VERTEX_POINT('',#9914);
#2526=VERTEX_POINT('',#9918);
#2527=VERTEX_POINT('',#9924);
#2528=VERTEX_POINT('',#9935);
#2529=VERTEX_POINT('',#9936);
#2530=VERTEX_POINT('',#9938);
#2531=VERTEX_POINT('',#9940);
#2532=VERTEX_POINT('',#9944);
#2533=VERTEX_POINT('',#9946);
#2534=VERTEX_POINT('',#9950);
#2535=VERTEX_POINT('',#9952);
#2536=EDGE_CURVE('',#2036,#2037,#1790,.T.);
#2537=EDGE_CURVE('',#2036,#2038,#858,.T.);
#2538=EDGE_CURVE('',#2038,#2039,#1791,.T.);
#2539=EDGE_CURVE('',#2037,#2039,#859,.T.);
#2540=EDGE_CURVE('',#2040,#2036,#1792,.T.);
#2541=EDGE_CURVE('',#2040,#2041,#860,.T.);
#2542=EDGE_CURVE('',#2041,#2038,#1793,.T.);
#2543=EDGE_CURVE('',#2042,#2040,#1794,.T.);
#2544=EDGE_CURVE('',#2042,#2043,#861,.T.);
#2545=EDGE_CURVE('',#2043,#2041,#1795,.T.);
#2546=EDGE_CURVE('',#2044,#2042,#1796,.T.);
#2547=EDGE_CURVE('',#2044,#2045,#862,.T.);
#2548=EDGE_CURVE('',#2045,#2043,#1797,.T.);
#2549=EDGE_CURVE('',#2046,#2044,#1798,.T.);
#2550=EDGE_CURVE('',#2046,#2047,#863,.T.);
#2551=EDGE_CURVE('',#2047,#2045,#1799,.T.);
#2552=EDGE_CURVE('',#2048,#2046,#1800,.T.);
#2553=EDGE_CURVE('',#2048,#2049,#864,.T.);
#2554=EDGE_CURVE('',#2049,#2047,#1801,.T.);
#2555=EDGE_CURVE('',#2050,#2048,#1802,.T.);
#2556=EDGE_CURVE('',#2050,#2051,#865,.T.);
#2557=EDGE_CURVE('',#2051,#2049,#1803,.T.);
#2558=EDGE_CURVE('',#2052,#2050,#1804,.T.);
#2559=EDGE_CURVE('',#2052,#2053,#866,.T.);
#2560=EDGE_CURVE('',#2053,#2051,#1805,.T.);
#2561=EDGE_CURVE('',#2054,#2052,#1806,.T.);
#2562=EDGE_CURVE('',#2054,#2055,#867,.T.);
#2563=EDGE_CURVE('',#2055,#2053,#1807,.T.);
#2564=EDGE_CURVE('',#2056,#2054,#1808,.T.);
#2565=EDGE_CURVE('',#2056,#2057,#868,.T.);
#2566=EDGE_CURVE('',#2057,#2055,#1809,.T.);
#2567=EDGE_CURVE('',#2058,#2056,#1810,.T.);
#2568=EDGE_CURVE('',#2058,#2059,#869,.T.);
#2569=EDGE_CURVE('',#2059,#2057,#1811,.T.);
#2570=EDGE_CURVE('',#2060,#2058,#1812,.T.);
#2571=EDGE_CURVE('',#2060,#2061,#870,.T.);
#2572=EDGE_CURVE('',#2061,#2059,#1813,.T.);
#2573=EDGE_CURVE('',#2062,#2060,#1814,.T.);
#2574=EDGE_CURVE('',#2062,#2063,#871,.T.);
#2575=EDGE_CURVE('',#2063,#2061,#1815,.T.);
#2576=EDGE_CURVE('',#2064,#2062,#1816,.T.);
#2577=EDGE_CURVE('',#2064,#2065,#872,.T.);
#2578=EDGE_CURVE('',#2065,#2063,#1817,.T.);
#2579=EDGE_CURVE('',#2066,#2064,#873,.T.);
#2580=EDGE_CURVE('',#2066,#2067,#874,.T.);
#2581=EDGE_CURVE('',#2067,#2065,#875,.T.);
#2582=EDGE_CURVE('',#2068,#2066,#1818,.T.);
#2583=EDGE_CURVE('',#2068,#2069,#876,.T.);
#2584=EDGE_CURVE('',#2069,#2067,#1819,.T.);
#2585=EDGE_CURVE('',#2070,#2068,#1820,.T.);
#2586=EDGE_CURVE('',#2070,#2071,#877,.T.);
#2587=EDGE_CURVE('',#2071,#2069,#1821,.T.);
#2588=EDGE_CURVE('',#2072,#2070,#1822,.T.);
#2589=EDGE_CURVE('',#2072,#2073,#878,.T.);
#2590=EDGE_CURVE('',#2073,#2071,#1823,.T.);
#2591=EDGE_CURVE('',#2074,#2072,#1824,.T.);
#2592=EDGE_CURVE('',#2074,#2075,#879,.T.);
#2593=EDGE_CURVE('',#2075,#2073,#1825,.T.);
#2594=EDGE_CURVE('',#2076,#2074,#1826,.T.);
#2595=EDGE_CURVE('',#2076,#2077,#880,.T.);
#2596=EDGE_CURVE('',#2077,#2075,#1827,.T.);
#2597=EDGE_CURVE('',#2078,#2076,#1828,.T.);
#2598=EDGE_CURVE('',#2078,#2079,#881,.T.);
#2599=EDGE_CURVE('',#2079,#2077,#1829,.T.);
#2600=EDGE_CURVE('',#2080,#2078,#1830,.T.);
#2601=EDGE_CURVE('',#2080,#2081,#882,.T.);
#2602=EDGE_CURVE('',#2081,#2079,#1831,.T.);
#2603=EDGE_CURVE('',#2082,#2080,#1832,.T.);
#2604=EDGE_CURVE('',#2082,#2083,#883,.T.);
#2605=EDGE_CURVE('',#2083,#2081,#1833,.T.);
#2606=EDGE_CURVE('',#2084,#2082,#1834,.T.);
#2607=EDGE_CURVE('',#2084,#2085,#884,.T.);
#2608=EDGE_CURVE('',#2085,#2083,#1835,.T.);
#2609=EDGE_CURVE('',#2086,#2084,#1836,.T.);
#2610=EDGE_CURVE('',#2086,#2087,#885,.T.);
#2611=EDGE_CURVE('',#2087,#2085,#1837,.T.);
#2612=EDGE_CURVE('',#2088,#2086,#1838,.T.);
#2613=EDGE_CURVE('',#2088,#2089,#886,.T.);
#2614=EDGE_CURVE('',#2089,#2087,#1839,.T.);
#2615=EDGE_CURVE('',#2090,#2088,#1840,.T.);
#2616=EDGE_CURVE('',#2090,#2091,#887,.T.);
#2617=EDGE_CURVE('',#2091,#2089,#1841,.T.);
#2618=EDGE_CURVE('',#2092,#2090,#1842,.T.);
#2619=EDGE_CURVE('',#2092,#2093,#888,.T.);
#2620=EDGE_CURVE('',#2093,#2091,#1843,.T.);
#2621=EDGE_CURVE('',#2094,#2092,#1844,.T.);
#2622=EDGE_CURVE('',#2094,#2095,#889,.T.);
#2623=EDGE_CURVE('',#2095,#2093,#1845,.T.);
#2624=EDGE_CURVE('',#2096,#2094,#1846,.T.);
#2625=EDGE_CURVE('',#2096,#2097,#890,.T.);
#2626=EDGE_CURVE('',#2097,#2095,#1847,.T.);
#2627=EDGE_CURVE('',#2098,#2096,#1848,.T.);
#2628=EDGE_CURVE('',#2098,#2099,#891,.T.);
#2629=EDGE_CURVE('',#2099,#2097,#1849,.T.);
#2630=EDGE_CURVE('',#2100,#2098,#892,.T.);
#2631=EDGE_CURVE('',#2100,#2101,#893,.T.);
#2632=EDGE_CURVE('',#2101,#2099,#894,.T.);
#2633=EDGE_CURVE('',#2037,#2100,#1850,.T.);
#2634=EDGE_CURVE('',#2039,#2101,#1851,.T.);
#2635=EDGE_CURVE('',#2102,#2103,#895,.T.);
#2636=EDGE_CURVE('',#2102,#2104,#896,.T.);
#2637=EDGE_CURVE('',#2104,#2105,#897,.T.);
#2638=EDGE_CURVE('',#2103,#2105,#898,.T.);
#2639=EDGE_CURVE('',#2106,#2102,#899,.T.);
#2640=EDGE_CURVE('',#2106,#2107,#900,.T.);
#2641=EDGE_CURVE('',#2107,#2104,#901,.T.);
#2642=EDGE_CURVE('',#2108,#2106,#902,.T.);
#2643=EDGE_CURVE('',#2108,#2109,#903,.T.);
#2644=EDGE_CURVE('',#2109,#2107,#904,.T.);
#2645=EDGE_CURVE('',#2110,#2108,#905,.T.);
#2646=EDGE_CURVE('',#2110,#2111,#906,.T.);
#2647=EDGE_CURVE('',#2111,#2109,#907,.T.);
#2648=EDGE_CURVE('',#2112,#2110,#908,.T.);
#2649=EDGE_CURVE('',#2112,#2113,#909,.T.);
#2650=EDGE_CURVE('',#2113,#2111,#910,.T.);
#2651=EDGE_CURVE('',#2103,#2112,#911,.T.);
#2652=EDGE_CURVE('',#2105,#2113,#912,.T.);
#2653=EDGE_CURVE('',#2114,#2115,#913,.T.);
#2654=EDGE_CURVE('',#2114,#2116,#914,.T.);
#2655=EDGE_CURVE('',#2116,#2117,#915,.T.);
#2656=EDGE_CURVE('',#2115,#2117,#916,.T.);
#2657=EDGE_CURVE('',#2118,#2114,#917,.T.);
#2658=EDGE_CURVE('',#2118,#2119,#918,.T.);
#2659=EDGE_CURVE('',#2119,#2116,#919,.T.);
#2660=EDGE_CURVE('',#2120,#2118,#920,.T.);
#2661=EDGE_CURVE('',#2120,#2121,#921,.T.);
#2662=EDGE_CURVE('',#2121,#2119,#922,.T.);
#2663=EDGE_CURVE('',#2115,#2120,#923,.T.);
#2664=EDGE_CURVE('',#2117,#2121,#924,.T.);
#2665=EDGE_CURVE('',#2122,#2123,#1852,.T.);
#2666=EDGE_CURVE('',#2122,#2124,#925,.T.);
#2667=EDGE_CURVE('',#2124,#2125,#1853,.T.);
#2668=EDGE_CURVE('',#2123,#2125,#926,.T.);
#2669=EDGE_CURVE('',#2126,#2122,#1854,.T.);
#2670=EDGE_CURVE('',#2126,#2127,#927,.T.);
#2671=EDGE_CURVE('',#2127,#2124,#1855,.T.);
#2672=EDGE_CURVE('',#2128,#2126,#1856,.T.);
#2673=EDGE_CURVE('',#2128,#2129,#928,.T.);
#2674=EDGE_CURVE('',#2129,#2127,#1857,.T.);
#2675=EDGE_CURVE('',#2130,#2128,#1858,.T.);
#2676=EDGE_CURVE('',#2130,#2131,#929,.T.);
#2677=EDGE_CURVE('',#2131,#2129,#1859,.T.);
#2678=EDGE_CURVE('',#2132,#2130,#1860,.T.);
#2679=EDGE_CURVE('',#2132,#2133,#930,.T.);
#2680=EDGE_CURVE('',#2133,#2131,#1861,.T.);
#2681=EDGE_CURVE('',#2134,#2132,#1862,.T.);
#2682=EDGE_CURVE('',#2134,#2135,#931,.T.);
#2683=EDGE_CURVE('',#2135,#2133,#1863,.T.);
#2684=EDGE_CURVE('',#2136,#2134,#1864,.T.);
#2685=EDGE_CURVE('',#2136,#2137,#932,.T.);
#2686=EDGE_CURVE('',#2137,#2135,#1865,.T.);
#2687=EDGE_CURVE('',#2138,#2136,#1866,.T.);
#2688=EDGE_CURVE('',#2138,#2139,#933,.T.);
#2689=EDGE_CURVE('',#2139,#2137,#1867,.T.);
#2690=EDGE_CURVE('',#2140,#2138,#1868,.T.);
#2691=EDGE_CURVE('',#2140,#2141,#934,.T.);
#2692=EDGE_CURVE('',#2141,#2139,#1869,.T.);
#2693=EDGE_CURVE('',#2123,#2140,#935,.T.);
#2694=EDGE_CURVE('',#2125,#2141,#936,.T.);
#2695=EDGE_CURVE('',#2142,#2143,#937,.T.);
#2696=EDGE_CURVE('',#2142,#2144,#938,.T.);
#2697=EDGE_CURVE('',#2144,#2145,#939,.T.);
#2698=EDGE_CURVE('',#2143,#2145,#940,.T.);
#2699=EDGE_CURVE('',#2146,#2142,#1870,.T.);
#2700=EDGE_CURVE('',#2146,#2147,#941,.T.);
#2701=EDGE_CURVE('',#2147,#2144,#1871,.T.);
#2702=EDGE_CURVE('',#2148,#2146,#1872,.T.);
#2703=EDGE_CURVE('',#2148,#2149,#942,.T.);
#2704=EDGE_CURVE('',#2149,#2147,#1873,.T.);
#2705=EDGE_CURVE('',#2150,#2148,#943,.T.);
#2706=EDGE_CURVE('',#2150,#2151,#944,.T.);
#2707=EDGE_CURVE('',#2151,#2149,#945,.T.);
#2708=EDGE_CURVE('',#2152,#2150,#1874,.T.);
#2709=EDGE_CURVE('',#2152,#2153,#946,.T.);
#2710=EDGE_CURVE('',#2153,#2151,#1875,.T.);
#2711=EDGE_CURVE('',#2154,#2152,#1876,.T.);
#2712=EDGE_CURVE('',#2154,#2155,#947,.T.);
#2713=EDGE_CURVE('',#2155,#2153,#1877,.T.);
#2714=EDGE_CURVE('',#2156,#2154,#1878,.T.);
#2715=EDGE_CURVE('',#2156,#2157,#948,.T.);
#2716=EDGE_CURVE('',#2157,#2155,#1879,.T.);
#2717=EDGE_CURVE('',#2158,#2156,#1880,.T.);
#2718=EDGE_CURVE('',#2158,#2159,#949,.T.);
#2719=EDGE_CURVE('',#2159,#2157,#1881,.T.);
#2720=EDGE_CURVE('',#2160,#2158,#1882,.T.);
#2721=EDGE_CURVE('',#2160,#2161,#950,.T.);
#2722=EDGE_CURVE('',#2161,#2159,#1883,.T.);
#2723=EDGE_CURVE('',#2162,#2160,#1884,.T.);
#2724=EDGE_CURVE('',#2162,#2163,#951,.T.);
#2725=EDGE_CURVE('',#2163,#2161,#1885,.T.);
#2726=EDGE_CURVE('',#2164,#2162,#1886,.T.);
#2727=EDGE_CURVE('',#2164,#2165,#952,.T.);
#2728=EDGE_CURVE('',#2165,#2163,#1887,.T.);
#2729=EDGE_CURVE('',#2166,#2164,#953,.T.);
#2730=EDGE_CURVE('',#2166,#2167,#954,.T.);
#2731=EDGE_CURVE('',#2167,#2165,#955,.T.);
#2732=EDGE_CURVE('',#2168,#2166,#1888,.T.);
#2733=EDGE_CURVE('',#2168,#2169,#956,.T.);
#2734=EDGE_CURVE('',#2169,#2167,#1889,.T.);
#2735=EDGE_CURVE('',#2170,#2168,#1890,.T.);
#2736=EDGE_CURVE('',#2170,#2171,#957,.T.);
#2737=EDGE_CURVE('',#2171,#2169,#1891,.T.);
#2738=EDGE_CURVE('',#2172,#2170,#1892,.T.);
#2739=EDGE_CURVE('',#2172,#2173,#958,.T.);
#2740=EDGE_CURVE('',#2173,#2171,#1893,.T.);
#2741=EDGE_CURVE('',#2174,#2172,#1894,.T.);
#2742=EDGE_CURVE('',#2174,#2175,#959,.T.);
#2743=EDGE_CURVE('',#2175,#2173,#1895,.T.);
#2744=EDGE_CURVE('',#2176,#2174,#1896,.T.);
#2745=EDGE_CURVE('',#2176,#2177,#960,.T.);
#2746=EDGE_CURVE('',#2177,#2175,#1897,.T.);
#2747=EDGE_CURVE('',#2178,#2176,#1898,.T.);
#2748=EDGE_CURVE('',#2178,#2179,#961,.T.);
#2749=EDGE_CURVE('',#2179,#2177,#1899,.T.);
#2750=EDGE_CURVE('',#2180,#2178,#1900,.T.);
#2751=EDGE_CURVE('',#2180,#2181,#962,.T.);
#2752=EDGE_CURVE('',#2181,#2179,#1901,.T.);
#2753=EDGE_CURVE('',#2182,#2180,#1902,.T.);
#2754=EDGE_CURVE('',#2182,#2183,#963,.T.);
#2755=EDGE_CURVE('',#2183,#2181,#1903,.T.);
#2756=EDGE_CURVE('',#2184,#2182,#1904,.T.);
#2757=EDGE_CURVE('',#2184,#2185,#964,.T.);
#2758=EDGE_CURVE('',#2185,#2183,#1905,.T.);
#2759=EDGE_CURVE('',#2186,#2184,#1906,.T.);
#2760=EDGE_CURVE('',#2186,#2187,#965,.T.);
#2761=EDGE_CURVE('',#2187,#2185,#1907,.T.);
#2762=EDGE_CURVE('',#2188,#2186,#1908,.T.);
#2763=EDGE_CURVE('',#2188,#2189,#966,.T.);
#2764=EDGE_CURVE('',#2189,#2187,#1909,.T.);
#2765=EDGE_CURVE('',#2190,#2188,#1910,.T.);
#2766=EDGE_CURVE('',#2190,#2191,#967,.T.);
#2767=EDGE_CURVE('',#2191,#2189,#1911,.T.);
#2768=EDGE_CURVE('',#2192,#2190,#1912,.T.);
#2769=EDGE_CURVE('',#2192,#2193,#968,.T.);
#2770=EDGE_CURVE('',#2193,#2191,#1913,.T.);
#2771=EDGE_CURVE('',#2194,#2192,#1914,.T.);
#2772=EDGE_CURVE('',#2194,#2195,#969,.T.);
#2773=EDGE_CURVE('',#2195,#2193,#1915,.T.);
#2774=EDGE_CURVE('',#2143,#2194,#1916,.T.);
#2775=EDGE_CURVE('',#2145,#2195,#1917,.T.);
#2776=EDGE_CURVE('',#2196,#2197,#970,.T.);
#2777=EDGE_CURVE('',#2196,#2198,#971,.T.);
#2778=EDGE_CURVE('',#2198,#2199,#972,.T.);
#2779=EDGE_CURVE('',#2197,#2199,#973,.T.);
#2780=EDGE_CURVE('',#2200,#2196,#1918,.T.);
#2781=EDGE_CURVE('',#2200,#2201,#974,.T.);
#2782=EDGE_CURVE('',#2201,#2198,#1919,.T.);
#2783=EDGE_CURVE('',#2202,#2200,#1920,.T.);
#2784=EDGE_CURVE('',#2202,#2203,#975,.T.);
#2785=EDGE_CURVE('',#2203,#2201,#1921,.T.);
#2786=EDGE_CURVE('',#2204,#2202,#1922,.T.);
#2787=EDGE_CURVE('',#2204,#2205,#976,.T.);
#2788=EDGE_CURVE('',#2205,#2203,#1923,.T.);
#2789=EDGE_CURVE('',#2206,#2204,#1924,.T.);
#2790=EDGE_CURVE('',#2206,#2207,#977,.T.);
#2791=EDGE_CURVE('',#2207,#2205,#1925,.T.);
#2792=EDGE_CURVE('',#2208,#2206,#1926,.T.);
#2793=EDGE_CURVE('',#2208,#2209,#978,.T.);
#2794=EDGE_CURVE('',#2209,#2207,#1927,.T.);
#2795=EDGE_CURVE('',#2210,#2208,#979,.T.);
#2796=EDGE_CURVE('',#2210,#2211,#980,.T.);
#2797=EDGE_CURVE('',#2211,#2209,#981,.T.);
#2798=EDGE_CURVE('',#2197,#2210,#982,.T.);
#2799=EDGE_CURVE('',#2199,#2211,#983,.T.);
#2800=EDGE_CURVE('',#2212,#2213,#984,.T.);
#2801=EDGE_CURVE('',#2212,#2214,#985,.T.);
#2802=EDGE_CURVE('',#2214,#2215,#986,.T.);
#2803=EDGE_CURVE('',#2213,#2215,#987,.T.);
#2804=EDGE_CURVE('',#2216,#2212,#988,.T.);
#2805=EDGE_CURVE('',#2216,#2217,#989,.T.);
#2806=EDGE_CURVE('',#2217,#2214,#990,.T.);
#2807=EDGE_CURVE('',#2218,#2216,#1928,.T.);
#2808=EDGE_CURVE('',#2218,#2219,#991,.T.);
#2809=EDGE_CURVE('',#2219,#2217,#1929,.T.);
#2810=EDGE_CURVE('',#2220,#2218,#1930,.T.);
#2811=EDGE_CURVE('',#2220,#2221,#992,.T.);
#2812=EDGE_CURVE('',#2221,#2219,#1931,.T.);
#2813=EDGE_CURVE('',#2222,#2220,#1932,.T.);
#2814=EDGE_CURVE('',#2222,#2223,#993,.T.);
#2815=EDGE_CURVE('',#2223,#2221,#1933,.T.);
#2816=EDGE_CURVE('',#2224,#2222,#1934,.T.);
#2817=EDGE_CURVE('',#2224,#2225,#994,.T.);
#2818=EDGE_CURVE('',#2225,#2223,#1935,.T.);
#2819=EDGE_CURVE('',#2226,#2224,#1936,.T.);
#2820=EDGE_CURVE('',#2226,#2227,#995,.T.);
#2821=EDGE_CURVE('',#2227,#2225,#1937,.T.);
#2822=EDGE_CURVE('',#2228,#2226,#1938,.T.);
#2823=EDGE_CURVE('',#2228,#2229,#996,.T.);
#2824=EDGE_CURVE('',#2229,#2227,#1939,.T.);
#2825=EDGE_CURVE('',#2230,#2228,#997,.T.);
#2826=EDGE_CURVE('',#2230,#2231,#998,.T.);
#2827=EDGE_CURVE('',#2231,#2229,#999,.T.);
#2828=EDGE_CURVE('',#2232,#2230,#1000,.T.);
#2829=EDGE_CURVE('',#2232,#2233,#1001,.T.);
#2830=EDGE_CURVE('',#2233,#2231,#1002,.T.);
#2831=EDGE_CURVE('',#2213,#2232,#1003,.T.);
#2832=EDGE_CURVE('',#2215,#2233,#1004,.T.);
#2833=EDGE_CURVE('',#2234,#2235,#1940,.T.);
#2834=EDGE_CURVE('',#2234,#2236,#1005,.T.);
#2835=EDGE_CURVE('',#2236,#2237,#1941,.T.);
#2836=EDGE_CURVE('',#2235,#2237,#1006,.T.);
#2837=EDGE_CURVE('',#2238,#2234,#1942,.T.);
#2838=EDGE_CURVE('',#2238,#2239,#1007,.T.);
#2839=EDGE_CURVE('',#2239,#2236,#1943,.T.);
#2840=EDGE_CURVE('',#2240,#2238,#1944,.T.);
#2841=EDGE_CURVE('',#2240,#2241,#1008,.T.);
#2842=EDGE_CURVE('',#2241,#2239,#1945,.T.);
#2843=EDGE_CURVE('',#2242,#2240,#1946,.T.);
#2844=EDGE_CURVE('',#2242,#2243,#1009,.T.);
#2845=EDGE_CURVE('',#2243,#2241,#1947,.T.);
#2846=EDGE_CURVE('',#2244,#2242,#1948,.T.);
#2847=EDGE_CURVE('',#2244,#2245,#1010,.T.);
#2848=EDGE_CURVE('',#2245,#2243,#1949,.T.);
#2849=EDGE_CURVE('',#2246,#2244,#1950,.T.);
#2850=EDGE_CURVE('',#2246,#2247,#1011,.T.);
#2851=EDGE_CURVE('',#2247,#2245,#1951,.T.);
#2852=EDGE_CURVE('',#2248,#2246,#1952,.T.);
#2853=EDGE_CURVE('',#2248,#2249,#1012,.T.);
#2854=EDGE_CURVE('',#2249,#2247,#1953,.T.);
#2855=EDGE_CURVE('',#2235,#2248,#1954,.T.);
#2856=EDGE_CURVE('',#2237,#2249,#1955,.T.);
#2857=EDGE_CURVE('',#2250,#2251,#1013,.T.);
#2858=EDGE_CURVE('',#2250,#2252,#1014,.T.);
#2859=EDGE_CURVE('',#2252,#2253,#1015,.T.);
#2860=EDGE_CURVE('',#2251,#2253,#1016,.T.);
#2861=EDGE_CURVE('',#2254,#2250,#1017,.T.);
#2862=EDGE_CURVE('',#2254,#2255,#1018,.T.);
#2863=EDGE_CURVE('',#2255,#2252,#1019,.T.);
#2864=EDGE_CURVE('',#2256,#2254,#1020,.T.);
#2865=EDGE_CURVE('',#2256,#2257,#1021,.T.);
#2866=EDGE_CURVE('',#2257,#2255,#1022,.T.);
#2867=EDGE_CURVE('',#2258,#2256,#1956,.T.);
#2868=EDGE_CURVE('',#2258,#2259,#1023,.T.);
#2869=EDGE_CURVE('',#2259,#2257,#1957,.T.);
#2870=EDGE_CURVE('',#2260,#2258,#1958,.T.);
#2871=EDGE_CURVE('',#2260,#2261,#1024,.T.);
#2872=EDGE_CURVE('',#2261,#2259,#1959,.T.);
#2873=EDGE_CURVE('',#2262,#2260,#1960,.T.);
#2874=EDGE_CURVE('',#2262,#2263,#1025,.T.);
#2875=EDGE_CURVE('',#2263,#2261,#1961,.T.);
#2876=EDGE_CURVE('',#2264,#2262,#1962,.T.);
#2877=EDGE_CURVE('',#2264,#2265,#1026,.T.);
#2878=EDGE_CURVE('',#2265,#2263,#1963,.T.);
#2879=EDGE_CURVE('',#2266,#2264,#1964,.T.);
#2880=EDGE_CURVE('',#2266,#2267,#1027,.T.);
#2881=EDGE_CURVE('',#2267,#2265,#1965,.T.);
#2882=EDGE_CURVE('',#2268,#2266,#1966,.T.);
#2883=EDGE_CURVE('',#2268,#2269,#1028,.T.);
#2884=EDGE_CURVE('',#2269,#2267,#1967,.T.);
#2885=EDGE_CURVE('',#2270,#2268,#1968,.T.);
#2886=EDGE_CURVE('',#2270,#2271,#1029,.T.);
#2887=EDGE_CURVE('',#2271,#2269,#1969,.T.);
#2888=EDGE_CURVE('',#2272,#2270,#1970,.T.);
#2889=EDGE_CURVE('',#2272,#2273,#1030,.T.);
#2890=EDGE_CURVE('',#2273,#2271,#1971,.T.);
#2891=EDGE_CURVE('',#2274,#2272,#1972,.T.);
#2892=EDGE_CURVE('',#2274,#2275,#1031,.T.);
#2893=EDGE_CURVE('',#2275,#2273,#1973,.T.);
#2894=EDGE_CURVE('',#2276,#2274,#1032,.T.);
#2895=EDGE_CURVE('',#2276,#2277,#1033,.T.);
#2896=EDGE_CURVE('',#2277,#2275,#1034,.T.);
#2897=EDGE_CURVE('',#2251,#2276,#1035,.T.);
#2898=EDGE_CURVE('',#2253,#2277,#1036,.T.);
#2899=EDGE_CURVE('',#2278,#2279,#1037,.T.);
#2900=EDGE_CURVE('',#2278,#2280,#1038,.T.);
#2901=EDGE_CURVE('',#2280,#2281,#1039,.T.);
#2902=EDGE_CURVE('',#2279,#2281,#1040,.T.);
#2903=EDGE_CURVE('',#2282,#2278,#1041,.T.);
#2904=EDGE_CURVE('',#2282,#2283,#1042,.T.);
#2905=EDGE_CURVE('',#2283,#2280,#1043,.T.);
#2906=EDGE_CURVE('',#2284,#2282,#1044,.T.);
#2907=EDGE_CURVE('',#2284,#2285,#1045,.T.);
#2908=EDGE_CURVE('',#2285,#2283,#1046,.T.);
#2909=EDGE_CURVE('',#2286,#2284,#1974,.T.);
#2910=EDGE_CURVE('',#2286,#2287,#1047,.T.);
#2911=EDGE_CURVE('',#2287,#2285,#1975,.T.);
#2912=EDGE_CURVE('',#2288,#2286,#1976,.T.);
#2913=EDGE_CURVE('',#2288,#2289,#1048,.T.);
#2914=EDGE_CURVE('',#2289,#2287,#1977,.T.);
#2915=EDGE_CURVE('',#2290,#2288,#1978,.T.);
#2916=EDGE_CURVE('',#2290,#2291,#1049,.T.);
#2917=EDGE_CURVE('',#2291,#2289,#1979,.T.);
#2918=EDGE_CURVE('',#2292,#2290,#1980,.T.);
#2919=EDGE_CURVE('',#2292,#2293,#1050,.T.);
#2920=EDGE_CURVE('',#2293,#2291,#1981,.T.);
#2921=EDGE_CURVE('',#2294,#2292,#1982,.T.);
#2922=EDGE_CURVE('',#2294,#2295,#1051,.T.);
#2923=EDGE_CURVE('',#2295,#2293,#1983,.T.);
#2924=EDGE_CURVE('',#2296,#2294,#1984,.T.);
#2925=EDGE_CURVE('',#2296,#2297,#1052,.T.);
#2926=EDGE_CURVE('',#2297,#2295,#1985,.T.);
#2927=EDGE_CURVE('',#2298,#2296,#1053,.T.);
#2928=EDGE_CURVE('',#2298,#2299,#1054,.T.);
#2929=EDGE_CURVE('',#2299,#2297,#1055,.T.);
#2930=EDGE_CURVE('',#2300,#2298,#1056,.T.);
#2931=EDGE_CURVE('',#2300,#2301,#1057,.T.);
#2932=EDGE_CURVE('',#2301,#2299,#1058,.T.);
#2933=EDGE_CURVE('',#2302,#2300,#1059,.T.);
#2934=EDGE_CURVE('',#2302,#2303,#1060,.T.);
#2935=EDGE_CURVE('',#2303,#2301,#1061,.T.);
#2936=EDGE_CURVE('',#2304,#2302,#1986,.T.);
#2937=EDGE_CURVE('',#2304,#2305,#1062,.T.);
#2938=EDGE_CURVE('',#2305,#2303,#1987,.T.);
#2939=EDGE_CURVE('',#2306,#2304,#1988,.T.);
#2940=EDGE_CURVE('',#2306,#2307,#1063,.T.);
#2941=EDGE_CURVE('',#2307,#2305,#1989,.T.);
#2942=EDGE_CURVE('',#2308,#2306,#1990,.T.);
#2943=EDGE_CURVE('',#2308,#2309,#1064,.T.);
#2944=EDGE_CURVE('',#2309,#2307,#1991,.T.);
#2945=EDGE_CURVE('',#2310,#2308,#1992,.T.);
#2946=EDGE_CURVE('',#2310,#2311,#1065,.T.);
#2947=EDGE_CURVE('',#2311,#2309,#1993,.T.);
#2948=EDGE_CURVE('',#2312,#2310,#1994,.T.);
#2949=EDGE_CURVE('',#2312,#2313,#1066,.T.);
#2950=EDGE_CURVE('',#2313,#2311,#1995,.T.);
#2951=EDGE_CURVE('',#2314,#2312,#1067,.T.);
#2952=EDGE_CURVE('',#2314,#2315,#1068,.T.);
#2953=EDGE_CURVE('',#2315,#2313,#1069,.T.);
#2954=EDGE_CURVE('',#2279,#2314,#1070,.T.);
#2955=EDGE_CURVE('',#2281,#2315,#1071,.T.);
#2956=EDGE_CURVE('',#2316,#2317,#1996,.T.);
#2957=EDGE_CURVE('',#2316,#2318,#1072,.T.);
#2958=EDGE_CURVE('',#2318,#2319,#1997,.T.);
#2959=EDGE_CURVE('',#2317,#2319,#1073,.T.);
#2960=EDGE_CURVE('',#2320,#2316,#1998,.T.);
#2961=EDGE_CURVE('',#2320,#2321,#1074,.T.);
#2962=EDGE_CURVE('',#2321,#2318,#1999,.T.);
#2963=EDGE_CURVE('',#2322,#2320,#2000,.T.);
#2964=EDGE_CURVE('',#2322,#2323,#1075,.T.);
#2965=EDGE_CURVE('',#2323,#2321,#2001,.T.);
#2966=EDGE_CURVE('',#2324,#2322,#2002,.T.);
#2967=EDGE_CURVE('',#2324,#2325,#1076,.T.);
#2968=EDGE_CURVE('',#2325,#2323,#2003,.T.);
#2969=EDGE_CURVE('',#2326,#2324,#2004,.T.);
#2970=EDGE_CURVE('',#2326,#2327,#1077,.T.);
#2971=EDGE_CURVE('',#2327,#2325,#2005,.T.);
#2972=EDGE_CURVE('',#2328,#2326,#2006,.T.);
#2973=EDGE_CURVE('',#2328,#2329,#1078,.T.);
#2974=EDGE_CURVE('',#2329,#2327,#2007,.T.);
#2975=EDGE_CURVE('',#2330,#2328,#2008,.T.);
#2976=EDGE_CURVE('',#2330,#2331,#1079,.T.);
#2977=EDGE_CURVE('',#2331,#2329,#2009,.T.);
#2978=EDGE_CURVE('',#2332,#2330,#2010,.T.);
#2979=EDGE_CURVE('',#2332,#2333,#1080,.T.);
#2980=EDGE_CURVE('',#2333,#2331,#2011,.T.);
#2981=EDGE_CURVE('',#2317,#2332,#2012,.T.);
#2982=EDGE_CURVE('',#2319,#2333,#2013,.T.);
#2983=EDGE_CURVE('',#2334,#2335,#2014,.T.);
#2984=EDGE_CURVE('',#2334,#2336,#1081,.T.);
#2985=EDGE_CURVE('',#2336,#2337,#2015,.T.);
#2986=EDGE_CURVE('',#2335,#2337,#1082,.T.);
#2987=EDGE_CURVE('',#2338,#2334,#2016,.T.);
#2988=EDGE_CURVE('',#2338,#2339,#1083,.T.);
#2989=EDGE_CURVE('',#2339,#2336,#2017,.T.);
#2990=EDGE_CURVE('',#2340,#2338,#2018,.T.);
#2991=EDGE_CURVE('',#2340,#2341,#1084,.T.);
#2992=EDGE_CURVE('',#2341,#2339,#2019,.T.);
#2993=EDGE_CURVE('',#2342,#2340,#2020,.T.);
#2994=EDGE_CURVE('',#2342,#2343,#1085,.T.);
#2995=EDGE_CURVE('',#2343,#2341,#2021,.T.);
#2996=EDGE_CURVE('',#2344,#2342,#2022,.T.);
#2997=EDGE_CURVE('',#2344,#2345,#1086,.T.);
#2998=EDGE_CURVE('',#2345,#2343,#2023,.T.);
#2999=EDGE_CURVE('',#2346,#2344,#2024,.T.);
#3000=EDGE_CURVE('',#2346,#2347,#1087,.T.);
#3001=EDGE_CURVE('',#2347,#2345,#2025,.T.);
#3002=EDGE_CURVE('',#2348,#2346,#2026,.T.);
#3003=EDGE_CURVE('',#2348,#2349,#1088,.T.);
#3004=EDGE_CURVE('',#2349,#2347,#2027,.T.);
#3005=EDGE_CURVE('',#2350,#2348,#2028,.T.);
#3006=EDGE_CURVE('',#2350,#2351,#1089,.T.);
#3007=EDGE_CURVE('',#2351,#2349,#2029,.T.);
#3008=EDGE_CURVE('',#2352,#2350,#2030,.T.);
#3009=EDGE_CURVE('',#2352,#2353,#1090,.T.);
#3010=EDGE_CURVE('',#2353,#2351,#2031,.T.);
#3011=EDGE_CURVE('',#2354,#2352,#2032,.T.);
#3012=EDGE_CURVE('',#2354,#2355,#1091,.T.);
#3013=EDGE_CURVE('',#2355,#2353,#2033,.T.);
#3014=EDGE_CURVE('',#2335,#2354,#2034,.T.);
#3015=EDGE_CURVE('',#2337,#2355,#2035,.T.);
#3016=EDGE_CURVE('',#2356,#2357,#1092,.T.);
#3017=EDGE_CURVE('',#2358,#2356,#1093,.T.);
#3018=EDGE_CURVE('',#2359,#2358,#1094,.T.);
#3019=EDGE_CURVE('',#2360,#2359,#1095,.T.);
#3020=EDGE_CURVE('',#2361,#2360,#1096,.T.);
#3021=EDGE_CURVE('',#2362,#2361,#1097,.T.);
#3022=EDGE_CURVE('',#2363,#2362,#1098,.T.);
#3023=EDGE_CURVE('',#2357,#2363,#1099,.T.);
#3024=EDGE_CURVE('',#2364,#2356,#1100,.T.);
#3025=EDGE_CURVE('',#2365,#2364,#1101,.T.);
#3026=EDGE_CURVE('',#2356,#2365,#1102,.T.);
#3027=EDGE_CURVE('',#2366,#2367,#1103,.T.);
#3028=EDGE_CURVE('',#2367,#2365,#1104,.T.);
#3029=EDGE_CURVE('',#2364,#2366,#1105,.T.);
#3030=EDGE_CURVE('',#2368,#2357,#1106,.T.);
#3031=EDGE_CURVE('',#2369,#2368,#1107,.T.);
#3032=EDGE_CURVE('',#2357,#2369,#1108,.T.);
#3033=EDGE_CURVE('',#2370,#2371,#1109,.T.);
#3034=EDGE_CURVE('',#2371,#2369,#1110,.T.);
#3035=EDGE_CURVE('',#2368,#2370,#1111,.T.);
#3036=EDGE_CURVE('',#2369,#2364,#1112,.T.);
#3037=EDGE_CURVE('',#2372,#2363,#1113,.T.);
#3038=EDGE_CURVE('',#2373,#2372,#1114,.T.);
#3039=EDGE_CURVE('',#2363,#2373,#1115,.T.);
#3040=EDGE_CURVE('',#2374,#2375,#1116,.T.);
#3041=EDGE_CURVE('',#2375,#2373,#1117,.T.);
#3042=EDGE_CURVE('',#2372,#2374,#1118,.T.);
#3043=EDGE_CURVE('',#2373,#2368,#1119,.T.);
#3044=EDGE_CURVE('',#2376,#2362,#1120,.T.);
#3045=EDGE_CURVE('',#2377,#2376,#1121,.T.);
#3046=EDGE_CURVE('',#2362,#2377,#1122,.T.);
#3047=EDGE_CURVE('',#2378,#2379,#1123,.T.);
#3048=EDGE_CURVE('',#2379,#2377,#1124,.T.);
#3049=EDGE_CURVE('',#2376,#2378,#1125,.T.);
#3050=EDGE_CURVE('',#2377,#2372,#1126,.T.);
#3051=EDGE_CURVE('',#2380,#2360,#1127,.T.);
#3052=EDGE_CURVE('',#2381,#2380,#1128,.T.);
#3053=EDGE_CURVE('',#2360,#2381,#1129,.T.);
#3054=EDGE_CURVE('',#2382,#2383,#1130,.T.);
#3055=EDGE_CURVE('',#2383,#2381,#1131,.T.);
#3056=EDGE_CURVE('',#2380,#2382,#1132,.T.);
#3057=EDGE_CURVE('',#2384,#2361,#1133,.T.);
#3058=EDGE_CURVE('',#2385,#2384,#1134,.T.);
#3059=EDGE_CURVE('',#2361,#2385,#1135,.T.);
#3060=EDGE_CURVE('',#2386,#2387,#1136,.T.);
#3061=EDGE_CURVE('',#2387,#2385,#1137,.T.);
#3062=EDGE_CURVE('',#2384,#2386,#1138,.T.);
#3063=EDGE_CURVE('',#2385,#2376,#1139,.T.);
#3064=EDGE_CURVE('',#2381,#2384,#1140,.T.);
#3065=EDGE_CURVE('',#2388,#2380,#1141,.T.);
#3066=EDGE_CURVE('',#2359,#2388,#1142,.T.);
#3067=EDGE_CURVE('',#2389,#2388,#1143,.T.);
#3068=EDGE_CURVE('',#2358,#2389,#1144,.T.);
#3069=EDGE_CURVE('',#2365,#2389,#1145,.T.);
#3070=EDGE_CURVE('',#2370,#2375,#1146,.T.);
#3071=EDGE_CURVE('',#2374,#2379,#1147,.T.);
#3072=EDGE_CURVE('',#2378,#2387,#1148,.T.);
#3073=EDGE_CURVE('',#2386,#2383,#1149,.T.);
#3074=EDGE_CURVE('',#2382,#2390,#1150,.T.);
#3075=EDGE_CURVE('',#2390,#2391,#1151,.T.);
#3076=EDGE_CURVE('',#2391,#2392,#1152,.T.);
#3077=EDGE_CURVE('',#2392,#2393,#1153,.T.);
#3078=EDGE_CURVE('',#2393,#2367,#1154,.T.);
#3079=EDGE_CURVE('',#2366,#2371,#1155,.T.);
#3080=EDGE_CURVE('',#2394,#2394,#43,.T.);
#3081=EDGE_CURVE('',#2395,#2395,#44,.T.);
#3082=EDGE_CURVE('',#2396,#2396,#45,.T.);
#3083=EDGE_CURVE('',#2397,#2397,#46,.T.);
#3084=EDGE_CURVE('',#2394,#2398,#1156,.T.);
#3085=EDGE_CURVE('',#2398,#2398,#47,.T.);
#3086=EDGE_CURVE('',#2395,#2399,#1157,.T.);
#3087=EDGE_CURVE('',#2399,#2399,#48,.T.);
#3088=EDGE_CURVE('',#2396,#2400,#1158,.T.);
#3089=EDGE_CURVE('',#2400,#2400,#49,.T.);
#3090=EDGE_CURVE('',#2397,#2401,#1159,.T.);
#3091=EDGE_CURVE('',#2401,#2401,#50,.T.);
#3092=EDGE_CURVE('',#2402,#2403,#1160,.T.);
#3093=EDGE_CURVE('',#2402,#2393,#1161,.T.);
#3094=EDGE_CURVE('',#2403,#2392,#1162,.T.);
#3095=EDGE_CURVE('',#2403,#2404,#1163,.T.);
#3096=EDGE_CURVE('',#2404,#2391,#1164,.T.);
#3097=EDGE_CURVE('',#2404,#2405,#1165,.T.);
#3098=EDGE_CURVE('',#2405,#2390,#1166,.T.);
#3099=EDGE_CURVE('',#2406,#2388,#1167,.T.);
#3100=EDGE_CURVE('',#2405,#2406,#1168,.T.);
#3101=EDGE_CURVE('',#2407,#2389,#1169,.T.);
#3102=EDGE_CURVE('',#2407,#2406,#1170,.T.);
#3103=EDGE_CURVE('',#2402,#2407,#1171,.T.);
#3104=EDGE_CURVE('',#2408,#2409,#1172,.T.);
#3105=EDGE_CURVE('',#2409,#2410,#1173,.T.);
#3106=EDGE_CURVE('',#2410,#2411,#1174,.T.);
#3107=EDGE_CURVE('',#2411,#2408,#1175,.T.);
#3108=EDGE_CURVE('',#2409,#2412,#1176,.T.);
#3109=EDGE_CURVE('',#2413,#2412,#1177,.T.);
#3110=EDGE_CURVE('',#2410,#2413,#1178,.T.);
#3111=EDGE_CURVE('',#2412,#2414,#1179,.T.);
#3112=EDGE_CURVE('',#2414,#2415,#1180,.T.);
#3113=EDGE_CURVE('',#2415,#2413,#1181,.T.);
#3114=EDGE_CURVE('',#2414,#2416,#1182,.T.);
#3115=EDGE_CURVE('',#2417,#2416,#1183,.T.);
#3116=EDGE_CURVE('',#2415,#2417,#1184,.T.);
#3117=EDGE_CURVE('',#2416,#2418,#1185,.T.);
#3118=EDGE_CURVE('',#2418,#2419,#1186,.T.);
#3119=EDGE_CURVE('',#2419,#2417,#1187,.T.);
#3120=EDGE_CURVE('',#2418,#2420,#1188,.T.);
#3121=EDGE_CURVE('',#2421,#2420,#1189,.T.);
#3122=EDGE_CURVE('',#2419,#2421,#1190,.T.);
#3123=EDGE_CURVE('',#2420,#2422,#1191,.T.);
#3124=EDGE_CURVE('',#2422,#2423,#1192,.T.);
#3125=EDGE_CURVE('',#2423,#2421,#1193,.T.);
#3126=EDGE_CURVE('',#2423,#2411,#1194,.T.);
#3127=EDGE_CURVE('',#2422,#2408,#1195,.T.);
#3128=EDGE_CURVE('',#2424,#2425,#1196,.T.);
#3129=EDGE_CURVE('',#2425,#2426,#1197,.T.);
#3130=EDGE_CURVE('',#2426,#2427,#1198,.T.);
#3131=EDGE_CURVE('',#2427,#2424,#1199,.T.);
#3132=EDGE_CURVE('',#2428,#2426,#1200,.T.);
#3133=EDGE_CURVE('',#2429,#2428,#1201,.T.);
#3134=EDGE_CURVE('',#2430,#2429,#1202,.T.);
#3135=EDGE_CURVE('',#2431,#2430,#1203,.T.);
#3136=EDGE_CURVE('',#2431,#2432,#1204,.T.);
#3137=EDGE_CURVE('',#2433,#2432,#1205,.T.);
#3138=EDGE_CURVE('',#2433,#2434,#1206,.T.);
#3139=EDGE_CURVE('',#2435,#2434,#1207,.T.);
#3140=EDGE_CURVE('',#2435,#2436,#1208,.T.);
#3141=EDGE_CURVE('',#2437,#2436,#1209,.T.);
#3142=EDGE_CURVE('',#2438,#2437,#1210,.T.);
#3143=EDGE_CURVE('',#2439,#2438,#1211,.T.);
#3144=EDGE_CURVE('',#2440,#2439,#1212,.T.);
#3145=EDGE_CURVE('',#2441,#2440,#1213,.T.);
#3146=EDGE_CURVE('',#2427,#2441,#1214,.T.);
#3147=EDGE_CURVE('',#2442,#2442,#51,.T.);
#3148=EDGE_CURVE('',#2443,#2444,#52,.T.);
#3149=EDGE_CURVE('',#2445,#2443,#1215,.T.);
#3150=EDGE_CURVE('',#2446,#2445,#53,.T.);
#3151=EDGE_CURVE('',#2447,#2446,#1216,.T.);
#3152=EDGE_CURVE('',#2448,#2447,#54,.T.);
#3153=EDGE_CURVE('',#2449,#2448,#1217,.T.);
#3154=EDGE_CURVE('',#2450,#2449,#55,.T.);
#3155=EDGE_CURVE('',#2444,#2450,#1218,.T.);
#3156=EDGE_CURVE('',#2451,#2452,#56,.T.);
#3157=EDGE_CURVE('',#2453,#2451,#1219,.T.);
#3158=EDGE_CURVE('',#2454,#2453,#57,.T.);
#3159=EDGE_CURVE('',#2455,#2454,#1220,.T.);
#3160=EDGE_CURVE('',#2456,#2455,#58,.T.);
#3161=EDGE_CURVE('',#2457,#2456,#1221,.T.);
#3162=EDGE_CURVE('',#2458,#2457,#59,.T.);
#3163=EDGE_CURVE('',#2452,#2458,#1222,.T.);
#3164=EDGE_CURVE('',#2459,#2459,#60,.T.);
#3165=EDGE_CURVE('',#2460,#2460,#61,.T.);
#3166=EDGE_CURVE('',#2461,#2462,#1223,.T.);
#3167=EDGE_CURVE('',#2463,#2461,#62,.T.);
#3168=EDGE_CURVE('',#2464,#2463,#1224,.T.);
#3169=EDGE_CURVE('',#2465,#2464,#63,.T.);
#3170=EDGE_CURVE('',#2466,#2465,#1225,.T.);
#3171=EDGE_CURVE('',#2467,#2466,#64,.T.);
#3172=EDGE_CURVE('',#2468,#2467,#1226,.T.);
#3173=EDGE_CURVE('',#2462,#2468,#65,.T.);
#3174=EDGE_CURVE('',#2469,#2469,#66,.T.);
#3175=EDGE_CURVE('',#2470,#2471,#67,.T.);
#3176=EDGE_CURVE('',#2472,#2470,#1227,.T.);
#3177=EDGE_CURVE('',#2473,#2472,#68,.T.);
#3178=EDGE_CURVE('',#2474,#2473,#1228,.T.);
#3179=EDGE_CURVE('',#2475,#2474,#69,.T.);
#3180=EDGE_CURVE('',#2476,#2475,#1229,.T.);
#3181=EDGE_CURVE('',#2477,#2476,#70,.T.);
#3182=EDGE_CURVE('',#2471,#2477,#1230,.T.);
#3183=EDGE_CURVE('',#2478,#2425,#1231,.T.);
#3184=EDGE_CURVE('',#2428,#2478,#1232,.T.);
#3185=EDGE_CURVE('',#2478,#2479,#1233,.T.);
#3186=EDGE_CURVE('',#2479,#2429,#1234,.T.);
#3187=EDGE_CURVE('',#2480,#2481,#1235,.T.);
#3188=EDGE_CURVE('',#2481,#2431,#1236,.T.);
#3189=EDGE_CURVE('',#2430,#2480,#1237,.T.);
#3190=EDGE_CURVE('',#2482,#2481,#1238,.T.);
#3191=EDGE_CURVE('',#2432,#2482,#1239,.T.);
#3192=EDGE_CURVE('',#2482,#2483,#1240,.T.);
#3193=EDGE_CURVE('',#2483,#2433,#1241,.T.);
#3194=EDGE_CURVE('',#2484,#2485,#1242,.T.);
#3195=EDGE_CURVE('',#2485,#2441,#1243,.T.);
#3196=EDGE_CURVE('',#2440,#2484,#1244,.T.);
#3197=EDGE_CURVE('',#2486,#2439,#1245,.T.);
#3198=EDGE_CURVE('',#2484,#2486,#1246,.T.);
#3199=EDGE_CURVE('',#2487,#2486,#1247,.T.);
#3200=EDGE_CURVE('',#2438,#2487,#1248,.T.);
#3201=EDGE_CURVE('',#2488,#2437,#1249,.T.);
#3202=EDGE_CURVE('',#2487,#2488,#1250,.T.);
#3203=EDGE_CURVE('',#2489,#2488,#1251,.T.);
#3204=EDGE_CURVE('',#2436,#2489,#1252,.T.);
#3205=EDGE_CURVE('',#2434,#2490,#1253,.T.);
#3206=EDGE_CURVE('',#2490,#2491,#1254,.T.);
#3207=EDGE_CURVE('',#2491,#2435,#1255,.T.);
#3208=EDGE_CURVE('',#2490,#2483,#1256,.T.);
#3209=EDGE_CURVE('',#2470,#2492,#1257,.T.);
#3210=EDGE_CURVE('',#2493,#2492,#1258,.T.);
#3211=EDGE_CURVE('',#2472,#2493,#1259,.T.);
#3212=EDGE_CURVE('',#2494,#2493,#71,.T.);
#3213=EDGE_CURVE('',#2473,#2494,#1260,.T.);
#3214=EDGE_CURVE('',#2495,#2494,#1261,.T.);
#3215=EDGE_CURVE('',#2474,#2495,#1262,.T.);
#3216=EDGE_CURVE('',#2496,#2495,#72,.T.);
#3217=EDGE_CURVE('',#2475,#2496,#1263,.T.);
#3218=EDGE_CURVE('',#2497,#2496,#1264,.T.);
#3219=EDGE_CURVE('',#2476,#2497,#1265,.T.);
#3220=EDGE_CURVE('',#2498,#2497,#73,.T.);
#3221=EDGE_CURVE('',#2477,#2498,#1266,.T.);
#3222=EDGE_CURVE('',#2499,#2498,#1267,.T.);
#3223=EDGE_CURVE('',#2471,#2499,#1268,.T.);
#3224=EDGE_CURVE('',#2492,#2499,#74,.T.);
#3225=EDGE_CURVE('',#2500,#2500,#75,.T.);
#3226=EDGE_CURVE('',#2500,#2469,#1269,.T.);
#3227=EDGE_CURVE('',#2461,#2501,#1270,.T.);
#3228=EDGE_CURVE('',#2502,#2501,#76,.T.);
#3229=EDGE_CURVE('',#2463,#2502,#1271,.T.);
#3230=EDGE_CURVE('',#2503,#2502,#1272,.T.);
#3231=EDGE_CURVE('',#2464,#2503,#1273,.T.);
#3232=EDGE_CURVE('',#2504,#2503,#77,.T.);
#3233=EDGE_CURVE('',#2465,#2504,#1274,.T.);
#3234=EDGE_CURVE('',#2505,#2504,#1275,.T.);
#3235=EDGE_CURVE('',#2466,#2505,#1276,.T.);
#3236=EDGE_CURVE('',#2506,#2505,#78,.T.);
#3237=EDGE_CURVE('',#2467,#2506,#1277,.T.);
#3238=EDGE_CURVE('',#2507,#2506,#1278,.T.);
#3239=EDGE_CURVE('',#2468,#2507,#1279,.T.);
#3240=EDGE_CURVE('',#2508,#2507,#79,.T.);
#3241=EDGE_CURVE('',#2462,#2508,#1280,.T.);
#3242=EDGE_CURVE('',#2501,#2508,#1281,.T.);
#3243=EDGE_CURVE('',#2509,#2509,#80,.T.);
#3244=EDGE_CURVE('',#2509,#2460,#1282,.T.);
#3245=EDGE_CURVE('',#2510,#2510,#81,.T.);
#3246=EDGE_CURVE('',#2510,#2459,#1283,.T.);
#3247=EDGE_CURVE('',#2451,#2511,#1284,.T.);
#3248=EDGE_CURVE('',#2512,#2511,#1285,.T.);
#3249=EDGE_CURVE('',#2453,#2512,#1286,.T.);
#3250=EDGE_CURVE('',#2513,#2512,#82,.T.);
#3251=EDGE_CURVE('',#2454,#2513,#1287,.T.);
#3252=EDGE_CURVE('',#2514,#2513,#1288,.T.);
#3253=EDGE_CURVE('',#2455,#2514,#1289,.T.);
#3254=EDGE_CURVE('',#2515,#2514,#83,.T.);
#3255=EDGE_CURVE('',#2456,#2515,#1290,.T.);
#3256=EDGE_CURVE('',#2516,#2515,#1291,.T.);
#3257=EDGE_CURVE('',#2457,#2516,#1292,.T.);
#3258=EDGE_CURVE('',#2517,#2516,#84,.T.);
#3259=EDGE_CURVE('',#2458,#2517,#1293,.T.);
#3260=EDGE_CURVE('',#2518,#2517,#1294,.T.);
#3261=EDGE_CURVE('',#2452,#2518,#1295,.T.);
#3262=EDGE_CURVE('',#2511,#2518,#85,.T.);
#3263=EDGE_CURVE('',#2443,#2519,#1296,.T.);
#3264=EDGE_CURVE('',#2520,#2519,#1297,.T.);
#3265=EDGE_CURVE('',#2445,#2520,#1298,.T.);
#3266=EDGE_CURVE('',#2521,#2520,#86,.T.);
#3267=EDGE_CURVE('',#2446,#2521,#1299,.T.);
#3268=EDGE_CURVE('',#2522,#2521,#1300,.T.);
#3269=EDGE_CURVE('',#2447,#2522,#1301,.T.);
#3270=EDGE_CURVE('',#2523,#2522,#87,.T.);
#3271=EDGE_CURVE('',#2448,#2523,#1302,.T.);
#3272=EDGE_CURVE('',#2524,#2523,#1303,.T.);
#3273=EDGE_CURVE('',#2449,#2524,#1304,.T.);
#3274=EDGE_CURVE('',#2525,#2524,#88,.T.);
#3275=EDGE_CURVE('',#2450,#2525,#1305,.T.);
#3276=EDGE_CURVE('',#2526,#2525,#1306,.T.);
#3277=EDGE_CURVE('',#2444,#2526,#1307,.T.);
#3278=EDGE_CURVE('',#2519,#2526,#89,.T.);
#3279=EDGE_CURVE('',#2527,#2527,#90,.T.);
#3280=EDGE_CURVE('',#2527,#2442,#1308,.T.);
#3281=EDGE_CURVE('',#2489,#2491,#1309,.T.);
#3282=EDGE_CURVE('',#2424,#2485,#1310,.T.);
#3283=EDGE_CURVE('',#2480,#2479,#1311,.T.);
#3284=EDGE_CURVE('',#2528,#2529,#1312,.T.);
#3285=EDGE_CURVE('',#2529,#2530,#1313,.T.);
#3286=EDGE_CURVE('',#2531,#2530,#1314,.T.);
#3287=EDGE_CURVE('',#2528,#2531,#1315,.T.);
#3288=EDGE_CURVE('',#2532,#2528,#1316,.T.);
#3289=EDGE_CURVE('',#2533,#2531,#1317,.T.);
#3290=EDGE_CURVE('',#2532,#2533,#1318,.T.);
#3291=EDGE_CURVE('',#2534,#2532,#1319,.T.);
#3292=EDGE_CURVE('',#2535,#2533,#1320,.T.);
#3293=EDGE_CURVE('',#2534,#2535,#1321,.T.);
#3294=EDGE_CURVE('',#2529,#2534,#1322,.T.);
#3295=EDGE_CURVE('',#2530,#2535,#1323,.T.);
#3296=ORIENTED_EDGE('',*,*,#2536,.F.);
#3297=ORIENTED_EDGE('',*,*,#2537,.T.);
#3298=ORIENTED_EDGE('',*,*,#2538,.T.);
#3299=ORIENTED_EDGE('',*,*,#2539,.F.);
#3300=ORIENTED_EDGE('',*,*,#2540,.F.);
#3301=ORIENTED_EDGE('',*,*,#2541,.T.);
#3302=ORIENTED_EDGE('',*,*,#2542,.T.);
#3303=ORIENTED_EDGE('',*,*,#2537,.F.);
#3304=ORIENTED_EDGE('',*,*,#2543,.F.);
#3305=ORIENTED_EDGE('',*,*,#2544,.T.);
#3306=ORIENTED_EDGE('',*,*,#2545,.T.);
#3307=ORIENTED_EDGE('',*,*,#2541,.F.);
#3308=ORIENTED_EDGE('',*,*,#2546,.F.);
#3309=ORIENTED_EDGE('',*,*,#2547,.T.);
#3310=ORIENTED_EDGE('',*,*,#2548,.T.);
#3311=ORIENTED_EDGE('',*,*,#2544,.F.);
#3312=ORIENTED_EDGE('',*,*,#2549,.F.);
#3313=ORIENTED_EDGE('',*,*,#2550,.T.);
#3314=ORIENTED_EDGE('',*,*,#2551,.T.);
#3315=ORIENTED_EDGE('',*,*,#2547,.F.);
#3316=ORIENTED_EDGE('',*,*,#2552,.F.);
#3317=ORIENTED_EDGE('',*,*,#2553,.T.);
#3318=ORIENTED_EDGE('',*,*,#2554,.T.);
#3319=ORIENTED_EDGE('',*,*,#2550,.F.);
#3320=ORIENTED_EDGE('',*,*,#2555,.F.);
#3321=ORIENTED_EDGE('',*,*,#2556,.T.);
#3322=ORIENTED_EDGE('',*,*,#2557,.T.);
#3323=ORIENTED_EDGE('',*,*,#2553,.F.);
#3324=ORIENTED_EDGE('',*,*,#2558,.F.);
#3325=ORIENTED_EDGE('',*,*,#2559,.T.);
#3326=ORIENTED_EDGE('',*,*,#2560,.T.);
#3327=ORIENTED_EDGE('',*,*,#2556,.F.);
#3328=ORIENTED_EDGE('',*,*,#2561,.F.);
#3329=ORIENTED_EDGE('',*,*,#2562,.T.);
#3330=ORIENTED_EDGE('',*,*,#2563,.T.);
#3331=ORIENTED_EDGE('',*,*,#2559,.F.);
#3332=ORIENTED_EDGE('',*,*,#2564,.F.);
#3333=ORIENTED_EDGE('',*,*,#2565,.T.);
#3334=ORIENTED_EDGE('',*,*,#2566,.T.);
#3335=ORIENTED_EDGE('',*,*,#2562,.F.);
#3336=ORIENTED_EDGE('',*,*,#2567,.F.);
#3337=ORIENTED_EDGE('',*,*,#2568,.T.);
#3338=ORIENTED_EDGE('',*,*,#2569,.T.);
#3339=ORIENTED_EDGE('',*,*,#2565,.F.);
#3340=ORIENTED_EDGE('',*,*,#2570,.F.);
#3341=ORIENTED_EDGE('',*,*,#2571,.T.);
#3342=ORIENTED_EDGE('',*,*,#2572,.T.);
#3343=ORIENTED_EDGE('',*,*,#2568,.F.);
#3344=ORIENTED_EDGE('',*,*,#2573,.F.);
#3345=ORIENTED_EDGE('',*,*,#2574,.T.);
#3346=ORIENTED_EDGE('',*,*,#2575,.T.);
#3347=ORIENTED_EDGE('',*,*,#2571,.F.);
#3348=ORIENTED_EDGE('',*,*,#2576,.F.);
#3349=ORIENTED_EDGE('',*,*,#2577,.T.);
#3350=ORIENTED_EDGE('',*,*,#2578,.T.);
#3351=ORIENTED_EDGE('',*,*,#2574,.F.);
#3352=ORIENTED_EDGE('',*,*,#2579,.F.);
#3353=ORIENTED_EDGE('',*,*,#2580,.T.);
#3354=ORIENTED_EDGE('',*,*,#2581,.T.);
#3355=ORIENTED_EDGE('',*,*,#2577,.F.);
#3356=ORIENTED_EDGE('',*,*,#2582,.F.);
#3357=ORIENTED_EDGE('',*,*,#2583,.T.);
#3358=ORIENTED_EDGE('',*,*,#2584,.T.);
#3359=ORIENTED_EDGE('',*,*,#2580,.F.);
#3360=ORIENTED_EDGE('',*,*,#2585,.F.);
#3361=ORIENTED_EDGE('',*,*,#2586,.T.);
#3362=ORIENTED_EDGE('',*,*,#2587,.T.);
#3363=ORIENTED_EDGE('',*,*,#2583,.F.);
#3364=ORIENTED_EDGE('',*,*,#2588,.F.);
#3365=ORIENTED_EDGE('',*,*,#2589,.T.);
#3366=ORIENTED_EDGE('',*,*,#2590,.T.);
#3367=ORIENTED_EDGE('',*,*,#2586,.F.);
#3368=ORIENTED_EDGE('',*,*,#2591,.F.);
#3369=ORIENTED_EDGE('',*,*,#2592,.T.);
#3370=ORIENTED_EDGE('',*,*,#2593,.T.);
#3371=ORIENTED_EDGE('',*,*,#2589,.F.);
#3372=ORIENTED_EDGE('',*,*,#2594,.F.);
#3373=ORIENTED_EDGE('',*,*,#2595,.T.);
#3374=ORIENTED_EDGE('',*,*,#2596,.T.);
#3375=ORIENTED_EDGE('',*,*,#2592,.F.);
#3376=ORIENTED_EDGE('',*,*,#2597,.F.);
#3377=ORIENTED_EDGE('',*,*,#2598,.T.);
#3378=ORIENTED_EDGE('',*,*,#2599,.T.);
#3379=ORIENTED_EDGE('',*,*,#2595,.F.);
#3380=ORIENTED_EDGE('',*,*,#2600,.F.);
#3381=ORIENTED_EDGE('',*,*,#2601,.T.);
#3382=ORIENTED_EDGE('',*,*,#2602,.T.);
#3383=ORIENTED_EDGE('',*,*,#2598,.F.);
#3384=ORIENTED_EDGE('',*,*,#2603,.F.);
#3385=ORIENTED_EDGE('',*,*,#2604,.T.);
#3386=ORIENTED_EDGE('',*,*,#2605,.T.);
#3387=ORIENTED_EDGE('',*,*,#2601,.F.);
#3388=ORIENTED_EDGE('',*,*,#2606,.F.);
#3389=ORIENTED_EDGE('',*,*,#2607,.T.);
#3390=ORIENTED_EDGE('',*,*,#2608,.T.);
#3391=ORIENTED_EDGE('',*,*,#2604,.F.);
#3392=ORIENTED_EDGE('',*,*,#2609,.F.);
#3393=ORIENTED_EDGE('',*,*,#2610,.T.);
#3394=ORIENTED_EDGE('',*,*,#2611,.T.);
#3395=ORIENTED_EDGE('',*,*,#2607,.F.);
#3396=ORIENTED_EDGE('',*,*,#2612,.F.);
#3397=ORIENTED_EDGE('',*,*,#2613,.T.);
#3398=ORIENTED_EDGE('',*,*,#2614,.T.);
#3399=ORIENTED_EDGE('',*,*,#2610,.F.);
#3400=ORIENTED_EDGE('',*,*,#2615,.F.);
#3401=ORIENTED_EDGE('',*,*,#2616,.T.);
#3402=ORIENTED_EDGE('',*,*,#2617,.T.);
#3403=ORIENTED_EDGE('',*,*,#2613,.F.);
#3404=ORIENTED_EDGE('',*,*,#2618,.F.);
#3405=ORIENTED_EDGE('',*,*,#2619,.T.);
#3406=ORIENTED_EDGE('',*,*,#2620,.T.);
#3407=ORIENTED_EDGE('',*,*,#2616,.F.);
#3408=ORIENTED_EDGE('',*,*,#2621,.F.);
#3409=ORIENTED_EDGE('',*,*,#2622,.T.);
#3410=ORIENTED_EDGE('',*,*,#2623,.T.);
#3411=ORIENTED_EDGE('',*,*,#2619,.F.);
#3412=ORIENTED_EDGE('',*,*,#2624,.F.);
#3413=ORIENTED_EDGE('',*,*,#2625,.T.);
#3414=ORIENTED_EDGE('',*,*,#2626,.T.);
#3415=ORIENTED_EDGE('',*,*,#2622,.F.);
#3416=ORIENTED_EDGE('',*,*,#2627,.F.);
#3417=ORIENTED_EDGE('',*,*,#2628,.T.);
#3418=ORIENTED_EDGE('',*,*,#2629,.T.);
#3419=ORIENTED_EDGE('',*,*,#2625,.F.);
#3420=ORIENTED_EDGE('',*,*,#2630,.F.);
#3421=ORIENTED_EDGE('',*,*,#2631,.T.);
#3422=ORIENTED_EDGE('',*,*,#2632,.T.);
#3423=ORIENTED_EDGE('',*,*,#2628,.F.);
#3424=ORIENTED_EDGE('',*,*,#2633,.F.);
#3425=ORIENTED_EDGE('',*,*,#2539,.T.);
#3426=ORIENTED_EDGE('',*,*,#2634,.T.);
#3427=ORIENTED_EDGE('',*,*,#2631,.F.);
#3428=ORIENTED_EDGE('',*,*,#2634,.F.);
#3429=ORIENTED_EDGE('',*,*,#2538,.F.);
#3430=ORIENTED_EDGE('',*,*,#2542,.F.);
#3431=ORIENTED_EDGE('',*,*,#2545,.F.);
#3432=ORIENTED_EDGE('',*,*,#2548,.F.);
#3433=ORIENTED_EDGE('',*,*,#2551,.F.);
#3434=ORIENTED_EDGE('',*,*,#2554,.F.);
#3435=ORIENTED_EDGE('',*,*,#2557,.F.);
#3436=ORIENTED_EDGE('',*,*,#2560,.F.);
#3437=ORIENTED_EDGE('',*,*,#2563,.F.);
#3438=ORIENTED_EDGE('',*,*,#2566,.F.);
#3439=ORIENTED_EDGE('',*,*,#2569,.F.);
#3440=ORIENTED_EDGE('',*,*,#2572,.F.);
#3441=ORIENTED_EDGE('',*,*,#2575,.F.);
#3442=ORIENTED_EDGE('',*,*,#2578,.F.);
#3443=ORIENTED_EDGE('',*,*,#2581,.F.);
#3444=ORIENTED_EDGE('',*,*,#2584,.F.);
#3445=ORIENTED_EDGE('',*,*,#2587,.F.);
#3446=ORIENTED_EDGE('',*,*,#2590,.F.);
#3447=ORIENTED_EDGE('',*,*,#2593,.F.);
#3448=ORIENTED_EDGE('',*,*,#2596,.F.);
#3449=ORIENTED_EDGE('',*,*,#2599,.F.);
#3450=ORIENTED_EDGE('',*,*,#2602,.F.);
#3451=ORIENTED_EDGE('',*,*,#2605,.F.);
#3452=ORIENTED_EDGE('',*,*,#2608,.F.);
#3453=ORIENTED_EDGE('',*,*,#2611,.F.);
#3454=ORIENTED_EDGE('',*,*,#2614,.F.);
#3455=ORIENTED_EDGE('',*,*,#2617,.F.);
#3456=ORIENTED_EDGE('',*,*,#2620,.F.);
#3457=ORIENTED_EDGE('',*,*,#2623,.F.);
#3458=ORIENTED_EDGE('',*,*,#2626,.F.);
#3459=ORIENTED_EDGE('',*,*,#2629,.F.);
#3460=ORIENTED_EDGE('',*,*,#2632,.F.);
#3461=ORIENTED_EDGE('',*,*,#2635,.F.);
#3462=ORIENTED_EDGE('',*,*,#2636,.T.);
#3463=ORIENTED_EDGE('',*,*,#2637,.T.);
#3464=ORIENTED_EDGE('',*,*,#2638,.F.);
#3465=ORIENTED_EDGE('',*,*,#2639,.F.);
#3466=ORIENTED_EDGE('',*,*,#2640,.T.);
#3467=ORIENTED_EDGE('',*,*,#2641,.T.);
#3468=ORIENTED_EDGE('',*,*,#2636,.F.);
#3469=ORIENTED_EDGE('',*,*,#2642,.F.);
#3470=ORIENTED_EDGE('',*,*,#2643,.T.);
#3471=ORIENTED_EDGE('',*,*,#2644,.T.);
#3472=ORIENTED_EDGE('',*,*,#2640,.F.);
#3473=ORIENTED_EDGE('',*,*,#2645,.F.);
#3474=ORIENTED_EDGE('',*,*,#2646,.T.);
#3475=ORIENTED_EDGE('',*,*,#2647,.T.);
#3476=ORIENTED_EDGE('',*,*,#2643,.F.);
#3477=ORIENTED_EDGE('',*,*,#2648,.F.);
#3478=ORIENTED_EDGE('',*,*,#2649,.T.);
#3479=ORIENTED_EDGE('',*,*,#2650,.T.);
#3480=ORIENTED_EDGE('',*,*,#2646,.F.);
#3481=ORIENTED_EDGE('',*,*,#2651,.F.);
#3482=ORIENTED_EDGE('',*,*,#2638,.T.);
#3483=ORIENTED_EDGE('',*,*,#2652,.T.);
#3484=ORIENTED_EDGE('',*,*,#2649,.F.);
#3485=ORIENTED_EDGE('',*,*,#2652,.F.);
#3486=ORIENTED_EDGE('',*,*,#2637,.F.);
#3487=ORIENTED_EDGE('',*,*,#2641,.F.);
#3488=ORIENTED_EDGE('',*,*,#2644,.F.);
#3489=ORIENTED_EDGE('',*,*,#2647,.F.);
#3490=ORIENTED_EDGE('',*,*,#2650,.F.);
#3491=ORIENTED_EDGE('',*,*,#2653,.F.);
#3492=ORIENTED_EDGE('',*,*,#2654,.T.);
#3493=ORIENTED_EDGE('',*,*,#2655,.T.);
#3494=ORIENTED_EDGE('',*,*,#2656,.F.);
#3495=ORIENTED_EDGE('',*,*,#2657,.F.);
#3496=ORIENTED_EDGE('',*,*,#2658,.T.);
#3497=ORIENTED_EDGE('',*,*,#2659,.T.);
#3498=ORIENTED_EDGE('',*,*,#2654,.F.);
#3499=ORIENTED_EDGE('',*,*,#2660,.F.);
#3500=ORIENTED_EDGE('',*,*,#2661,.T.);
#3501=ORIENTED_EDGE('',*,*,#2662,.T.);
#3502=ORIENTED_EDGE('',*,*,#2658,.F.);
#3503=ORIENTED_EDGE('',*,*,#2663,.F.);
#3504=ORIENTED_EDGE('',*,*,#2656,.T.);
#3505=ORIENTED_EDGE('',*,*,#2664,.T.);
#3506=ORIENTED_EDGE('',*,*,#2661,.F.);
#3507=ORIENTED_EDGE('',*,*,#2664,.F.);
#3508=ORIENTED_EDGE('',*,*,#2655,.F.);
#3509=ORIENTED_EDGE('',*,*,#2659,.F.);
#3510=ORIENTED_EDGE('',*,*,#2662,.F.);
#3511=ORIENTED_EDGE('',*,*,#2665,.F.);
#3512=ORIENTED_EDGE('',*,*,#2666,.T.);
#3513=ORIENTED_EDGE('',*,*,#2667,.T.);
#3514=ORIENTED_EDGE('',*,*,#2668,.F.);
#3515=ORIENTED_EDGE('',*,*,#2669,.F.);
#3516=ORIENTED_EDGE('',*,*,#2670,.T.);
#3517=ORIENTED_EDGE('',*,*,#2671,.T.);
#3518=ORIENTED_EDGE('',*,*,#2666,.F.);
#3519=ORIENTED_EDGE('',*,*,#2672,.F.);
#3520=ORIENTED_EDGE('',*,*,#2673,.T.);
#3521=ORIENTED_EDGE('',*,*,#2674,.T.);
#3522=ORIENTED_EDGE('',*,*,#2670,.F.);
#3523=ORIENTED_EDGE('',*,*,#2675,.F.);
#3524=ORIENTED_EDGE('',*,*,#2676,.T.);
#3525=ORIENTED_EDGE('',*,*,#2677,.T.);
#3526=ORIENTED_EDGE('',*,*,#2673,.F.);
#3527=ORIENTED_EDGE('',*,*,#2678,.F.);
#3528=ORIENTED_EDGE('',*,*,#2679,.T.);
#3529=ORIENTED_EDGE('',*,*,#2680,.T.);
#3530=ORIENTED_EDGE('',*,*,#2676,.F.);
#3531=ORIENTED_EDGE('',*,*,#2681,.F.);
#3532=ORIENTED_EDGE('',*,*,#2682,.T.);
#3533=ORIENTED_EDGE('',*,*,#2683,.T.);
#3534=ORIENTED_EDGE('',*,*,#2679,.F.);
#3535=ORIENTED_EDGE('',*,*,#2684,.F.);
#3536=ORIENTED_EDGE('',*,*,#2685,.T.);
#3537=ORIENTED_EDGE('',*,*,#2686,.T.);
#3538=ORIENTED_EDGE('',*,*,#2682,.F.);
#3539=ORIENTED_EDGE('',*,*,#2687,.F.);
#3540=ORIENTED_EDGE('',*,*,#2688,.T.);
#3541=ORIENTED_EDGE('',*,*,#2689,.T.);
#3542=ORIENTED_EDGE('',*,*,#2685,.F.);
#3543=ORIENTED_EDGE('',*,*,#2690,.F.);
#3544=ORIENTED_EDGE('',*,*,#2691,.T.);
#3545=ORIENTED_EDGE('',*,*,#2692,.T.);
#3546=ORIENTED_EDGE('',*,*,#2688,.F.);
#3547=ORIENTED_EDGE('',*,*,#2693,.F.);
#3548=ORIENTED_EDGE('',*,*,#2668,.T.);
#3549=ORIENTED_EDGE('',*,*,#2694,.T.);
#3550=ORIENTED_EDGE('',*,*,#2691,.F.);
#3551=ORIENTED_EDGE('',*,*,#2695,.F.);
#3552=ORIENTED_EDGE('',*,*,#2696,.T.);
#3553=ORIENTED_EDGE('',*,*,#2697,.T.);
#3554=ORIENTED_EDGE('',*,*,#2698,.F.);
#3555=ORIENTED_EDGE('',*,*,#2699,.F.);
#3556=ORIENTED_EDGE('',*,*,#2700,.T.);
#3557=ORIENTED_EDGE('',*,*,#2701,.T.);
#3558=ORIENTED_EDGE('',*,*,#2696,.F.);
#3559=ORIENTED_EDGE('',*,*,#2702,.F.);
#3560=ORIENTED_EDGE('',*,*,#2703,.T.);
#3561=ORIENTED_EDGE('',*,*,#2704,.T.);
#3562=ORIENTED_EDGE('',*,*,#2700,.F.);
#3563=ORIENTED_EDGE('',*,*,#2705,.F.);
#3564=ORIENTED_EDGE('',*,*,#2706,.T.);
#3565=ORIENTED_EDGE('',*,*,#2707,.T.);
#3566=ORIENTED_EDGE('',*,*,#2703,.F.);
#3567=ORIENTED_EDGE('',*,*,#2708,.F.);
#3568=ORIENTED_EDGE('',*,*,#2709,.T.);
#3569=ORIENTED_EDGE('',*,*,#2710,.T.);
#3570=ORIENTED_EDGE('',*,*,#2706,.F.);
#3571=ORIENTED_EDGE('',*,*,#2711,.F.);
#3572=ORIENTED_EDGE('',*,*,#2712,.T.);
#3573=ORIENTED_EDGE('',*,*,#2713,.T.);
#3574=ORIENTED_EDGE('',*,*,#2709,.F.);
#3575=ORIENTED_EDGE('',*,*,#2714,.F.);
#3576=ORIENTED_EDGE('',*,*,#2715,.T.);
#3577=ORIENTED_EDGE('',*,*,#2716,.T.);
#3578=ORIENTED_EDGE('',*,*,#2712,.F.);
#3579=ORIENTED_EDGE('',*,*,#2717,.F.);
#3580=ORIENTED_EDGE('',*,*,#2718,.T.);
#3581=ORIENTED_EDGE('',*,*,#2719,.T.);
#3582=ORIENTED_EDGE('',*,*,#2715,.F.);
#3583=ORIENTED_EDGE('',*,*,#2720,.F.);
#3584=ORIENTED_EDGE('',*,*,#2721,.T.);
#3585=ORIENTED_EDGE('',*,*,#2722,.T.);
#3586=ORIENTED_EDGE('',*,*,#2718,.F.);
#3587=ORIENTED_EDGE('',*,*,#2723,.F.);
#3588=ORIENTED_EDGE('',*,*,#2724,.T.);
#3589=ORIENTED_EDGE('',*,*,#2725,.T.);
#3590=ORIENTED_EDGE('',*,*,#2721,.F.);
#3591=ORIENTED_EDGE('',*,*,#2726,.F.);
#3592=ORIENTED_EDGE('',*,*,#2727,.T.);
#3593=ORIENTED_EDGE('',*,*,#2728,.T.);
#3594=ORIENTED_EDGE('',*,*,#2724,.F.);
#3595=ORIENTED_EDGE('',*,*,#2729,.F.);
#3596=ORIENTED_EDGE('',*,*,#2730,.T.);
#3597=ORIENTED_EDGE('',*,*,#2731,.T.);
#3598=ORIENTED_EDGE('',*,*,#2727,.F.);
#3599=ORIENTED_EDGE('',*,*,#2732,.F.);
#3600=ORIENTED_EDGE('',*,*,#2733,.T.);
#3601=ORIENTED_EDGE('',*,*,#2734,.T.);
#3602=ORIENTED_EDGE('',*,*,#2730,.F.);
#3603=ORIENTED_EDGE('',*,*,#2735,.F.);
#3604=ORIENTED_EDGE('',*,*,#2736,.T.);
#3605=ORIENTED_EDGE('',*,*,#2737,.T.);
#3606=ORIENTED_EDGE('',*,*,#2733,.F.);
#3607=ORIENTED_EDGE('',*,*,#2738,.F.);
#3608=ORIENTED_EDGE('',*,*,#2739,.T.);
#3609=ORIENTED_EDGE('',*,*,#2740,.T.);
#3610=ORIENTED_EDGE('',*,*,#2736,.F.);
#3611=ORIENTED_EDGE('',*,*,#2741,.F.);
#3612=ORIENTED_EDGE('',*,*,#2742,.T.);
#3613=ORIENTED_EDGE('',*,*,#2743,.T.);
#3614=ORIENTED_EDGE('',*,*,#2739,.F.);
#3615=ORIENTED_EDGE('',*,*,#2744,.F.);
#3616=ORIENTED_EDGE('',*,*,#2745,.T.);
#3617=ORIENTED_EDGE('',*,*,#2746,.T.);
#3618=ORIENTED_EDGE('',*,*,#2742,.F.);
#3619=ORIENTED_EDGE('',*,*,#2747,.F.);
#3620=ORIENTED_EDGE('',*,*,#2748,.T.);
#3621=ORIENTED_EDGE('',*,*,#2749,.T.);
#3622=ORIENTED_EDGE('',*,*,#2745,.F.);
#3623=ORIENTED_EDGE('',*,*,#2750,.F.);
#3624=ORIENTED_EDGE('',*,*,#2751,.T.);
#3625=ORIENTED_EDGE('',*,*,#2752,.T.);
#3626=ORIENTED_EDGE('',*,*,#2748,.F.);
#3627=ORIENTED_EDGE('',*,*,#2753,.F.);
#3628=ORIENTED_EDGE('',*,*,#2754,.T.);
#3629=ORIENTED_EDGE('',*,*,#2755,.T.);
#3630=ORIENTED_EDGE('',*,*,#2751,.F.);
#3631=ORIENTED_EDGE('',*,*,#2756,.F.);
#3632=ORIENTED_EDGE('',*,*,#2757,.T.);
#3633=ORIENTED_EDGE('',*,*,#2758,.T.);
#3634=ORIENTED_EDGE('',*,*,#2754,.F.);
#3635=ORIENTED_EDGE('',*,*,#2759,.F.);
#3636=ORIENTED_EDGE('',*,*,#2760,.T.);
#3637=ORIENTED_EDGE('',*,*,#2761,.T.);
#3638=ORIENTED_EDGE('',*,*,#2757,.F.);
#3639=ORIENTED_EDGE('',*,*,#2762,.F.);
#3640=ORIENTED_EDGE('',*,*,#2763,.T.);
#3641=ORIENTED_EDGE('',*,*,#2764,.T.);
#3642=ORIENTED_EDGE('',*,*,#2760,.F.);
#3643=ORIENTED_EDGE('',*,*,#2765,.F.);
#3644=ORIENTED_EDGE('',*,*,#2766,.T.);
#3645=ORIENTED_EDGE('',*,*,#2767,.T.);
#3646=ORIENTED_EDGE('',*,*,#2763,.F.);
#3647=ORIENTED_EDGE('',*,*,#2768,.F.);
#3648=ORIENTED_EDGE('',*,*,#2769,.T.);
#3649=ORIENTED_EDGE('',*,*,#2770,.T.);
#3650=ORIENTED_EDGE('',*,*,#2766,.F.);
#3651=ORIENTED_EDGE('',*,*,#2771,.F.);
#3652=ORIENTED_EDGE('',*,*,#2772,.T.);
#3653=ORIENTED_EDGE('',*,*,#2773,.T.);
#3654=ORIENTED_EDGE('',*,*,#2769,.F.);
#3655=ORIENTED_EDGE('',*,*,#2774,.F.);
#3656=ORIENTED_EDGE('',*,*,#2698,.T.);
#3657=ORIENTED_EDGE('',*,*,#2775,.T.);
#3658=ORIENTED_EDGE('',*,*,#2772,.F.);
#3659=ORIENTED_EDGE('',*,*,#2775,.F.);
#3660=ORIENTED_EDGE('',*,*,#2697,.F.);
#3661=ORIENTED_EDGE('',*,*,#2701,.F.);
#3662=ORIENTED_EDGE('',*,*,#2704,.F.);
#3663=ORIENTED_EDGE('',*,*,#2707,.F.);
#3664=ORIENTED_EDGE('',*,*,#2710,.F.);
#3665=ORIENTED_EDGE('',*,*,#2713,.F.);
#3666=ORIENTED_EDGE('',*,*,#2716,.F.);
#3667=ORIENTED_EDGE('',*,*,#2719,.F.);
#3668=ORIENTED_EDGE('',*,*,#2722,.F.);
#3669=ORIENTED_EDGE('',*,*,#2725,.F.);
#3670=ORIENTED_EDGE('',*,*,#2728,.F.);
#3671=ORIENTED_EDGE('',*,*,#2731,.F.);
#3672=ORIENTED_EDGE('',*,*,#2734,.F.);
#3673=ORIENTED_EDGE('',*,*,#2737,.F.);
#3674=ORIENTED_EDGE('',*,*,#2740,.F.);
#3675=ORIENTED_EDGE('',*,*,#2743,.F.);
#3676=ORIENTED_EDGE('',*,*,#2746,.F.);
#3677=ORIENTED_EDGE('',*,*,#2749,.F.);
#3678=ORIENTED_EDGE('',*,*,#2752,.F.);
#3679=ORIENTED_EDGE('',*,*,#2755,.F.);
#3680=ORIENTED_EDGE('',*,*,#2758,.F.);
#3681=ORIENTED_EDGE('',*,*,#2761,.F.);
#3682=ORIENTED_EDGE('',*,*,#2764,.F.);
#3683=ORIENTED_EDGE('',*,*,#2767,.F.);
#3684=ORIENTED_EDGE('',*,*,#2770,.F.);
#3685=ORIENTED_EDGE('',*,*,#2773,.F.);
#3686=ORIENTED_EDGE('',*,*,#2694,.F.);
#3687=ORIENTED_EDGE('',*,*,#2667,.F.);
#3688=ORIENTED_EDGE('',*,*,#2671,.F.);
#3689=ORIENTED_EDGE('',*,*,#2674,.F.);
#3690=ORIENTED_EDGE('',*,*,#2677,.F.);
#3691=ORIENTED_EDGE('',*,*,#2680,.F.);
#3692=ORIENTED_EDGE('',*,*,#2683,.F.);
#3693=ORIENTED_EDGE('',*,*,#2686,.F.);
#3694=ORIENTED_EDGE('',*,*,#2689,.F.);
#3695=ORIENTED_EDGE('',*,*,#2692,.F.);
#3696=ORIENTED_EDGE('',*,*,#2776,.F.);
#3697=ORIENTED_EDGE('',*,*,#2777,.T.);
#3698=ORIENTED_EDGE('',*,*,#2778,.T.);
#3699=ORIENTED_EDGE('',*,*,#2779,.F.);
#3700=ORIENTED_EDGE('',*,*,#2780,.F.);
#3701=ORIENTED_EDGE('',*,*,#2781,.T.);
#3702=ORIENTED_EDGE('',*,*,#2782,.T.);
#3703=ORIENTED_EDGE('',*,*,#2777,.F.);
#3704=ORIENTED_EDGE('',*,*,#2783,.F.);
#3705=ORIENTED_EDGE('',*,*,#2784,.T.);
#3706=ORIENTED_EDGE('',*,*,#2785,.T.);
#3707=ORIENTED_EDGE('',*,*,#2781,.F.);
#3708=ORIENTED_EDGE('',*,*,#2786,.F.);
#3709=ORIENTED_EDGE('',*,*,#2787,.T.);
#3710=ORIENTED_EDGE('',*,*,#2788,.T.);
#3711=ORIENTED_EDGE('',*,*,#2784,.F.);
#3712=ORIENTED_EDGE('',*,*,#2789,.F.);
#3713=ORIENTED_EDGE('',*,*,#2790,.T.);
#3714=ORIENTED_EDGE('',*,*,#2791,.T.);
#3715=ORIENTED_EDGE('',*,*,#2787,.F.);
#3716=ORIENTED_EDGE('',*,*,#2792,.F.);
#3717=ORIENTED_EDGE('',*,*,#2793,.T.);
#3718=ORIENTED_EDGE('',*,*,#2794,.T.);
#3719=ORIENTED_EDGE('',*,*,#2790,.F.);
#3720=ORIENTED_EDGE('',*,*,#2795,.F.);
#3721=ORIENTED_EDGE('',*,*,#2796,.T.);
#3722=ORIENTED_EDGE('',*,*,#2797,.T.);
#3723=ORIENTED_EDGE('',*,*,#2793,.F.);
#3724=ORIENTED_EDGE('',*,*,#2798,.F.);
#3725=ORIENTED_EDGE('',*,*,#2779,.T.);
#3726=ORIENTED_EDGE('',*,*,#2799,.T.);
#3727=ORIENTED_EDGE('',*,*,#2796,.F.);
#3728=ORIENTED_EDGE('',*,*,#2800,.F.);
#3729=ORIENTED_EDGE('',*,*,#2801,.T.);
#3730=ORIENTED_EDGE('',*,*,#2802,.T.);
#3731=ORIENTED_EDGE('',*,*,#2803,.F.);
#3732=ORIENTED_EDGE('',*,*,#2804,.F.);
#3733=ORIENTED_EDGE('',*,*,#2805,.T.);
#3734=ORIENTED_EDGE('',*,*,#2806,.T.);
#3735=ORIENTED_EDGE('',*,*,#2801,.F.);
#3736=ORIENTED_EDGE('',*,*,#2807,.F.);
#3737=ORIENTED_EDGE('',*,*,#2808,.T.);
#3738=ORIENTED_EDGE('',*,*,#2809,.T.);
#3739=ORIENTED_EDGE('',*,*,#2805,.F.);
#3740=ORIENTED_EDGE('',*,*,#2810,.F.);
#3741=ORIENTED_EDGE('',*,*,#2811,.T.);
#3742=ORIENTED_EDGE('',*,*,#2812,.T.);
#3743=ORIENTED_EDGE('',*,*,#2808,.F.);
#3744=ORIENTED_EDGE('',*,*,#2813,.F.);
#3745=ORIENTED_EDGE('',*,*,#2814,.T.);
#3746=ORIENTED_EDGE('',*,*,#2815,.T.);
#3747=ORIENTED_EDGE('',*,*,#2811,.F.);
#3748=ORIENTED_EDGE('',*,*,#2816,.F.);
#3749=ORIENTED_EDGE('',*,*,#2817,.T.);
#3750=ORIENTED_EDGE('',*,*,#2818,.T.);
#3751=ORIENTED_EDGE('',*,*,#2814,.F.);
#3752=ORIENTED_EDGE('',*,*,#2819,.F.);
#3753=ORIENTED_EDGE('',*,*,#2820,.T.);
#3754=ORIENTED_EDGE('',*,*,#2821,.T.);
#3755=ORIENTED_EDGE('',*,*,#2817,.F.);
#3756=ORIENTED_EDGE('',*,*,#2822,.F.);
#3757=ORIENTED_EDGE('',*,*,#2823,.T.);
#3758=ORIENTED_EDGE('',*,*,#2824,.T.);
#3759=ORIENTED_EDGE('',*,*,#2820,.F.);
#3760=ORIENTED_EDGE('',*,*,#2825,.F.);
#3761=ORIENTED_EDGE('',*,*,#2826,.T.);
#3762=ORIENTED_EDGE('',*,*,#2827,.T.);
#3763=ORIENTED_EDGE('',*,*,#2823,.F.);
#3764=ORIENTED_EDGE('',*,*,#2828,.F.);
#3765=ORIENTED_EDGE('',*,*,#2829,.T.);
#3766=ORIENTED_EDGE('',*,*,#2830,.T.);
#3767=ORIENTED_EDGE('',*,*,#2826,.F.);
#3768=ORIENTED_EDGE('',*,*,#2831,.F.);
#3769=ORIENTED_EDGE('',*,*,#2803,.T.);
#3770=ORIENTED_EDGE('',*,*,#2832,.T.);
#3771=ORIENTED_EDGE('',*,*,#2829,.F.);
#3772=ORIENTED_EDGE('',*,*,#2832,.F.);
#3773=ORIENTED_EDGE('',*,*,#2802,.F.);
#3774=ORIENTED_EDGE('',*,*,#2806,.F.);
#3775=ORIENTED_EDGE('',*,*,#2809,.F.);
#3776=ORIENTED_EDGE('',*,*,#2812,.F.);
#3777=ORIENTED_EDGE('',*,*,#2815,.F.);
#3778=ORIENTED_EDGE('',*,*,#2818,.F.);
#3779=ORIENTED_EDGE('',*,*,#2821,.F.);
#3780=ORIENTED_EDGE('',*,*,#2824,.F.);
#3781=ORIENTED_EDGE('',*,*,#2827,.F.);
#3782=ORIENTED_EDGE('',*,*,#2830,.F.);
#3783=ORIENTED_EDGE('',*,*,#2799,.F.);
#3784=ORIENTED_EDGE('',*,*,#2778,.F.);
#3785=ORIENTED_EDGE('',*,*,#2782,.F.);
#3786=ORIENTED_EDGE('',*,*,#2785,.F.);
#3787=ORIENTED_EDGE('',*,*,#2788,.F.);
#3788=ORIENTED_EDGE('',*,*,#2791,.F.);
#3789=ORIENTED_EDGE('',*,*,#2794,.F.);
#3790=ORIENTED_EDGE('',*,*,#2797,.F.);
#3791=ORIENTED_EDGE('',*,*,#2833,.F.);
#3792=ORIENTED_EDGE('',*,*,#2834,.T.);
#3793=ORIENTED_EDGE('',*,*,#2835,.T.);
#3794=ORIENTED_EDGE('',*,*,#2836,.F.);
#3795=ORIENTED_EDGE('',*,*,#2837,.F.);
#3796=ORIENTED_EDGE('',*,*,#2838,.T.);
#3797=ORIENTED_EDGE('',*,*,#2839,.T.);
#3798=ORIENTED_EDGE('',*,*,#2834,.F.);
#3799=ORIENTED_EDGE('',*,*,#2840,.F.);
#3800=ORIENTED_EDGE('',*,*,#2841,.T.);
#3801=ORIENTED_EDGE('',*,*,#2842,.T.);
#3802=ORIENTED_EDGE('',*,*,#2838,.F.);
#3803=ORIENTED_EDGE('',*,*,#2843,.F.);
#3804=ORIENTED_EDGE('',*,*,#2844,.T.);
#3805=ORIENTED_EDGE('',*,*,#2845,.T.);
#3806=ORIENTED_EDGE('',*,*,#2841,.F.);
#3807=ORIENTED_EDGE('',*,*,#2846,.F.);
#3808=ORIENTED_EDGE('',*,*,#2847,.T.);
#3809=ORIENTED_EDGE('',*,*,#2848,.T.);
#3810=ORIENTED_EDGE('',*,*,#2844,.F.);
#3811=ORIENTED_EDGE('',*,*,#2849,.F.);
#3812=ORIENTED_EDGE('',*,*,#2850,.T.);
#3813=ORIENTED_EDGE('',*,*,#2851,.T.);
#3814=ORIENTED_EDGE('',*,*,#2847,.F.);
#3815=ORIENTED_EDGE('',*,*,#2852,.F.);
#3816=ORIENTED_EDGE('',*,*,#2853,.T.);
#3817=ORIENTED_EDGE('',*,*,#2854,.T.);
#3818=ORIENTED_EDGE('',*,*,#2850,.F.);
#3819=ORIENTED_EDGE('',*,*,#2855,.F.);
#3820=ORIENTED_EDGE('',*,*,#2836,.T.);
#3821=ORIENTED_EDGE('',*,*,#2856,.T.);
#3822=ORIENTED_EDGE('',*,*,#2853,.F.);
#3823=ORIENTED_EDGE('',*,*,#2857,.F.);
#3824=ORIENTED_EDGE('',*,*,#2858,.T.);
#3825=ORIENTED_EDGE('',*,*,#2859,.T.);
#3826=ORIENTED_EDGE('',*,*,#2860,.F.);
#3827=ORIENTED_EDGE('',*,*,#2861,.F.);
#3828=ORIENTED_EDGE('',*,*,#2862,.T.);
#3829=ORIENTED_EDGE('',*,*,#2863,.T.);
#3830=ORIENTED_EDGE('',*,*,#2858,.F.);
#3831=ORIENTED_EDGE('',*,*,#2864,.F.);
#3832=ORIENTED_EDGE('',*,*,#2865,.T.);
#3833=ORIENTED_EDGE('',*,*,#2866,.T.);
#3834=ORIENTED_EDGE('',*,*,#2862,.F.);
#3835=ORIENTED_EDGE('',*,*,#2867,.F.);
#3836=ORIENTED_EDGE('',*,*,#2868,.T.);
#3837=ORIENTED_EDGE('',*,*,#2869,.T.);
#3838=ORIENTED_EDGE('',*,*,#2865,.F.);
#3839=ORIENTED_EDGE('',*,*,#2870,.F.);
#3840=ORIENTED_EDGE('',*,*,#2871,.T.);
#3841=ORIENTED_EDGE('',*,*,#2872,.T.);
#3842=ORIENTED_EDGE('',*,*,#2868,.F.);
#3843=ORIENTED_EDGE('',*,*,#2873,.F.);
#3844=ORIENTED_EDGE('',*,*,#2874,.T.);
#3845=ORIENTED_EDGE('',*,*,#2875,.T.);
#3846=ORIENTED_EDGE('',*,*,#2871,.F.);
#3847=ORIENTED_EDGE('',*,*,#2876,.F.);
#3848=ORIENTED_EDGE('',*,*,#2877,.T.);
#3849=ORIENTED_EDGE('',*,*,#2878,.T.);
#3850=ORIENTED_EDGE('',*,*,#2874,.F.);
#3851=ORIENTED_EDGE('',*,*,#2879,.F.);
#3852=ORIENTED_EDGE('',*,*,#2880,.T.);
#3853=ORIENTED_EDGE('',*,*,#2881,.T.);
#3854=ORIENTED_EDGE('',*,*,#2877,.F.);
#3855=ORIENTED_EDGE('',*,*,#2882,.F.);
#3856=ORIENTED_EDGE('',*,*,#2883,.T.);
#3857=ORIENTED_EDGE('',*,*,#2884,.T.);
#3858=ORIENTED_EDGE('',*,*,#2880,.F.);
#3859=ORIENTED_EDGE('',*,*,#2885,.F.);
#3860=ORIENTED_EDGE('',*,*,#2886,.T.);
#3861=ORIENTED_EDGE('',*,*,#2887,.T.);
#3862=ORIENTED_EDGE('',*,*,#2883,.F.);
#3863=ORIENTED_EDGE('',*,*,#2888,.F.);
#3864=ORIENTED_EDGE('',*,*,#2889,.T.);
#3865=ORIENTED_EDGE('',*,*,#2890,.T.);
#3866=ORIENTED_EDGE('',*,*,#2886,.F.);
#3867=ORIENTED_EDGE('',*,*,#2891,.F.);
#3868=ORIENTED_EDGE('',*,*,#2892,.T.);
#3869=ORIENTED_EDGE('',*,*,#2893,.T.);
#3870=ORIENTED_EDGE('',*,*,#2889,.F.);
#3871=ORIENTED_EDGE('',*,*,#2894,.F.);
#3872=ORIENTED_EDGE('',*,*,#2895,.T.);
#3873=ORIENTED_EDGE('',*,*,#2896,.T.);
#3874=ORIENTED_EDGE('',*,*,#2892,.F.);
#3875=ORIENTED_EDGE('',*,*,#2897,.F.);
#3876=ORIENTED_EDGE('',*,*,#2860,.T.);
#3877=ORIENTED_EDGE('',*,*,#2898,.T.);
#3878=ORIENTED_EDGE('',*,*,#2895,.F.);
#3879=ORIENTED_EDGE('',*,*,#2898,.F.);
#3880=ORIENTED_EDGE('',*,*,#2859,.F.);
#3881=ORIENTED_EDGE('',*,*,#2863,.F.);
#3882=ORIENTED_EDGE('',*,*,#2866,.F.);
#3883=ORIENTED_EDGE('',*,*,#2869,.F.);
#3884=ORIENTED_EDGE('',*,*,#2872,.F.);
#3885=ORIENTED_EDGE('',*,*,#2875,.F.);
#3886=ORIENTED_EDGE('',*,*,#2878,.F.);
#3887=ORIENTED_EDGE('',*,*,#2881,.F.);
#3888=ORIENTED_EDGE('',*,*,#2884,.F.);
#3889=ORIENTED_EDGE('',*,*,#2887,.F.);
#3890=ORIENTED_EDGE('',*,*,#2890,.F.);
#3891=ORIENTED_EDGE('',*,*,#2893,.F.);
#3892=ORIENTED_EDGE('',*,*,#2896,.F.);
#3893=ORIENTED_EDGE('',*,*,#2856,.F.);
#3894=ORIENTED_EDGE('',*,*,#2835,.F.);
#3895=ORIENTED_EDGE('',*,*,#2839,.F.);
#3896=ORIENTED_EDGE('',*,*,#2842,.F.);
#3897=ORIENTED_EDGE('',*,*,#2845,.F.);
#3898=ORIENTED_EDGE('',*,*,#2848,.F.);
#3899=ORIENTED_EDGE('',*,*,#2851,.F.);
#3900=ORIENTED_EDGE('',*,*,#2854,.F.);
#3901=ORIENTED_EDGE('',*,*,#2899,.F.);
#3902=ORIENTED_EDGE('',*,*,#2900,.T.);
#3903=ORIENTED_EDGE('',*,*,#2901,.T.);
#3904=ORIENTED_EDGE('',*,*,#2902,.F.);
#3905=ORIENTED_EDGE('',*,*,#2903,.F.);
#3906=ORIENTED_EDGE('',*,*,#2904,.T.);
#3907=ORIENTED_EDGE('',*,*,#2905,.T.);
#3908=ORIENTED_EDGE('',*,*,#2900,.F.);
#3909=ORIENTED_EDGE('',*,*,#2906,.F.);
#3910=ORIENTED_EDGE('',*,*,#2907,.T.);
#3911=ORIENTED_EDGE('',*,*,#2908,.T.);
#3912=ORIENTED_EDGE('',*,*,#2904,.F.);
#3913=ORIENTED_EDGE('',*,*,#2909,.F.);
#3914=ORIENTED_EDGE('',*,*,#2910,.T.);
#3915=ORIENTED_EDGE('',*,*,#2911,.T.);
#3916=ORIENTED_EDGE('',*,*,#2907,.F.);
#3917=ORIENTED_EDGE('',*,*,#2912,.F.);
#3918=ORIENTED_EDGE('',*,*,#2913,.T.);
#3919=ORIENTED_EDGE('',*,*,#2914,.T.);
#3920=ORIENTED_EDGE('',*,*,#2910,.F.);
#3921=ORIENTED_EDGE('',*,*,#2915,.F.);
#3922=ORIENTED_EDGE('',*,*,#2916,.T.);
#3923=ORIENTED_EDGE('',*,*,#2917,.T.);
#3924=ORIENTED_EDGE('',*,*,#2913,.F.);
#3925=ORIENTED_EDGE('',*,*,#2918,.F.);
#3926=ORIENTED_EDGE('',*,*,#2919,.T.);
#3927=ORIENTED_EDGE('',*,*,#2920,.T.);
#3928=ORIENTED_EDGE('',*,*,#2916,.F.);
#3929=ORIENTED_EDGE('',*,*,#2921,.F.);
#3930=ORIENTED_EDGE('',*,*,#2922,.T.);
#3931=ORIENTED_EDGE('',*,*,#2923,.T.);
#3932=ORIENTED_EDGE('',*,*,#2919,.F.);
#3933=ORIENTED_EDGE('',*,*,#2924,.F.);
#3934=ORIENTED_EDGE('',*,*,#2925,.T.);
#3935=ORIENTED_EDGE('',*,*,#2926,.T.);
#3936=ORIENTED_EDGE('',*,*,#2922,.F.);
#3937=ORIENTED_EDGE('',*,*,#2927,.F.);
#3938=ORIENTED_EDGE('',*,*,#2928,.T.);
#3939=ORIENTED_EDGE('',*,*,#2929,.T.);
#3940=ORIENTED_EDGE('',*,*,#2925,.F.);
#3941=ORIENTED_EDGE('',*,*,#2930,.F.);
#3942=ORIENTED_EDGE('',*,*,#2931,.T.);
#3943=ORIENTED_EDGE('',*,*,#2932,.T.);
#3944=ORIENTED_EDGE('',*,*,#2928,.F.);
#3945=ORIENTED_EDGE('',*,*,#2933,.F.);
#3946=ORIENTED_EDGE('',*,*,#2934,.T.);
#3947=ORIENTED_EDGE('',*,*,#2935,.T.);
#3948=ORIENTED_EDGE('',*,*,#2931,.F.);
#3949=ORIENTED_EDGE('',*,*,#2936,.F.);
#3950=ORIENTED_EDGE('',*,*,#2937,.T.);
#3951=ORIENTED_EDGE('',*,*,#2938,.T.);
#3952=ORIENTED_EDGE('',*,*,#2934,.F.);
#3953=ORIENTED_EDGE('',*,*,#2939,.F.);
#3954=ORIENTED_EDGE('',*,*,#2940,.T.);
#3955=ORIENTED_EDGE('',*,*,#2941,.T.);
#3956=ORIENTED_EDGE('',*,*,#2937,.F.);
#3957=ORIENTED_EDGE('',*,*,#2942,.F.);
#3958=ORIENTED_EDGE('',*,*,#2943,.T.);
#3959=ORIENTED_EDGE('',*,*,#2944,.T.);
#3960=ORIENTED_EDGE('',*,*,#2940,.F.);
#3961=ORIENTED_EDGE('',*,*,#2945,.F.);
#3962=ORIENTED_EDGE('',*,*,#2946,.T.);
#3963=ORIENTED_EDGE('',*,*,#2947,.T.);
#3964=ORIENTED_EDGE('',*,*,#2943,.F.);
#3965=ORIENTED_EDGE('',*,*,#2948,.F.);
#3966=ORIENTED_EDGE('',*,*,#2949,.T.);
#3967=ORIENTED_EDGE('',*,*,#2950,.T.);
#3968=ORIENTED_EDGE('',*,*,#2946,.F.);
#3969=ORIENTED_EDGE('',*,*,#2951,.F.);
#3970=ORIENTED_EDGE('',*,*,#2952,.T.);
#3971=ORIENTED_EDGE('',*,*,#2953,.T.);
#3972=ORIENTED_EDGE('',*,*,#2949,.F.);
#3973=ORIENTED_EDGE('',*,*,#2954,.F.);
#3974=ORIENTED_EDGE('',*,*,#2902,.T.);
#3975=ORIENTED_EDGE('',*,*,#2955,.T.);
#3976=ORIENTED_EDGE('',*,*,#2952,.F.);
#3977=ORIENTED_EDGE('',*,*,#2955,.F.);
#3978=ORIENTED_EDGE('',*,*,#2901,.F.);
#3979=ORIENTED_EDGE('',*,*,#2905,.F.);
#3980=ORIENTED_EDGE('',*,*,#2908,.F.);
#3981=ORIENTED_EDGE('',*,*,#2911,.F.);
#3982=ORIENTED_EDGE('',*,*,#2914,.F.);
#3983=ORIENTED_EDGE('',*,*,#2917,.F.);
#3984=ORIENTED_EDGE('',*,*,#2920,.F.);
#3985=ORIENTED_EDGE('',*,*,#2923,.F.);
#3986=ORIENTED_EDGE('',*,*,#2926,.F.);
#3987=ORIENTED_EDGE('',*,*,#2929,.F.);
#3988=ORIENTED_EDGE('',*,*,#2932,.F.);
#3989=ORIENTED_EDGE('',*,*,#2935,.F.);
#3990=ORIENTED_EDGE('',*,*,#2938,.F.);
#3991=ORIENTED_EDGE('',*,*,#2941,.F.);
#3992=ORIENTED_EDGE('',*,*,#2944,.F.);
#3993=ORIENTED_EDGE('',*,*,#2947,.F.);
#3994=ORIENTED_EDGE('',*,*,#2950,.F.);
#3995=ORIENTED_EDGE('',*,*,#2953,.F.);
#3996=ORIENTED_EDGE('',*,*,#2956,.F.);
#3997=ORIENTED_EDGE('',*,*,#2957,.T.);
#3998=ORIENTED_EDGE('',*,*,#2958,.T.);
#3999=ORIENTED_EDGE('',*,*,#2959,.F.);
#4000=ORIENTED_EDGE('',*,*,#2960,.F.);
#4001=ORIENTED_EDGE('',*,*,#2961,.T.);
#4002=ORIENTED_EDGE('',*,*,#2962,.T.);
#4003=ORIENTED_EDGE('',*,*,#2957,.F.);
#4004=ORIENTED_EDGE('',*,*,#2963,.F.);
#4005=ORIENTED_EDGE('',*,*,#2964,.T.);
#4006=ORIENTED_EDGE('',*,*,#2965,.T.);
#4007=ORIENTED_EDGE('',*,*,#2961,.F.);
#4008=ORIENTED_EDGE('',*,*,#2966,.F.);
#4009=ORIENTED_EDGE('',*,*,#2967,.T.);
#4010=ORIENTED_EDGE('',*,*,#2968,.T.);
#4011=ORIENTED_EDGE('',*,*,#2964,.F.);
#4012=ORIENTED_EDGE('',*,*,#2969,.F.);
#4013=ORIENTED_EDGE('',*,*,#2970,.T.);
#4014=ORIENTED_EDGE('',*,*,#2971,.T.);
#4015=ORIENTED_EDGE('',*,*,#2967,.F.);
#4016=ORIENTED_EDGE('',*,*,#2972,.F.);
#4017=ORIENTED_EDGE('',*,*,#2973,.T.);
#4018=ORIENTED_EDGE('',*,*,#2974,.T.);
#4019=ORIENTED_EDGE('',*,*,#2970,.F.);
#4020=ORIENTED_EDGE('',*,*,#2975,.F.);
#4021=ORIENTED_EDGE('',*,*,#2976,.T.);
#4022=ORIENTED_EDGE('',*,*,#2977,.T.);
#4023=ORIENTED_EDGE('',*,*,#2973,.F.);
#4024=ORIENTED_EDGE('',*,*,#2978,.F.);
#4025=ORIENTED_EDGE('',*,*,#2979,.T.);
#4026=ORIENTED_EDGE('',*,*,#2980,.T.);
#4027=ORIENTED_EDGE('',*,*,#2976,.F.);
#4028=ORIENTED_EDGE('',*,*,#2981,.F.);
#4029=ORIENTED_EDGE('',*,*,#2959,.T.);
#4030=ORIENTED_EDGE('',*,*,#2982,.T.);
#4031=ORIENTED_EDGE('',*,*,#2979,.F.);
#4032=ORIENTED_EDGE('',*,*,#2983,.F.);
#4033=ORIENTED_EDGE('',*,*,#2984,.T.);
#4034=ORIENTED_EDGE('',*,*,#2985,.T.);
#4035=ORIENTED_EDGE('',*,*,#2986,.F.);
#4036=ORIENTED_EDGE('',*,*,#2987,.F.);
#4037=ORIENTED_EDGE('',*,*,#2988,.T.);
#4038=ORIENTED_EDGE('',*,*,#2989,.T.);
#4039=ORIENTED_EDGE('',*,*,#2984,.F.);
#4040=ORIENTED_EDGE('',*,*,#2990,.F.);
#4041=ORIENTED_EDGE('',*,*,#2991,.T.);
#4042=ORIENTED_EDGE('',*,*,#2992,.T.);
#4043=ORIENTED_EDGE('',*,*,#2988,.F.);
#4044=ORIENTED_EDGE('',*,*,#2993,.F.);
#4045=ORIENTED_EDGE('',*,*,#2994,.T.);
#4046=ORIENTED_EDGE('',*,*,#2995,.T.);
#4047=ORIENTED_EDGE('',*,*,#2991,.F.);
#4048=ORIENTED_EDGE('',*,*,#2996,.F.);
#4049=ORIENTED_EDGE('',*,*,#2997,.T.);
#4050=ORIENTED_EDGE('',*,*,#2998,.T.);
#4051=ORIENTED_EDGE('',*,*,#2994,.F.);
#4052=ORIENTED_EDGE('',*,*,#2999,.F.);
#4053=ORIENTED_EDGE('',*,*,#3000,.T.);
#4054=ORIENTED_EDGE('',*,*,#3001,.T.);
#4055=ORIENTED_EDGE('',*,*,#2997,.F.);
#4056=ORIENTED_EDGE('',*,*,#3002,.F.);
#4057=ORIENTED_EDGE('',*,*,#3003,.T.);
#4058=ORIENTED_EDGE('',*,*,#3004,.T.);
#4059=ORIENTED_EDGE('',*,*,#3000,.F.);
#4060=ORIENTED_EDGE('',*,*,#3005,.F.);
#4061=ORIENTED_EDGE('',*,*,#3006,.T.);
#4062=ORIENTED_EDGE('',*,*,#3007,.T.);
#4063=ORIENTED_EDGE('',*,*,#3003,.F.);
#4064=ORIENTED_EDGE('',*,*,#3008,.F.);
#4065=ORIENTED_EDGE('',*,*,#3009,.T.);
#4066=ORIENTED_EDGE('',*,*,#3010,.T.);
#4067=ORIENTED_EDGE('',*,*,#3006,.F.);
#4068=ORIENTED_EDGE('',*,*,#3011,.F.);
#4069=ORIENTED_EDGE('',*,*,#3012,.T.);
#4070=ORIENTED_EDGE('',*,*,#3013,.T.);
#4071=ORIENTED_EDGE('',*,*,#3009,.F.);
#4072=ORIENTED_EDGE('',*,*,#3014,.F.);
#4073=ORIENTED_EDGE('',*,*,#2986,.T.);
#4074=ORIENTED_EDGE('',*,*,#3015,.T.);
#4075=ORIENTED_EDGE('',*,*,#3012,.F.);
#4076=ORIENTED_EDGE('',*,*,#3015,.F.);
#4077=ORIENTED_EDGE('',*,*,#2985,.F.);
#4078=ORIENTED_EDGE('',*,*,#2989,.F.);
#4079=ORIENTED_EDGE('',*,*,#2992,.F.);
#4080=ORIENTED_EDGE('',*,*,#2995,.F.);
#4081=ORIENTED_EDGE('',*,*,#2998,.F.);
#4082=ORIENTED_EDGE('',*,*,#3001,.F.);
#4083=ORIENTED_EDGE('',*,*,#3004,.F.);
#4084=ORIENTED_EDGE('',*,*,#3007,.F.);
#4085=ORIENTED_EDGE('',*,*,#3010,.F.);
#4086=ORIENTED_EDGE('',*,*,#3013,.F.);
#4087=ORIENTED_EDGE('',*,*,#2982,.F.);
#4088=ORIENTED_EDGE('',*,*,#2958,.F.);
#4089=ORIENTED_EDGE('',*,*,#2962,.F.);
#4090=ORIENTED_EDGE('',*,*,#2965,.F.);
#4091=ORIENTED_EDGE('',*,*,#2968,.F.);
#4092=ORIENTED_EDGE('',*,*,#2971,.F.);
#4093=ORIENTED_EDGE('',*,*,#2974,.F.);
#4094=ORIENTED_EDGE('',*,*,#2977,.F.);
#4095=ORIENTED_EDGE('',*,*,#2980,.F.);
#4096=ORIENTED_EDGE('',*,*,#3016,.F.);
#4097=ORIENTED_EDGE('',*,*,#3017,.F.);
#4098=ORIENTED_EDGE('',*,*,#3018,.F.);
#4099=ORIENTED_EDGE('',*,*,#3019,.F.);
#4100=ORIENTED_EDGE('',*,*,#3020,.F.);
#4101=ORIENTED_EDGE('',*,*,#3021,.F.);
#4102=ORIENTED_EDGE('',*,*,#3022,.F.);
#4103=ORIENTED_EDGE('',*,*,#3023,.F.);
#4104=ORIENTED_EDGE('',*,*,#2536,.T.);
#4105=ORIENTED_EDGE('',*,*,#2633,.T.);
#4106=ORIENTED_EDGE('',*,*,#2630,.T.);
#4107=ORIENTED_EDGE('',*,*,#2627,.T.);
#4108=ORIENTED_EDGE('',*,*,#2624,.T.);
#4109=ORIENTED_EDGE('',*,*,#2621,.T.);
#4110=ORIENTED_EDGE('',*,*,#2618,.T.);
#4111=ORIENTED_EDGE('',*,*,#2615,.T.);
#4112=ORIENTED_EDGE('',*,*,#2612,.T.);
#4113=ORIENTED_EDGE('',*,*,#2609,.T.);
#4114=ORIENTED_EDGE('',*,*,#2606,.T.);
#4115=ORIENTED_EDGE('',*,*,#2603,.T.);
#4116=ORIENTED_EDGE('',*,*,#2600,.T.);
#4117=ORIENTED_EDGE('',*,*,#2597,.T.);
#4118=ORIENTED_EDGE('',*,*,#2594,.T.);
#4119=ORIENTED_EDGE('',*,*,#2591,.T.);
#4120=ORIENTED_EDGE('',*,*,#2588,.T.);
#4121=ORIENTED_EDGE('',*,*,#2585,.T.);
#4122=ORIENTED_EDGE('',*,*,#2582,.T.);
#4123=ORIENTED_EDGE('',*,*,#2579,.T.);
#4124=ORIENTED_EDGE('',*,*,#2576,.T.);
#4125=ORIENTED_EDGE('',*,*,#2573,.T.);
#4126=ORIENTED_EDGE('',*,*,#2570,.T.);
#4127=ORIENTED_EDGE('',*,*,#2567,.T.);
#4128=ORIENTED_EDGE('',*,*,#2564,.T.);
#4129=ORIENTED_EDGE('',*,*,#2561,.T.);
#4130=ORIENTED_EDGE('',*,*,#2558,.T.);
#4131=ORIENTED_EDGE('',*,*,#2555,.T.);
#4132=ORIENTED_EDGE('',*,*,#2552,.T.);
#4133=ORIENTED_EDGE('',*,*,#2549,.T.);
#4134=ORIENTED_EDGE('',*,*,#2546,.T.);
#4135=ORIENTED_EDGE('',*,*,#2543,.T.);
#4136=ORIENTED_EDGE('',*,*,#2540,.T.);
#4137=ORIENTED_EDGE('',*,*,#2635,.T.);
#4138=ORIENTED_EDGE('',*,*,#2651,.T.);
#4139=ORIENTED_EDGE('',*,*,#2648,.T.);
#4140=ORIENTED_EDGE('',*,*,#2645,.T.);
#4141=ORIENTED_EDGE('',*,*,#2642,.T.);
#4142=ORIENTED_EDGE('',*,*,#2639,.T.);
#4143=ORIENTED_EDGE('',*,*,#2653,.T.);
#4144=ORIENTED_EDGE('',*,*,#2663,.T.);
#4145=ORIENTED_EDGE('',*,*,#2660,.T.);
#4146=ORIENTED_EDGE('',*,*,#2657,.T.);
#4147=ORIENTED_EDGE('',*,*,#2695,.T.);
#4148=ORIENTED_EDGE('',*,*,#2774,.T.);
#4149=ORIENTED_EDGE('',*,*,#2771,.T.);
#4150=ORIENTED_EDGE('',*,*,#2768,.T.);
#4151=ORIENTED_EDGE('',*,*,#2765,.T.);
#4152=ORIENTED_EDGE('',*,*,#2762,.T.);
#4153=ORIENTED_EDGE('',*,*,#2759,.T.);
#4154=ORIENTED_EDGE('',*,*,#2756,.T.);
#4155=ORIENTED_EDGE('',*,*,#2753,.T.);
#4156=ORIENTED_EDGE('',*,*,#2750,.T.);
#4157=ORIENTED_EDGE('',*,*,#2747,.T.);
#4158=ORIENTED_EDGE('',*,*,#2744,.T.);
#4159=ORIENTED_EDGE('',*,*,#2741,.T.);
#4160=ORIENTED_EDGE('',*,*,#2738,.T.);
#4161=ORIENTED_EDGE('',*,*,#2735,.T.);
#4162=ORIENTED_EDGE('',*,*,#2732,.T.);
#4163=ORIENTED_EDGE('',*,*,#2729,.T.);
#4164=ORIENTED_EDGE('',*,*,#2726,.T.);
#4165=ORIENTED_EDGE('',*,*,#2723,.T.);
#4166=ORIENTED_EDGE('',*,*,#2720,.T.);
#4167=ORIENTED_EDGE('',*,*,#2717,.T.);
#4168=ORIENTED_EDGE('',*,*,#2714,.T.);
#4169=ORIENTED_EDGE('',*,*,#2711,.T.);
#4170=ORIENTED_EDGE('',*,*,#2708,.T.);
#4171=ORIENTED_EDGE('',*,*,#2705,.T.);
#4172=ORIENTED_EDGE('',*,*,#2702,.T.);
#4173=ORIENTED_EDGE('',*,*,#2699,.T.);
#4174=ORIENTED_EDGE('',*,*,#2800,.T.);
#4175=ORIENTED_EDGE('',*,*,#2831,.T.);
#4176=ORIENTED_EDGE('',*,*,#2828,.T.);
#4177=ORIENTED_EDGE('',*,*,#2825,.T.);
#4178=ORIENTED_EDGE('',*,*,#2822,.T.);
#4179=ORIENTED_EDGE('',*,*,#2819,.T.);
#4180=ORIENTED_EDGE('',*,*,#2816,.T.);
#4181=ORIENTED_EDGE('',*,*,#2813,.T.);
#4182=ORIENTED_EDGE('',*,*,#2810,.T.);
#4183=ORIENTED_EDGE('',*,*,#2807,.T.);
#4184=ORIENTED_EDGE('',*,*,#2804,.T.);
#4185=ORIENTED_EDGE('',*,*,#2857,.T.);
#4186=ORIENTED_EDGE('',*,*,#2897,.T.);
#4187=ORIENTED_EDGE('',*,*,#2894,.T.);
#4188=ORIENTED_EDGE('',*,*,#2891,.T.);
#4189=ORIENTED_EDGE('',*,*,#2888,.T.);
#4190=ORIENTED_EDGE('',*,*,#2885,.T.);
#4191=ORIENTED_EDGE('',*,*,#2882,.T.);
#4192=ORIENTED_EDGE('',*,*,#2879,.T.);
#4193=ORIENTED_EDGE('',*,*,#2876,.T.);
#4194=ORIENTED_EDGE('',*,*,#2873,.T.);
#4195=ORIENTED_EDGE('',*,*,#2870,.T.);
#4196=ORIENTED_EDGE('',*,*,#2867,.T.);
#4197=ORIENTED_EDGE('',*,*,#2864,.T.);
#4198=ORIENTED_EDGE('',*,*,#2861,.T.);
#4199=ORIENTED_EDGE('',*,*,#2899,.T.);
#4200=ORIENTED_EDGE('',*,*,#2954,.T.);
#4201=ORIENTED_EDGE('',*,*,#2951,.T.);
#4202=ORIENTED_EDGE('',*,*,#2948,.T.);
#4203=ORIENTED_EDGE('',*,*,#2945,.T.);
#4204=ORIENTED_EDGE('',*,*,#2942,.T.);
#4205=ORIENTED_EDGE('',*,*,#2939,.T.);
#4206=ORIENTED_EDGE('',*,*,#2936,.T.);
#4207=ORIENTED_EDGE('',*,*,#2933,.T.);
#4208=ORIENTED_EDGE('',*,*,#2930,.T.);
#4209=ORIENTED_EDGE('',*,*,#2927,.T.);
#4210=ORIENTED_EDGE('',*,*,#2924,.T.);
#4211=ORIENTED_EDGE('',*,*,#2921,.T.);
#4212=ORIENTED_EDGE('',*,*,#2918,.T.);
#4213=ORIENTED_EDGE('',*,*,#2915,.T.);
#4214=ORIENTED_EDGE('',*,*,#2912,.T.);
#4215=ORIENTED_EDGE('',*,*,#2909,.T.);
#4216=ORIENTED_EDGE('',*,*,#2906,.T.);
#4217=ORIENTED_EDGE('',*,*,#2903,.T.);
#4218=ORIENTED_EDGE('',*,*,#2983,.T.);
#4219=ORIENTED_EDGE('',*,*,#3014,.T.);
#4220=ORIENTED_EDGE('',*,*,#3011,.T.);
#4221=ORIENTED_EDGE('',*,*,#3008,.T.);
#4222=ORIENTED_EDGE('',*,*,#3005,.T.);
#4223=ORIENTED_EDGE('',*,*,#3002,.T.);
#4224=ORIENTED_EDGE('',*,*,#2999,.T.);
#4225=ORIENTED_EDGE('',*,*,#2996,.T.);
#4226=ORIENTED_EDGE('',*,*,#2993,.T.);
#4227=ORIENTED_EDGE('',*,*,#2990,.T.);
#4228=ORIENTED_EDGE('',*,*,#2987,.T.);
#4229=ORIENTED_EDGE('',*,*,#2956,.T.);
#4230=ORIENTED_EDGE('',*,*,#2981,.T.);
#4231=ORIENTED_EDGE('',*,*,#2978,.T.);
#4232=ORIENTED_EDGE('',*,*,#2975,.T.);
#4233=ORIENTED_EDGE('',*,*,#2972,.T.);
#4234=ORIENTED_EDGE('',*,*,#2969,.T.);
#4235=ORIENTED_EDGE('',*,*,#2966,.T.);
#4236=ORIENTED_EDGE('',*,*,#2963,.T.);
#4237=ORIENTED_EDGE('',*,*,#2960,.T.);
#4238=ORIENTED_EDGE('',*,*,#2833,.T.);
#4239=ORIENTED_EDGE('',*,*,#2855,.T.);
#4240=ORIENTED_EDGE('',*,*,#2852,.T.);
#4241=ORIENTED_EDGE('',*,*,#2849,.T.);
#4242=ORIENTED_EDGE('',*,*,#2846,.T.);
#4243=ORIENTED_EDGE('',*,*,#2843,.T.);
#4244=ORIENTED_EDGE('',*,*,#2840,.T.);
#4245=ORIENTED_EDGE('',*,*,#2837,.T.);
#4246=ORIENTED_EDGE('',*,*,#2776,.T.);
#4247=ORIENTED_EDGE('',*,*,#2798,.T.);
#4248=ORIENTED_EDGE('',*,*,#2795,.T.);
#4249=ORIENTED_EDGE('',*,*,#2792,.T.);
#4250=ORIENTED_EDGE('',*,*,#2789,.T.);
#4251=ORIENTED_EDGE('',*,*,#2786,.T.);
#4252=ORIENTED_EDGE('',*,*,#2783,.T.);
#4253=ORIENTED_EDGE('',*,*,#2780,.T.);
#4254=ORIENTED_EDGE('',*,*,#3024,.F.);
#4255=ORIENTED_EDGE('',*,*,#3025,.F.);
#4256=ORIENTED_EDGE('',*,*,#3026,.F.);
#4257=ORIENTED_EDGE('',*,*,#3027,.T.);
#4258=ORIENTED_EDGE('',*,*,#3028,.T.);
#4259=ORIENTED_EDGE('',*,*,#3025,.T.);
#4260=ORIENTED_EDGE('',*,*,#3029,.T.);
#4261=ORIENTED_EDGE('',*,*,#3030,.F.);
#4262=ORIENTED_EDGE('',*,*,#3031,.F.);
#4263=ORIENTED_EDGE('',*,*,#3032,.F.);
#4264=ORIENTED_EDGE('',*,*,#3033,.T.);
#4265=ORIENTED_EDGE('',*,*,#3034,.T.);
#4266=ORIENTED_EDGE('',*,*,#3031,.T.);
#4267=ORIENTED_EDGE('',*,*,#3035,.T.);
#4268=ORIENTED_EDGE('',*,*,#3024,.T.);
#4269=ORIENTED_EDGE('',*,*,#3016,.T.);
#4270=ORIENTED_EDGE('',*,*,#3032,.T.);
#4271=ORIENTED_EDGE('',*,*,#3036,.T.);
#4272=ORIENTED_EDGE('',*,*,#3037,.F.);
#4273=ORIENTED_EDGE('',*,*,#3038,.F.);
#4274=ORIENTED_EDGE('',*,*,#3039,.F.);
#4275=ORIENTED_EDGE('',*,*,#3040,.T.);
#4276=ORIENTED_EDGE('',*,*,#3041,.T.);
#4277=ORIENTED_EDGE('',*,*,#3038,.T.);
#4278=ORIENTED_EDGE('',*,*,#3042,.T.);
#4279=ORIENTED_EDGE('',*,*,#3030,.T.);
#4280=ORIENTED_EDGE('',*,*,#3023,.T.);
#4281=ORIENTED_EDGE('',*,*,#3039,.T.);
#4282=ORIENTED_EDGE('',*,*,#3043,.T.);
#4283=ORIENTED_EDGE('',*,*,#3044,.F.);
#4284=ORIENTED_EDGE('',*,*,#3045,.F.);
#4285=ORIENTED_EDGE('',*,*,#3046,.F.);
#4286=ORIENTED_EDGE('',*,*,#3047,.T.);
#4287=ORIENTED_EDGE('',*,*,#3048,.T.);
#4288=ORIENTED_EDGE('',*,*,#3045,.T.);
#4289=ORIENTED_EDGE('',*,*,#3049,.T.);
#4290=ORIENTED_EDGE('',*,*,#3037,.T.);
#4291=ORIENTED_EDGE('',*,*,#3022,.T.);
#4292=ORIENTED_EDGE('',*,*,#3046,.T.);
#4293=ORIENTED_EDGE('',*,*,#3050,.T.);
#4294=ORIENTED_EDGE('',*,*,#3051,.F.);
#4295=ORIENTED_EDGE('',*,*,#3052,.F.);
#4296=ORIENTED_EDGE('',*,*,#3053,.F.);
#4297=ORIENTED_EDGE('',*,*,#3054,.T.);
#4298=ORIENTED_EDGE('',*,*,#3055,.T.);
#4299=ORIENTED_EDGE('',*,*,#3052,.T.);
#4300=ORIENTED_EDGE('',*,*,#3056,.T.);
#4301=ORIENTED_EDGE('',*,*,#3057,.F.);
#4302=ORIENTED_EDGE('',*,*,#3058,.F.);
#4303=ORIENTED_EDGE('',*,*,#3059,.F.);
#4304=ORIENTED_EDGE('',*,*,#3060,.T.);
#4305=ORIENTED_EDGE('',*,*,#3061,.T.);
#4306=ORIENTED_EDGE('',*,*,#3058,.T.);
#4307=ORIENTED_EDGE('',*,*,#3062,.T.);
#4308=ORIENTED_EDGE('',*,*,#3044,.T.);
#4309=ORIENTED_EDGE('',*,*,#3021,.T.);
#4310=ORIENTED_EDGE('',*,*,#3059,.T.);
#4311=ORIENTED_EDGE('',*,*,#3063,.T.);
#4312=ORIENTED_EDGE('',*,*,#3057,.T.);
#4313=ORIENTED_EDGE('',*,*,#3020,.T.);
#4314=ORIENTED_EDGE('',*,*,#3053,.T.);
#4315=ORIENTED_EDGE('',*,*,#3064,.T.);
#4316=ORIENTED_EDGE('',*,*,#3065,.T.);
#4317=ORIENTED_EDGE('',*,*,#3051,.T.);
#4318=ORIENTED_EDGE('',*,*,#3019,.T.);
#4319=ORIENTED_EDGE('',*,*,#3066,.T.);
#4320=ORIENTED_EDGE('',*,*,#3067,.T.);
#4321=ORIENTED_EDGE('',*,*,#3066,.F.);
#4322=ORIENTED_EDGE('',*,*,#3018,.T.);
#4323=ORIENTED_EDGE('',*,*,#3068,.T.);
#4324=ORIENTED_EDGE('',*,*,#3017,.T.);
#4325=ORIENTED_EDGE('',*,*,#3026,.T.);
#4326=ORIENTED_EDGE('',*,*,#3069,.T.);
#4327=ORIENTED_EDGE('',*,*,#3068,.F.);
#4328=ORIENTED_EDGE('',*,*,#3035,.F.);
#4329=ORIENTED_EDGE('',*,*,#3043,.F.);
#4330=ORIENTED_EDGE('',*,*,#3041,.F.);
#4331=ORIENTED_EDGE('',*,*,#3070,.F.);
#4332=ORIENTED_EDGE('',*,*,#3042,.F.);
#4333=ORIENTED_EDGE('',*,*,#3050,.F.);
#4334=ORIENTED_EDGE('',*,*,#3048,.F.);
#4335=ORIENTED_EDGE('',*,*,#3071,.F.);
#4336=ORIENTED_EDGE('',*,*,#3049,.F.);
#4337=ORIENTED_EDGE('',*,*,#3063,.F.);
#4338=ORIENTED_EDGE('',*,*,#3061,.F.);
#4339=ORIENTED_EDGE('',*,*,#3072,.F.);
#4340=ORIENTED_EDGE('',*,*,#3033,.F.);
#4341=ORIENTED_EDGE('',*,*,#3070,.T.);
#4342=ORIENTED_EDGE('',*,*,#3040,.F.);
#4343=ORIENTED_EDGE('',*,*,#3071,.T.);
#4344=ORIENTED_EDGE('',*,*,#3047,.F.);
#4345=ORIENTED_EDGE('',*,*,#3072,.T.);
#4346=ORIENTED_EDGE('',*,*,#3060,.F.);
#4347=ORIENTED_EDGE('',*,*,#3073,.T.);
#4348=ORIENTED_EDGE('',*,*,#3054,.F.);
#4349=ORIENTED_EDGE('',*,*,#3074,.T.);
#4350=ORIENTED_EDGE('',*,*,#3075,.T.);
#4351=ORIENTED_EDGE('',*,*,#3076,.T.);
#4352=ORIENTED_EDGE('',*,*,#3077,.T.);
#4353=ORIENTED_EDGE('',*,*,#3078,.T.);
#4354=ORIENTED_EDGE('',*,*,#3027,.F.);
#4355=ORIENTED_EDGE('',*,*,#3079,.T.);
#4356=ORIENTED_EDGE('',*,*,#3080,.T.);
#4357=ORIENTED_EDGE('',*,*,#3081,.T.);
#4358=ORIENTED_EDGE('',*,*,#3082,.T.);
#4359=ORIENTED_EDGE('',*,*,#3083,.T.);
#4360=ORIENTED_EDGE('',*,*,#2665,.T.);
#4361=ORIENTED_EDGE('',*,*,#2693,.T.);
#4362=ORIENTED_EDGE('',*,*,#2690,.T.);
#4363=ORIENTED_EDGE('',*,*,#2687,.T.);
#4364=ORIENTED_EDGE('',*,*,#2684,.T.);
#4365=ORIENTED_EDGE('',*,*,#2681,.T.);
#4366=ORIENTED_EDGE('',*,*,#2678,.T.);
#4367=ORIENTED_EDGE('',*,*,#2675,.T.);
#4368=ORIENTED_EDGE('',*,*,#2672,.T.);
#4369=ORIENTED_EDGE('',*,*,#2669,.T.);
#4370=ORIENTED_EDGE('',*,*,#3080,.F.);
#4371=ORIENTED_EDGE('',*,*,#3084,.T.);
#4372=ORIENTED_EDGE('',*,*,#3085,.F.);
#4373=ORIENTED_EDGE('',*,*,#3084,.F.);
#4374=ORIENTED_EDGE('',*,*,#3081,.F.);
#4375=ORIENTED_EDGE('',*,*,#3086,.T.);
#4376=ORIENTED_EDGE('',*,*,#3087,.F.);
#4377=ORIENTED_EDGE('',*,*,#3086,.F.);
#4378=ORIENTED_EDGE('',*,*,#3082,.F.);
#4379=ORIENTED_EDGE('',*,*,#3088,.T.);
#4380=ORIENTED_EDGE('',*,*,#3089,.F.);
#4381=ORIENTED_EDGE('',*,*,#3088,.F.);
#4382=ORIENTED_EDGE('',*,*,#3083,.F.);
#4383=ORIENTED_EDGE('',*,*,#3090,.T.);
#4384=ORIENTED_EDGE('',*,*,#3091,.F.);
#4385=ORIENTED_EDGE('',*,*,#3090,.F.);
#4386=ORIENTED_EDGE('',*,*,#3092,.F.);
#4387=ORIENTED_EDGE('',*,*,#3093,.T.);
#4388=ORIENTED_EDGE('',*,*,#3077,.F.);
#4389=ORIENTED_EDGE('',*,*,#3094,.F.);
#4390=ORIENTED_EDGE('',*,*,#3095,.F.);
#4391=ORIENTED_EDGE('',*,*,#3094,.T.);
#4392=ORIENTED_EDGE('',*,*,#3076,.F.);
#4393=ORIENTED_EDGE('',*,*,#3096,.F.);
#4394=ORIENTED_EDGE('',*,*,#3097,.F.);
#4395=ORIENTED_EDGE('',*,*,#3096,.T.);
#4396=ORIENTED_EDGE('',*,*,#3075,.F.);
#4397=ORIENTED_EDGE('',*,*,#3098,.F.);
#4398=ORIENTED_EDGE('',*,*,#3091,.T.);
#4399=ORIENTED_EDGE('',*,*,#3089,.T.);
#4400=ORIENTED_EDGE('',*,*,#3087,.T.);
#4401=ORIENTED_EDGE('',*,*,#3085,.T.);
#4402=ORIENTED_EDGE('',*,*,#3034,.F.);
#4403=ORIENTED_EDGE('',*,*,#3079,.F.);
#4404=ORIENTED_EDGE('',*,*,#3029,.F.);
#4405=ORIENTED_EDGE('',*,*,#3036,.F.);
#4406=ORIENTED_EDGE('',*,*,#3055,.F.);
#4407=ORIENTED_EDGE('',*,*,#3073,.F.);
#4408=ORIENTED_EDGE('',*,*,#3062,.F.);
#4409=ORIENTED_EDGE('',*,*,#3064,.F.);
#4410=ORIENTED_EDGE('',*,*,#3065,.F.);
#4411=ORIENTED_EDGE('',*,*,#3099,.F.);
#4412=ORIENTED_EDGE('',*,*,#3100,.F.);
#4413=ORIENTED_EDGE('',*,*,#3098,.T.);
#4414=ORIENTED_EDGE('',*,*,#3074,.F.);
#4415=ORIENTED_EDGE('',*,*,#3056,.F.);
#4416=ORIENTED_EDGE('',*,*,#3067,.F.);
#4417=ORIENTED_EDGE('',*,*,#3101,.F.);
#4418=ORIENTED_EDGE('',*,*,#3102,.T.);
#4419=ORIENTED_EDGE('',*,*,#3099,.T.);
#4420=ORIENTED_EDGE('',*,*,#3028,.F.);
#4421=ORIENTED_EDGE('',*,*,#3078,.F.);
#4422=ORIENTED_EDGE('',*,*,#3093,.F.);
#4423=ORIENTED_EDGE('',*,*,#3103,.T.);
#4424=ORIENTED_EDGE('',*,*,#3101,.T.);
#4425=ORIENTED_EDGE('',*,*,#3069,.F.);
#4426=ORIENTED_EDGE('',*,*,#3100,.T.);
#4427=ORIENTED_EDGE('',*,*,#3102,.F.);
#4428=ORIENTED_EDGE('',*,*,#3103,.F.);
#4429=ORIENTED_EDGE('',*,*,#3092,.T.);
#4430=ORIENTED_EDGE('',*,*,#3095,.T.);
#4431=ORIENTED_EDGE('',*,*,#3097,.T.);
#4432=ORIENTED_EDGE('',*,*,#3104,.T.);
#4433=ORIENTED_EDGE('',*,*,#3105,.T.);
#4434=ORIENTED_EDGE('',*,*,#3106,.T.);
#4435=ORIENTED_EDGE('',*,*,#3107,.T.);
#4436=ORIENTED_EDGE('',*,*,#3105,.F.);
#4437=ORIENTED_EDGE('',*,*,#3108,.T.);
#4438=ORIENTED_EDGE('',*,*,#3109,.F.);
#4439=ORIENTED_EDGE('',*,*,#3110,.F.);
#4440=ORIENTED_EDGE('',*,*,#3111,.T.);
#4441=ORIENTED_EDGE('',*,*,#3112,.T.);
#4442=ORIENTED_EDGE('',*,*,#3113,.T.);
#4443=ORIENTED_EDGE('',*,*,#3109,.T.);
#4444=ORIENTED_EDGE('',*,*,#3112,.F.);
#4445=ORIENTED_EDGE('',*,*,#3114,.T.);
#4446=ORIENTED_EDGE('',*,*,#3115,.F.);
#4447=ORIENTED_EDGE('',*,*,#3116,.F.);
#4448=ORIENTED_EDGE('',*,*,#3117,.T.);
#4449=ORIENTED_EDGE('',*,*,#3118,.T.);
#4450=ORIENTED_EDGE('',*,*,#3119,.T.);
#4451=ORIENTED_EDGE('',*,*,#3115,.T.);
#4452=ORIENTED_EDGE('',*,*,#3118,.F.);
#4453=ORIENTED_EDGE('',*,*,#3120,.T.);
#4454=ORIENTED_EDGE('',*,*,#3121,.F.);
#4455=ORIENTED_EDGE('',*,*,#3122,.F.);
#4456=ORIENTED_EDGE('',*,*,#3123,.T.);
#4457=ORIENTED_EDGE('',*,*,#3124,.T.);
#4458=ORIENTED_EDGE('',*,*,#3125,.T.);
#4459=ORIENTED_EDGE('',*,*,#3121,.T.);
#4460=ORIENTED_EDGE('',*,*,#3107,.F.);
#4461=ORIENTED_EDGE('',*,*,#3126,.F.);
#4462=ORIENTED_EDGE('',*,*,#3124,.F.);
#4463=ORIENTED_EDGE('',*,*,#3127,.T.);
#4464=ORIENTED_EDGE('',*,*,#3128,.T.);
#4465=ORIENTED_EDGE('',*,*,#3129,.T.);
#4466=ORIENTED_EDGE('',*,*,#3130,.T.);
#4467=ORIENTED_EDGE('',*,*,#3131,.T.);
#4468=ORIENTED_EDGE('',*,*,#3130,.F.);
#4469=ORIENTED_EDGE('',*,*,#3132,.F.);
#4470=ORIENTED_EDGE('',*,*,#3133,.F.);
#4471=ORIENTED_EDGE('',*,*,#3134,.F.);
#4472=ORIENTED_EDGE('',*,*,#3135,.F.);
#4473=ORIENTED_EDGE('',*,*,#3136,.T.);
#4474=ORIENTED_EDGE('',*,*,#3137,.F.);
#4475=ORIENTED_EDGE('',*,*,#3138,.T.);
#4476=ORIENTED_EDGE('',*,*,#3139,.F.);
#4477=ORIENTED_EDGE('',*,*,#3140,.T.);
#4478=ORIENTED_EDGE('',*,*,#3141,.F.);
#4479=ORIENTED_EDGE('',*,*,#3142,.F.);
#4480=ORIENTED_EDGE('',*,*,#3143,.F.);
#4481=ORIENTED_EDGE('',*,*,#3144,.F.);
#4482=ORIENTED_EDGE('',*,*,#3145,.F.);
#4483=ORIENTED_EDGE('',*,*,#3146,.F.);
#4484=ORIENTED_EDGE('',*,*,#3147,.F.);
#4485=ORIENTED_EDGE('',*,*,#3148,.F.);
#4486=ORIENTED_EDGE('',*,*,#3149,.F.);
#4487=ORIENTED_EDGE('',*,*,#3150,.F.);
#4488=ORIENTED_EDGE('',*,*,#3151,.F.);
#4489=ORIENTED_EDGE('',*,*,#3152,.F.);
#4490=ORIENTED_EDGE('',*,*,#3153,.F.);
#4491=ORIENTED_EDGE('',*,*,#3154,.F.);
#4492=ORIENTED_EDGE('',*,*,#3155,.F.);
#4493=ORIENTED_EDGE('',*,*,#3156,.F.);
#4494=ORIENTED_EDGE('',*,*,#3157,.F.);
#4495=ORIENTED_EDGE('',*,*,#3158,.F.);
#4496=ORIENTED_EDGE('',*,*,#3159,.F.);
#4497=ORIENTED_EDGE('',*,*,#3160,.F.);
#4498=ORIENTED_EDGE('',*,*,#3161,.F.);
#4499=ORIENTED_EDGE('',*,*,#3162,.F.);
#4500=ORIENTED_EDGE('',*,*,#3163,.F.);
#4501=ORIENTED_EDGE('',*,*,#3164,.F.);
#4502=ORIENTED_EDGE('',*,*,#3165,.F.);
#4503=ORIENTED_EDGE('',*,*,#3166,.F.);
#4504=ORIENTED_EDGE('',*,*,#3167,.F.);
#4505=ORIENTED_EDGE('',*,*,#3168,.F.);
#4506=ORIENTED_EDGE('',*,*,#3169,.F.);
#4507=ORIENTED_EDGE('',*,*,#3170,.F.);
#4508=ORIENTED_EDGE('',*,*,#3171,.F.);
#4509=ORIENTED_EDGE('',*,*,#3172,.F.);
#4510=ORIENTED_EDGE('',*,*,#3173,.F.);
#4511=ORIENTED_EDGE('',*,*,#3104,.F.);
#4512=ORIENTED_EDGE('',*,*,#3127,.F.);
#4513=ORIENTED_EDGE('',*,*,#3123,.F.);
#4514=ORIENTED_EDGE('',*,*,#3120,.F.);
#4515=ORIENTED_EDGE('',*,*,#3117,.F.);
#4516=ORIENTED_EDGE('',*,*,#3114,.F.);
#4517=ORIENTED_EDGE('',*,*,#3111,.F.);
#4518=ORIENTED_EDGE('',*,*,#3108,.F.);
#4519=ORIENTED_EDGE('',*,*,#3174,.F.);
#4520=ORIENTED_EDGE('',*,*,#3175,.F.);
#4521=ORIENTED_EDGE('',*,*,#3176,.F.);
#4522=ORIENTED_EDGE('',*,*,#3177,.F.);
#4523=ORIENTED_EDGE('',*,*,#3178,.F.);
#4524=ORIENTED_EDGE('',*,*,#3179,.F.);
#4525=ORIENTED_EDGE('',*,*,#3180,.F.);
#4526=ORIENTED_EDGE('',*,*,#3181,.F.);
#4527=ORIENTED_EDGE('',*,*,#3182,.F.);
#4528=ORIENTED_EDGE('',*,*,#3129,.F.);
#4529=ORIENTED_EDGE('',*,*,#3183,.F.);
#4530=ORIENTED_EDGE('',*,*,#3184,.F.);
#4531=ORIENTED_EDGE('',*,*,#3132,.T.);
#4532=ORIENTED_EDGE('',*,*,#3185,.T.);
#4533=ORIENTED_EDGE('',*,*,#3186,.T.);
#4534=ORIENTED_EDGE('',*,*,#3133,.T.);
#4535=ORIENTED_EDGE('',*,*,#3184,.T.);
#4536=ORIENTED_EDGE('',*,*,#3187,.T.);
#4537=ORIENTED_EDGE('',*,*,#3188,.T.);
#4538=ORIENTED_EDGE('',*,*,#3135,.T.);
#4539=ORIENTED_EDGE('',*,*,#3189,.T.);
#4540=ORIENTED_EDGE('',*,*,#3188,.F.);
#4541=ORIENTED_EDGE('',*,*,#3190,.F.);
#4542=ORIENTED_EDGE('',*,*,#3191,.F.);
#4543=ORIENTED_EDGE('',*,*,#3136,.F.);
#4544=ORIENTED_EDGE('',*,*,#3137,.T.);
#4545=ORIENTED_EDGE('',*,*,#3191,.T.);
#4546=ORIENTED_EDGE('',*,*,#3192,.T.);
#4547=ORIENTED_EDGE('',*,*,#3193,.T.);
#4548=ORIENTED_EDGE('',*,*,#3194,.T.);
#4549=ORIENTED_EDGE('',*,*,#3195,.T.);
#4550=ORIENTED_EDGE('',*,*,#3145,.T.);
#4551=ORIENTED_EDGE('',*,*,#3196,.T.);
#4552=ORIENTED_EDGE('',*,*,#3196,.F.);
#4553=ORIENTED_EDGE('',*,*,#3144,.T.);
#4554=ORIENTED_EDGE('',*,*,#3197,.F.);
#4555=ORIENTED_EDGE('',*,*,#3198,.F.);
#4556=ORIENTED_EDGE('',*,*,#3199,.T.);
#4557=ORIENTED_EDGE('',*,*,#3197,.T.);
#4558=ORIENTED_EDGE('',*,*,#3143,.T.);
#4559=ORIENTED_EDGE('',*,*,#3200,.T.);
#4560=ORIENTED_EDGE('',*,*,#3200,.F.);
#4561=ORIENTED_EDGE('',*,*,#3142,.T.);
#4562=ORIENTED_EDGE('',*,*,#3201,.F.);
#4563=ORIENTED_EDGE('',*,*,#3202,.F.);
#4564=ORIENTED_EDGE('',*,*,#3203,.T.);
#4565=ORIENTED_EDGE('',*,*,#3201,.T.);
#4566=ORIENTED_EDGE('',*,*,#3141,.T.);
#4567=ORIENTED_EDGE('',*,*,#3204,.T.);
#4568=ORIENTED_EDGE('',*,*,#3139,.T.);
#4569=ORIENTED_EDGE('',*,*,#3205,.T.);
#4570=ORIENTED_EDGE('',*,*,#3206,.T.);
#4571=ORIENTED_EDGE('',*,*,#3207,.T.);
#4572=ORIENTED_EDGE('',*,*,#3193,.F.);
#4573=ORIENTED_EDGE('',*,*,#3208,.F.);
#4574=ORIENTED_EDGE('',*,*,#3205,.F.);
#4575=ORIENTED_EDGE('',*,*,#3138,.F.);
#4576=ORIENTED_EDGE('',*,*,#3176,.T.);
#4577=ORIENTED_EDGE('',*,*,#3209,.T.);
#4578=ORIENTED_EDGE('',*,*,#3210,.F.);
#4579=ORIENTED_EDGE('',*,*,#3211,.F.);
#4580=ORIENTED_EDGE('',*,*,#3177,.T.);
#4581=ORIENTED_EDGE('',*,*,#3211,.T.);
#4582=ORIENTED_EDGE('',*,*,#3212,.F.);
#4583=ORIENTED_EDGE('',*,*,#3213,.F.);
#4584=ORIENTED_EDGE('',*,*,#3178,.T.);
#4585=ORIENTED_EDGE('',*,*,#3213,.T.);
#4586=ORIENTED_EDGE('',*,*,#3214,.F.);
#4587=ORIENTED_EDGE('',*,*,#3215,.F.);
#4588=ORIENTED_EDGE('',*,*,#3179,.T.);
#4589=ORIENTED_EDGE('',*,*,#3215,.T.);
#4590=ORIENTED_EDGE('',*,*,#3216,.F.);
#4591=ORIENTED_EDGE('',*,*,#3217,.F.);
#4592=ORIENTED_EDGE('',*,*,#3180,.T.);
#4593=ORIENTED_EDGE('',*,*,#3217,.T.);
#4594=ORIENTED_EDGE('',*,*,#3218,.F.);
#4595=ORIENTED_EDGE('',*,*,#3219,.F.);
#4596=ORIENTED_EDGE('',*,*,#3181,.T.);
#4597=ORIENTED_EDGE('',*,*,#3219,.T.);
#4598=ORIENTED_EDGE('',*,*,#3220,.F.);
#4599=ORIENTED_EDGE('',*,*,#3221,.F.);
#4600=ORIENTED_EDGE('',*,*,#3182,.T.);
#4601=ORIENTED_EDGE('',*,*,#3221,.T.);
#4602=ORIENTED_EDGE('',*,*,#3222,.F.);
#4603=ORIENTED_EDGE('',*,*,#3223,.F.);
#4604=ORIENTED_EDGE('',*,*,#3175,.T.);
#4605=ORIENTED_EDGE('',*,*,#3223,.T.);
#4606=ORIENTED_EDGE('',*,*,#3224,.F.);
#4607=ORIENTED_EDGE('',*,*,#3209,.F.);
#4608=ORIENTED_EDGE('',*,*,#3225,.F.);
#4609=ORIENTED_EDGE('',*,*,#3226,.T.);
#4610=ORIENTED_EDGE('',*,*,#3174,.T.);
#4611=ORIENTED_EDGE('',*,*,#3226,.F.);
#4612=ORIENTED_EDGE('',*,*,#3167,.T.);
#4613=ORIENTED_EDGE('',*,*,#3227,.T.);
#4614=ORIENTED_EDGE('',*,*,#3228,.F.);
#4615=ORIENTED_EDGE('',*,*,#3229,.F.);
#4616=ORIENTED_EDGE('',*,*,#3168,.T.);
#4617=ORIENTED_EDGE('',*,*,#3229,.T.);
#4618=ORIENTED_EDGE('',*,*,#3230,.F.);
#4619=ORIENTED_EDGE('',*,*,#3231,.F.);
#4620=ORIENTED_EDGE('',*,*,#3169,.T.);
#4621=ORIENTED_EDGE('',*,*,#3231,.T.);
#4622=ORIENTED_EDGE('',*,*,#3232,.F.);
#4623=ORIENTED_EDGE('',*,*,#3233,.F.);
#4624=ORIENTED_EDGE('',*,*,#3170,.T.);
#4625=ORIENTED_EDGE('',*,*,#3233,.T.);
#4626=ORIENTED_EDGE('',*,*,#3234,.F.);
#4627=ORIENTED_EDGE('',*,*,#3235,.F.);
#4628=ORIENTED_EDGE('',*,*,#3171,.T.);
#4629=ORIENTED_EDGE('',*,*,#3235,.T.);
#4630=ORIENTED_EDGE('',*,*,#3236,.F.);
#4631=ORIENTED_EDGE('',*,*,#3237,.F.);
#4632=ORIENTED_EDGE('',*,*,#3172,.T.);
#4633=ORIENTED_EDGE('',*,*,#3237,.T.);
#4634=ORIENTED_EDGE('',*,*,#3238,.F.);
#4635=ORIENTED_EDGE('',*,*,#3239,.F.);
#4636=ORIENTED_EDGE('',*,*,#3173,.T.);
#4637=ORIENTED_EDGE('',*,*,#3239,.T.);
#4638=ORIENTED_EDGE('',*,*,#3240,.F.);
#4639=ORIENTED_EDGE('',*,*,#3241,.F.);
#4640=ORIENTED_EDGE('',*,*,#3166,.T.);
#4641=ORIENTED_EDGE('',*,*,#3241,.T.);
#4642=ORIENTED_EDGE('',*,*,#3242,.F.);
#4643=ORIENTED_EDGE('',*,*,#3227,.F.);
#4644=ORIENTED_EDGE('',*,*,#3243,.F.);
#4645=ORIENTED_EDGE('',*,*,#3244,.T.);
#4646=ORIENTED_EDGE('',*,*,#3165,.T.);
#4647=ORIENTED_EDGE('',*,*,#3244,.F.);
#4648=ORIENTED_EDGE('',*,*,#3245,.F.);
#4649=ORIENTED_EDGE('',*,*,#3246,.T.);
#4650=ORIENTED_EDGE('',*,*,#3164,.T.);
#4651=ORIENTED_EDGE('',*,*,#3246,.F.);
#4652=ORIENTED_EDGE('',*,*,#3157,.T.);
#4653=ORIENTED_EDGE('',*,*,#3247,.T.);
#4654=ORIENTED_EDGE('',*,*,#3248,.F.);
#4655=ORIENTED_EDGE('',*,*,#3249,.F.);
#4656=ORIENTED_EDGE('',*,*,#3158,.T.);
#4657=ORIENTED_EDGE('',*,*,#3249,.T.);
#4658=ORIENTED_EDGE('',*,*,#3250,.F.);
#4659=ORIENTED_EDGE('',*,*,#3251,.F.);
#4660=ORIENTED_EDGE('',*,*,#3159,.T.);
#4661=ORIENTED_EDGE('',*,*,#3251,.T.);
#4662=ORIENTED_EDGE('',*,*,#3252,.F.);
#4663=ORIENTED_EDGE('',*,*,#3253,.F.);
#4664=ORIENTED_EDGE('',*,*,#3160,.T.);
#4665=ORIENTED_EDGE('',*,*,#3253,.T.);
#4666=ORIENTED_EDGE('',*,*,#3254,.F.);
#4667=ORIENTED_EDGE('',*,*,#3255,.F.);
#4668=ORIENTED_EDGE('',*,*,#3161,.T.);
#4669=ORIENTED_EDGE('',*,*,#3255,.T.);
#4670=ORIENTED_EDGE('',*,*,#3256,.F.);
#4671=ORIENTED_EDGE('',*,*,#3257,.F.);
#4672=ORIENTED_EDGE('',*,*,#3162,.T.);
#4673=ORIENTED_EDGE('',*,*,#3257,.T.);
#4674=ORIENTED_EDGE('',*,*,#3258,.F.);
#4675=ORIENTED_EDGE('',*,*,#3259,.F.);
#4676=ORIENTED_EDGE('',*,*,#3163,.T.);
#4677=ORIENTED_EDGE('',*,*,#3259,.T.);
#4678=ORIENTED_EDGE('',*,*,#3260,.F.);
#4679=ORIENTED_EDGE('',*,*,#3261,.F.);
#4680=ORIENTED_EDGE('',*,*,#3156,.T.);
#4681=ORIENTED_EDGE('',*,*,#3261,.T.);
#4682=ORIENTED_EDGE('',*,*,#3262,.F.);
#4683=ORIENTED_EDGE('',*,*,#3247,.F.);
#4684=ORIENTED_EDGE('',*,*,#3149,.T.);
#4685=ORIENTED_EDGE('',*,*,#3263,.T.);
#4686=ORIENTED_EDGE('',*,*,#3264,.F.);
#4687=ORIENTED_EDGE('',*,*,#3265,.F.);
#4688=ORIENTED_EDGE('',*,*,#3150,.T.);
#4689=ORIENTED_EDGE('',*,*,#3265,.T.);
#4690=ORIENTED_EDGE('',*,*,#3266,.F.);
#4691=ORIENTED_EDGE('',*,*,#3267,.F.);
#4692=ORIENTED_EDGE('',*,*,#3151,.T.);
#4693=ORIENTED_EDGE('',*,*,#3267,.T.);
#4694=ORIENTED_EDGE('',*,*,#3268,.F.);
#4695=ORIENTED_EDGE('',*,*,#3269,.F.);
#4696=ORIENTED_EDGE('',*,*,#3152,.T.);
#4697=ORIENTED_EDGE('',*,*,#3269,.T.);
#4698=ORIENTED_EDGE('',*,*,#3270,.F.);
#4699=ORIENTED_EDGE('',*,*,#3271,.F.);
#4700=ORIENTED_EDGE('',*,*,#3153,.T.);
#4701=ORIENTED_EDGE('',*,*,#3271,.T.);
#4702=ORIENTED_EDGE('',*,*,#3272,.F.);
#4703=ORIENTED_EDGE('',*,*,#3273,.F.);
#4704=ORIENTED_EDGE('',*,*,#3154,.T.);
#4705=ORIENTED_EDGE('',*,*,#3273,.T.);
#4706=ORIENTED_EDGE('',*,*,#3274,.F.);
#4707=ORIENTED_EDGE('',*,*,#3275,.F.);
#4708=ORIENTED_EDGE('',*,*,#3155,.T.);
#4709=ORIENTED_EDGE('',*,*,#3275,.T.);
#4710=ORIENTED_EDGE('',*,*,#3276,.F.);
#4711=ORIENTED_EDGE('',*,*,#3277,.F.);
#4712=ORIENTED_EDGE('',*,*,#3148,.T.);
#4713=ORIENTED_EDGE('',*,*,#3277,.T.);
#4714=ORIENTED_EDGE('',*,*,#3278,.F.);
#4715=ORIENTED_EDGE('',*,*,#3263,.F.);
#4716=ORIENTED_EDGE('',*,*,#3279,.F.);
#4717=ORIENTED_EDGE('',*,*,#3280,.T.);
#4718=ORIENTED_EDGE('',*,*,#3147,.T.);
#4719=ORIENTED_EDGE('',*,*,#3280,.F.);
#4720=ORIENTED_EDGE('',*,*,#3204,.F.);
#4721=ORIENTED_EDGE('',*,*,#3140,.F.);
#4722=ORIENTED_EDGE('',*,*,#3207,.F.);
#4723=ORIENTED_EDGE('',*,*,#3281,.F.);
#4724=ORIENTED_EDGE('',*,*,#3131,.F.);
#4725=ORIENTED_EDGE('',*,*,#3146,.T.);
#4726=ORIENTED_EDGE('',*,*,#3195,.F.);
#4727=ORIENTED_EDGE('',*,*,#3282,.F.);
#4728=ORIENTED_EDGE('',*,*,#3186,.F.);
#4729=ORIENTED_EDGE('',*,*,#3283,.F.);
#4730=ORIENTED_EDGE('',*,*,#3189,.F.);
#4731=ORIENTED_EDGE('',*,*,#3134,.T.);
#4732=ORIENTED_EDGE('',*,*,#3128,.F.);
#4733=ORIENTED_EDGE('',*,*,#3282,.T.);
#4734=ORIENTED_EDGE('',*,*,#3194,.F.);
#4735=ORIENTED_EDGE('',*,*,#3198,.T.);
#4736=ORIENTED_EDGE('',*,*,#3199,.F.);
#4737=ORIENTED_EDGE('',*,*,#3202,.T.);
#4738=ORIENTED_EDGE('',*,*,#3203,.F.);
#4739=ORIENTED_EDGE('',*,*,#3281,.T.);
#4740=ORIENTED_EDGE('',*,*,#3206,.F.);
#4741=ORIENTED_EDGE('',*,*,#3208,.T.);
#4742=ORIENTED_EDGE('',*,*,#3192,.F.);
#4743=ORIENTED_EDGE('',*,*,#3190,.T.);
#4744=ORIENTED_EDGE('',*,*,#3187,.F.);
#4745=ORIENTED_EDGE('',*,*,#3283,.T.);
#4746=ORIENTED_EDGE('',*,*,#3185,.F.);
#4747=ORIENTED_EDGE('',*,*,#3183,.T.);
#4748=ORIENTED_EDGE('',*,*,#3279,.T.);
#4749=ORIENTED_EDGE('',*,*,#3278,.T.);
#4750=ORIENTED_EDGE('',*,*,#3276,.T.);
#4751=ORIENTED_EDGE('',*,*,#3274,.T.);
#4752=ORIENTED_EDGE('',*,*,#3272,.T.);
#4753=ORIENTED_EDGE('',*,*,#3270,.T.);
#4754=ORIENTED_EDGE('',*,*,#3268,.T.);
#4755=ORIENTED_EDGE('',*,*,#3266,.T.);
#4756=ORIENTED_EDGE('',*,*,#3264,.T.);
#4757=ORIENTED_EDGE('',*,*,#3262,.T.);
#4758=ORIENTED_EDGE('',*,*,#3260,.T.);
#4759=ORIENTED_EDGE('',*,*,#3258,.T.);
#4760=ORIENTED_EDGE('',*,*,#3256,.T.);
#4761=ORIENTED_EDGE('',*,*,#3254,.T.);
#4762=ORIENTED_EDGE('',*,*,#3252,.T.);
#4763=ORIENTED_EDGE('',*,*,#3250,.T.);
#4764=ORIENTED_EDGE('',*,*,#3248,.T.);
#4765=ORIENTED_EDGE('',*,*,#3245,.T.);
#4766=ORIENTED_EDGE('',*,*,#3243,.T.);
#4767=ORIENTED_EDGE('',*,*,#3242,.T.);
#4768=ORIENTED_EDGE('',*,*,#3240,.T.);
#4769=ORIENTED_EDGE('',*,*,#3238,.T.);
#4770=ORIENTED_EDGE('',*,*,#3236,.T.);
#4771=ORIENTED_EDGE('',*,*,#3234,.T.);
#4772=ORIENTED_EDGE('',*,*,#3232,.T.);
#4773=ORIENTED_EDGE('',*,*,#3230,.T.);
#4774=ORIENTED_EDGE('',*,*,#3228,.T.);
#4775=ORIENTED_EDGE('',*,*,#3110,.T.);
#4776=ORIENTED_EDGE('',*,*,#3113,.F.);
#4777=ORIENTED_EDGE('',*,*,#3116,.T.);
#4778=ORIENTED_EDGE('',*,*,#3119,.F.);
#4779=ORIENTED_EDGE('',*,*,#3122,.T.);
#4780=ORIENTED_EDGE('',*,*,#3125,.F.);
#4781=ORIENTED_EDGE('',*,*,#3126,.T.);
#4782=ORIENTED_EDGE('',*,*,#3106,.F.);
#4783=ORIENTED_EDGE('',*,*,#3225,.T.);
#4784=ORIENTED_EDGE('',*,*,#3224,.T.);
#4785=ORIENTED_EDGE('',*,*,#3222,.T.);
#4786=ORIENTED_EDGE('',*,*,#3220,.T.);
#4787=ORIENTED_EDGE('',*,*,#3218,.T.);
#4788=ORIENTED_EDGE('',*,*,#3216,.T.);
#4789=ORIENTED_EDGE('',*,*,#3214,.T.);
#4790=ORIENTED_EDGE('',*,*,#3212,.T.);
#4791=ORIENTED_EDGE('',*,*,#3210,.T.);
#4792=ORIENTED_EDGE('',*,*,#3284,.T.);
#4793=ORIENTED_EDGE('',*,*,#3285,.T.);
#4794=ORIENTED_EDGE('',*,*,#3286,.F.);
#4795=ORIENTED_EDGE('',*,*,#3287,.F.);
#4796=ORIENTED_EDGE('',*,*,#3288,.T.);
#4797=ORIENTED_EDGE('',*,*,#3287,.T.);
#4798=ORIENTED_EDGE('',*,*,#3289,.F.);
#4799=ORIENTED_EDGE('',*,*,#3290,.F.);
#4800=ORIENTED_EDGE('',*,*,#3291,.T.);
#4801=ORIENTED_EDGE('',*,*,#3290,.T.);
#4802=ORIENTED_EDGE('',*,*,#3292,.F.);
#4803=ORIENTED_EDGE('',*,*,#3293,.F.);
#4804=ORIENTED_EDGE('',*,*,#3294,.T.);
#4805=ORIENTED_EDGE('',*,*,#3293,.T.);
#4806=ORIENTED_EDGE('',*,*,#3295,.F.);
#4807=ORIENTED_EDGE('',*,*,#3285,.F.);
#4808=ORIENTED_EDGE('',*,*,#3295,.T.);
#4809=ORIENTED_EDGE('',*,*,#3292,.T.);
#4810=ORIENTED_EDGE('',*,*,#3289,.T.);
#4811=ORIENTED_EDGE('',*,*,#3286,.T.);
#4812=ORIENTED_EDGE('',*,*,#3294,.F.);
#4813=ORIENTED_EDGE('',*,*,#3284,.F.);
#4814=ORIENTED_EDGE('',*,*,#3288,.F.);
#4815=ORIENTED_EDGE('',*,*,#3291,.F.);
#4816=B_SPLINE_SURFACE_WITH_KNOTS('',3,1,((#6327,#6328),(#6329,#6330),(#6331,
#6332),(#6333,#6334),(#6335,#6336)),.UNSPECIFIED.,.F.,.F.,.F.,(4,1,4),(2,
2),(0.,0.0501058864809835,0.0904680334386425),(0.,0.02),.UNSPECIFIED.);
#4817=B_SPLINE_SURFACE_WITH_KNOTS('',3,1,((#6353,#6354),(#6355,#6356),(#6357,
#6358),(#6359,#6360),(#6361,#6362)),.UNSPECIFIED.,.F.,.F.,.F.,(4,1,4),(2,
2),(0.,0.0301307856339455,0.0625994919518499),(0.,0.02),.UNSPECIFIED.);
#4818=B_SPLINE_SURFACE_WITH_KNOTS('',3,1,((#6376,#6377),(#6378,#6379),(#6380,
#6381),(#6382,#6383),(#6384,#6385)),.UNSPECIFIED.,.F.,.F.,.F.,(4,1,4),(2,
2),(0.,0.0260030304018247,0.0538159620328232),(0.,0.02),.UNSPECIFIED.);
#4819=B_SPLINE_SURFACE_WITH_KNOTS('',3,1,((#6399,#6400),(#6401,#6402),(#6403,
#6404),(#6405,#6406),(#6407,#6408)),.UNSPECIFIED.,.F.,.F.,.F.,(4,1,4),(2,
2),(0.,0.0241078976766233,0.0489582005537831),(0.,0.02),.UNSPECIFIED.);
#4820=B_SPLINE_SURFACE_WITH_KNOTS('',3,1,((#6422,#6423),(#6424,#6425),(#6426,
#6427),(#6428,#6429),(#6430,#6431)),.UNSPECIFIED.,.F.,.F.,.F.,(4,1,4),(2,
2),(0.,0.0209052959766831,0.0441470412150363),(0.,0.02),.UNSPECIFIED.);
#4821=B_SPLINE_SURFACE_WITH_KNOTS('',3,1,((#6445,#6446),(#6447,#6448),(#6449,
#6450),(#6451,#6452),(#6453,#6454)),.UNSPECIFIED.,.F.,.F.,.F.,(4,1,4),(2,
2),(0.,0.0213616890335782,0.0417757287399357),(0.,0.02),.UNSPECIFIED.);
#4822=B_SPLINE_SURFACE_WITH_KNOTS('',3,1,((#6468,#6469),(#6470,#6471),(#6472,
#6473),(#6474,#6475),(#6476,#6477)),.UNSPECIFIED.,.F.,.F.,.F.,(4,1,4),(2,
2),(0.,0.0460101143249325,0.076236819793081),(0.,0.02),.UNSPECIFIED.);
#4823=B_SPLINE_SURFACE_WITH_KNOTS('',3,1,((#6491,#6492),(#6493,#6494),(#6495,
#6496),(#6497,#6498),(#6499,#6500)),.UNSPECIFIED.,.F.,.F.,.F.,(4,1,4),(2,
2),(0.,0.0152108666071834,0.0451665428233868),(0.,0.02),.UNSPECIFIED.);
#4824=B_SPLINE_SURFACE_WITH_KNOTS('',3,1,((#6514,#6515),(#6516,#6517),(#6518,
#6519),(#6520,#6521),(#6522,#6523)),.UNSPECIFIED.,.F.,.F.,.F.,(4,1,4),(2,
2),(0.,0.0105686171838878,0.023139975950417),(0.,0.02),.UNSPECIFIED.);
#4825=B_SPLINE_SURFACE_WITH_KNOTS('',3,1,((#6537,#6538),(#6539,#6540),(#6541,
#6542),(#6543,#6544),(#6545,#6546)),.UNSPECIFIED.,.F.,.F.,.F.,(4,1,4),(2,
2),(0.,0.00919558016653783,0.0184777879050703),(0.,0.02),.UNSPECIFIED.);
#4826=B_SPLINE_SURFACE_WITH_KNOTS('',3,1,((#6560,#6561),(#6562,#6563),(#6564,
#6565),(#6566,#6567),(#6568,#6569)),.UNSPECIFIED.,.F.,.F.,.F.,(4,1,4),(2,
2),(0.,0.0162806731132211,0.0307900855289827),(0.,0.02),.UNSPECIFIED.);
#4827=B_SPLINE_SURFACE_WITH_KNOTS('',3,1,((#6583,#6584),(#6585,#6586),(#6587,
#6588),(#6589,#6590),(#6591,#6592)),.UNSPECIFIED.,.F.,.F.,.F.,(4,1,4),(2,
2),(0.,0.0291250401736118,0.0501736983204275),(0.,0.02),.UNSPECIFIED.);
#4828=B_SPLINE_SURFACE_WITH_KNOTS('',3,1,((#6606,#6607),(#6608,#6609),(#6610,
#6611),(#6612,#6613),(#6614,#6615)),.UNSPECIFIED.,.F.,.F.,.F.,(4,1,4),(2,
2),(0.,0.0211404760539032,0.0467427714903001),(0.,0.02),.UNSPECIFIED.);
#4829=B_SPLINE_SURFACE_WITH_KNOTS('',3,1,((#6629,#6630),(#6631,#6632),(#6633,
#6634),(#6635,#6636),(#6637,#6638)),.UNSPECIFIED.,.F.,.F.,.F.,(4,1,4),(2,
2),(0.,0.0209143613458219,0.0404998938787773),(0.,0.02),.UNSPECIFIED.);
#4830=B_SPLINE_SURFACE_WITH_KNOTS('',3,1,((#6658,#6659),(#6660,#6661),(#6662,
#6663),(#6664,#6665),(#6666,#6667)),.UNSPECIFIED.,.F.,.F.,.F.,(4,1,4),(2,
2),(0.,0.0221833495502129,0.0482907883404929),(0.,0.02),.UNSPECIFIED.);
#4831=B_SPLINE_SURFACE_WITH_KNOTS('',3,1,((#6681,#6682),(#6683,#6684),(#6685,
#6686),(#6687,#6688),(#6689,#6690)),.UNSPECIFIED.,.F.,.F.,.F.,(4,1,4),(2,
2),(0.,0.025214992964978,0.0469245392552442),(0.,0.02),.UNSPECIFIED.);
#4832=B_SPLINE_SURFACE_WITH_KNOTS('',3,1,((#6704,#6705),(#6706,#6707),(#6708,
#6709),(#6710,#6711),(#6712,#6713)),.UNSPECIFIED.,.F.,.F.,.F.,(4,1,4),(2,
2),(0.,0.0321199412687051,0.0609422680653401),(0.,0.02),.UNSPECIFIED.);
#4833=B_SPLINE_SURFACE_WITH_KNOTS('',3,1,((#6727,#6728),(#6729,#6730),(#6731,
#6732),(#6733,#6734),(#6735,#6736)),.UNSPECIFIED.,.F.,.F.,.F.,(4,1,4),(2,
2),(0.,0.0209647837102618,0.0429442227776647),(0.,0.02),.UNSPECIFIED.);
#4834=B_SPLINE_SURFACE_WITH_KNOTS('',3,1,((#6750,#6751),(#6752,#6753),(#6754,
#6755),(#6756,#6757),(#6758,#6759)),.UNSPECIFIED.,.F.,.F.,.F.,(4,1,4),(2,
2),(0.,0.0156313724987349,0.0344932690478314),(0.,0.02),.UNSPECIFIED.);
#4835=B_SPLINE_SURFACE_WITH_KNOTS('',3,1,((#6773,#6774),(#6775,#6776),(#6777,
#6778),(#6779,#6780),(#6781,#6782)),.UNSPECIFIED.,.F.,.F.,.F.,(4,1,4),(2,
2),(0.,0.018382590343275,0.036784973341367),(0.,0.02),.UNSPECIFIED.);
#4836=B_SPLINE_SURFACE_WITH_KNOTS('',3,1,((#6796,#6797),(#6798,#6799),(#6800,
#6801),(#6802,#6803),(#6804,#6805)),.UNSPECIFIED.,.F.,.F.,.F.,(4,1,4),(2,
2),(0.,0.0187875120197484,0.0372506863393127),(0.,0.02),.UNSPECIFIED.);
#4837=B_SPLINE_SURFACE_WITH_KNOTS('',3,1,((#6819,#6820),(#6821,#6822),(#6823,
#6824),(#6825,#6826),(#6827,#6828)),.UNSPECIFIED.,.F.,.F.,.F.,(4,1,4),(2,
2),(0.,0.0202069720883615,0.0407459578467252),(0.,0.02),.UNSPECIFIED.);
#4838=B_SPLINE_SURFACE_WITH_KNOTS('',3,1,((#6842,#6843),(#6844,#6845),(#6846,
#6847),(#6848,#6849),(#6850,#6851)),.UNSPECIFIED.,.F.,.F.,.F.,(4,1,4),(2,
2),(0.,0.0218533230689566,0.0424220811466384),(0.,0.02),.UNSPECIFIED.);
#4839=B_SPLINE_SURFACE_WITH_KNOTS('',3,1,((#6865,#6866),(#6867,#6868),(#6869,
#6870),(#6871,#6872),(#6873,#6874)),.UNSPECIFIED.,.F.,.F.,.F.,(4,1,4),(2,
2),(0.,0.047473035042093,0.0785975720250917),(0.,0.02),.UNSPECIFIED.);
#4840=B_SPLINE_SURFACE_WITH_KNOTS('',3,1,((#6888,#6889),(#6890,#6891),(#6892,
#6893),(#6894,#6895),(#6896,#6897)),.UNSPECIFIED.,.F.,.F.,.F.,(4,1,4),(2,
2),(0.,0.0191050901587307,0.052986234526247),(0.,0.02),.UNSPECIFIED.);
#4841=B_SPLINE_SURFACE_WITH_KNOTS('',3,1,((#6911,#6912),(#6913,#6914),(#6915,
#6916),(#6917,#6918),(#6919,#6920)),.UNSPECIFIED.,.F.,.F.,.F.,(4,1,4),(2,
2),(0.,0.0153035635226869,0.0309831716238995),(0.,0.02),.UNSPECIFIED.);
#4842=B_SPLINE_SURFACE_WITH_KNOTS('',3,1,((#6934,#6935),(#6936,#6937),(#6938,
#6939),(#6940,#6941),(#6942,#6943)),.UNSPECIFIED.,.F.,.F.,.F.,(4,1,4),(2,
2),(0.,0.0193633275006722,0.0371994574720609),(0.,0.02),.UNSPECIFIED.);
#4843=B_SPLINE_SURFACE_WITH_KNOTS('',3,1,((#6957,#6958),(#6959,#6960),(#6961,
#6962),(#6963,#6964),(#6965,#6966)),.UNSPECIFIED.,.F.,.F.,.F.,(4,1,4),(2,
2),(0.,0.0296686044709656,0.0528377063845328),(0.,0.02),.UNSPECIFIED.);
#4844=B_SPLINE_SURFACE_WITH_KNOTS('',3,1,((#6980,#6981),(#6982,#6983),(#6984,
#6985),(#6986,#6987),(#6988,#6989)),.UNSPECIFIED.,.F.,.F.,.F.,(4,1,4),(2,
2),(0.,0.0252621646999636,0.0553574748723738),(0.,0.02),.UNSPECIFIED.);
#4845=B_SPLINE_SURFACE_WITH_KNOTS('',3,1,((#7003,#7004),(#7005,#7006),(#7007,
#7008),(#7009,#7010),(#7011,#7012)),.UNSPECIFIED.,.F.,.F.,.F.,(4,1,4),(2,
2),(0.,0.0269217606317888,0.0511256612240814),(0.,0.02),.UNSPECIFIED.);
#4846=B_SPLINE_SURFACE_WITH_KNOTS('',3,1,((#7032,#7033),(#7034,#7035),(#7036,
#7037),(#7038,#7039),(#7040,#7041)),.UNSPECIFIED.,.F.,.F.,.F.,(4,1,4),(2,
2),(0.,0.037900157288856,0.0805564343177688),(0.,0.02),.UNSPECIFIED.);
#4847=B_SPLINE_SURFACE_WITH_KNOTS('',3,1,((#7115,#7116),(#7117,#7118),(#7119,
#7120),(#7121,#7122),(#7123,#7124)),.UNSPECIFIED.,.F.,.F.,.F.,(4,1,4),(2,
2),(0.,0.0214381102141819,0.0500195430024939),(0.,0.02),.UNSPECIFIED.);
#4848=B_SPLINE_SURFACE_WITH_KNOTS('',3,1,((#7141,#7142),(#7143,#7144),(#7145,
#7146),(#7147,#7148),(#7149,#7150)),.UNSPECIFIED.,.F.,.F.,.F.,(4,1,4),(2,
2),(0.,0.0241555052698486,0.0475706624012874),(0.,0.02),.UNSPECIFIED.);
#4849=B_SPLINE_SURFACE_WITH_KNOTS('',3,1,((#7164,#7165),(#7166,#7167),(#7168,
#7169),(#7170,#7171),(#7172,#7173)),.UNSPECIFIED.,.F.,.F.,.F.,(4,1,4),(2,
2),(0.,0.0269867394455824,0.0524220547425963),(0.,0.02),.UNSPECIFIED.);
#4850=B_SPLINE_SURFACE_WITH_KNOTS('',3,1,((#7187,#7188),(#7189,#7190),(#7191,
#7192),(#7193,#7194),(#7195,#7196)),.UNSPECIFIED.,.F.,.F.,.F.,(4,1,4),(2,
2),(0.,0.0207829260441035,0.0461992436822509),(0.,0.02),.UNSPECIFIED.);
#4851=B_SPLINE_SURFACE_WITH_KNOTS('',3,1,((#7210,#7211),(#7212,#7213),(#7214,
#7215),(#7216,#7217),(#7218,#7219)),.UNSPECIFIED.,.F.,.F.,.F.,(4,1,4),(2,
2),(0.,0.0183879696150916,0.0368669259080695),(0.,0.02),.UNSPECIFIED.);
#4852=B_SPLINE_SURFACE_WITH_KNOTS('',3,1,((#7233,#7234),(#7235,#7236),(#7237,
#7238),(#7239,#7240),(#7241,#7242)),.UNSPECIFIED.,.F.,.F.,.F.,(4,1,4),(2,
2),(0.,0.0122082228842639,0.0245706273825149),(0.,0.02),.UNSPECIFIED.);
#4853=B_SPLINE_SURFACE_WITH_KNOTS('',3,1,((#7256,#7257),(#7258,#7259),(#7260,
#7261),(#7262,#7263),(#7264,#7265)),.UNSPECIFIED.,.F.,.F.,.F.,(4,1,4),(2,
2),(0.,0.0129911934369932,0.0253829049875095),(0.,0.02),.UNSPECIFIED.);
#4854=B_SPLINE_SURFACE_WITH_KNOTS('',3,1,((#7279,#7280),(#7281,#7282),(#7283,
#7284),(#7285,#7286),(#7287,#7288)),.UNSPECIFIED.,.F.,.F.,.F.,(4,1,4),(2,
2),(0.,0.0262655038353866,0.0440239899229426),(0.,0.02),.UNSPECIFIED.);
#4855=B_SPLINE_SURFACE_WITH_KNOTS('',3,1,((#7302,#7303),(#7304,#7305),(#7306,
#7307),(#7308,#7309),(#7310,#7311)),.UNSPECIFIED.,.F.,.F.,.F.,(4,1,4),(2,
2),(0.,0.0349157223225691,0.0824679749219661),(0.,0.02),.UNSPECIFIED.);
#4856=B_SPLINE_SURFACE_WITH_KNOTS('',3,1,((#7337,#7338),(#7339,#7340),(#7341,
#7342),(#7343,#7344),(#7345,#7346)),.UNSPECIFIED.,.F.,.F.,.F.,(4,1,4),(2,
2),(0.,0.0183735155814206,0.0370708052612177),(0.,0.02),.UNSPECIFIED.);
#4857=B_SPLINE_SURFACE_WITH_KNOTS('',3,1,((#7360,#7361),(#7362,#7363),(#7364,
#7365),(#7366,#7367),(#7368,#7369)),.UNSPECIFIED.,.F.,.F.,.F.,(4,1,4),(2,
2),(0.,0.0559059575942002,0.086725833700376),(0.,0.02),.UNSPECIFIED.);
#4858=B_SPLINE_SURFACE_WITH_KNOTS('',3,1,((#7389,#7390),(#7391,#7392),(#7393,
#7394),(#7395,#7396),(#7397,#7398)),.UNSPECIFIED.,.F.,.F.,.F.,(4,1,4),(2,
2),(0.,0.017695038819937,0.0453962468666059),(0.,0.02),.UNSPECIFIED.);
#4859=B_SPLINE_SURFACE_WITH_KNOTS('',3,1,((#7412,#7413),(#7414,#7415),(#7416,
#7417),(#7418,#7419),(#7420,#7421)),.UNSPECIFIED.,.F.,.F.,.F.,(4,1,4),(2,
2),(0.,0.0176137902064585,0.0370171474367986),(0.,0.02),.UNSPECIFIED.);
#4860=B_SPLINE_SURFACE_WITH_KNOTS('',3,1,((#7435,#7436),(#7437,#7438),(#7439,
#7440),(#7441,#7442),(#7443,#7444)),.UNSPECIFIED.,.F.,.F.,.F.,(4,1,4),(2,
2),(0.,0.022407200494803,0.0409041839385696),(0.,0.02),.UNSPECIFIED.);
#4861=B_SPLINE_SURFACE_WITH_KNOTS('',3,1,((#7458,#7459),(#7460,#7461),(#7462,
#7463),(#7464,#7465),(#7466,#7467)),.UNSPECIFIED.,.F.,.F.,.F.,(4,1,4),(2,
2),(0.,0.0336997098033708,0.0611630121646987),(0.,0.02),.UNSPECIFIED.);
#4862=B_SPLINE_SURFACE_WITH_KNOTS('',3,1,((#7481,#7482),(#7483,#7484),(#7485,
#7486),(#7487,#7488),(#7489,#7490)),.UNSPECIFIED.,.F.,.F.,.F.,(4,1,4),(2,
2),(0.,0.0315742464464931,0.0667969207373995),(0.,0.02),.UNSPECIFIED.);
#4863=B_SPLINE_SURFACE_WITH_KNOTS('',3,1,((#7504,#7505),(#7506,#7507),(#7508,
#7509),(#7510,#7511),(#7512,#7513)),.UNSPECIFIED.,.F.,.F.,.F.,(4,1,4),(2,
2),(0.,0.0248650979909218,0.0528085275060579),(0.,0.02),.UNSPECIFIED.);
#4864=B_SPLINE_SURFACE_WITH_KNOTS('',3,1,((#7527,#7528),(#7529,#7530),(#7531,
#7532),(#7533,#7534),(#7535,#7536)),.UNSPECIFIED.,.F.,.F.,.F.,(4,1,4),(2,
2),(0.,0.0291805255375751,0.0546197139369148),(0.,0.02),.UNSPECIFIED.);
#4865=B_SPLINE_SURFACE_WITH_KNOTS('',3,1,((#7556,#7557),(#7558,#7559),(#7560,
#7561),(#7562,#7563),(#7564,#7565)),.UNSPECIFIED.,.F.,.F.,.F.,(4,1,4),(2,
2),(0.,0.0221111689534247,0.0501389839538169),(0.,0.02),.UNSPECIFIED.);
#4866=B_SPLINE_SURFACE_WITH_KNOTS('',3,1,((#7579,#7580),(#7581,#7582),(#7583,
#7584),(#7585,#7586),(#7587,#7588)),.UNSPECIFIED.,.F.,.F.,.F.,(4,1,4),(2,
2),(0.,0.0302685536920279,0.0531980550078259),(0.,0.02),.UNSPECIFIED.);
#4867=B_SPLINE_SURFACE_WITH_KNOTS('',3,1,((#7602,#7603),(#7604,#7605),(#7606,
#7607),(#7608,#7609),(#7610,#7611)),.UNSPECIFIED.,.F.,.F.,.F.,(4,1,4),(2,
2),(0.,0.0265187098242649,0.0593211525326363),(0.,0.02),.UNSPECIFIED.);
#4868=B_SPLINE_SURFACE_WITH_KNOTS('',3,1,((#7625,#7626),(#7627,#7628),(#7629,
#7630),(#7631,#7632),(#7633,#7634)),.UNSPECIFIED.,.F.,.F.,.F.,(4,1,4),(2,
2),(0.,0.0258152494808685,0.0455185109411212),(0.,0.02),.UNSPECIFIED.);
#4869=B_SPLINE_SURFACE_WITH_KNOTS('',3,1,((#7648,#7649),(#7650,#7651),(#7652,
#7653),(#7654,#7655),(#7656,#7657)),.UNSPECIFIED.,.F.,.F.,.F.,(4,1,4),(2,
2),(0.,0.00825623113698721,0.0128270451272029),(0.,0.02),.UNSPECIFIED.);
#4870=B_SPLINE_SURFACE_WITH_KNOTS('',3,1,((#7671,#7672),(#7673,#7674),(#7675,
#7676),(#7677,#7678),(#7679,#7680)),.UNSPECIFIED.,.F.,.F.,.F.,(4,1,4),(2,
2),(0.,0.0522193110404341,0.089311455348097),(0.,0.02),.UNSPECIFIED.);
#4871=B_SPLINE_SURFACE_WITH_KNOTS('',3,1,((#7694,#7695),(#7696,#7697),(#7698,
#7699),(#7700,#7701),(#7702,#7703)),.UNSPECIFIED.,.F.,.F.,.F.,(4,1,4),(2,
2),(0.,0.018528515274044,0.0442949145813921),(0.,0.02),.UNSPECIFIED.);
#4872=B_SPLINE_SURFACE_WITH_KNOTS('',3,1,((#7717,#7718),(#7719,#7720),(#7721,
#7722),(#7723,#7724),(#7725,#7726)),.UNSPECIFIED.,.F.,.F.,.F.,(4,1,4),(2,
2),(0.,0.0191178221120879,0.038958576710533),(0.,0.02),.UNSPECIFIED.);
#4873=B_SPLINE_SURFACE_WITH_KNOTS('',3,1,((#7740,#7741),(#7742,#7743),(#7744,
#7745),(#7746,#7747),(#7748,#7749)),.UNSPECIFIED.,.F.,.F.,.F.,(4,1,4),(2,
2),(0.,0.0194079520267744,0.038238427823478),(0.,0.02),.UNSPECIFIED.);
#4874=B_SPLINE_SURFACE_WITH_KNOTS('',3,1,((#7763,#7764),(#7765,#7766),(#7767,
#7768),(#7769,#7770),(#7771,#7772)),.UNSPECIFIED.,.F.,.F.,.F.,(4,1,4),(2,
2),(0.,0.0205050256084784,0.0403986886735882),(0.,0.02),.UNSPECIFIED.);
#4875=B_SPLINE_SURFACE_WITH_KNOTS('',3,1,((#7786,#7787),(#7788,#7789),(#7790,
#7791),(#7792,#7793),(#7794,#7795)),.UNSPECIFIED.,.F.,.F.,.F.,(4,1,4),(2,
2),(0.,0.0328013472759324,0.0664667236473917),(0.,0.02),.UNSPECIFIED.);
#4876=B_SPLINE_SURFACE_WITH_KNOTS('',3,1,((#7809,#7810),(#7811,#7812),(#7813,
#7814),(#7815,#7816),(#7817,#7818)),.UNSPECIFIED.,.F.,.F.,.F.,(4,1,4),(2,
2),(0.,0.0426246962429531,0.078372433739377),(0.,0.02),.UNSPECIFIED.);
#4877=B_SPLINE_SURFACE_WITH_KNOTS('',3,1,((#7832,#7833),(#7834,#7835),(#7836,
#7837),(#7838,#7839),(#7840,#7841)),.UNSPECIFIED.,.F.,.F.,.F.,(4,1,4),(2,
2),(0.,0.0271224259273493,0.0552253256778374),(0.,0.02),.UNSPECIFIED.);
#4878=B_SPLINE_SURFACE_WITH_KNOTS('',3,1,((#7855,#7856),(#7857,#7858),(#7859,
#7860),(#7861,#7862),(#7863,#7864)),.UNSPECIFIED.,.F.,.F.,.F.,(4,1,4),(2,
2),(0.,0.033288643294749,0.0621166830882631),(0.,0.02),.UNSPECIFIED.);
#4879=B_SPLINE_SURFACE_WITH_KNOTS('',3,1,((#7878,#7879),(#7880,#7881),(#7882,
#7883),(#7884,#7885),(#7886,#7887)),.UNSPECIFIED.,.F.,.F.,.F.,(4,1,4),(2,
2),(0.,0.0177239235351617,0.037217141494298),(0.,0.02),.UNSPECIFIED.);
#4880=B_SPLINE_SURFACE_WITH_KNOTS('',3,1,((#7908,#7909),(#7910,#7911),(#7912,
#7913),(#7914,#7915),(#7916,#7917)),.UNSPECIFIED.,.F.,.F.,.F.,(4,1,4),(2,
2),(0.,0.019216437073666,0.0495841262163778),(0.,0.02),.UNSPECIFIED.);
#4881=B_SPLINE_SURFACE_WITH_KNOTS('',3,1,((#7931,#7932),(#7933,#7934),(#7935,
#7936),(#7937,#7938),(#7939,#7940)),.UNSPECIFIED.,.F.,.F.,.F.,(4,1,4),(2,
2),(0.,0.0208854194430583,0.041559942249103),(0.,0.02),.UNSPECIFIED.);
#4882=B_SPLINE_SURFACE_WITH_KNOTS('',3,1,((#7954,#7955),(#7956,#7957),(#7958,
#7959),(#7960,#7961),(#7962,#7963)),.UNSPECIFIED.,.F.,.F.,.F.,(4,1,4),(2,
2),(0.,0.0235095886720967,0.0453688502518991),(0.,0.02),.UNSPECIFIED.);
#4883=B_SPLINE_SURFACE_WITH_KNOTS('',3,1,((#7977,#7978),(#7979,#7980),(#7981,
#7982),(#7983,#7984),(#7985,#7986)),.UNSPECIFIED.,.F.,.F.,.F.,(4,1,4),(2,
2),(0.,0.0281031249256627,0.0593355193744301),(0.,0.02),.UNSPECIFIED.);
#4884=B_SPLINE_SURFACE_WITH_KNOTS('',3,1,((#8000,#8001),(#8002,#8003),(#8004,
#8005),(#8006,#8007),(#8008,#8009)),.UNSPECIFIED.,.F.,.F.,.F.,(4,1,4),(2,
2),(0.,0.0441199400595291,0.0764563828566252),(0.,0.02),.UNSPECIFIED.);
#4885=B_SPLINE_SURFACE_WITH_KNOTS('',3,1,((#8047,#8048),(#8049,#8050),(#8051,
#8052),(#8053,#8054),(#8055,#8056)),.UNSPECIFIED.,.F.,.F.,.F.,(4,1,4),(2,
2),(0.,0.0527120008187687,0.12501359196536),(0.,0.02),.UNSPECIFIED.);
#4886=B_SPLINE_SURFACE_WITH_KNOTS('',3,1,((#8070,#8071),(#8072,#8073),(#8074,
#8075),(#8076,#8077),(#8078,#8079)),.UNSPECIFIED.,.F.,.F.,.F.,(4,1,4),(2,
2),(0.,0.0477953073089095,0.0939915984397311),(0.,0.02),.UNSPECIFIED.);
#4887=B_SPLINE_SURFACE_WITH_KNOTS('',3,1,((#8093,#8094),(#8095,#8096),(#8097,
#8098),(#8099,#8100),(#8101,#8102)),.UNSPECIFIED.,.F.,.F.,.F.,(4,1,4),(2,
2),(0.,0.0276027084702946,0.0562767929712902),(0.,0.02),.UNSPECIFIED.);
#4888=B_SPLINE_SURFACE_WITH_KNOTS('',3,1,((#8116,#8117),(#8118,#8119),(#8120,
#8121),(#8122,#8123),(#8124,#8125)),.UNSPECIFIED.,.F.,.F.,.F.,(4,1,4),(2,
2),(0.,0.0244273245417344,0.0506067048245201),(0.,0.02),.UNSPECIFIED.);
#4889=B_SPLINE_SURFACE_WITH_KNOTS('',3,1,((#8139,#8140),(#8141,#8142),(#8143,
#8144),(#8145,#8146),(#8147,#8148)),.UNSPECIFIED.,.F.,.F.,.F.,(4,1,4),(2,
2),(0.,0.0280028704632078,0.0531269574497465),(0.,0.02),.UNSPECIFIED.);
#4890=B_SPLINE_SURFACE_WITH_KNOTS('',3,1,((#8162,#8163),(#8164,#8165),(#8166,
#8167),(#8168,#8169),(#8170,#8171)),.UNSPECIFIED.,.F.,.F.,.F.,(4,1,4),(2,
2),(0.,0.0351426443779997,0.061017925594712),(0.,0.02),.UNSPECIFIED.);
#4891=B_SPLINE_SURFACE_WITH_KNOTS('',3,1,((#8201,#8202),(#8203,#8204),(#8205,
#8206),(#8207,#8208),(#8209,#8210)),.UNSPECIFIED.,.F.,.F.,.F.,(4,1,4),(2,
2),(0.,0.0307822783351084,0.0625666830927302),(0.,0.02),.UNSPECIFIED.);
#4892=B_SPLINE_SURFACE_WITH_KNOTS('',3,1,((#8227,#8228),(#8229,#8230),(#8231,
#8232),(#8233,#8234),(#8235,#8236)),.UNSPECIFIED.,.F.,.F.,.F.,(4,1,4),(2,
2),(0.,0.0330154557025875,0.0646895664016476),(0.,0.02),.UNSPECIFIED.);
#4893=B_SPLINE_SURFACE_WITH_KNOTS('',3,1,((#8250,#8251),(#8252,#8253),(#8254,
#8255),(#8256,#8257),(#8258,#8259)),.UNSPECIFIED.,.F.,.F.,.F.,(4,1,4),(2,
2),(0.,0.0518862200258535,0.0915482833461465),(0.,0.02),.UNSPECIFIED.);
#4894=B_SPLINE_SURFACE_WITH_KNOTS('',3,1,((#8273,#8274),(#8275,#8276),(#8277,
#8278),(#8279,#8280),(#8281,#8282)),.UNSPECIFIED.,.F.,.F.,.F.,(4,1,4),(2,
2),(0.,0.0372939488484093,0.0847298548205419),(0.,0.02),.UNSPECIFIED.);
#4895=B_SPLINE_SURFACE_WITH_KNOTS('',3,1,((#8296,#8297),(#8298,#8299),(#8300,
#8301),(#8302,#8303),(#8304,#8305)),.UNSPECIFIED.,.F.,.F.,.F.,(4,1,4),(2,
2),(0.,0.0304936318271305,0.0622987935456008),(0.,0.02),.UNSPECIFIED.);
#4896=B_SPLINE_SURFACE_WITH_KNOTS('',3,1,((#8319,#8320),(#8321,#8322),(#8323,
#8324),(#8325,#8326),(#8327,#8328)),.UNSPECIFIED.,.F.,.F.,.F.,(4,1,4),(2,
2),(0.,0.0328863601209725,0.0634813805561939),(0.,0.02),.UNSPECIFIED.);
#4897=B_SPLINE_SURFACE_WITH_KNOTS('',3,1,((#8342,#8343),(#8344,#8345),(#8346,
#8347),(#8348,#8349),(#8350,#8351)),.UNSPECIFIED.,.F.,.F.,.F.,(4,1,4),(2,
2),(0.,0.0489881713041644,0.0877923989837148),(0.,0.02),.UNSPECIFIED.);
#4898=B_SPLINE_SURFACE_WITH_KNOTS('',3,1,((#8365,#8366),(#8367,#8368),(#8369,
#8370),(#8371,#8372),(#8373,#8374)),.UNSPECIFIED.,.F.,.F.,.F.,(4,1,4),(2,
2),(0.,0.0381837536149982,0.088348783271788),(0.,0.02),.UNSPECIFIED.);
#4899=B_SPLINE_SURFACE_WITH_KNOTS('',3,1,((#8406,#8407),(#8408,#8409),(#8410,
#8411),(#8412,#8413),(#8414,#8415)),.UNSPECIFIED.,.F.,.F.,.F.,(4,1,4),(2,
2),(0.,0.0224964544323122,0.0442943693645618),(0.,0.02),.UNSPECIFIED.);
#4900=B_SPLINE_SURFACE_WITH_KNOTS('',3,1,((#8429,#8430),(#8431,#8432),(#8433,
#8434),(#8435,#8436),(#8437,#8438)),.UNSPECIFIED.,.F.,.F.,.F.,(4,1,4),(2,
2),(0.,0.0249148363113454,0.0483272067759334),(0.,0.02),.UNSPECIFIED.);
#4901=B_SPLINE_SURFACE_WITH_KNOTS('',3,1,((#8452,#8453),(#8454,#8455),(#8456,
#8457),(#8458,#8459),(#8460,#8461)),.UNSPECIFIED.,.F.,.F.,.F.,(4,1,4),(2,
2),(0.,0.033725854882732,0.0680877937068713),(0.,0.02),.UNSPECIFIED.);
#4902=B_SPLINE_SURFACE_WITH_KNOTS('',3,1,((#8475,#8476),(#8477,#8478),(#8479,
#8480),(#8481,#8482),(#8483,#8484)),.UNSPECIFIED.,.F.,.F.,.F.,(4,1,4),(2,
2),(0.,0.0360647515882229,0.07023049840943),(0.,0.02),.UNSPECIFIED.);
#4903=B_SPLINE_SURFACE_WITH_KNOTS('',3,1,((#8498,#8499),(#8500,#8501),(#8502,
#8503),(#8504,#8505),(#8506,#8507)),.UNSPECIFIED.,.F.,.F.,.F.,(4,1,4),(2,
2),(0.,0.0415287194445867,0.0804182110404018),(0.,0.02),.UNSPECIFIED.);
#4904=B_SPLINE_SURFACE_WITH_KNOTS('',3,1,((#8521,#8522),(#8523,#8524),(#8525,
#8526),(#8527,#8528),(#8529,#8530)),.UNSPECIFIED.,.F.,.F.,.F.,(4,1,4),(2,
2),(0.,0.0386990901590789,0.0808053898153938),(0.,0.02),.UNSPECIFIED.);
#4905=B_SPLINE_SURFACE_WITH_KNOTS('',3,1,((#8544,#8545),(#8546,#8547),(#8548,
#8549),(#8550,#8551),(#8552,#8553)),.UNSPECIFIED.,.F.,.F.,.F.,(4,1,4),(2,
2),(0.,0.0344755818997617,0.0704985902315363),(0.,0.02),.UNSPECIFIED.);
#4906=B_SPLINE_SURFACE_WITH_KNOTS('',3,1,((#8567,#8568),(#8569,#8570),(#8571,
#8572),(#8573,#8574),(#8575,#8576)),.UNSPECIFIED.,.F.,.F.,.F.,(4,1,4),(2,
2),(0.,0.0335949750116038,0.0672524568665069),(0.,0.02),.UNSPECIFIED.);
#4907=B_SPLINE_SURFACE_WITH_KNOTS('',3,1,((#8590,#8591),(#8592,#8593),(#8594,
#8595),(#8596,#8597),(#8598,#8599)),.UNSPECIFIED.,.F.,.F.,.F.,(4,1,4),(2,
2),(0.,0.0469470176578821,0.0951654330530856),(0.,0.02),.UNSPECIFIED.);
#4908=B_SPLINE_SURFACE_WITH_KNOTS('',3,1,((#8644,#8645),(#8646,#8647),(#8648,
#8649),(#8650,#8651),(#8652,#8653)),.UNSPECIFIED.,.F.,.F.,.F.,(4,1,4),(2,
2),(0.,0.0246589750088163,0.0574288044240876),(0.,0.02),.UNSPECIFIED.);
#4909=B_SPLINE_SURFACE_WITH_KNOTS('',3,1,((#8667,#8668),(#8669,#8670),(#8671,
#8672),(#8673,#8674),(#8675,#8676)),.UNSPECIFIED.,.F.,.F.,.F.,(4,1,4),(2,
2),(0.,0.0212690874836977,0.0418436563418107),(0.,0.02),.UNSPECIFIED.);
#4910=B_SPLINE_SURFACE_WITH_KNOTS('',3,1,((#8690,#8691),(#8692,#8693),(#8694,
#8695),(#8696,#8697),(#8698,#8699)),.UNSPECIFIED.,.F.,.F.,.F.,(4,1,4),(2,
2),(0.,0.0216051326258258,0.0433837499644386),(0.,0.02),.UNSPECIFIED.);
#4911=B_SPLINE_SURFACE_WITH_KNOTS('',3,1,((#8713,#8714),(#8715,#8716),(#8717,
#8718),(#8719,#8720),(#8721,#8722)),.UNSPECIFIED.,.F.,.F.,.F.,(4,1,4),(2,
2),(0.,0.0187155130803987,0.0392297795322478),(0.,0.02),.UNSPECIFIED.);
#4912=B_SPLINE_SURFACE_WITH_KNOTS('',3,1,((#8736,#8737),(#8738,#8739),(#8740,
#8741),(#8742,#8743),(#8744,#8745)),.UNSPECIFIED.,.F.,.F.,.F.,(4,1,4),(2,
2),(0.,0.018742874225806,0.03681343711012),(0.,0.02),.UNSPECIFIED.);
#4913=B_SPLINE_SURFACE_WITH_KNOTS('',3,1,((#8759,#8760),(#8761,#8762),(#8763,
#8764),(#8765,#8766),(#8767,#8768)),.UNSPECIFIED.,.F.,.F.,.F.,(4,1,4),(2,
2),(0.,0.0322052048541887,0.0519789644336261),(0.,0.02),.UNSPECIFIED.);
#4914=B_SPLINE_SURFACE_WITH_KNOTS('',3,1,((#8800,#8801),(#8802,#8803),(#8804,
#8805),(#8806,#8807),(#8808,#8809)),.UNSPECIFIED.,.F.,.F.,.F.,(4,1,4),(2,
2),(0.,0.0188252960559579,0.0459844468905975),(0.,0.02),.UNSPECIFIED.);
#4915=B_SPLINE_SURFACE_WITH_KNOTS('',3,1,((#8823,#8824),(#8825,#8826),(#8827,
#8828),(#8829,#8830),(#8831,#8832)),.UNSPECIFIED.,.F.,.F.,.F.,(4,1,4),(2,
2),(0.,0.0189155662877464,0.0396761454415789),(0.,0.02),.UNSPECIFIED.);
#4916=B_SPLINE_SURFACE_WITH_KNOTS('',3,1,((#8846,#8847),(#8848,#8849),(#8850,
#8851),(#8852,#8853),(#8854,#8855)),.UNSPECIFIED.,.F.,.F.,.F.,(4,1,4),(2,
2),(0.,0.0223194403300612,0.0415888681622462),(0.,0.02),.UNSPECIFIED.);
#4917=B_SPLINE_SURFACE_WITH_KNOTS('',3,1,((#8869,#8870),(#8871,#8872),(#8873,
#8874),(#8875,#8876),(#8877,#8878)),.UNSPECIFIED.,.F.,.F.,.F.,(4,1,4),(2,
2),(0.,0.0249166624804382,0.0491534574767369),(0.,0.02),.UNSPECIFIED.);
#4918=B_SPLINE_SURFACE_WITH_KNOTS('',3,1,((#8892,#8893),(#8894,#8895),(#8896,
#8897),(#8898,#8899),(#8900,#8901)),.UNSPECIFIED.,.F.,.F.,.F.,(4,1,4),(2,
2),(0.,0.0543062821923386,0.107781328193758),(0.,0.02),.UNSPECIFIED.);
#4919=B_SPLINE_SURFACE_WITH_KNOTS('',3,1,((#8925,#8926),(#8927,#8928),(#8929,
#8930),(#8931,#8932),(#8933,#8934)),.UNSPECIFIED.,.F.,.F.,.F.,(4,1,4),(2,
2),(0.,0.0531685764836824,0.10621046939181),(0.,0.02),.UNSPECIFIED.);
#4920=B_SPLINE_SURFACE_WITH_KNOTS('',3,1,((#8951,#8952),(#8953,#8954),(#8955,
#8956),(#8957,#8958),(#8959,#8960)),.UNSPECIFIED.,.F.,.F.,.F.,(4,1,4),(2,
2),(0.,0.0369327097041394,0.0748847276623235),(0.,0.02),.UNSPECIFIED.);
#4921=B_SPLINE_SURFACE_WITH_KNOTS('',3,1,((#8974,#8975),(#8976,#8977),(#8978,
#8979),(#8980,#8981),(#8982,#8983)),.UNSPECIFIED.,.F.,.F.,.F.,(4,1,4),(2,
2),(0.,0.0381918866435196,0.0751413393390444),(0.,0.02),.UNSPECIFIED.);
#4922=B_SPLINE_SURFACE_WITH_KNOTS('',3,1,((#8997,#8998),(#8999,#9000),(#9001,
#9002),(#9003,#9004),(#9005,#9006)),.UNSPECIFIED.,.F.,.F.,.F.,(4,1,4),(2,
2),(0.,0.0459224796618699,0.0873452682717938),(0.,0.02),.UNSPECIFIED.);
#4923=B_SPLINE_SURFACE_WITH_KNOTS('',3,1,((#9020,#9021),(#9022,#9023),(#9024,
#9025),(#9026,#9027),(#9028,#9029)),.UNSPECIFIED.,.F.,.F.,.F.,(4,1,4),(2,
2),(0.,0.058489235375737,0.127584213929608),(0.,0.02),.UNSPECIFIED.);
#4924=B_SPLINE_SURFACE_WITH_KNOTS('',3,1,((#9043,#9044),(#9045,#9046),(#9047,
#9048),(#9049,#9050),(#9051,#9052)),.UNSPECIFIED.,.F.,.F.,.F.,(4,1,4),(2,
2),(0.,0.0554716864105456,0.109508008761733),(0.,0.02),.UNSPECIFIED.);
#4925=B_SPLINE_SURFACE_WITH_KNOTS('',3,1,((#9066,#9067),(#9068,#9069),(#9070,
#9071),(#9072,#9073),(#9074,#9075)),.UNSPECIFIED.,.F.,.F.,.F.,(4,1,4),(2,
2),(0.,0.0538022229419613,0.108517770535321),(0.,0.02),.UNSPECIFIED.);
#4926=B_SPLINE_SURFACE_WITH_KNOTS('',3,1,((#9089,#9090),(#9091,#9092),(#9093,
#9094),(#9095,#9096),(#9097,#9098)),.UNSPECIFIED.,.F.,.F.,.F.,(4,1,4),(2,
2),(0.,0.065358501620706,0.122623295377612),(0.,0.02),.UNSPECIFIED.);
#4927=B_SPLINE_SURFACE_WITH_KNOTS('',3,1,((#9112,#9113),(#9114,#9115),(#9116,
#9117),(#9118,#9119),(#9120,#9121)),.UNSPECIFIED.,.F.,.F.,.F.,(4,1,4),(2,
2),(0.,0.0598273593520951,0.137874950974825),(0.,0.02),.UNSPECIFIED.);
#4928=B_SPLINE_SURFACE_WITH_KNOTS('',3,1,((#9132,#9133),(#9134,#9135),(#9136,
#9137),(#9138,#9139),(#9140,#9141)),.UNSPECIFIED.,.F.,.F.,.F.,(4,1,4),(2,
2),(0.,0.050682568289843,0.101517605185041),(0.,0.02),.UNSPECIFIED.);
#4929=B_SPLINE_SURFACE_WITH_KNOTS('',3,1,((#9158,#9159),(#9160,#9161),(#9162,
#9163),(#9164,#9165),(#9166,#9167)),.UNSPECIFIED.,.F.,.F.,.F.,(4,1,4),(2,
2),(0.,0.0539121413523234,0.105610781513174),(0.,0.02),.UNSPECIFIED.);
#4930=B_SPLINE_SURFACE_WITH_KNOTS('',3,1,((#9181,#9182),(#9183,#9184),(#9185,
#9186),(#9187,#9188),(#9189,#9190)),.UNSPECIFIED.,.F.,.F.,.F.,(4,1,4),(2,
2),(0.,0.0503255368792334,0.10104370277379),(0.,0.02),.UNSPECIFIED.);
#4931=B_SPLINE_SURFACE_WITH_KNOTS('',3,1,((#9204,#9205),(#9206,#9207),(#9208,
#9209),(#9210,#9211),(#9212,#9213)),.UNSPECIFIED.,.F.,.F.,.F.,(4,1,4),(2,
2),(0.,0.0515794049342273,0.101820402282571),(0.,0.02),.UNSPECIFIED.);
#4932=B_SPLINE_SURFACE_WITH_KNOTS('',3,1,((#9227,#9228),(#9229,#9230),(#9231,
#9232),(#9233,#9234),(#9235,#9236)),.UNSPECIFIED.,.F.,.F.,.F.,(4,1,4),(2,
2),(0.,0.0579658530140974,0.11240380573104),(0.,0.02),.UNSPECIFIED.);
#4933=B_SPLINE_SURFACE_WITH_KNOTS('',3,1,((#9250,#9251),(#9252,#9253),(#9254,
#9255),(#9256,#9257),(#9258,#9259)),.UNSPECIFIED.,.F.,.F.,.F.,(4,1,4),(2,
2),(0.,0.0534561327589062,0.110609802981519),(0.,0.02),.UNSPECIFIED.);
#4934=B_SPLINE_SURFACE_WITH_KNOTS('',3,1,((#9273,#9274),(#9275,#9276),(#9277,
#9278),(#9279,#9280),(#9281,#9282)),.UNSPECIFIED.,.F.,.F.,.F.,(4,1,4),(2,
2),(0.,0.0503949783903138,0.101316944815853),(0.,0.02),.UNSPECIFIED.);
#4935=B_SPLINE_SURFACE_WITH_KNOTS('',3,1,((#9296,#9297),(#9298,#9299),(#9300,
#9301),(#9302,#9303),(#9304,#9305)),.UNSPECIFIED.,.F.,.F.,.F.,(4,1,4),(2,
2),(0.,0.0530743574598029,0.104281459805922),(0.,0.02),.UNSPECIFIED.);
#4936=B_SPLINE_SURFACE_WITH_KNOTS('',3,1,((#9319,#9320),(#9321,#9322),(#9323,
#9324),(#9325,#9326),(#9327,#9328)),.UNSPECIFIED.,.F.,.F.,.F.,(4,1,4),(2,
2),(0.,0.0744171638784141,0.152505759248252),(0.,0.02),.UNSPECIFIED.);
#4937=B_SPLINE_SURFACE_WITH_KNOTS('',3,1,((#9342,#9343),(#9344,#9345),(#9346,
#9347),(#9348,#9349),(#9350,#9351)),.UNSPECIFIED.,.F.,.F.,.F.,(4,1,4),(2,
2),(0.,0.0897800379015889,0.168001577637219),(0.,0.02),.UNSPECIFIED.);
#4938=B_SPLINE_SURFACE_WITH_KNOTS('',3,1,((#9365,#9366),(#9367,#9368),(#9369,
#9370),(#9371,#9372),(#9373,#9374)),.UNSPECIFIED.,.F.,.F.,.F.,(4,1,4),(2,
2),(0.,0.0515197903310221,0.103134873158703),(0.,0.02),.UNSPECIFIED.);
#4939=ADVANCED_FACE('',(#260),#4816,.F.);
#4940=ADVANCED_FACE('',(#261),#4817,.F.);
#4941=ADVANCED_FACE('',(#262),#4818,.F.);
#4942=ADVANCED_FACE('',(#263),#4819,.F.);
#4943=ADVANCED_FACE('',(#264),#4820,.F.);
#4944=ADVANCED_FACE('',(#265),#4821,.F.);
#4945=ADVANCED_FACE('',(#266),#4822,.F.);
#4946=ADVANCED_FACE('',(#267),#4823,.F.);
#4947=ADVANCED_FACE('',(#268),#4824,.F.);
#4948=ADVANCED_FACE('',(#269),#4825,.F.);
#4949=ADVANCED_FACE('',(#270),#4826,.F.);
#4950=ADVANCED_FACE('',(#271),#4827,.F.);
#4951=ADVANCED_FACE('',(#272),#4828,.F.);
#4952=ADVANCED_FACE('',(#273),#4829,.F.);
#4953=ADVANCED_FACE('',(#274),#125,.F.);
#4954=ADVANCED_FACE('',(#275),#4830,.F.);
#4955=ADVANCED_FACE('',(#276),#4831,.F.);
#4956=ADVANCED_FACE('',(#277),#4832,.F.);
#4957=ADVANCED_FACE('',(#278),#4833,.F.);
#4958=ADVANCED_FACE('',(#279),#4834,.F.);
#4959=ADVANCED_FACE('',(#280),#4835,.F.);
#4960=ADVANCED_FACE('',(#281),#4836,.F.);
#4961=ADVANCED_FACE('',(#282),#4837,.F.);
#4962=ADVANCED_FACE('',(#283),#4838,.F.);
#4963=ADVANCED_FACE('',(#284),#4839,.F.);
#4964=ADVANCED_FACE('',(#285),#4840,.F.);
#4965=ADVANCED_FACE('',(#286),#4841,.F.);
#4966=ADVANCED_FACE('',(#287),#4842,.F.);
#4967=ADVANCED_FACE('',(#288),#4843,.F.);
#4968=ADVANCED_FACE('',(#289),#4844,.F.);
#4969=ADVANCED_FACE('',(#290),#4845,.F.);
#4970=ADVANCED_FACE('',(#291),#126,.F.);
#4971=ADVANCED_FACE('',(#292),#4846,.F.);
#4972=ADVANCED_FACE('',(#293),#127,.T.);
#4973=ADVANCED_FACE('',(#294),#128,.F.);
#4974=ADVANCED_FACE('',(#295),#129,.F.);
#4975=ADVANCED_FACE('',(#296),#130,.F.);
#4976=ADVANCED_FACE('',(#297),#131,.F.);
#4977=ADVANCED_FACE('',(#298),#132,.F.);
#4978=ADVANCED_FACE('',(#299),#133,.F.);
#4979=ADVANCED_FACE('',(#300),#134,.F.);
#4980=ADVANCED_FACE('',(#301),#135,.F.);
#4981=ADVANCED_FACE('',(#302),#136,.F.);
#4982=ADVANCED_FACE('',(#303),#137,.F.);
#4983=ADVANCED_FACE('',(#304),#138,.F.);
#4984=ADVANCED_FACE('',(#305),#139,.F.);
#4985=ADVANCED_FACE('',(#306),#4847,.F.);
#4986=ADVANCED_FACE('',(#307),#4848,.F.);
#4987=ADVANCED_FACE('',(#308),#4849,.F.);
#4988=ADVANCED_FACE('',(#309),#4850,.F.);
#4989=ADVANCED_FACE('',(#310),#4851,.F.);
#4990=ADVANCED_FACE('',(#311),#4852,.F.);
#4991=ADVANCED_FACE('',(#312),#4853,.F.);
#4992=ADVANCED_FACE('',(#313),#4854,.F.);
#4993=ADVANCED_FACE('',(#314),#4855,.F.);
#4994=ADVANCED_FACE('',(#315),#140,.F.);
#4995=ADVANCED_FACE('',(#316),#141,.F.);
#4996=ADVANCED_FACE('',(#317),#4856,.F.);
#4997=ADVANCED_FACE('',(#318),#4857,.F.);
#4998=ADVANCED_FACE('',(#319),#142,.F.);
#4999=ADVANCED_FACE('',(#320),#4858,.F.);
#5000=ADVANCED_FACE('',(#321),#4859,.F.);
#5001=ADVANCED_FACE('',(#322),#4860,.F.);
#5002=ADVANCED_FACE('',(#323),#4861,.F.);
#5003=ADVANCED_FACE('',(#324),#4862,.F.);
#5004=ADVANCED_FACE('',(#325),#4863,.F.);
#5005=ADVANCED_FACE('',(#326),#4864,.F.);
#5006=ADVANCED_FACE('',(#327),#143,.F.);
#5007=ADVANCED_FACE('',(#328),#4865,.F.);
#5008=ADVANCED_FACE('',(#329),#4866,.F.);
#5009=ADVANCED_FACE('',(#330),#4867,.F.);
#5010=ADVANCED_FACE('',(#331),#4868,.F.);
#5011=ADVANCED_FACE('',(#332),#4869,.F.);
#5012=ADVANCED_FACE('',(#333),#4870,.F.);
#5013=ADVANCED_FACE('',(#334),#4871,.F.);
#5014=ADVANCED_FACE('',(#335),#4872,.F.);
#5015=ADVANCED_FACE('',(#336),#4873,.F.);
#5016=ADVANCED_FACE('',(#337),#4874,.F.);
#5017=ADVANCED_FACE('',(#338),#4875,.F.);
#5018=ADVANCED_FACE('',(#339),#4876,.F.);
#5019=ADVANCED_FACE('',(#340),#4877,.F.);
#5020=ADVANCED_FACE('',(#341),#4878,.F.);
#5021=ADVANCED_FACE('',(#342),#4879,.F.);
#5022=ADVANCED_FACE('',(#343,#91),#144,.T.);
#5023=ADVANCED_FACE('',(#344),#145,.F.);
#5024=ADVANCED_FACE('',(#345),#4880,.F.);
#5025=ADVANCED_FACE('',(#346),#4881,.F.);
#5026=ADVANCED_FACE('',(#347),#4882,.F.);
#5027=ADVANCED_FACE('',(#348),#4883,.F.);
#5028=ADVANCED_FACE('',(#349),#4884,.F.);
#5029=ADVANCED_FACE('',(#350),#146,.F.);
#5030=ADVANCED_FACE('',(#351),#147,.F.);
#5031=ADVANCED_FACE('',(#352),#148,.F.);
#5032=ADVANCED_FACE('',(#353),#149,.F.);
#5033=ADVANCED_FACE('',(#354),#4885,.F.);
#5034=ADVANCED_FACE('',(#355),#4886,.F.);
#5035=ADVANCED_FACE('',(#356),#4887,.F.);
#5036=ADVANCED_FACE('',(#357),#4888,.F.);
#5037=ADVANCED_FACE('',(#358),#4889,.F.);
#5038=ADVANCED_FACE('',(#359),#4890,.F.);
#5039=ADVANCED_FACE('',(#360),#150,.F.);
#5040=ADVANCED_FACE('',(#361),#151,.F.);
#5041=ADVANCED_FACE('',(#362),#152,.F.);
#5042=ADVANCED_FACE('',(#363,#92),#153,.T.);
#5043=ADVANCED_FACE('',(#364),#4891,.F.);
#5044=ADVANCED_FACE('',(#365),#4892,.F.);
#5045=ADVANCED_FACE('',(#366),#4893,.F.);
#5046=ADVANCED_FACE('',(#367),#4894,.F.);
#5047=ADVANCED_FACE('',(#368),#4895,.F.);
#5048=ADVANCED_FACE('',(#369),#4896,.F.);
#5049=ADVANCED_FACE('',(#370),#4897,.F.);
#5050=ADVANCED_FACE('',(#371),#4898,.F.);
#5051=ADVANCED_FACE('',(#372),#154,.F.);
#5052=ADVANCED_FACE('',(#373),#155,.F.);
#5053=ADVANCED_FACE('',(#374),#156,.F.);
#5054=ADVANCED_FACE('',(#375),#4899,.F.);
#5055=ADVANCED_FACE('',(#376),#4900,.F.);
#5056=ADVANCED_FACE('',(#377),#4901,.F.);
#5057=ADVANCED_FACE('',(#378),#4902,.F.);
#5058=ADVANCED_FACE('',(#379),#4903,.F.);
#5059=ADVANCED_FACE('',(#380),#4904,.F.);
#5060=ADVANCED_FACE('',(#381),#4905,.F.);
#5061=ADVANCED_FACE('',(#382),#4906,.F.);
#5062=ADVANCED_FACE('',(#383),#4907,.F.);
#5063=ADVANCED_FACE('',(#384),#157,.F.);
#5064=ADVANCED_FACE('',(#385),#158,.F.);
#5065=ADVANCED_FACE('',(#386,#93),#159,.T.);
#5066=ADVANCED_FACE('',(#387),#160,.F.);
#5067=ADVANCED_FACE('',(#388),#161,.F.);
#5068=ADVANCED_FACE('',(#389),#162,.F.);
#5069=ADVANCED_FACE('',(#390),#4908,.F.);
#5070=ADVANCED_FACE('',(#391),#4909,.F.);
#5071=ADVANCED_FACE('',(#392),#4910,.F.);
#5072=ADVANCED_FACE('',(#393),#4911,.F.);
#5073=ADVANCED_FACE('',(#394),#4912,.F.);
#5074=ADVANCED_FACE('',(#395),#4913,.F.);
#5075=ADVANCED_FACE('',(#396),#163,.F.);
#5076=ADVANCED_FACE('',(#397),#164,.F.);
#5077=ADVANCED_FACE('',(#398),#165,.F.);
#5078=ADVANCED_FACE('',(#399),#4914,.F.);
#5079=ADVANCED_FACE('',(#400),#4915,.F.);
#5080=ADVANCED_FACE('',(#401),#4916,.F.);
#5081=ADVANCED_FACE('',(#402),#4917,.F.);
#5082=ADVANCED_FACE('',(#403),#4918,.F.);
#5083=ADVANCED_FACE('',(#404),#166,.F.);
#5084=ADVANCED_FACE('',(#405),#167,.F.);
#5085=ADVANCED_FACE('',(#406),#168,.T.);
#5086=ADVANCED_FACE('',(#407),#4919,.F.);
#5087=ADVANCED_FACE('',(#408),#4920,.F.);
#5088=ADVANCED_FACE('',(#409),#4921,.F.);
#5089=ADVANCED_FACE('',(#410),#4922,.F.);
#5090=ADVANCED_FACE('',(#411),#4923,.F.);
#5091=ADVANCED_FACE('',(#412),#4924,.F.);
#5092=ADVANCED_FACE('',(#413),#4925,.F.);
#5093=ADVANCED_FACE('',(#414),#4926,.F.);
#5094=ADVANCED_FACE('',(#415),#4927,.F.);
#5095=ADVANCED_FACE('',(#416),#4928,.F.);
#5096=ADVANCED_FACE('',(#417),#4929,.F.);
#5097=ADVANCED_FACE('',(#418),#4930,.F.);
#5098=ADVANCED_FACE('',(#419),#4931,.F.);
#5099=ADVANCED_FACE('',(#420),#4932,.F.);
#5100=ADVANCED_FACE('',(#421),#4933,.F.);
#5101=ADVANCED_FACE('',(#422),#4934,.F.);
#5102=ADVANCED_FACE('',(#423),#4935,.F.);
#5103=ADVANCED_FACE('',(#424),#4936,.F.);
#5104=ADVANCED_FACE('',(#425),#4937,.F.);
#5105=ADVANCED_FACE('',(#426),#4938,.F.);
#5106=ADVANCED_FACE('',(#427,#94),#169,.T.);
#5107=ADVANCED_FACE('',(#428,#95,#96,#97,#98,#99,#100,#101,#102),#170,.T.);
#5108=ADVANCED_FACE('',(#429),#171,.T.);
#5109=ADVANCED_FACE('',(#430),#172,.T.);
#5110=ADVANCED_FACE('',(#431),#173,.T.);
#5111=ADVANCED_FACE('',(#432),#174,.T.);
#5112=ADVANCED_FACE('',(#433),#175,.T.);
#5113=ADVANCED_FACE('',(#434),#176,.T.);
#5114=ADVANCED_FACE('',(#435),#177,.T.);
#5115=ADVANCED_FACE('',(#436),#178,.T.);
#5116=ADVANCED_FACE('',(#437),#179,.T.);
#5117=ADVANCED_FACE('',(#438),#180,.T.);
#5118=ADVANCED_FACE('',(#439),#181,.T.);
#5119=ADVANCED_FACE('',(#440),#182,.T.);
#5120=ADVANCED_FACE('',(#441),#183,.T.);
#5121=ADVANCED_FACE('',(#442),#184,.T.);
#5122=ADVANCED_FACE('',(#443),#185,.T.);
#5123=ADVANCED_FACE('',(#444),#186,.T.);
#5124=ADVANCED_FACE('',(#445),#187,.T.);
#5125=ADVANCED_FACE('',(#446),#188,.T.);
#5126=ADVANCED_FACE('',(#447),#189,.T.);
#5127=ADVANCED_FACE('',(#448),#190,.T.);
#5128=ADVANCED_FACE('',(#449),#191,.T.);
#5129=ADVANCED_FACE('',(#450),#192,.T.);
#5130=ADVANCED_FACE('',(#451),#193,.T.);
#5131=ADVANCED_FACE('',(#452),#194,.T.);
#5132=ADVANCED_FACE('',(#453),#195,.T.);
#5133=ADVANCED_FACE('',(#454),#196,.T.);
#5134=ADVANCED_FACE('',(#455,#103,#104,#105,#106),#197,.T.);
#5135=ADVANCED_FACE('',(#456),#198,.T.);
#5136=ADVANCED_FACE('',(#457),#19,.F.);
#5137=ADVANCED_FACE('',(#458),#20,.F.);
#5138=ADVANCED_FACE('',(#459),#21,.F.);
#5139=ADVANCED_FACE('',(#460),#22,.F.);
#5140=ADVANCED_FACE('',(#461),#199,.T.);
#5141=ADVANCED_FACE('',(#462),#200,.T.);
#5142=ADVANCED_FACE('',(#463),#201,.T.);
#5143=ADVANCED_FACE('',(#464),#202,.T.);
#5144=ADVANCED_FACE('',(#465),#203,.T.);
#5145=ADVANCED_FACE('',(#466),#204,.T.);
#5146=ADVANCED_FACE('',(#467),#205,.T.);
#5147=ADVANCED_FACE('',(#468),#206,.T.);
#5148=ADVANCED_FACE('',(#469),#207,.T.);
#5149=ADVANCED_FACE('',(#470),#208,.T.);
#5150=ADVANCED_FACE('',(#471),#209,.T.);
#5151=ADVANCED_FACE('',(#472),#210,.T.);
#5152=ADVANCED_FACE('',(#473),#211,.T.);
#5153=ADVANCED_FACE('',(#474),#212,.T.);
#5154=ADVANCED_FACE('',(#475),#213,.T.);
#5155=ADVANCED_FACE('',(#476),#214,.T.);
#5156=ADVANCED_FACE('',(#477),#215,.T.);
#5157=ADVANCED_FACE('',(#478),#216,.T.);
#5158=ADVANCED_FACE('',(#479),#217,.T.);
#5159=ADVANCED_FACE('',(#480),#218,.T.);
#5160=ADVANCED_FACE('',(#481),#219,.T.);
#5161=ADVANCED_FACE('',(#482),#220,.T.);
#5162=ADVANCED_FACE('',(#483,#107,#108,#109,#110,#111,#112,#113,#114,#115),
#221,.F.);
#5163=ADVANCED_FACE('',(#484),#222,.T.);
#5164=ADVANCED_FACE('',(#485),#223,.T.);
#5165=ADVANCED_FACE('',(#486),#224,.T.);
#5166=ADVANCED_FACE('',(#487),#225,.T.);
#5167=ADVANCED_FACE('',(#488),#226,.T.);
#5168=ADVANCED_FACE('',(#489),#227,.T.);
#5169=ADVANCED_FACE('',(#490),#228,.T.);
#5170=ADVANCED_FACE('',(#491),#229,.T.);
#5171=ADVANCED_FACE('',(#492),#230,.T.);
#5172=ADVANCED_FACE('',(#493),#231,.T.);
#5173=ADVANCED_FACE('',(#494),#232,.T.);
#5174=ADVANCED_FACE('',(#495),#233,.T.);
#5175=ADVANCED_FACE('',(#496),#234,.T.);
#5176=ADVANCED_FACE('',(#497),#23,.F.);
#5177=ADVANCED_FACE('',(#498),#235,.T.);
#5178=ADVANCED_FACE('',(#499),#24,.F.);
#5179=ADVANCED_FACE('',(#500),#236,.T.);
#5180=ADVANCED_FACE('',(#501),#25,.F.);
#5181=ADVANCED_FACE('',(#502),#237,.T.);
#5182=ADVANCED_FACE('',(#503),#26,.F.);
#5183=ADVANCED_FACE('',(#504),#27,.F.);
#5184=ADVANCED_FACE('',(#505),#28,.F.);
#5185=ADVANCED_FACE('',(#506),#238,.T.);
#5186=ADVANCED_FACE('',(#507),#29,.F.);
#5187=ADVANCED_FACE('',(#508),#239,.T.);
#5188=ADVANCED_FACE('',(#509),#30,.F.);
#5189=ADVANCED_FACE('',(#510),#240,.T.);
#5190=ADVANCED_FACE('',(#511),#31,.F.);
#5191=ADVANCED_FACE('',(#512),#241,.T.);
#5192=ADVANCED_FACE('',(#513),#32,.F.);
#5193=ADVANCED_FACE('',(#514),#33,.F.);
#5194=ADVANCED_FACE('',(#515),#242,.T.);
#5195=ADVANCED_FACE('',(#516),#34,.F.);
#5196=ADVANCED_FACE('',(#517),#243,.T.);
#5197=ADVANCED_FACE('',(#518),#35,.F.);
#5198=ADVANCED_FACE('',(#519),#244,.T.);
#5199=ADVANCED_FACE('',(#520),#36,.F.);
#5200=ADVANCED_FACE('',(#521),#245,.T.);
#5201=ADVANCED_FACE('',(#522),#37,.F.);
#5202=ADVANCED_FACE('',(#523),#246,.T.);
#5203=ADVANCED_FACE('',(#524),#38,.F.);
#5204=ADVANCED_FACE('',(#525),#247,.T.);
#5205=ADVANCED_FACE('',(#526),#39,.F.);
#5206=ADVANCED_FACE('',(#527),#248,.T.);
#5207=ADVANCED_FACE('',(#528),#40,.F.);
#5208=ADVANCED_FACE('',(#529),#249,.T.);
#5209=ADVANCED_FACE('',(#530),#41,.F.);
#5210=ADVANCED_FACE('',(#531),#42,.F.);
#5211=ADVANCED_FACE('',(#532),#250,.T.);
#5212=ADVANCED_FACE('',(#533),#251,.T.);
#5213=ADVANCED_FACE('',(#534),#252,.T.);
#5214=ADVANCED_FACE('',(#535,#116,#117,#118,#119,#120,#121,#122,#123,#124),
#253,.T.);
#5215=ADVANCED_FACE('',(#536),#254,.T.);
#5216=ADVANCED_FACE('',(#537),#255,.T.);
#5217=ADVANCED_FACE('',(#538),#256,.T.);
#5218=ADVANCED_FACE('',(#539),#257,.T.);
#5219=ADVANCED_FACE('',(#540),#258,.T.);
#5220=ADVANCED_FACE('',(#541),#259,.F.);
#5221=CLOSED_SHELL('',(#4939,#4940,#4941,#4942,#4943,#4944,#4945,#4946,
#4947,#4948,#4949,#4950,#4951,#4952,#4953,#4954,#4955,#4956,#4957,#4958,
#4959,#4960,#4961,#4962,#4963,#4964,#4965,#4966,#4967,#4968,#4969,#4970,
#4971,#4972,#4973,#4974,#4975,#4976,#4977,#4978,#4979,#4980,#4981,#4982,
#4983,#4984,#4985,#4986,#4987,#4988,#4989,#4990,#4991,#4992,#4993,#4994,
#4995,#4996,#4997,#4998,#4999,#5000,#5001,#5002,#5003,#5004,#5005,#5006,
#5007,#5008,#5009,#5010,#5011,#5012,#5013,#5014,#5015,#5016,#5017,#5018,
#5019,#5020,#5021,#5022,#5023,#5024,#5025,#5026,#5027,#5028,#5029,#5030,
#5031,#5032,#5033,#5034,#5035,#5036,#5037,#5038,#5039,#5040,#5041,#5042,
#5043,#5044,#5045,#5046,#5047,#5048,#5049,#5050,#5051,#5052,#5053,#5054,
#5055,#5056,#5057,#5058,#5059,#5060,#5061,#5062,#5063,#5064,#5065,#5066,
#5067,#5068,#5069,#5070,#5071,#5072,#5073,#5074,#5075,#5076,#5077,#5078,
#5079,#5080,#5081,#5082,#5083,#5084,#5085,#5086,#5087,#5088,#5089,#5090,
#5091,#5092,#5093,#5094,#5095,#5096,#5097,#5098,#5099,#5100,#5101,#5102,
#5103,#5104,#5105,#5106,#5107,#5108,#5109,#5110,#5111,#5112,#5113,#5114,
#5115,#5116,#5117,#5118,#5119,#5120,#5121,#5122,#5123,#5124,#5125,#5126,
#5127,#5128,#5129,#5130,#5131,#5132,#5133,#5134,#5135,#5136,#5137,#5138,
#5139,#5140,#5141,#5142,#5143,#5144,#5145,#5146,#5147,#5148,#5149,#5150,
#5151,#5152));
#5222=CLOSED_SHELL('',(#5153,#5154,#5155,#5156,#5157,#5158,#5159,#5160,
#5161,#5162,#5163,#5164,#5165,#5166,#5167,#5168,#5169,#5170,#5171,#5172,
#5173,#5174,#5175,#5176,#5177,#5178,#5179,#5180,#5181,#5182,#5183,#5184,
#5185,#5186,#5187,#5188,#5189,#5190,#5191,#5192,#5193,#5194,#5195,#5196,
#5197,#5198,#5199,#5200,#5201,#5202,#5203,#5204,#5205,#5206,#5207,#5208,
#5209,#5210,#5211,#5212,#5213,#5214));
#5223=CLOSED_SHELL('',(#5215,#5216,#5217,#5218,#5219,#5220));
#5224=DERIVED_UNIT_ELEMENT(#5226,1.);
#5225=DERIVED_UNIT_ELEMENT(#9965,-3.);
#5226=(
MASS_UNIT()
NAMED_UNIT(*)
SI_UNIT(.KILO.,.GRAM.)
);
#5227=DERIVED_UNIT((#5224,#5225));
#5228=MEASURE_REPRESENTATION_ITEM('density measure',
POSITIVE_RATIO_MEASURE(7850.),#5227);
#5229=PROPERTY_DEFINITION_REPRESENTATION(#5234,#5231);
#5230=PROPERTY_DEFINITION_REPRESENTATION(#5235,#5232);
#5231=REPRESENTATION('material name',(#5233),#9962);
#5232=REPRESENTATION('density',(#5228),#9962);
#5233=DESCRIPTIVE_REPRESENTATION_ITEM('Steel','Steel');
#5234=PROPERTY_DEFINITION('material property','material name',#9972);
#5235=PROPERTY_DEFINITION('material property','density of part',#9972);
#5236=AXIS2_PLACEMENT_3D('',#6326,#5444,#5445);
#5237=AXIS2_PLACEMENT_3D('',#6652,#5461,#5462);
#5238=AXIS2_PLACEMENT_3D('',#7026,#5482,#5483);
#5239=AXIS2_PLACEMENT_3D('',#7052,#5487,#5488);
#5240=AXIS2_PLACEMENT_3D('',#7053,#5489,#5490);
#5241=AXIS2_PLACEMENT_3D('',#7062,#5495,#5496);
#5242=AXIS2_PLACEMENT_3D('',#7068,#5500,#5501);
#5243=AXIS2_PLACEMENT_3D('',#7074,#5505,#5506);
#5244=AXIS2_PLACEMENT_3D('',#7080,#5510,#5511);
#5245=AXIS2_PLACEMENT_3D('',#7086,#5515,#5516);
#5246=AXIS2_PLACEMENT_3D('',#7089,#5519,#5520);
#5247=AXIS2_PLACEMENT_3D('',#7090,#5521,#5522);
#5248=AXIS2_PLACEMENT_3D('',#7099,#5527,#5528);
#5249=AXIS2_PLACEMENT_3D('',#7105,#5532,#5533);
#5250=AXIS2_PLACEMENT_3D('',#7111,#5537,#5538);
#5251=AXIS2_PLACEMENT_3D('',#7114,#5541,#5542);
#5252=AXIS2_PLACEMENT_3D('',#7325,#5553,#5554);
#5253=AXIS2_PLACEMENT_3D('',#7328,#5557,#5558);
#5254=AXIS2_PLACEMENT_3D('',#7383,#5565,#5566);
#5255=AXIS2_PLACEMENT_3D('',#7550,#5577,#5578);
#5256=AXIS2_PLACEMENT_3D('',#7898,#5596,#5597);
#5257=AXIS2_PLACEMENT_3D('',#7899,#5598,#5599);
#5258=AXIS2_PLACEMENT_3D('',#8023,#5609,#5610);
#5259=AXIS2_PLACEMENT_3D('',#8029,#5614,#5615);
#5260=AXIS2_PLACEMENT_3D('',#8032,#5618,#5619);
#5261=AXIS2_PLACEMENT_3D('',#8041,#5624,#5625);
#5262=AXIS2_PLACEMENT_3D('',#8185,#5635,#5636);
#5263=AXIS2_PLACEMENT_3D('',#8191,#5640,#5641);
#5264=AXIS2_PLACEMENT_3D('',#8197,#5645,#5646);
#5265=AXIS2_PLACEMENT_3D('',#8200,#5649,#5650);
#5266=AXIS2_PLACEMENT_3D('',#8385,#5659,#5660);
#5267=AXIS2_PLACEMENT_3D('',#8394,#5665,#5666);
#5268=AXIS2_PLACEMENT_3D('',#8400,#5670,#5671);
#5269=AXIS2_PLACEMENT_3D('',#8613,#5684,#5685);
#5270=AXIS2_PLACEMENT_3D('',#8619,#5689,#5690);
#5271=AXIS2_PLACEMENT_3D('',#8622,#5693,#5694);
#5272=AXIS2_PLACEMENT_3D('',#8623,#5695,#5696);
#5273=AXIS2_PLACEMENT_3D('',#8632,#5701,#5702);
#5274=AXIS2_PLACEMENT_3D('',#8638,#5706,#5707);
#5275=AXIS2_PLACEMENT_3D('',#8782,#5717,#5718);
#5276=AXIS2_PLACEMENT_3D('',#8788,#5722,#5723);
#5277=AXIS2_PLACEMENT_3D('',#8794,#5727,#5728);
#5278=AXIS2_PLACEMENT_3D('',#8915,#5737,#5738);
#5279=AXIS2_PLACEMENT_3D('',#8921,#5742,#5743);
#5280=AXIS2_PLACEMENT_3D('',#8924,#5746,#5747);
#5281=AXIS2_PLACEMENT_3D('',#9385,#5768,#5769);
#5282=AXIS2_PLACEMENT_3D('',#9386,#5770,#5771);
#5283=AXIS2_PLACEMENT_3D('',#9403,#5780,#5781);
#5284=AXIS2_PLACEMENT_3D('',#9404,#5782,#5783);
#5285=AXIS2_PLACEMENT_3D('',#9405,#5784,#5785);
#5286=AXIS2_PLACEMENT_3D('',#9406,#5786,#5787);
#5287=AXIS2_PLACEMENT_3D('',#9412,#5791,#5792);
#5288=AXIS2_PLACEMENT_3D('',#9418,#5796,#5797);
#5289=AXIS2_PLACEMENT_3D('',#9424,#5801,#5802);
#5290=AXIS2_PLACEMENT_3D('',#9430,#5806,#5807);
#5291=AXIS2_PLACEMENT_3D('',#9432,#5809,#5810);
#5292=AXIS2_PLACEMENT_3D('',#9438,#5814,#5815);
#5293=AXIS2_PLACEMENT_3D('',#9444,#5819,#5820);
#5294=AXIS2_PLACEMENT_3D('',#9446,#5822,#5823);
#5295=AXIS2_PLACEMENT_3D('',#9452,#5827,#5828);
#5296=AXIS2_PLACEMENT_3D('',#9458,#5832,#5833);
#5297=AXIS2_PLACEMENT_3D('',#9460,#5835,#5836);
#5298=AXIS2_PLACEMENT_3D('',#9466,#5840,#5841);
#5299=AXIS2_PLACEMENT_3D('',#9472,#5845,#5846);
#5300=AXIS2_PLACEMENT_3D('',#9478,#5850,#5851);
#5301=AXIS2_PLACEMENT_3D('',#9484,#5855,#5856);
#5302=AXIS2_PLACEMENT_3D('',#9486,#5858,#5859);
#5303=AXIS2_PLACEMENT_3D('',#9488,#5861,#5862);
#5304=AXIS2_PLACEMENT_3D('',#9492,#5865,#5866);
#5305=AXIS2_PLACEMENT_3D('',#9496,#5869,#5870);
#5306=AXIS2_PLACEMENT_3D('',#9498,#5872,#5873);
#5307=AXIS2_PLACEMENT_3D('',#9500,#5875,#5876);
#5308=AXIS2_PLACEMENT_3D('',#9502,#5878,#5879);
#5309=AXIS2_PLACEMENT_3D('',#9504,#5881,#5882);
#5310=AXIS2_PLACEMENT_3D('',#9517,#5890,#5891);
#5311=AXIS2_PLACEMENT_3D('',#9519,#5892,#5893);
#5312=AXIS2_PLACEMENT_3D('',#9521,#5894,#5895);
#5313=AXIS2_PLACEMENT_3D('',#9523,#5896,#5897);
#5314=AXIS2_PLACEMENT_3D('',#9524,#5898,#5899);
#5315=AXIS2_PLACEMENT_3D('',#9525,#5900,#5901);
#5316=AXIS2_PLACEMENT_3D('',#9528,#5903,#5904);
#5317=AXIS2_PLACEMENT_3D('',#9529,#5905,#5906);
#5318=AXIS2_PLACEMENT_3D('',#9532,#5908,#5909);
#5319=AXIS2_PLACEMENT_3D('',#9533,#5910,#5911);
#5320=AXIS2_PLACEMENT_3D('',#9536,#5913,#5914);
#5321=AXIS2_PLACEMENT_3D('',#9537,#5915,#5916);
#5322=AXIS2_PLACEMENT_3D('',#9540,#5918,#5919);
#5323=AXIS2_PLACEMENT_3D('',#9541,#5920,#5921);
#5324=AXIS2_PLACEMENT_3D('',#9547,#5925,#5926);
#5325=AXIS2_PLACEMENT_3D('',#9551,#5929,#5930);
#5326=AXIS2_PLACEMENT_3D('',#9555,#5933,#5934);
#5327=AXIS2_PLACEMENT_3D('',#9556,#5935,#5936);
#5328=AXIS2_PLACEMENT_3D('',#9557,#5937,#5938);
#5329=AXIS2_PLACEMENT_3D('',#9558,#5939,#5940);
#5330=AXIS2_PLACEMENT_3D('',#9559,#5941,#5942);
#5331=AXIS2_PLACEMENT_3D('',#9560,#5943,#5944);
#5332=AXIS2_PLACEMENT_3D('',#9561,#5945,#5946);
#5333=AXIS2_PLACEMENT_3D('',#9565,#5949,#5950);
#5334=AXIS2_PLACEMENT_3D('',#9569,#5953,#5954);
#5335=AXIS2_PLACEMENT_3D('',#9571,#5956,#5957);
#5336=AXIS2_PLACEMENT_3D('',#9572,#5958,#5959);
#5337=AXIS2_PLACEMENT_3D('',#9581,#5964,#5965);
#5338=AXIS2_PLACEMENT_3D('',#9587,#5969,#5970);
#5339=AXIS2_PLACEMENT_3D('',#9593,#5974,#5975);
#5340=AXIS2_PLACEMENT_3D('',#9599,#5979,#5980);
#5341=AXIS2_PLACEMENT_3D('',#9605,#5984,#5985);
#5342=AXIS2_PLACEMENT_3D('',#9611,#5989,#5990);
#5343=AXIS2_PLACEMENT_3D('',#9617,#5994,#5995);
#5344=AXIS2_PLACEMENT_3D('',#9620,#5998,#5999);
#5345=AXIS2_PLACEMENT_3D('',#9629,#6004,#6005);
#5346=AXIS2_PLACEMENT_3D('',#9660,#6021,#6022);
#5347=AXIS2_PLACEMENT_3D('',#9663,#6023,#6024);
#5348=AXIS2_PLACEMENT_3D('',#9667,#6026,#6027);
#5349=AXIS2_PLACEMENT_3D('',#9671,#6029,#6030);
#5350=AXIS2_PLACEMENT_3D('',#9675,#6032,#6033);
#5351=AXIS2_PLACEMENT_3D('',#9679,#6035,#6036);
#5352=AXIS2_PLACEMENT_3D('',#9683,#6038,#6039);
#5353=AXIS2_PLACEMENT_3D('',#9687,#6041,#6042);
#5354=AXIS2_PLACEMENT_3D('',#9691,#6044,#6045);
#5355=AXIS2_PLACEMENT_3D('',#9694,#6047,#6048);
#5356=AXIS2_PLACEMENT_3D('',#9696,#6049,#6050);
#5357=AXIS2_PLACEMENT_3D('',#9701,#6052,#6053);
#5358=AXIS2_PLACEMENT_3D('',#9705,#6055,#6056);
#5359=AXIS2_PLACEMENT_3D('',#9709,#6058,#6059);
#5360=AXIS2_PLACEMENT_3D('',#9712,#6061,#6062);
#5361=AXIS2_PLACEMENT_3D('',#9714,#6063,#6064);
#5362=AXIS2_PLACEMENT_3D('',#9717,#6065,#6066);
#5363=AXIS2_PLACEMENT_3D('',#9721,#6068,#6069);
#5364=AXIS2_PLACEMENT_3D('',#9725,#6071,#6072);
#5365=AXIS2_PLACEMENT_3D('',#9729,#6074,#6075);
#5366=AXIS2_PLACEMENT_3D('',#9731,#6077,#6078);
#5367=AXIS2_PLACEMENT_3D('',#9735,#6081,#6082);
#5368=AXIS2_PLACEMENT_3D('',#9739,#6085,#6086);
#5369=AXIS2_PLACEMENT_3D('',#9745,#6090,#6091);
#5370=AXIS2_PLACEMENT_3D('',#9749,#6094,#6095);
#5371=AXIS2_PLACEMENT_3D('',#9753,#6098,#6099);
#5372=AXIS2_PLACEMENT_3D('',#9759,#6103,#6104);
#5373=AXIS2_PLACEMENT_3D('',#9763,#6107,#6108);
#5374=AXIS2_PLACEMENT_3D('',#9767,#6111,#6112);
#5375=AXIS2_PLACEMENT_3D('',#9771,#6115,#6116);
#5376=AXIS2_PLACEMENT_3D('',#9775,#6119,#6120);
#5377=AXIS2_PLACEMENT_3D('',#9781,#6124,#6125);
#5378=AXIS2_PLACEMENT_3D('',#9783,#6127,#6128);
#5379=AXIS2_PLACEMENT_3D('',#9789,#6132,#6133);
#5380=AXIS2_PLACEMENT_3D('',#9791,#6134,#6135);
#5381=AXIS2_PLACEMENT_3D('',#9793,#6137,#6138);
#5382=AXIS2_PLACEMENT_3D('',#9797,#6141,#6142);
#5383=AXIS2_PLACEMENT_3D('',#9799,#6143,#6144);
#5384=AXIS2_PLACEMENT_3D('',#9801,#6146,#6147);
#5385=AXIS2_PLACEMENT_3D('',#9805,#6150,#6151);
#5386=AXIS2_PLACEMENT_3D('',#9807,#6152,#6153);
#5387=AXIS2_PLACEMENT_3D('',#9809,#6155,#6156);
#5388=AXIS2_PLACEMENT_3D('',#9813,#6159,#6160);
#5389=AXIS2_PLACEMENT_3D('',#9814,#6161,#6162);
#5390=AXIS2_PLACEMENT_3D('',#9815,#6163,#6164);
#5391=AXIS2_PLACEMENT_3D('',#9817,#6165,#6166);
#5392=AXIS2_PLACEMENT_3D('',#9819,#6168,#6169);
#5393=AXIS2_PLACEMENT_3D('',#9823,#6171,#6172);
#5394=AXIS2_PLACEMENT_3D('',#9825,#6174,#6175);
#5395=AXIS2_PLACEMENT_3D('',#9829,#6178,#6179);
#5396=AXIS2_PLACEMENT_3D('',#9831,#6180,#6181);
#5397=AXIS2_PLACEMENT_3D('',#9833,#6183,#6184);
#5398=AXIS2_PLACEMENT_3D('',#9837,#6187,#6188);
#5399=AXIS2_PLACEMENT_3D('',#9839,#6189,#6190);
#5400=AXIS2_PLACEMENT_3D('',#9841,#6192,#6193);
#5401=AXIS2_PLACEMENT_3D('',#9845,#6196,#6197);
#5402=AXIS2_PLACEMENT_3D('',#9847,#6198,#6199);
#5403=AXIS2_PLACEMENT_3D('',#9849,#6201,#6202);
#5404=AXIS2_PLACEMENT_3D('',#9851,#6204,#6205);
#5405=AXIS2_PLACEMENT_3D('',#9853,#6206,#6207);
#5406=AXIS2_PLACEMENT_3D('',#9855,#6209,#6210);
#5407=AXIS2_PLACEMENT_3D('',#9857,#6211,#6212);
#5408=AXIS2_PLACEMENT_3D('',#9859,#6214,#6215);
#5409=AXIS2_PLACEMENT_3D('',#9865,#6219,#6220);
#5410=AXIS2_PLACEMENT_3D('',#9867,#6221,#6222);
#5411=AXIS2_PLACEMENT_3D('',#9869,#6224,#6225);
#5412=AXIS2_PLACEMENT_3D('',#9873,#6228,#6229);
#5413=AXIS2_PLACEMENT_3D('',#9875,#6230,#6231);
#5414=AXIS2_PLACEMENT_3D('',#9877,#6233,#6234);
#5415=AXIS2_PLACEMENT_3D('',#9881,#6237,#6238);
#5416=AXIS2_PLACEMENT_3D('',#9883,#6239,#6240);
#5417=AXIS2_PLACEMENT_3D('',#9885,#6242,#6243);
#5418=AXIS2_PLACEMENT_3D('',#9889,#6246,#6247);
#5419=AXIS2_PLACEMENT_3D('',#9890,#6248,#6249);
#5420=AXIS2_PLACEMENT_3D('',#9891,#6250,#6251);
#5421=AXIS2_PLACEMENT_3D('',#9897,#6255,#6256);
#5422=AXIS2_PLACEMENT_3D('',#9899,#6257,#6258);
#5423=AXIS2_PLACEMENT_3D('',#9901,#6260,#6261);
#5424=AXIS2_PLACEMENT_3D('',#9905,#6264,#6265);
#5425=AXIS2_PLACEMENT_3D('',#9907,#6266,#6267);
#5426=AXIS2_PLACEMENT_3D('',#9909,#6269,#6270);
#5427=AXIS2_PLACEMENT_3D('',#9913,#6273,#6274);
#5428=AXIS2_PLACEMENT_3D('',#9915,#6275,#6276);
#5429=AXIS2_PLACEMENT_3D('',#9917,#6278,#6279);
#5430=AXIS2_PLACEMENT_3D('',#9921,#6282,#6283);
#5431=AXIS2_PLACEMENT_3D('',#9922,#6284,#6285);
#5432=AXIS2_PLACEMENT_3D('',#9923,#6286,#6287);
#5433=AXIS2_PLACEMENT_3D('',#9925,#6288,#6289);
#5434=AXIS2_PLACEMENT_3D('',#9927,#6291,#6292);
#5435=AXIS2_PLACEMENT_3D('',#9929,#6294,#6295);
#5436=AXIS2_PLACEMENT_3D('',#9931,#6297,#6298);
#5437=AXIS2_PLACEMENT_3D('',#9933,#6300,#6301);
#5438=AXIS2_PLACEMENT_3D('',#9934,#6302,#6303);
#5439=AXIS2_PLACEMENT_3D('',#9943,#6308,#6309);
#5440=AXIS2_PLACEMENT_3D('',#9949,#6313,#6314);
#5441=AXIS2_PLACEMENT_3D('',#9955,#6318,#6319);
#5442=AXIS2_PLACEMENT_3D('',#9958,#6322,#6323);
#5443=AXIS2_PLACEMENT_3D('',#9959,#6324,#6325);
#5444=DIRECTION('axis',(0.,0.,1.));
#5445=DIRECTION('refdir',(1.,0.,0.));
#5446=DIRECTION('',(0.,0.,1.));
#5447=DIRECTION('',(0.,0.,1.));
#5448=DIRECTION('',(0.,0.,1.));
#5449=DIRECTION('',(0.,0.,1.));
#5450=DIRECTION('',(0.,0.,1.));
#5451=DIRECTION('',(0.,0.,1.));
#5452=DIRECTION('',(0.,0.,1.));
#5453=DIRECTION('',(0.,0.,1.));
#5454=DIRECTION('',(0.,0.,1.));
#5455=DIRECTION('',(0.,0.,1.));
#5456=DIRECTION('',(0.,0.,1.));
#5457=DIRECTION('',(0.,0.,1.));
#5458=DIRECTION('',(0.,0.,1.));
#5459=DIRECTION('',(0.,0.,1.));
#5460=DIRECTION('',(0.,0.,1.));
#5461=DIRECTION('center_axis',(-0.135113973057808,-0.990830063272474,0.));
#5462=DIRECTION('ref_axis',(0.990830063272474,-0.135113973057808,0.));
#5463=DIRECTION('',(0.990830063272474,-0.135113973057808,0.));
#5464=DIRECTION('',(0.,0.,1.));
#5465=DIRECTION('',(0.990830063272474,-0.135113973057808,0.));
#5466=DIRECTION('',(0.,0.,1.));
#5467=DIRECTION('',(0.,0.,1.));
#5468=DIRECTION('',(0.,0.,1.));
#5469=DIRECTION('',(0.,0.,1.));
#5470=DIRECTION('',(0.,0.,1.));
#5471=DIRECTION('',(0.,0.,1.));
#5472=DIRECTION('',(0.,0.,1.));
#5473=DIRECTION('',(0.,0.,1.));
#5474=DIRECTION('',(0.,0.,1.));
#5475=DIRECTION('',(0.,0.,1.));
#5476=DIRECTION('',(0.,0.,1.));
#5477=DIRECTION('',(0.,0.,1.));
#5478=DIRECTION('',(0.,0.,1.));
#5479=DIRECTION('',(0.,0.,1.));
#5480=DIRECTION('',(0.,0.,1.));
#5481=DIRECTION('',(0.,0.,1.));
#5482=DIRECTION('center_axis',(0.155393624885149,0.987852631390459,0.));
#5483=DIRECTION('ref_axis',(-0.987852631390459,0.155393624885149,0.));
#5484=DIRECTION('',(-0.987852631390459,0.155393624885149,0.));
#5485=DIRECTION('',(0.,0.,1.));
#5486=DIRECTION('',(-0.987852631390459,0.155393624885149,0.));
#5487=DIRECTION('center_axis',(0.,0.,-1.));
#5488=DIRECTION('ref_axis',(1.,0.,0.));
#5489=DIRECTION('center_axis',(-0.997768070478605,-0.0667748270937645,0.));
#5490=DIRECTION('ref_axis',(0.0667748270937645,-0.997768070478605,0.));
#5491=DIRECTION('',(0.0667748270937645,-0.997768070478605,0.));
#5492=DIRECTION('',(0.,0.,1.));
#5493=DIRECTION('',(0.0667748270937645,-0.997768070478605,0.));
#5494=DIRECTION('',(0.,0.,1.));
#5495=DIRECTION('center_axis',(-1.,0.,0.));
#5496=DIRECTION('ref_axis',(0.,-1.,0.));
#5497=DIRECTION('',(0.,-1.,0.));
#5498=DIRECTION('',(0.,0.,1.));
#5499=DIRECTION('',(0.,-1.,0.));
#5500=DIRECTION('center_axis',(0.,1.,0.));
#5501=DIRECTION('ref_axis',(-1.,0.,0.));
#5502=DIRECTION('',(-1.,0.,0.));
#5503=DIRECTION('',(0.,0.,1.));
#5504=DIRECTION('',(-1.,0.,0.));
#5505=DIRECTION('center_axis',(1.,0.,0.));
#5506=DIRECTION('ref_axis',(0.,1.,0.));
#5507=DIRECTION('',(0.,1.,0.));
#5508=DIRECTION('',(0.,0.,1.));
#5509=DIRECTION('',(0.,1.,0.));
#5510=DIRECTION('center_axis',(0.997504123845895,-0.070608235429263,0.));
#5511=DIRECTION('ref_axis',(0.070608235429263,0.997504123845895,0.));
#5512=DIRECTION('',(0.070608235429263,0.997504123845895,0.));
#5513=DIRECTION('',(0.,0.,1.));
#5514=DIRECTION('',(0.070608235429263,0.997504123845895,0.));
#5515=DIRECTION('center_axis',(0.,-1.,0.));
#5516=DIRECTION('ref_axis',(1.,0.,0.));
#5517=DIRECTION('',(1.,0.,0.));
#5518=DIRECTION('',(1.,0.,0.));
#5519=DIRECTION('center_axis',(0.,0.,1.));
#5520=DIRECTION('ref_axis',(1.,0.,0.));
#5521=DIRECTION('center_axis',(-1.,0.,0.));
#5522=DIRECTION('ref_axis',(0.,-1.,0.));
#5523=DIRECTION('',(0.,-1.,0.));
#5524=DIRECTION('',(0.,0.,1.));
#5525=DIRECTION('',(0.,-1.,0.));
#5526=DIRECTION('',(0.,0.,1.));
#5527=DIRECTION('center_axis',(0.,1.,0.));
#5528=DIRECTION('ref_axis',(-1.,0.,0.));
#5529=DIRECTION('',(-1.,0.,0.));
#5530=DIRECTION('',(0.,0.,1.));
#5531=DIRECTION('',(-1.,0.,0.));
#5532=DIRECTION('center_axis',(1.,0.,0.));
#5533=DIRECTION('ref_axis',(0.,1.,0.));
#5534=DIRECTION('',(0.,1.,0.));
#5535=DIRECTION('',(0.,0.,1.));
#5536=DIRECTION('',(0.,1.,0.));
#5537=DIRECTION('center_axis',(0.,-1.,0.));
#5538=DIRECTION('ref_axis',(1.,0.,0.));
#5539=DIRECTION('',(1.,0.,0.));
#5540=DIRECTION('',(1.,0.,0.));
#5541=DIRECTION('center_axis',(0.,0.,1.));
#5542=DIRECTION('ref_axis',(1.,0.,0.));
#5543=DIRECTION('',(0.,0.,1.));
#5544=DIRECTION('',(0.,0.,1.));
#5545=DIRECTION('',(0.,0.,1.));
#5546=DIRECTION('',(0.,0.,1.));
#5547=DIRECTION('',(0.,0.,1.));
#5548=DIRECTION('',(0.,0.,1.));
#5549=DIRECTION('',(0.,0.,1.));
#5550=DIRECTION('',(0.,0.,1.));
#5551=DIRECTION('',(0.,0.,1.));
#5552=DIRECTION('',(0.,0.,1.));
#5553=DIRECTION('center_axis',(1.,0.,0.));
#5554=DIRECTION('ref_axis',(0.,1.,0.));
#5555=DIRECTION('',(0.,1.,0.));
#5556=DIRECTION('',(0.,1.,0.));
#5557=DIRECTION('center_axis',(0.,-1.,0.));
#5558=DIRECTION('ref_axis',(1.,0.,0.));
#5559=DIRECTION('',(1.,0.,0.));
#5560=DIRECTION('',(0.,0.,1.));
#5561=DIRECTION('',(1.,0.,0.));
#5562=DIRECTION('',(0.,0.,1.));
#5563=DIRECTION('',(0.,0.,1.));
#5564=DIRECTION('',(0.,0.,1.));
#5565=DIRECTION('center_axis',(-1.,0.,0.));
#5566=DIRECTION('ref_axis',(0.,-1.,0.));
#5567=DIRECTION('',(0.,-1.,0.));
#5568=DIRECTION('',(0.,0.,1.));
#5569=DIRECTION('',(0.,-1.,0.));
#5570=DIRECTION('',(0.,0.,1.));
#5571=DIRECTION('',(0.,0.,1.));
#5572=DIRECTION('',(0.,0.,1.));
#5573=DIRECTION('',(0.,0.,1.));
#5574=DIRECTION('',(0.,0.,1.));
#5575=DIRECTION('',(0.,0.,1.));
#5576=DIRECTION('',(0.,0.,1.));
#5577=DIRECTION('center_axis',(0.135113973057808,-0.990830063272474,0.));
#5578=DIRECTION('ref_axis',(0.990830063272474,0.135113973057808,0.));
#5579=DIRECTION('',(0.990830063272474,0.135113973057808,0.));
#5580=DIRECTION('',(0.,0.,1.));
#5581=DIRECTION('',(0.990830063272474,0.135113973057808,0.));
#5582=DIRECTION('',(0.,0.,1.));
#5583=DIRECTION('',(0.,0.,1.));
#5584=DIRECTION('',(0.,0.,1.));
#5585=DIRECTION('',(0.,0.,1.));
#5586=DIRECTION('',(0.,0.,1.));
#5587=DIRECTION('',(0.,0.,1.));
#5588=DIRECTION('',(0.,0.,1.));
#5589=DIRECTION('',(0.,0.,1.));
#5590=DIRECTION('',(0.,0.,1.));
#5591=DIRECTION('',(0.,0.,1.));
#5592=DIRECTION('',(0.,0.,1.));
#5593=DIRECTION('',(0.,0.,1.));
#5594=DIRECTION('',(0.,0.,1.));
#5595=DIRECTION('',(0.,0.,1.));
#5596=DIRECTION('center_axis',(0.,0.,-1.));
#5597=DIRECTION('ref_axis',(1.,0.,0.));
#5598=DIRECTION('center_axis',(0.,-1.,0.));
#5599=DIRECTION('ref_axis',(1.,0.,0.));
#5600=DIRECTION('',(1.,0.,0.));
#5601=DIRECTION('',(0.,0.,1.));
#5602=DIRECTION('',(1.,0.,0.));
#5603=DIRECTION('',(0.,0.,1.));
#5604=DIRECTION('',(0.,0.,1.));
#5605=DIRECTION('',(0.,0.,1.));
#5606=DIRECTION('',(0.,0.,1.));
#5607=DIRECTION('',(0.,0.,1.));
#5608=DIRECTION('',(0.,0.,1.));
#5609=DIRECTION('center_axis',(0.,1.,0.));
#5610=DIRECTION('ref_axis',(-1.,0.,0.));
#5611=DIRECTION('',(-1.,0.,0.));
#5612=DIRECTION('',(0.,0.,1.));
#5613=DIRECTION('',(-1.,0.,0.));
#5614=DIRECTION('center_axis',(-1.,0.,0.));
#5615=DIRECTION('ref_axis',(0.,-1.,0.));
#5616=DIRECTION('',(0.,-1.,0.));
#5617=DIRECTION('',(0.,-1.,0.));
#5618=DIRECTION('center_axis',(-1.,0.,0.));
#5619=DIRECTION('ref_axis',(0.,-1.,0.));
#5620=DIRECTION('',(0.,-1.,0.));
#5621=DIRECTION('',(0.,0.,1.));
#5622=DIRECTION('',(0.,-1.,0.));
#5623=DIRECTION('',(0.,0.,1.));
#5624=DIRECTION('center_axis',(0.,-1.,0.));
#5625=DIRECTION('ref_axis',(1.,0.,0.));
#5626=DIRECTION('',(1.,0.,0.));
#5627=DIRECTION('',(0.,0.,1.));
#5628=DIRECTION('',(1.,0.,0.));
#5629=DIRECTION('',(0.,0.,1.));
#5630=DIRECTION('',(0.,0.,1.));
#5631=DIRECTION('',(0.,0.,1.));
#5632=DIRECTION('',(0.,0.,1.));
#5633=DIRECTION('',(0.,0.,1.));
#5634=DIRECTION('',(0.,0.,1.));
#5635=DIRECTION('center_axis',(0.,1.,0.));
#5636=DIRECTION('ref_axis',(-1.,0.,0.));
#5637=DIRECTION('',(-1.,0.,0.));
#5638=DIRECTION('',(0.,0.,1.));
#5639=DIRECTION('',(-1.,0.,0.));
#5640=DIRECTION('center_axis',(1.,0.,0.));
#5641=DIRECTION('ref_axis',(0.,1.,0.));
#5642=DIRECTION('',(0.,1.,0.));
#5643=DIRECTION('',(0.,0.,1.));
#5644=DIRECTION('',(0.,1.,0.));
#5645=DIRECTION('center_axis',(0.,-1.,0.));
#5646=DIRECTION('ref_axis',(1.,0.,0.));
#5647=DIRECTION('',(1.,0.,0.));
#5648=DIRECTION('',(1.,0.,0.));
#5649=DIRECTION('center_axis',(0.,0.,-1.));
#5650=DIRECTION('ref_axis',(1.,0.,0.));
#5651=DIRECTION('',(0.,0.,1.));
#5652=DIRECTION('',(0.,0.,1.));
#5653=DIRECTION('',(0.,0.,1.));
#5654=DIRECTION('',(0.,0.,1.));
#5655=DIRECTION('',(0.,0.,1.));
#5656=DIRECTION('',(0.,0.,1.));
#5657=DIRECTION('',(0.,0.,1.));
#5658=DIRECTION('',(0.,0.,1.));
#5659=DIRECTION('center_axis',(-1.,0.,0.));
#5660=DIRECTION('ref_axis',(0.,-1.,0.));
#5661=DIRECTION('',(0.,-1.,0.));
#5662=DIRECTION('',(0.,0.,1.));
#5663=DIRECTION('',(0.,-1.,0.));
#5664=DIRECTION('',(0.,0.,1.));
#5665=DIRECTION('center_axis',(0.,1.,0.));
#5666=DIRECTION('ref_axis',(-1.,0.,0.));
#5667=DIRECTION('',(-1.,0.,0.));
#5668=DIRECTION('',(0.,0.,1.));
#5669=DIRECTION('',(-1.,0.,0.));
#5670=DIRECTION('center_axis',(1.,0.,0.));
#5671=DIRECTION('ref_axis',(0.,1.,0.));
#5672=DIRECTION('',(0.,1.,0.));
#5673=DIRECTION('',(0.,0.,1.));
#5674=DIRECTION('',(0.,1.,0.));
#5675=DIRECTION('',(0.,0.,1.));
#5676=DIRECTION('',(0.,0.,1.));
#5677=DIRECTION('',(0.,0.,1.));
#5678=DIRECTION('',(0.,0.,1.));
#5679=DIRECTION('',(0.,0.,1.));
#5680=DIRECTION('',(0.,0.,1.));
#5681=DIRECTION('',(0.,0.,1.));
#5682=DIRECTION('',(0.,0.,1.));
#5683=DIRECTION('',(0.,0.,1.));
#5684=DIRECTION('center_axis',(1.,0.,0.));
#5685=DIRECTION('ref_axis',(0.,1.,0.));
#5686=DIRECTION('',(0.,1.,0.));
#5687=DIRECTION('',(0.,0.,1.));
#5688=DIRECTION('',(0.,1.,0.));
#5689=DIRECTION('center_axis',(0.,-1.,0.));
#5690=DIRECTION('ref_axis',(1.,0.,0.));
#5691=DIRECTION('',(1.,0.,0.));
#5692=DIRECTION('',(1.,0.,0.));
#5693=DIRECTION('center_axis',(0.,0.,-1.));
#5694=DIRECTION('ref_axis',(1.,0.,0.));
#5695=DIRECTION('center_axis',(-1.,0.,0.));
#5696=DIRECTION('ref_axis',(0.,-1.,0.));
#5697=DIRECTION('',(0.,-1.,0.));
#5698=DIRECTION('',(0.,0.,1.));
#5699=DIRECTION('',(0.,-1.,0.));
#5700=DIRECTION('',(0.,0.,1.));
#5701=DIRECTION('center_axis',(0.,1.,0.));
#5702=DIRECTION('ref_axis',(-1.,0.,0.));
#5703=DIRECTION('',(-1.,0.,0.));
#5704=DIRECTION('',(0.,0.,1.));
#5705=DIRECTION('',(-1.,0.,0.));
#5706=DIRECTION('center_axis',(1.,0.,0.));
#5707=DIRECTION('ref_axis',(0.,1.,0.));
#5708=DIRECTION('',(0.,1.,0.));
#5709=DIRECTION('',(0.,0.,1.));
#5710=DIRECTION('',(0.,1.,0.));
#5711=DIRECTION('',(0.,0.,1.));
#5712=DIRECTION('',(0.,0.,1.));
#5713=DIRECTION('',(0.,0.,1.));
#5714=DIRECTION('',(0.,0.,1.));
#5715=DIRECTION('',(0.,0.,1.));
#5716=DIRECTION('',(0.,0.,1.));
#5717=DIRECTION('center_axis',(-1.,0.,0.));
#5718=DIRECTION('ref_axis',(0.,-1.,0.));
#5719=DIRECTION('',(0.,-1.,0.));
#5720=DIRECTION('',(0.,0.,1.));
#5721=DIRECTION('',(0.,-1.,0.));
#5722=DIRECTION('center_axis',(0.,1.,0.));
#5723=DIRECTION('ref_axis',(-1.,0.,0.));
#5724=DIRECTION('',(-1.,0.,0.));
#5725=DIRECTION('',(0.,0.,1.));
#5726=DIRECTION('',(-1.,0.,0.));
#5727=DIRECTION('center_axis',(1.,0.,0.));
#5728=DIRECTION('ref_axis',(0.,1.,0.));
#5729=DIRECTION('',(0.,1.,0.));
#5730=DIRECTION('',(0.,0.,1.));
#5731=DIRECTION('',(0.,1.,0.));
#5732=DIRECTION('',(0.,0.,1.));
#5733=DIRECTION('',(0.,0.,1.));
#5734=DIRECTION('',(0.,0.,1.));
#5735=DIRECTION('',(0.,0.,1.));
#5736=DIRECTION('',(0.,0.,1.));
#5737=DIRECTION('center_axis',(1.,0.,0.));
#5738=DIRECTION('ref_axis',(0.,1.,0.));
#5739=DIRECTION('',(0.,1.,0.));
#5740=DIRECTION('',(0.,0.,1.));
#5741=DIRECTION('',(0.,1.,0.));
#5742=DIRECTION('center_axis',(0.,-1.,0.));
#5743=DIRECTION('ref_axis',(1.,0.,0.));
#5744=DIRECTION('',(1.,0.,0.));
#5745=DIRECTION('',(1.,0.,0.));
#5746=DIRECTION('center_axis',(0.,0.,-1.));
#5747=DIRECTION('ref_axis',(1.,0.,0.));
#5748=DIRECTION('',(0.,0.,1.));
#5749=DIRECTION('',(0.,0.,1.));
#5750=DIRECTION('',(0.,0.,1.));
#5751=DIRECTION('',(0.,0.,1.));
#5752=DIRECTION('',(0.,0.,1.));
#5753=DIRECTION('',(0.,0.,1.));
#5754=DIRECTION('',(0.,0.,1.));
#5755=DIRECTION('',(0.,0.,1.));
#5756=DIRECTION('',(0.,0.,1.));
#5757=DIRECTION('',(0.,0.,1.));
#5758=DIRECTION('',(0.,0.,1.));
#5759=DIRECTION('',(0.,0.,1.));
#5760=DIRECTION('',(0.,0.,1.));
#5761=DIRECTION('',(0.,0.,1.));
#5762=DIRECTION('',(0.,0.,1.));
#5763=DIRECTION('',(0.,0.,1.));
#5764=DIRECTION('',(0.,0.,1.));
#5765=DIRECTION('',(0.,0.,1.));
#5766=DIRECTION('',(0.,0.,1.));
#5767=DIRECTION('',(0.,0.,1.));
#5768=DIRECTION('center_axis',(0.,0.,-1.));
#5769=DIRECTION('ref_axis',(1.,0.,0.));
#5770=DIRECTION('center_axis',(0.,0.,-1.));
#5771=DIRECTION('ref_axis',(-1.,0.,0.));
#5772=DIRECTION('',(-1.,0.,0.));
#5773=DIRECTION('',(0.,1.,0.));
#5774=DIRECTION('',(-1.,0.,0.));
#5775=DIRECTION('',(0.,-1.,0.));
#5776=DIRECTION('',(-1.,0.,0.));
#5777=DIRECTION('',(0.,1.,0.));
#5778=DIRECTION('',(1.,0.,0.));
#5779=DIRECTION('',(1.34076809929975E-16,-1.,0.));
#5780=DIRECTION('center_axis',(0.,0.,-1.));
#5781=DIRECTION('ref_axis',(-1.,0.,0.));
#5782=DIRECTION('center_axis',(0.,0.,-1.));
#5783=DIRECTION('ref_axis',(-1.,0.,0.));
#5784=DIRECTION('center_axis',(0.,0.,-1.));
#5785=DIRECTION('ref_axis',(-1.,0.,0.));
#5786=DIRECTION('center_axis',(0.577350269189627,0.577350269189627,-0.577350269189624));
#5787=DIRECTION('ref_axis',(-0.707106781186546,0.,-0.707106781186549));
#5788=DIRECTION('',(0.,-0.707106781186546,-0.707106781186549));
#5789=DIRECTION('',(-0.707106781186548,0.707106781186548,0.));
#5790=DIRECTION('',(0.707106781186546,0.,0.707106781186549));
#5791=DIRECTION('center_axis',(0.707106781186548,0.707106781186548,0.));
#5792=DIRECTION('ref_axis',(0.,0.,-1.));
#5793=DIRECTION('',(0.707106781186548,-0.707106781186548,0.));
#5794=DIRECTION('',(0.,0.,-1.));
#5795=DIRECTION('',(0.,0.,1.));
#5796=DIRECTION('center_axis',(-0.577350269189625,0.577350269189627,-0.577350269189625));
#5797=DIRECTION('ref_axis',(-0.707106781186547,0.,0.707106781186548));
#5798=DIRECTION('',(0.707106781186548,0.,-0.707106781186547));
#5799=DIRECTION('',(-0.707106781186549,-0.707106781186546,0.));
#5800=DIRECTION('',(0.,0.707106781186546,0.707106781186549));
#5801=DIRECTION('center_axis',(-0.707106781186546,0.707106781186549,0.));
#5802=DIRECTION('ref_axis',(0.,0.,1.));
#5803=DIRECTION('',(0.707106781186549,0.707106781186546,0.));
#5804=DIRECTION('',(0.,0.,-1.));
#5805=DIRECTION('',(0.,0.,1.));
#5806=DIRECTION('center_axis',(0.,0.707106781186549,-0.707106781186546));
#5807=DIRECTION('ref_axis',(-1.,0.,0.));
#5808=DIRECTION('',(1.,0.,0.));
#5809=DIRECTION('center_axis',(-0.577350269189626,-0.577350269189628,-0.577350269189624));
#5810=DIRECTION('ref_axis',(-0.707106781186547,0.,0.707106781186548));
#5811=DIRECTION('',(-6.2803698347351E-15,0.707106781186547,-0.707106781186548));
#5812=DIRECTION('',(0.707106781186549,-0.707106781186546,0.));
#5813=DIRECTION('',(-0.707106781186547,1.57009245868378E-15,0.707106781186548));
#5814=DIRECTION('center_axis',(-0.707106781186546,-0.707106781186549,0.));
#5815=DIRECTION('ref_axis',(0.,0.,1.));
#5816=DIRECTION('',(-0.707106781186549,0.707106781186546,0.));
#5817=DIRECTION('',(0.,0.,-1.));
#5818=DIRECTION('',(0.,0.,1.));
#5819=DIRECTION('center_axis',(-0.707106781186547,-9.4806621501345E-17,
-0.707106781186548));
#5820=DIRECTION('ref_axis',(-0.707106781186548,0.,0.707106781186547));
#5821=DIRECTION('',(-1.34076809929975E-16,1.,0.));
#5822=DIRECTION('center_axis',(0.577350269189627,-0.577350269189626,-0.577350269189625));
#5823=DIRECTION('ref_axis',(-0.707106781186546,0.,-0.707106781186549));
#5824=DIRECTION('',(-0.707106781186546,0.,-0.707106781186549));
#5825=DIRECTION('',(0.707106781186547,0.707106781186548,0.));
#5826=DIRECTION('',(0.,-0.707106781186547,0.707106781186548));
#5827=DIRECTION('center_axis',(0.707106781186548,-0.707106781186547,0.));
#5828=DIRECTION('ref_axis',(0.,0.,-1.));
#5829=DIRECTION('',(-0.707106781186547,-0.707106781186548,0.));
#5830=DIRECTION('',(0.,0.,-1.));
#5831=DIRECTION('',(0.,0.,1.));
#5832=DIRECTION('center_axis',(0.,-0.707106781186548,-0.707106781186547));
#5833=DIRECTION('ref_axis',(-1.,0.,0.));
#5834=DIRECTION('',(-1.,0.,0.));
#5835=DIRECTION('center_axis',(-0.577350269189627,0.577350269189627,-0.577350269189624));
#5836=DIRECTION('ref_axis',(-0.707106781186546,0.,0.707106781186549));
#5837=DIRECTION('',(0.707106781186546,0.,-0.707106781186549));
#5838=DIRECTION('',(-0.707106781186548,-0.707106781186548,0.));
#5839=DIRECTION('',(0.,0.707106781186546,0.707106781186549));
#5840=DIRECTION('center_axis',(-0.707106781186548,0.707106781186548,0.));
#5841=DIRECTION('ref_axis',(0.,0.,1.));
#5842=DIRECTION('',(0.707106781186548,0.707106781186548,0.));
#5843=DIRECTION('',(0.,0.,-1.));
#5844=DIRECTION('',(0.,0.,1.));
#5845=DIRECTION('center_axis',(0.577350269189623,0.577350269189633,-0.577350269189621));
#5846=DIRECTION('ref_axis',(-0.707106781186546,0.,-0.707106781186549));
#5847=DIRECTION('',(1.25607396694702E-14,-0.707106781186546,-0.707106781186549));
#5848=DIRECTION('',(-0.707106781186554,0.707106781186541,0.));
#5849=DIRECTION('',(0.707106781186546,0.,0.707106781186549));
#5850=DIRECTION('center_axis',(0.707106781186541,0.707106781186554,0.));
#5851=DIRECTION('ref_axis',(0.,0.,-1.));
#5852=DIRECTION('',(0.707106781186554,-0.707106781186541,0.));
#5853=DIRECTION('',(0.,0.,-1.));
#5854=DIRECTION('',(0.,0.,1.));
#5855=DIRECTION('center_axis',(0.707106781186549,0.,-0.707106781186546));
#5856=DIRECTION('ref_axis',(-0.707106781186546,0.,-0.707106781186549));
#5857=DIRECTION('',(0.,-1.,0.));
#5858=DIRECTION('center_axis',(0.,0.707106781186549,-0.707106781186546));
#5859=DIRECTION('ref_axis',(-1.,0.,0.));
#5860=DIRECTION('',(1.,0.,0.));
#5861=DIRECTION('center_axis',(-0.707106781186549,0.,-0.707106781186546));
#5862=DIRECTION('ref_axis',(-0.707106781186546,0.,0.707106781186549));
#5863=DIRECTION('',(0.,1.,0.));
#5864=DIRECTION('',(-0.577350269189624,0.577350269189627,0.577350269189626));
#5865=DIRECTION('center_axis',(0.,0.707106781186547,-0.707106781186548));
#5866=DIRECTION('ref_axis',(-1.,0.,0.));
#5867=DIRECTION('',(1.,0.,0.));
#5868=DIRECTION('',(0.577350269189624,0.577350269189627,0.577350269189626));
#5869=DIRECTION('center_axis',(0.707106781186549,0.,-0.707106781186546));
#5870=DIRECTION('ref_axis',(-0.707106781186546,0.,-0.707106781186549));
#5871=DIRECTION('',(0.,-1.,0.));
#5872=DIRECTION('center_axis',(-1.,-1.34076809929975E-16,0.));
#5873=DIRECTION('ref_axis',(-1.34076809929975E-16,1.,0.));
#5874=DIRECTION('',(1.34076809929975E-16,-1.,0.));
#5875=DIRECTION('center_axis',(0.,-1.,0.));
#5876=DIRECTION('ref_axis',(-1.,0.,0.));
#5877=DIRECTION('',(1.,0.,0.));
#5878=DIRECTION('center_axis',(1.,0.,0.));
#5879=DIRECTION('ref_axis',(0.,-1.,0.));
#5880=DIRECTION('',(0.,1.,0.));
#5881=DIRECTION('center_axis',(0.,0.,1.));
#5882=DIRECTION('ref_axis',(1.,0.,0.));
#5883=DIRECTION('',(-1.,0.,0.));
#5884=DIRECTION('',(0.,-1.,0.));
#5885=DIRECTION('',(-1.,0.,0.));
#5886=DIRECTION('',(-1.53050596444628E-16,1.,0.));
#5887=DIRECTION('',(1.,0.,0.));
#5888=DIRECTION('',(0.,1.,0.));
#5889=DIRECTION('',(-1.,0.,0.));
#5890=DIRECTION('center_axis',(0.,0.,-1.));
#5891=DIRECTION('ref_axis',(1.,0.,0.));
#5892=DIRECTION('center_axis',(0.,0.,-1.));
#5893=DIRECTION('ref_axis',(1.,0.,0.));
#5894=DIRECTION('center_axis',(0.,0.,-1.));
#5895=DIRECTION('ref_axis',(1.,0.,0.));
#5896=DIRECTION('center_axis',(0.,0.,-1.));
#5897=DIRECTION('ref_axis',(1.,0.,0.));
#5898=DIRECTION('center_axis',(0.,0.,-1.));
#5899=DIRECTION('ref_axis',(-1.,0.,0.));
#5900=DIRECTION('center_axis',(0.,0.,1.));
#5901=DIRECTION('ref_axis',(1.,0.,0.));
#5902=DIRECTION('',(0.,0.,-1.));
#5903=DIRECTION('center_axis',(0.,0.,1.));
#5904=DIRECTION('ref_axis',(1.,0.,0.));
#5905=DIRECTION('center_axis',(0.,0.,1.));
#5906=DIRECTION('ref_axis',(1.,0.,0.));
#5907=DIRECTION('',(0.,0.,-1.));
#5908=DIRECTION('center_axis',(0.,0.,1.));
#5909=DIRECTION('ref_axis',(1.,0.,0.));
#5910=DIRECTION('center_axis',(0.,0.,1.));
#5911=DIRECTION('ref_axis',(1.,0.,0.));
#5912=DIRECTION('',(0.,0.,-1.));
#5913=DIRECTION('center_axis',(0.,0.,1.));
#5914=DIRECTION('ref_axis',(1.,0.,0.));
#5915=DIRECTION('center_axis',(0.,0.,1.));
#5916=DIRECTION('ref_axis',(1.,0.,0.));
#5917=DIRECTION('',(0.,0.,-1.));
#5918=DIRECTION('center_axis',(0.,0.,1.));
#5919=DIRECTION('ref_axis',(1.,0.,0.));
#5920=DIRECTION('center_axis',(0.,-1.,0.));
#5921=DIRECTION('ref_axis',(1.,0.,0.));
#5922=DIRECTION('',(-1.,0.,0.));
#5923=DIRECTION('',(0.,0.,1.));
#5924=DIRECTION('',(0.,0.,1.));
#5925=DIRECTION('center_axis',(1.,1.53050596444628E-16,0.));
#5926=DIRECTION('ref_axis',(-1.53050596444628E-16,1.,0.));
#5927=DIRECTION('',(1.53050596444628E-16,-1.,0.));
#5928=DIRECTION('',(0.,0.,1.));
#5929=DIRECTION('center_axis',(0.,1.,0.));
#5930=DIRECTION('ref_axis',(-1.,0.,0.));
#5931=DIRECTION('',(1.,0.,0.));
#5932=DIRECTION('',(0.,0.,1.));
#5933=DIRECTION('center_axis',(0.,0.,1.));
#5934=DIRECTION('ref_axis',(1.,0.,0.));
#5935=DIRECTION('center_axis',(0.,0.,1.));
#5936=DIRECTION('ref_axis',(1.,0.,0.));
#5937=DIRECTION('center_axis',(0.,0.,1.));
#5938=DIRECTION('ref_axis',(1.,0.,0.));
#5939=DIRECTION('center_axis',(0.,0.,1.));
#5940=DIRECTION('ref_axis',(1.,0.,0.));
#5941=DIRECTION('center_axis',(0.,1.,0.));
#5942=DIRECTION('ref_axis',(1.,0.,0.));
#5943=DIRECTION('center_axis',(0.,1.,0.));
#5944=DIRECTION('ref_axis',(1.,0.,0.));
#5945=DIRECTION('center_axis',(-1.,0.,0.));
#5946=DIRECTION('ref_axis',(0.,1.,0.));
#5947=DIRECTION('',(0.,0.,-1.));
#5948=DIRECTION('',(0.,1.,0.));
#5949=DIRECTION('center_axis',(0.,1.,0.));
#5950=DIRECTION('ref_axis',(1.,0.,0.));
#5951=DIRECTION('',(0.,0.,-1.));
#5952=DIRECTION('',(1.,0.,0.));
#5953=DIRECTION('center_axis',(1.,0.,0.));
#5954=DIRECTION('ref_axis',(0.,-1.,0.));
#5955=DIRECTION('',(0.,-1.,0.));
#5956=DIRECTION('center_axis',(0.,0.,1.));
#5957=DIRECTION('ref_axis',(1.,0.,0.));
#5958=DIRECTION('center_axis',(-0.707106781186549,0.707106781186546,0.));
#5959=DIRECTION('ref_axis',(0.,0.,1.));
#5960=DIRECTION('',(-0.707106781186546,-0.707106781186549,0.));
#5961=DIRECTION('',(0.,0.,1.));
#5962=DIRECTION('',(0.707106781186546,0.707106781186549,0.));
#5963=DIRECTION('',(0.,0.,-1.));
#5964=DIRECTION('center_axis',(0.,1.,0.));
#5965=DIRECTION('ref_axis',(-1.,0.,0.));
#5966=DIRECTION('',(-1.,0.,0.));
#5967=DIRECTION('',(0.,0.,-1.));
#5968=DIRECTION('',(-1.,0.,0.));
#5969=DIRECTION('center_axis',(0.707106781186546,0.707106781186549,0.));
#5970=DIRECTION('ref_axis',(0.,0.,-1.));
#5971=DIRECTION('',(-0.707106781186549,0.707106781186546,0.));
#5972=DIRECTION('',(0.,0.,1.));
#5973=DIRECTION('',(0.707106781186549,-0.707106781186546,0.));
#5974=DIRECTION('center_axis',(1.,0.,0.));
#5975=DIRECTION('ref_axis',(0.,1.,0.));
#5976=DIRECTION('',(0.,1.,0.));
#5977=DIRECTION('',(0.,0.,-1.));
#5978=DIRECTION('',(0.,1.,0.));
#5979=DIRECTION('center_axis',(0.707106781186548,-0.707106781186548,0.));
#5980=DIRECTION('ref_axis',(0.,0.,-1.));
#5981=DIRECTION('',(0.707106781186548,0.707106781186548,0.));
#5982=DIRECTION('',(0.,0.,1.));
#5983=DIRECTION('',(-0.707106781186548,-0.707106781186548,0.));
#5984=DIRECTION('center_axis',(0.,-1.,0.));
#5985=DIRECTION('ref_axis',(1.,0.,0.));
#5986=DIRECTION('',(1.,0.,0.));
#5987=DIRECTION('',(0.,0.,-1.));
#5988=DIRECTION('',(1.,0.,0.));
#5989=DIRECTION('center_axis',(-0.707106781186548,-0.707106781186548,0.));
#5990=DIRECTION('ref_axis',(0.,0.,1.));
#5991=DIRECTION('',(0.707106781186548,-0.707106781186548,0.));
#5992=DIRECTION('',(0.,0.,1.));
#5993=DIRECTION('',(-0.707106781186548,0.707106781186548,0.));
#5994=DIRECTION('center_axis',(-1.,0.,0.));
#5995=DIRECTION('ref_axis',(0.,-1.,0.));
#5996=DIRECTION('',(0.,-1.,0.));
#5997=DIRECTION('',(0.,-1.,0.));
#5998=DIRECTION('center_axis',(-0.707106781186549,-0.707106781186546,0.));
#5999=DIRECTION('ref_axis',(0.,0.,1.));
#6000=DIRECTION('',(-0.707106781186546,0.707106781186549,0.));
#6001=DIRECTION('',(0.,0.,-1.));
#6002=DIRECTION('',(0.707106781186546,-0.707106781186549,0.));
#6003=DIRECTION('',(0.,0.,1.));
#6004=DIRECTION('center_axis',(0.,0.,1.));
#6005=DIRECTION('ref_axis',(1.,0.,0.));
#6006=DIRECTION('',(1.34076809929975E-16,-1.,0.));
#6007=DIRECTION('',(-0.707106781186548,-0.707106781186547,0.));
#6008=DIRECTION('',(-1.,0.,0.));
#6009=DIRECTION('',(-0.707106781186548,0.707106781186548,0.));
#6010=DIRECTION('',(0.,-1.,0.));
#6011=DIRECTION('',(-0.707106781186546,0.707106781186549,0.));
#6012=DIRECTION('',(1.,0.,0.));
#6013=DIRECTION('',(-0.707106781186552,-0.707106781186543,0.));
#6014=DIRECTION('',(0.,1.,0.));
#6015=DIRECTION('',(-0.707106781186548,-0.707106781186548,0.));
#6016=DIRECTION('',(-1.,0.,0.));
#6017=DIRECTION('',(-0.707106781186554,0.707106781186541,0.));
#6018=DIRECTION('',(0.,1.,0.));
#6019=DIRECTION('',(0.707106781186546,0.707106781186549,0.));
#6020=DIRECTION('',(1.,0.,0.));
#6021=DIRECTION('center_axis',(0.,0.,-1.));
#6022=DIRECTION('ref_axis',(1.,0.,0.));
#6023=DIRECTION('center_axis',(0.,0.,-1.));
#6024=DIRECTION('ref_axis',(0.,1.,0.));
#6025=DIRECTION('',(0.,1.,0.));
#6026=DIRECTION('center_axis',(0.,0.,-1.));
#6027=DIRECTION('ref_axis',(-1.,0.,0.));
#6028=DIRECTION('',(-1.,0.,0.));
#6029=DIRECTION('center_axis',(0.,0.,-1.));
#6030=DIRECTION('ref_axis',(0.,-1.,0.));
#6031=DIRECTION('',(0.,-1.,0.));
#6032=DIRECTION('center_axis',(0.,0.,-1.));
#6033=DIRECTION('ref_axis',(1.,0.,0.));
#6034=DIRECTION('',(1.,0.,0.));
#6035=DIRECTION('center_axis',(0.,0.,-1.));
#6036=DIRECTION('ref_axis',(0.,1.,0.));
#6037=DIRECTION('',(0.,1.,0.));
#6038=DIRECTION('center_axis',(0.,0.,-1.));
#6039=DIRECTION('ref_axis',(-1.,0.,0.));
#6040=DIRECTION('',(-1.,0.,0.));
#6041=DIRECTION('center_axis',(0.,0.,-1.));
#6042=DIRECTION('ref_axis',(0.,-1.,0.));
#6043=DIRECTION('',(0.,-1.,0.));
#6044=DIRECTION('center_axis',(0.,0.,-1.));
#6045=DIRECTION('ref_axis',(1.,0.,0.));
#6046=DIRECTION('',(1.,0.,0.));
#6047=DIRECTION('center_axis',(0.,0.,-1.));
#6048=DIRECTION('ref_axis',(1.,0.,0.));
#6049=DIRECTION('center_axis',(0.,0.,-1.));
#6050=DIRECTION('ref_axis',(1.,0.,0.));
#6051=DIRECTION('',(0.,1.,0.));
#6052=DIRECTION('center_axis',(0.,0.,-1.));
#6053=DIRECTION('ref_axis',(-1.,0.,0.));
#6054=DIRECTION('',(-1.,0.,0.));
#6055=DIRECTION('center_axis',(0.,0.,-1.));
#6056=DIRECTION('ref_axis',(0.,-1.,0.));
#6057=DIRECTION('',(0.,-1.,0.));
#6058=DIRECTION('center_axis',(0.,0.,-1.));
#6059=DIRECTION('ref_axis',(1.,0.,0.));
#6060=DIRECTION('',(1.,0.,0.));
#6061=DIRECTION('center_axis',(0.,0.,-1.));
#6062=DIRECTION('ref_axis',(0.,1.,0.));
#6063=DIRECTION('center_axis',(0.,0.,-1.));
#6064=DIRECTION('ref_axis',(1.,0.,0.));
#6065=DIRECTION('center_axis',(0.,0.,-1.));
#6066=DIRECTION('ref_axis',(0.,1.,0.));
#6067=DIRECTION('',(0.,1.,0.));
#6068=DIRECTION('center_axis',(0.,0.,-1.));
#6069=DIRECTION('ref_axis',(-1.,0.,0.));
#6070=DIRECTION('',(-1.,0.,0.));
#6071=DIRECTION('center_axis',(0.,0.,-1.));
#6072=DIRECTION('ref_axis',(0.,-1.,0.));
#6073=DIRECTION('',(0.,-1.,0.));
#6074=DIRECTION('center_axis',(0.,0.,-1.));
#6075=DIRECTION('ref_axis',(1.,0.,0.));
#6076=DIRECTION('',(1.,0.,0.));
#6077=DIRECTION('center_axis',(-1.,-1.34076809929975E-16,0.));
#6078=DIRECTION('ref_axis',(1.34076809929975E-16,-1.,0.));
#6079=DIRECTION('',(1.34076809929975E-16,-1.,0.));
#6080=DIRECTION('',(0.,0.,1.));
#6081=DIRECTION('center_axis',(-0.707106781186547,0.707106781186548,0.));
#6082=DIRECTION('ref_axis',(0.,0.,1.));
#6083=DIRECTION('',(0.707106781186548,0.707106781186547,0.));
#6084=DIRECTION('',(0.,0.,-1.));
#6085=DIRECTION('center_axis',(0.707106781186548,0.707106781186548,0.));
#6086=DIRECTION('ref_axis',(0.,0.,-1.));
#6087=DIRECTION('',(0.707106781186548,-0.707106781186548,0.));
#6088=DIRECTION('',(0.,0.,-1.));
#6089=DIRECTION('',(0.,0.,1.));
#6090=DIRECTION('center_axis',(1.,0.,0.));
#6091=DIRECTION('ref_axis',(0.,1.,0.));
#6092=DIRECTION('',(0.,1.,0.));
#6093=DIRECTION('',(0.,0.,1.));
#6094=DIRECTION('center_axis',(0.707106781186549,0.707106781186546,0.));
#6095=DIRECTION('ref_axis',(0.,0.,-1.));
#6096=DIRECTION('',(0.707106781186546,-0.707106781186549,0.));
#6097=DIRECTION('',(0.,0.,-1.));
#6098=DIRECTION('center_axis',(0.707106781186549,-0.707106781186546,0.));
#6099=DIRECTION('ref_axis',(0.,0.,-1.));
#6100=DIRECTION('',(-0.707106781186546,-0.707106781186549,0.));
#6101=DIRECTION('',(0.,0.,-1.));
#6102=DIRECTION('',(0.,0.,1.));
#6103=DIRECTION('center_axis',(1.,0.,0.));
#6104=DIRECTION('ref_axis',(0.,1.,0.));
#6105=DIRECTION('',(0.,0.,-1.));
#6106=DIRECTION('',(0.,1.,0.));
#6107=DIRECTION('center_axis',(0.707106781186541,0.707106781186554,0.));
#6108=DIRECTION('ref_axis',(0.,0.,-1.));
#6109=DIRECTION('',(0.707106781186554,-0.707106781186541,0.));
#6110=DIRECTION('',(0.,0.,1.));
#6111=DIRECTION('center_axis',(0.,1.,0.));
#6112=DIRECTION('ref_axis',(-1.,0.,0.));
#6113=DIRECTION('',(0.,0.,-1.));
#6114=DIRECTION('',(-1.,0.,0.));
#6115=DIRECTION('center_axis',(-0.707106781186548,0.707106781186548,0.));
#6116=DIRECTION('ref_axis',(0.,0.,1.));
#6117=DIRECTION('',(0.707106781186548,0.707106781186548,0.));
#6118=DIRECTION('',(0.,0.,1.));
#6119=DIRECTION('center_axis',(-0.707106781186543,0.707106781186552,0.));
#6120=DIRECTION('ref_axis',(0.,0.,1.));
#6121=DIRECTION('',(0.,0.,1.));
#6122=DIRECTION('',(0.707106781186552,0.707106781186543,0.));
#6123=DIRECTION('',(0.,0.,-1.));
#6124=DIRECTION('center_axis',(0.,1.,0.));
#6125=DIRECTION('ref_axis',(-1.,0.,0.));
#6126=DIRECTION('',(-1.,0.,0.));
#6127=DIRECTION('center_axis',(1.,0.,0.));
#6128=DIRECTION('ref_axis',(0.,1.,0.));
#6129=DIRECTION('',(0.,0.,1.));
#6130=DIRECTION('',(0.,1.,0.));
#6131=DIRECTION('',(0.,0.,1.));
#6132=DIRECTION('center_axis',(0.,0.,1.));
#6133=DIRECTION('ref_axis',(-1.,0.,0.));
#6134=DIRECTION('center_axis',(0.,0.,-1.));
#6135=DIRECTION('ref_axis',(-1.,0.,0.));
#6136=DIRECTION('',(0.,0.,1.));
#6137=DIRECTION('center_axis',(0.,1.,0.));
#6138=DIRECTION('ref_axis',(-1.,0.,0.));
#6139=DIRECTION('',(-1.,0.,0.));
#6140=DIRECTION('',(0.,0.,1.));
#6141=DIRECTION('center_axis',(0.,0.,1.));
#6142=DIRECTION('ref_axis',(0.,-1.,0.));
#6143=DIRECTION('center_axis',(0.,0.,-1.));
#6144=DIRECTION('ref_axis',(0.,-1.,0.));
#6145=DIRECTION('',(0.,0.,1.));
#6146=DIRECTION('center_axis',(-1.,0.,0.));
#6147=DIRECTION('ref_axis',(0.,-1.,0.));
#6148=DIRECTION('',(0.,-1.,0.));
#6149=DIRECTION('',(0.,0.,1.));
#6150=DIRECTION('center_axis',(0.,0.,1.));
#6151=DIRECTION('ref_axis',(1.,0.,0.));
#6152=DIRECTION('center_axis',(0.,0.,-1.));
#6153=DIRECTION('ref_axis',(1.,0.,0.));
#6154=DIRECTION('',(0.,0.,1.));
#6155=DIRECTION('center_axis',(0.,-1.,0.));
#6156=DIRECTION('ref_axis',(1.,0.,0.));
#6157=DIRECTION('',(1.,0.,0.));
#6158=DIRECTION('',(0.,0.,1.));
#6159=DIRECTION('center_axis',(0.,0.,1.));
#6160=DIRECTION('ref_axis',(0.,1.,0.));
#6161=DIRECTION('center_axis',(0.,0.,-1.));
#6162=DIRECTION('ref_axis',(0.,1.,0.));
#6163=DIRECTION('center_axis',(0.,0.,1.));
#6164=DIRECTION('ref_axis',(1.,0.,0.));
#6165=DIRECTION('center_axis',(0.,0.,-1.));
#6166=DIRECTION('ref_axis',(1.,0.,0.));
#6167=DIRECTION('',(0.,0.,-1.));
#6168=DIRECTION('center_axis',(0.,0.,1.));
#6169=DIRECTION('ref_axis',(-1.,0.,0.));
#6170=DIRECTION('',(0.,0.,1.));
#6171=DIRECTION('center_axis',(0.,0.,-1.));
#6172=DIRECTION('ref_axis',(-1.,0.,0.));
#6173=DIRECTION('',(0.,0.,1.));
#6174=DIRECTION('center_axis',(0.,1.,0.));
#6175=DIRECTION('ref_axis',(-1.,0.,0.));
#6176=DIRECTION('',(-1.,0.,0.));
#6177=DIRECTION('',(0.,0.,1.));
#6178=DIRECTION('center_axis',(0.,0.,1.));
#6179=DIRECTION('ref_axis',(0.,-1.,0.));
#6180=DIRECTION('center_axis',(0.,0.,-1.));
#6181=DIRECTION('ref_axis',(0.,-1.,0.));
#6182=DIRECTION('',(0.,0.,1.));
#6183=DIRECTION('center_axis',(-1.,0.,0.));
#6184=DIRECTION('ref_axis',(0.,-1.,0.));
#6185=DIRECTION('',(0.,-1.,0.));
#6186=DIRECTION('',(0.,0.,1.));
#6187=DIRECTION('center_axis',(0.,0.,1.));
#6188=DIRECTION('ref_axis',(1.,0.,0.));
#6189=DIRECTION('center_axis',(0.,0.,-1.));
#6190=DIRECTION('ref_axis',(1.,0.,0.));
#6191=DIRECTION('',(0.,0.,1.));
#6192=DIRECTION('center_axis',(0.,-1.,0.));
#6193=DIRECTION('ref_axis',(1.,0.,0.));
#6194=DIRECTION('',(1.,0.,0.));
#6195=DIRECTION('',(0.,0.,1.));
#6196=DIRECTION('center_axis',(0.,0.,1.));
#6197=DIRECTION('ref_axis',(0.,1.,0.));
#6198=DIRECTION('center_axis',(0.,0.,-1.));
#6199=DIRECTION('ref_axis',(0.,1.,0.));
#6200=DIRECTION('',(0.,0.,1.));
#6201=DIRECTION('center_axis',(1.,0.,0.));
#6202=DIRECTION('ref_axis',(0.,1.,0.));
#6203=DIRECTION('',(0.,1.,0.));
#6204=DIRECTION('center_axis',(0.,0.,1.));
#6205=DIRECTION('ref_axis',(1.,0.,0.));
#6206=DIRECTION('center_axis',(0.,0.,-1.));
#6207=DIRECTION('ref_axis',(1.,0.,0.));
#6208=DIRECTION('',(0.,0.,-1.));
#6209=DIRECTION('center_axis',(0.,0.,1.));
#6210=DIRECTION('ref_axis',(1.,0.,0.));
#6211=DIRECTION('center_axis',(0.,0.,-1.));
#6212=DIRECTION('ref_axis',(1.,0.,0.));
#6213=DIRECTION('',(0.,0.,-1.));
#6214=DIRECTION('center_axis',(1.,0.,0.));
#6215=DIRECTION('ref_axis',(0.,1.,0.));
#6216=DIRECTION('',(0.,0.,1.));
#6217=DIRECTION('',(0.,1.,0.));
#6218=DIRECTION('',(0.,0.,1.));
#6219=DIRECTION('center_axis',(0.,0.,1.));
#6220=DIRECTION('ref_axis',(-1.,0.,0.));
#6221=DIRECTION('center_axis',(0.,0.,-1.));
#6222=DIRECTION('ref_axis',(-1.,0.,0.));
#6223=DIRECTION('',(0.,0.,1.));
#6224=DIRECTION('center_axis',(0.,1.,0.));
#6225=DIRECTION('ref_axis',(-1.,0.,0.));
#6226=DIRECTION('',(-1.,0.,0.));
#6227=DIRECTION('',(0.,0.,1.));
#6228=DIRECTION('center_axis',(0.,0.,1.));
#6229=DIRECTION('ref_axis',(0.,-1.,0.));
#6230=DIRECTION('center_axis',(0.,0.,-1.));
#6231=DIRECTION('ref_axis',(0.,-1.,0.));
#6232=DIRECTION('',(0.,0.,1.));
#6233=DIRECTION('center_axis',(-1.,0.,0.));
#6234=DIRECTION('ref_axis',(0.,-1.,0.));
#6235=DIRECTION('',(0.,-1.,0.));
#6236=DIRECTION('',(0.,0.,1.));
#6237=DIRECTION('center_axis',(0.,0.,1.));
#6238=DIRECTION('ref_axis',(1.,0.,0.));
#6239=DIRECTION('center_axis',(0.,0.,-1.));
#6240=DIRECTION('ref_axis',(1.,0.,0.));
#6241=DIRECTION('',(0.,0.,1.));
#6242=DIRECTION('center_axis',(0.,-1.,0.));
#6243=DIRECTION('ref_axis',(1.,0.,0.));
#6244=DIRECTION('',(1.,0.,0.));
#6245=DIRECTION('',(0.,0.,1.));
#6246=DIRECTION('center_axis',(0.,0.,1.));
#6247=DIRECTION('ref_axis',(0.,1.,0.));
#6248=DIRECTION('center_axis',(0.,0.,-1.));
#6249=DIRECTION('ref_axis',(0.,1.,0.));
#6250=DIRECTION('center_axis',(1.,0.,0.));
#6251=DIRECTION('ref_axis',(0.,1.,0.));
#6252=DIRECTION('',(0.,0.,1.));
#6253=DIRECTION('',(0.,1.,0.));
#6254=DIRECTION('',(0.,0.,1.));
#6255=DIRECTION('center_axis',(0.,0.,1.));
#6256=DIRECTION('ref_axis',(-1.,0.,0.));
#6257=DIRECTION('center_axis',(0.,0.,-1.));
#6258=DIRECTION('ref_axis',(-1.,0.,0.));
#6259=DIRECTION('',(0.,0.,1.));
#6260=DIRECTION('center_axis',(0.,1.,0.));
#6261=DIRECTION('ref_axis',(-1.,0.,0.));
#6262=DIRECTION('',(-1.,0.,0.));
#6263=DIRECTION('',(0.,0.,1.));
#6264=DIRECTION('center_axis',(0.,0.,1.));
#6265=DIRECTION('ref_axis',(0.,-1.,0.));
#6266=DIRECTION('center_axis',(0.,0.,-1.));
#6267=DIRECTION('ref_axis',(0.,-1.,0.));
#6268=DIRECTION('',(0.,0.,1.));
#6269=DIRECTION('center_axis',(-1.,0.,0.));
#6270=DIRECTION('ref_axis',(0.,-1.,0.));
#6271=DIRECTION('',(0.,-1.,0.));
#6272=DIRECTION('',(0.,0.,1.));
#6273=DIRECTION('center_axis',(0.,0.,1.));
#6274=DIRECTION('ref_axis',(1.,0.,0.));
#6275=DIRECTION('center_axis',(0.,0.,-1.));
#6276=DIRECTION('ref_axis',(1.,0.,0.));
#6277=DIRECTION('',(0.,0.,1.));
#6278=DIRECTION('center_axis',(0.,-1.,0.));
#6279=DIRECTION('ref_axis',(1.,0.,0.));
#6280=DIRECTION('',(1.,0.,0.));
#6281=DIRECTION('',(0.,0.,1.));
#6282=DIRECTION('center_axis',(0.,0.,1.));
#6283=DIRECTION('ref_axis',(0.,1.,0.));
#6284=DIRECTION('center_axis',(0.,0.,-1.));
#6285=DIRECTION('ref_axis',(0.,1.,0.));
#6286=DIRECTION('center_axis',(0.,0.,1.));
#6287=DIRECTION('ref_axis',(1.,0.,0.));
#6288=DIRECTION('center_axis',(0.,0.,-1.));
#6289=DIRECTION('ref_axis',(1.,0.,0.));
#6290=DIRECTION('',(0.,0.,-1.));
#6291=DIRECTION('center_axis',(-1.,0.,0.));
#6292=DIRECTION('ref_axis',(0.,-1.,0.));
#6293=DIRECTION('',(0.,-1.,0.));
#6294=DIRECTION('center_axis',(0.,-1.,0.));
#6295=DIRECTION('ref_axis',(1.,0.,0.));
#6296=DIRECTION('',(1.,0.,0.));
#6297=DIRECTION('center_axis',(0.,1.,0.));
#6298=DIRECTION('ref_axis',(-1.,0.,0.));
#6299=DIRECTION('',(-1.,0.,0.));
#6300=DIRECTION('center_axis',(0.,0.,1.));
#6301=DIRECTION('ref_axis',(1.,0.,0.));
#6302=DIRECTION('center_axis',(1.,0.,0.));
#6303=DIRECTION('ref_axis',(0.,1.,0.));
#6304=DIRECTION('',(0.,1.,0.));
#6305=DIRECTION('',(0.,0.,1.));
#6306=DIRECTION('',(0.,1.,0.));
#6307=DIRECTION('',(0.,0.,1.));
#6308=DIRECTION('center_axis',(-5.35225025613092E-34,-1.,0.));
#6309=DIRECTION('ref_axis',(1.,-5.35225025613092E-34,0.));
#6310=DIRECTION('',(1.,-5.35225025613092E-34,0.));
#6311=DIRECTION('',(1.,-5.35225025613092E-34,0.));
#6312=DIRECTION('',(0.,0.,1.));
#6313=DIRECTION('center_axis',(-1.,1.08973138043306E-32,0.));
#6314=DIRECTION('ref_axis',(-1.08973138043306E-32,-1.,0.));
#6315=DIRECTION('',(-1.08973138043306E-32,-1.,0.));
#6316=DIRECTION('',(-1.08973138043306E-32,-1.,0.));
#6317=DIRECTION('',(0.,0.,1.));
#6318=DIRECTION('center_axis',(0.,1.,0.));
#6319=DIRECTION('ref_axis',(-1.,0.,0.));
#6320=DIRECTION('',(-1.,0.,0.));
#6321=DIRECTION('',(-1.,0.,0.));
#6322=DIRECTION('center_axis',(0.,0.,1.));
#6323=DIRECTION('ref_axis',(1.,0.,0.));
#6324=DIRECTION('center_axis',(0.,0.,1.));
#6325=DIRECTION('ref_axis',(1.,0.,0.));
#6326=CARTESIAN_POINT('',(0.,0.,0.));
#6327=CARTESIAN_POINT('Ctrl Pts',(25.3240115568042,14.9345160275698,-3.));
#6328=CARTESIAN_POINT('Ctrl Pts',(25.3240115568042,14.9345160275698,-2.8));
#6329=CARTESIAN_POINT('Ctrl Pts',(25.4941926661244,14.9393184042287,-3.));
#6330=CARTESIAN_POINT('Ctrl Pts',(25.4941926661244,14.9393184042287,-2.8));
#6331=CARTESIAN_POINT('Ctrl Pts',(25.801460960728,14.9479892731161,-3.));
#6332=CARTESIAN_POINT('Ctrl Pts',(25.801460960728,14.9479892731161,-2.8));
#6333=CARTESIAN_POINT('Ctrl Pts',(26.066576699512,15.1009323294472,-3.));
#6334=CARTESIAN_POINT('Ctrl Pts',(26.066576699512,15.1009323294472,-2.8));
#6335=CARTESIAN_POINT('Ctrl Pts',(26.1848575994372,15.1691675931215,-3.));
#6336=CARTESIAN_POINT('Ctrl Pts',(26.1848575994372,15.1691675931215,-2.8));
#6337=CARTESIAN_POINT('',(25.3240115568042,14.9345160275698,-3.));
#6338=CARTESIAN_POINT('',(26.1848575994372,15.1691675931215,-3.));
#6339=CARTESIAN_POINT('Ctrl Pts',(25.3240115568042,14.9345160275698,-3.));
#6340=CARTESIAN_POINT('Ctrl Pts',(25.4941926661244,14.9393184042287,-3.));
#6341=CARTESIAN_POINT('Ctrl Pts',(25.801460960728,14.9479892731161,-3.));
#6342=CARTESIAN_POINT('Ctrl Pts',(26.066576699512,15.1009323294472,-3.));
#6343=CARTESIAN_POINT('Ctrl Pts',(26.1848575994372,15.1691675931215,-3.));
#6344=CARTESIAN_POINT('',(25.3240115568042,14.9345160275698,-2.8));
#6345=CARTESIAN_POINT('',(25.3240115568042,14.9345160275698,-3.));
#6346=CARTESIAN_POINT('',(26.1848575994372,15.1691675931215,-2.8));
#6347=CARTESIAN_POINT('Ctrl Pts',(25.3240115568042,14.9345160275698,-2.8));
#6348=CARTESIAN_POINT('Ctrl Pts',(25.4941926661244,14.9393184042287,-2.8));
#6349=CARTESIAN_POINT('Ctrl Pts',(25.801460960728,14.9479892731161,-2.8));
#6350=CARTESIAN_POINT('Ctrl Pts',(26.066576699512,15.1009323294472,-2.8));
#6351=CARTESIAN_POINT('Ctrl Pts',(26.1848575994372,15.1691675931215,-2.8));
#6352=CARTESIAN_POINT('',(26.1848575994372,15.1691675931215,-3.));
#6353=CARTESIAN_POINT('Ctrl Pts',(24.7128249332309,15.0532055646181,-3.));
#6354=CARTESIAN_POINT('Ctrl Pts',(24.7128249332309,15.0532055646181,-2.8));
#6355=CARTESIAN_POINT('Ctrl Pts',(24.8077998877174,15.0186010821616,-3.));
#6356=CARTESIAN_POINT('Ctrl Pts',(24.8077998877174,15.0186010821616,-2.8));
#6357=CARTESIAN_POINT('Ctrl Pts',(25.0051191335955,14.9467070715853,-3.));
#6358=CARTESIAN_POINT('Ctrl Pts',(25.0051191335955,14.9467070715853,-2.8));
#6359=CARTESIAN_POINT('Ctrl Pts',(25.2151000109391,14.9386796431116,-3.));
#6360=CARTESIAN_POINT('Ctrl Pts',(25.2151000109391,14.9386796431116,-2.8));
#6361=CARTESIAN_POINT('Ctrl Pts',(25.3240115568042,14.9345160275698,-3.));
#6362=CARTESIAN_POINT('Ctrl Pts',(25.3240115568042,14.9345160275698,-2.8));
#6363=CARTESIAN_POINT('',(24.7128249332309,15.0532055646181,-3.));
#6364=CARTESIAN_POINT('Ctrl Pts',(24.7128249332309,15.0532055646181,-3.));
#6365=CARTESIAN_POINT('Ctrl Pts',(24.8077998877174,15.0186010821616,-3.));
#6366=CARTESIAN_POINT('Ctrl Pts',(25.0051191335955,14.9467070715853,-3.));
#6367=CARTESIAN_POINT('Ctrl Pts',(25.2151000109391,14.9386796431116,-3.));
#6368=CARTESIAN_POINT('Ctrl Pts',(25.3240115568042,14.9345160275698,-3.));
#6369=CARTESIAN_POINT('',(24.7128249332309,15.0532055646181,-2.8));
#6370=CARTESIAN_POINT('',(24.7128249332309,15.0532055646181,-3.));
#6371=CARTESIAN_POINT('Ctrl Pts',(24.7128249332309,15.0532055646181,-2.8));
#6372=CARTESIAN_POINT('Ctrl Pts',(24.8077998877174,15.0186010821616,-2.8));
#6373=CARTESIAN_POINT('Ctrl Pts',(25.0051191335955,14.9467070715853,-2.8));
#6374=CARTESIAN_POINT('Ctrl Pts',(25.2151000109391,14.9386796431116,-2.8));
#6375=CARTESIAN_POINT('Ctrl Pts',(25.3240115568042,14.9345160275698,-2.8));
#6376=CARTESIAN_POINT('Ctrl Pts',(24.299455396831,15.3888130933046,-3.));
#6377=CARTESIAN_POINT('Ctrl Pts',(24.299455396831,15.3888130933046,-2.8));
#6378=CARTESIAN_POINT('Ctrl Pts',(24.3539180019066,15.3199869174804,-3.));
#6379=CARTESIAN_POINT('Ctrl Pts',(24.3539180019066,15.3199869174804,-2.8));
#6380=CARTESIAN_POINT('Ctrl Pts',(24.4666339985294,15.177544024949,-3.));
#6381=CARTESIAN_POINT('Ctrl Pts',(24.4666339985294,15.177544024949,-2.8));
#6382=CARTESIAN_POINT('Ctrl Pts',(24.6289417476615,15.0955706750719,-3.));
#6383=CARTESIAN_POINT('Ctrl Pts',(24.6289417476615,15.0955706750719,-2.8));
#6384=CARTESIAN_POINT('Ctrl Pts',(24.7128249332309,15.0532055646181,-3.));
#6385=CARTESIAN_POINT('Ctrl Pts',(24.7128249332309,15.0532055646181,-2.8));
#6386=CARTESIAN_POINT('',(24.299455396831,15.3888130933046,-3.));
#6387=CARTESIAN_POINT('Ctrl Pts',(24.299455396831,15.3888130933046,-3.));
#6388=CARTESIAN_POINT('Ctrl Pts',(24.3539180019066,15.3199869174804,-3.));
#6389=CARTESIAN_POINT('Ctrl Pts',(24.4666339985294,15.177544024949,-3.));
#6390=CARTESIAN_POINT('Ctrl Pts',(24.6289417476615,15.0955706750719,-3.));
#6391=CARTESIAN_POINT('Ctrl Pts',(24.7128249332309,15.0532055646181,-3.));
#6392=CARTESIAN_POINT('',(24.299455396831,15.3888130933046,-2.8));
#6393=CARTESIAN_POINT('',(24.299455396831,15.3888130933046,-3.));
#6394=CARTESIAN_POINT('Ctrl Pts',(24.299455396831,15.3888130933046,-2.8));
#6395=CARTESIAN_POINT('Ctrl Pts',(24.3539180019066,15.3199869174804,-2.8));
#6396=CARTESIAN_POINT('Ctrl Pts',(24.4666339985294,15.177544024949,-2.8));
#6397=CARTESIAN_POINT('Ctrl Pts',(24.6289417476615,15.0955706750719,-2.8));
#6398=CARTESIAN_POINT('Ctrl Pts',(24.7128249332309,15.0532055646181,-2.8));
#6399=CARTESIAN_POINT('Ctrl Pts',(24.1562081500888,15.8512962609529,-3.));
#6400=CARTESIAN_POINT('Ctrl Pts',(24.1562081500888,15.8512962609529,-2.8));
#6401=CARTESIAN_POINT('Ctrl Pts',(24.1625306347599,15.770103085124,-3.));
#6402=CARTESIAN_POINT('Ctrl Pts',(24.1625306347599,15.770103085124,-2.8));
#6403=CARTESIAN_POINT('Ctrl Pts',(24.1753703056711,15.6052163812249,-3.));
#6404=CARTESIAN_POINT('Ctrl Pts',(24.1753703056711,15.6052163812249,-2.8));
#6405=CARTESIAN_POINT('Ctrl Pts',(24.2576776618205,15.4616730890836,-3.));
#6406=CARTESIAN_POINT('Ctrl Pts',(24.2576776618205,15.4616730890836,-2.8));
#6407=CARTESIAN_POINT('Ctrl Pts',(24.299455396831,15.3888130933046,-3.));
#6408=CARTESIAN_POINT('Ctrl Pts',(24.299455396831,15.3888130933046,-2.8));
#6409=CARTESIAN_POINT('',(24.1562081500888,15.8512962609529,-3.));
#6410=CARTESIAN_POINT('Ctrl Pts',(24.1562081500888,15.8512962609529,-3.));
#6411=CARTESIAN_POINT('Ctrl Pts',(24.1625306347599,15.770103085124,-3.));
#6412=CARTESIAN_POINT('Ctrl Pts',(24.1753703056711,15.6052163812249,-3.));
#6413=CARTESIAN_POINT('Ctrl Pts',(24.2576776618205,15.4616730890836,-3.));
#6414=CARTESIAN_POINT('Ctrl Pts',(24.299455396831,15.3888130933046,-3.));
#6415=CARTESIAN_POINT('',(24.1562081500888,15.8512962609529,-2.8));
#6416=CARTESIAN_POINT('',(24.1562081500888,15.8512962609529,-3.));
#6417=CARTESIAN_POINT('Ctrl Pts',(24.1562081500888,15.8512962609529,-2.8));
#6418=CARTESIAN_POINT('Ctrl Pts',(24.1625306347599,15.770103085124,-2.8));
#6419=CARTESIAN_POINT('Ctrl Pts',(24.1753703056711,15.6052163812249,-2.8));
#6420=CARTESIAN_POINT('Ctrl Pts',(24.2576776618205,15.4616730890836,-2.8));
#6421=CARTESIAN_POINT('Ctrl Pts',(24.299455396831,15.3888130933046,-2.8));
#6422=CARTESIAN_POINT('Ctrl Pts',(24.2735345289111,16.2714869529009,-3.));
#6423=CARTESIAN_POINT('Ctrl Pts',(24.2735345289111,16.2714869529009,-2.8));
#6424=CARTESIAN_POINT('Ctrl Pts',(24.2393405603035,16.2096772970183,-3.));
#6425=CARTESIAN_POINT('Ctrl Pts',(24.2393405603035,16.2096772970183,-2.8));
#6426=CARTESIAN_POINT('Ctrl Pts',(24.1671309851265,16.0791499211429,-3.));
#6427=CARTESIAN_POINT('Ctrl Pts',(24.1671309851265,16.0791499211429,-2.8));
#6428=CARTESIAN_POINT('Ctrl Pts',(24.1599753309892,15.9298808000205,-3.));
#6429=CARTESIAN_POINT('Ctrl Pts',(24.1599753309892,15.9298808000205,-2.8));
#6430=CARTESIAN_POINT('Ctrl Pts',(24.1562081500888,15.8512962609529,-3.));
#6431=CARTESIAN_POINT('Ctrl Pts',(24.1562081500888,15.8512962609529,-2.8));
#6432=CARTESIAN_POINT('',(24.2735345289111,16.2714869529009,-3.));
#6433=CARTESIAN_POINT('Ctrl Pts',(24.2735345289111,16.2714869529009,-3.));
#6434=CARTESIAN_POINT('Ctrl Pts',(24.2393405603035,16.2096772970183,-3.));
#6435=CARTESIAN_POINT('Ctrl Pts',(24.1671309851265,16.0791499211429,-3.));
#6436=CARTESIAN_POINT('Ctrl Pts',(24.1599753309892,15.9298808000205,-3.));
#6437=CARTESIAN_POINT('Ctrl Pts',(24.1562081500888,15.8512962609529,-3.));
#6438=CARTESIAN_POINT('',(24.2735345289111,16.2714869529009,-2.8));
#6439=CARTESIAN_POINT('',(24.2735345289111,16.2714869529009,-3.));
#6440=CARTESIAN_POINT('Ctrl Pts',(24.2735345289111,16.2714869529009,-2.8));
#6441=CARTESIAN_POINT('Ctrl Pts',(24.2393405603035,16.2096772970183,-2.8));
#6442=CARTESIAN_POINT('Ctrl Pts',(24.1671309851265,16.0791499211429,-2.8));
#6443=CARTESIAN_POINT('Ctrl Pts',(24.1599753309892,15.9298808000205,-2.8));
#6444=CARTESIAN_POINT('Ctrl Pts',(24.1562081500888,15.8512962609529,-2.8));
#6445=CARTESIAN_POINT('Ctrl Pts',(24.5968635007739,16.5293312817812,-3.));
#6446=CARTESIAN_POINT('Ctrl Pts',(24.5968635007739,16.5293312817812,-2.8));
#6447=CARTESIAN_POINT('Ctrl Pts',(24.5323587189374,16.4970843712487,-3.));
#6448=CARTESIAN_POINT('Ctrl Pts',(24.5323587189374,16.4970843712487,-2.8));
#6449=CARTESIAN_POINT('Ctrl Pts',(24.4062107226721,16.4340210907661,-3.));
#6450=CARTESIAN_POINT('Ctrl Pts',(24.4062107226721,16.4340210907661,-2.8));
#6451=CARTESIAN_POINT('Ctrl Pts',(24.3170860190548,16.3248394323668,-3.));
#6452=CARTESIAN_POINT('Ctrl Pts',(24.3170860190548,16.3248394323668,-2.8));
#6453=CARTESIAN_POINT('Ctrl Pts',(24.2735345289111,16.2714869529009,-3.));
#6454=CARTESIAN_POINT('Ctrl Pts',(24.2735345289111,16.2714869529009,-2.8));
#6455=CARTESIAN_POINT('',(24.5968635007739,16.5293312817812,-3.));
#6456=CARTESIAN_POINT('Ctrl Pts',(24.5968635007739,16.5293312817812,-3.));
#6457=CARTESIAN_POINT('Ctrl Pts',(24.5323587189374,16.4970843712487,-3.));
#6458=CARTESIAN_POINT('Ctrl Pts',(24.4062107226721,16.4340210907661,-3.));
#6459=CARTESIAN_POINT('Ctrl Pts',(24.3170860190548,16.3248394323668,-3.));
#6460=CARTESIAN_POINT('Ctrl Pts',(24.2735345289111,16.2714869529009,-3.));
#6461=CARTESIAN_POINT('',(24.5968635007739,16.5293312817812,-2.8));
#6462=CARTESIAN_POINT('',(24.5968635007739,16.5293312817812,-3.));
#6463=CARTESIAN_POINT('Ctrl Pts',(24.5968635007739,16.5293312817812,-2.8));
#6464=CARTESIAN_POINT('Ctrl Pts',(24.5323587189374,16.4970843712487,-2.8));
#6465=CARTESIAN_POINT('Ctrl Pts',(24.4062107226721,16.4340210907661,-2.8));
#6466=CARTESIAN_POINT('Ctrl Pts',(24.3170860190548,16.3248394323668,-2.8));
#6467=CARTESIAN_POINT('Ctrl Pts',(24.2735345289111,16.2714869529009,-2.8));
#6468=CARTESIAN_POINT('Ctrl Pts',(25.3240115568042,16.7571622878313,-3.));
#6469=CARTESIAN_POINT('Ctrl Pts',(25.3240115568042,16.7571622878313,-2.8));
#6470=CARTESIAN_POINT('Ctrl Pts',(25.1756668711687,16.7177654351514,-3.));
#6471=CARTESIAN_POINT('Ctrl Pts',(25.1756668711687,16.7177654351514,-2.8));
#6472=CARTESIAN_POINT('Ctrl Pts',(24.9298659808213,16.6524865111095,-3.));
#6473=CARTESIAN_POINT('Ctrl Pts',(24.9298659808213,16.6524865111095,-2.8));
#6474=CARTESIAN_POINT('Ctrl Pts',(24.6914082555137,16.5642970302348,-3.));
#6475=CARTESIAN_POINT('Ctrl Pts',(24.6914082555137,16.5642970302348,-2.8));
#6476=CARTESIAN_POINT('Ctrl Pts',(24.5968635007739,16.5293312817812,-3.));
#6477=CARTESIAN_POINT('Ctrl Pts',(24.5968635007739,16.5293312817812,-2.8));
#6478=CARTESIAN_POINT('',(25.3240115568042,16.7571622878313,-3.));
#6479=CARTESIAN_POINT('Ctrl Pts',(25.3240115568042,16.7571622878313,-3.));
#6480=CARTESIAN_POINT('Ctrl Pts',(25.1756668711687,16.7177654351514,-3.));
#6481=CARTESIAN_POINT('Ctrl Pts',(24.9298659808213,16.6524865111095,-3.));
#6482=CARTESIAN_POINT('Ctrl Pts',(24.6914082555137,16.5642970302348,-3.));
#6483=CARTESIAN_POINT('Ctrl Pts',(24.5968635007739,16.5293312817812,-3.));
#6484=CARTESIAN_POINT('',(25.3240115568042,16.7571622878313,-2.8));
#6485=CARTESIAN_POINT('',(25.3240115568042,16.7571622878313,-3.));
#6486=CARTESIAN_POINT('Ctrl Pts',(25.3240115568042,16.7571622878313,-2.8));
#6487=CARTESIAN_POINT('Ctrl Pts',(25.1756668711687,16.7177654351514,-2.8));
#6488=CARTESIAN_POINT('Ctrl Pts',(24.9298659808213,16.6524865111095,-2.8));
#6489=CARTESIAN_POINT('Ctrl Pts',(24.6914082555137,16.5642970302348,-2.8));
#6490=CARTESIAN_POINT('Ctrl Pts',(24.5968635007739,16.5293312817812,-2.8));
#6491=CARTESIAN_POINT('Ctrl Pts',(25.7578451558948,16.8826741725206,-3.));
#6492=CARTESIAN_POINT('Ctrl Pts',(25.7578451558948,16.8826741725206,-2.8));
#6493=CARTESIAN_POINT('Ctrl Pts',(25.709482540854,16.8674344464735,-3.));
#6494=CARTESIAN_POINT('Ctrl Pts',(25.709482540854,16.8674344464735,-2.8));
#6495=CARTESIAN_POINT('Ctrl Pts',(25.5658765136826,16.8221822095759,-3.));
#6496=CARTESIAN_POINT('Ctrl Pts',(25.5658765136826,16.8221822095759,-2.8));
#6497=CARTESIAN_POINT('Ctrl Pts',(25.4204574343212,16.7830895800264,-3.));
#6498=CARTESIAN_POINT('Ctrl Pts',(25.4204574343212,16.7830895800264,-2.8));
#6499=CARTESIAN_POINT('Ctrl Pts',(25.3240115568042,16.7571622878313,-3.));
#6500=CARTESIAN_POINT('Ctrl Pts',(25.3240115568042,16.7571622878313,-2.8));
#6501=CARTESIAN_POINT('',(25.7578451558948,16.8826741725206,-3.));
#6502=CARTESIAN_POINT('Ctrl Pts',(25.7578451558948,16.8826741725206,-3.));
#6503=CARTESIAN_POINT('Ctrl Pts',(25.709482540854,16.8674344464735,-3.));
#6504=CARTESIAN_POINT('Ctrl Pts',(25.5658765136826,16.8221822095759,-3.));
#6505=CARTESIAN_POINT('Ctrl Pts',(25.4204574343212,16.7830895800264,-3.));
#6506=CARTESIAN_POINT('Ctrl Pts',(25.3240115568042,16.7571622878313,-3.));
#6507=CARTESIAN_POINT('',(25.7578451558948,16.8826741725206,-2.8));
#6508=CARTESIAN_POINT('',(25.7578451558948,16.8826741725206,-3.));
#6509=CARTESIAN_POINT('Ctrl Pts',(25.7578451558948,16.8826741725206,-2.8));
#6510=CARTESIAN_POINT('Ctrl Pts',(25.709482540854,16.8674344464735,-2.8));
#6511=CARTESIAN_POINT('Ctrl Pts',(25.5658765136826,16.8221822095759,-2.8));
#6512=CARTESIAN_POINT('Ctrl Pts',(25.4204574343212,16.7830895800264,-2.8));
#6513=CARTESIAN_POINT('Ctrl Pts',(25.3240115568042,16.7571622878313,-2.8));
#6514=CARTESIAN_POINT('Ctrl Pts',(25.9461129829288,17.0136428624392,-3.));
#6515=CARTESIAN_POINT('Ctrl Pts',(25.9461129829288,17.0136428624392,-2.8));
#6516=CARTESIAN_POINT('Ctrl Pts',(25.9216672705888,16.9877910250296,-3.));
#6517=CARTESIAN_POINT('Ctrl Pts',(25.9216672705888,16.9877910250296,-2.8));
#6518=CARTESIAN_POINT('Ctrl Pts',(25.8681434097283,16.9311884548424,-3.));
#6519=CARTESIAN_POINT('Ctrl Pts',(25.8681434097283,16.9311884548424,-2.8));
#6520=CARTESIAN_POINT('Ctrl Pts',(25.7966731339374,16.899752516223,-3.));
#6521=CARTESIAN_POINT('Ctrl Pts',(25.7966731339374,16.899752516223,-2.8));
#6522=CARTESIAN_POINT('Ctrl Pts',(25.7578451558948,16.8826741725206,-3.));
#6523=CARTESIAN_POINT('Ctrl Pts',(25.7578451558948,16.8826741725206,-2.8));
#6524=CARTESIAN_POINT('',(25.9461129829288,17.0136428624392,-3.));
#6525=CARTESIAN_POINT('Ctrl Pts',(25.9461129829288,17.0136428624392,-3.));
#6526=CARTESIAN_POINT('Ctrl Pts',(25.9216672705888,16.9877910250296,-3.));
#6527=CARTESIAN_POINT('Ctrl Pts',(25.8681434097283,16.9311884548424,-3.));
#6528=CARTESIAN_POINT('Ctrl Pts',(25.7966731339374,16.899752516223,-3.));
#6529=CARTESIAN_POINT('Ctrl Pts',(25.7578451558948,16.8826741725206,-3.));
#6530=CARTESIAN_POINT('',(25.9461129829288,17.0136428624392,-2.8));
#6531=CARTESIAN_POINT('',(25.9461129829288,17.0136428624392,-3.));
#6532=CARTESIAN_POINT('Ctrl Pts',(25.9461129829288,17.0136428624392,-2.8));
#6533=CARTESIAN_POINT('Ctrl Pts',(25.9216672705888,16.9877910250296,-2.8));
#6534=CARTESIAN_POINT('Ctrl Pts',(25.8681434097283,16.9311884548424,-2.8));
#6535=CARTESIAN_POINT('Ctrl Pts',(25.7966731339374,16.899752516223,-2.8));
#6536=CARTESIAN_POINT('Ctrl Pts',(25.7578451558948,16.8826741725206,-2.8));
#6537=CARTESIAN_POINT('Ctrl Pts',(26.0061402246356,17.1855390816927,-3.));
#6538=CARTESIAN_POINT('Ctrl Pts',(26.0061402246356,17.1855390816927,-2.8));
#6539=CARTESIAN_POINT('Ctrl Pts',(26.003592588848,17.1544431446501,-3.));
#6540=CARTESIAN_POINT('Ctrl Pts',(26.003592588848,17.1544431446501,-2.8));
#6541=CARTESIAN_POINT('Ctrl Pts',(25.9984733171011,17.0919583292304,-3.));
#6542=CARTESIAN_POINT('Ctrl Pts',(25.9984733171011,17.0919583292304,-2.8));
#6543=CARTESIAN_POINT('Ctrl Pts',(25.9636208927025,17.0398294815305,-3.));
#6544=CARTESIAN_POINT('Ctrl Pts',(25.9636208927025,17.0398294815305,-2.8));
#6545=CARTESIAN_POINT('Ctrl Pts',(25.9461129829288,17.0136428624392,-3.));
#6546=CARTESIAN_POINT('Ctrl Pts',(25.9461129829288,17.0136428624392,-2.8));
#6547=CARTESIAN_POINT('',(26.0061402246356,17.1855390816927,-3.));
#6548=CARTESIAN_POINT('Ctrl Pts',(26.0061402246356,17.1855390816927,-3.));
#6549=CARTESIAN_POINT('Ctrl Pts',(26.003592588848,17.1544431446501,-3.));
#6550=CARTESIAN_POINT('Ctrl Pts',(25.9984733171011,17.0919583292304,-3.));
#6551=CARTESIAN_POINT('Ctrl Pts',(25.9636208927025,17.0398294815305,-3.));
#6552=CARTESIAN_POINT('Ctrl Pts',(25.9461129829288,17.0136428624392,-3.));
#6553=CARTESIAN_POINT('',(26.0061402246356,17.1855390816927,-2.8));
#6554=CARTESIAN_POINT('',(26.0061402246356,17.1855390816927,-3.));
#6555=CARTESIAN_POINT('Ctrl Pts',(26.0061402246356,17.1855390816927,-2.8));
#6556=CARTESIAN_POINT('Ctrl Pts',(26.003592588848,17.1544431446501,-2.8));
#6557=CARTESIAN_POINT('Ctrl Pts',(25.9984733171011,17.0919583292304,-2.8));
#6558=CARTESIAN_POINT('Ctrl Pts',(25.9636208927025,17.0398294815305,-2.8));
#6559=CARTESIAN_POINT('Ctrl Pts',(25.9461129829288,17.0136428624392,-2.8));
#6560=CARTESIAN_POINT('Ctrl Pts',(25.8615286275744,17.4474764615297,-3.));
#6561=CARTESIAN_POINT('Ctrl Pts',(25.8615286275744,17.4474764615297,-2.8));
#6562=CARTESIAN_POINT('Ctrl Pts',(25.9036648499517,17.4101981498637,-3.));
#6563=CARTESIAN_POINT('Ctrl Pts',(25.9036648499517,17.4101981498637,-2.8));
#6564=CARTESIAN_POINT('Ctrl Pts',(25.9833530717986,17.3396972315914,-3.));
#6565=CARTESIAN_POINT('Ctrl Pts',(25.9833530717986,17.3396972315914,-2.8));
#6566=CARTESIAN_POINT('Ctrl Pts',(25.9988415080208,17.2349158800153,-3.));
#6567=CARTESIAN_POINT('Ctrl Pts',(25.9988415080208,17.2349158800153,-2.8));
#6568=CARTESIAN_POINT('Ctrl Pts',(26.0061402246356,17.1855390816927,-3.));
#6569=CARTESIAN_POINT('Ctrl Pts',(26.0061402246356,17.1855390816927,-2.8));
#6570=CARTESIAN_POINT('',(25.8615286275744,17.4474764615297,-3.));
#6571=CARTESIAN_POINT('Ctrl Pts',(25.8615286275744,17.4474764615297,-3.));
#6572=CARTESIAN_POINT('Ctrl Pts',(25.9036648499517,17.4101981498637,-3.));
#6573=CARTESIAN_POINT('Ctrl Pts',(25.9833530717986,17.3396972315914,-3.));
#6574=CARTESIAN_POINT('Ctrl Pts',(25.9988415080208,17.2349158800153,-3.));
#6575=CARTESIAN_POINT('Ctrl Pts',(26.0061402246356,17.1855390816927,-3.));
#6576=CARTESIAN_POINT('',(25.8615286275744,17.4474764615297,-2.8));
#6577=CARTESIAN_POINT('',(25.8615286275744,17.4474764615297,-3.));
#6578=CARTESIAN_POINT('Ctrl Pts',(25.8615286275744,17.4474764615297,-2.8));
#6579=CARTESIAN_POINT('Ctrl Pts',(25.9036648499517,17.4101981498637,-2.8));
#6580=CARTESIAN_POINT('Ctrl Pts',(25.9833530717986,17.3396972315914,-2.8));
#6581=CARTESIAN_POINT('Ctrl Pts',(25.9988415080208,17.2349158800153,-2.8));
#6582=CARTESIAN_POINT('Ctrl Pts',(26.0061402246356,17.1855390816927,-2.8));
#6583=CARTESIAN_POINT('Ctrl Pts',(25.3785819932818,17.55934484303,-3.));
#6584=CARTESIAN_POINT('Ctrl Pts',(25.3785819932818,17.55934484303,-2.8));
#6585=CARTESIAN_POINT('Ctrl Pts',(25.4774218776976,17.5585482128917,-3.));
#6586=CARTESIAN_POINT('Ctrl Pts',(25.4774218776976,17.5585482128917,-2.8));
#6587=CARTESIAN_POINT('Ctrl Pts',(25.6476933181193,17.5571758583818,-3.));
#6588=CARTESIAN_POINT('Ctrl Pts',(25.6476933181193,17.5571758583818,-2.8));
#6589=CARTESIAN_POINT('Ctrl Pts',(25.7983329324066,17.4798964096722,-3.));
#6590=CARTESIAN_POINT('Ctrl Pts',(25.7983329324066,17.4798964096722,-2.8));
#6591=CARTESIAN_POINT('Ctrl Pts',(25.8615286275744,17.4474764615297,-3.));
#6592=CARTESIAN_POINT('Ctrl Pts',(25.8615286275744,17.4474764615297,-2.8));
#6593=CARTESIAN_POINT('',(25.3785819932818,17.55934484303,-3.));
#6594=CARTESIAN_POINT('Ctrl Pts',(25.3785819932818,17.55934484303,-3.));
#6595=CARTESIAN_POINT('Ctrl Pts',(25.4774218776976,17.5585482128917,-3.));
#6596=CARTESIAN_POINT('Ctrl Pts',(25.6476933181193,17.5571758583818,-3.));
#6597=CARTESIAN_POINT('Ctrl Pts',(25.7983329324066,17.4798964096722,-3.));
#6598=CARTESIAN_POINT('Ctrl Pts',(25.8615286275744,17.4474764615297,-3.));
#6599=CARTESIAN_POINT('',(25.3785819932818,17.55934484303,-2.8));
#6600=CARTESIAN_POINT('',(25.3785819932818,17.55934484303,-3.));
#6601=CARTESIAN_POINT('Ctrl Pts',(25.3785819932818,17.55934484303,-2.8));
#6602=CARTESIAN_POINT('Ctrl Pts',(25.4774218776976,17.5585482128917,-2.8));
#6603=CARTESIAN_POINT('Ctrl Pts',(25.6476933181193,17.5571758583818,-2.8));
#6604=CARTESIAN_POINT('Ctrl Pts',(25.7983329324066,17.4798964096722,-2.8));
#6605=CARTESIAN_POINT('Ctrl Pts',(25.8615286275744,17.4474764615297,-2.8));
#6606=CARTESIAN_POINT('Ctrl Pts',(24.9351985380054,17.4338335543871,-3.));
#6607=CARTESIAN_POINT('Ctrl Pts',(24.9351985380054,17.4338335543871,-2.8));
#6608=CARTESIAN_POINT('Ctrl Pts',(24.99674862016,17.4703538064668,-3.));
#6609=CARTESIAN_POINT('Ctrl Pts',(24.99674862016,17.4703538064668,-2.8));
#6610=CARTESIAN_POINT('Ctrl Pts',(25.1328392842505,17.5511021204297,-3.));
#6611=CARTESIAN_POINT('Ctrl Pts',(25.1328392842505,17.5511021204297,-2.8));
#6612=CARTESIAN_POINT('Ctrl Pts',(25.2916157673146,17.5564278145693,-3.));
#6613=CARTESIAN_POINT('Ctrl Pts',(25.2916157673146,17.5564278145693,-2.8));
#6614=CARTESIAN_POINT('Ctrl Pts',(25.3785819932818,17.55934484303,-3.));
#6615=CARTESIAN_POINT('Ctrl Pts',(25.3785819932818,17.55934484303,-2.8));
#6616=CARTESIAN_POINT('',(24.9351985380054,17.4338335543871,-3.));
#6617=CARTESIAN_POINT('Ctrl Pts',(24.9351985380054,17.4338335543871,-3.));
#6618=CARTESIAN_POINT('Ctrl Pts',(24.99674862016,17.4703538064668,-3.));
#6619=CARTESIAN_POINT('Ctrl Pts',(25.1328392842505,17.5511021204297,-3.));
#6620=CARTESIAN_POINT('Ctrl Pts',(25.2916157673146,17.5564278145693,-3.));
#6621=CARTESIAN_POINT('Ctrl Pts',(25.3785819932818,17.55934484303,-3.));
#6622=CARTESIAN_POINT('',(24.9351985380054,17.4338335543871,-2.8));
#6623=CARTESIAN_POINT('',(24.9351985380054,17.4338335543871,-3.));
#6624=CARTESIAN_POINT('Ctrl Pts',(24.9351985380054,17.4338335543871,-2.8));
#6625=CARTESIAN_POINT('Ctrl Pts',(24.99674862016,17.4703538064668,-2.8));
#6626=CARTESIAN_POINT('Ctrl Pts',(25.1328392842505,17.5511021204297,-2.8));
#6627=CARTESIAN_POINT('Ctrl Pts',(25.2916157673146,17.5564278145693,-2.8));
#6628=CARTESIAN_POINT('Ctrl Pts',(25.3785819932818,17.55934484303,-2.8));
#6629=CARTESIAN_POINT('Ctrl Pts',(24.7455669566989,17.0845837146044,-3.));
#6630=CARTESIAN_POINT('Ctrl Pts',(24.7455669566989,17.0845837146044,-2.8));
#6631=CARTESIAN_POINT('Ctrl Pts',(24.7607493711208,17.1543282467063,-3.));
#6632=CARTESIAN_POINT('Ctrl Pts',(24.7607493711208,17.1543282467063,-2.8));
#6633=CARTESIAN_POINT('Ctrl Pts',(24.7901495599548,17.2893859757971,-3.));
#6634=CARTESIAN_POINT('Ctrl Pts',(24.7901495599548,17.2893859757971,-2.8));
#6635=CARTESIAN_POINT('Ctrl Pts',(24.8879181632433,17.3867492126634,-3.));
#6636=CARTESIAN_POINT('Ctrl Pts',(24.8879181632433,17.3867492126634,-2.8));
#6637=CARTESIAN_POINT('Ctrl Pts',(24.9351985380054,17.4338335543871,-3.));
#6638=CARTESIAN_POINT('Ctrl Pts',(24.9351985380054,17.4338335543871,-2.8));
#6639=CARTESIAN_POINT('',(24.7455669566989,17.0845837146044,-3.));
#6640=CARTESIAN_POINT('Ctrl Pts',(24.7455669566989,17.0845837146044,-3.));
#6641=CARTESIAN_POINT('Ctrl Pts',(24.7607493711208,17.1543282467063,-3.));
#6642=CARTESIAN_POINT('Ctrl Pts',(24.7901495599548,17.2893859757971,-3.));
#6643=CARTESIAN_POINT('Ctrl Pts',(24.8879181632433,17.3867492126634,-3.));
#6644=CARTESIAN_POINT('Ctrl Pts',(24.9351985380054,17.4338335543871,-3.));
#6645=CARTESIAN_POINT('',(24.7455669566989,17.0845837146044,-2.8));
#6646=CARTESIAN_POINT('',(24.7455669566989,17.0845837146044,-3.));
#6647=CARTESIAN_POINT('Ctrl Pts',(24.7455669566989,17.0845837146044,-2.8));
#6648=CARTESIAN_POINT('Ctrl Pts',(24.7607493711208,17.1543282467063,-2.8));
#6649=CARTESIAN_POINT('Ctrl Pts',(24.7901495599548,17.2893859757971,-2.8));
#6650=CARTESIAN_POINT('Ctrl Pts',(24.8879181632433,17.3867492126634,-2.8));
#6651=CARTESIAN_POINT('Ctrl Pts',(24.9351985380054,17.4338335543871,-2.8));
#6652=CARTESIAN_POINT('Origin',(24.2653490230441,17.1500683575869,-3.));
#6653=CARTESIAN_POINT('',(24.2653490230441,17.1500683575869,-3.));
#6654=CARTESIAN_POINT('',(32.4998088972226,16.0271809616284,-3.));
#6655=CARTESIAN_POINT('',(24.2653490230441,17.1500683575869,-2.8));
#6656=CARTESIAN_POINT('',(24.2653490230441,17.1500683575869,-3.));
#6657=CARTESIAN_POINT('',(24.2653490230441,17.1500683575869,-2.8));
#6658=CARTESIAN_POINT('Ctrl Pts',(24.4345165416598,17.5989086180925,-3.));
#6659=CARTESIAN_POINT('Ctrl Pts',(24.4345165416598,17.5989086180925,-2.8));
#6660=CARTESIAN_POINT('Ctrl Pts',(24.3962772047829,17.534964379188,-3.));
#6661=CARTESIAN_POINT('Ctrl Pts',(24.3962772047829,17.534964379188,-2.8));
#6662=CARTESIAN_POINT('Ctrl Pts',(24.3130342427937,17.3957645843353,-3.));
#6663=CARTESIAN_POINT('Ctrl Pts',(24.3130342427937,17.3957645843353,-2.8));
#6664=CARTESIAN_POINT('Ctrl Pts',(24.2820824722649,17.2362867991844,-3.));
#6665=CARTESIAN_POINT('Ctrl Pts',(24.2820824722649,17.2362867991844,-2.8));
#6666=CARTESIAN_POINT('Ctrl Pts',(24.2653490230441,17.1500683575869,-3.));
#6667=CARTESIAN_POINT('Ctrl Pts',(24.2653490230441,17.1500683575869,-2.8));
#6668=CARTESIAN_POINT('',(24.4345165416598,17.5989086180925,-3.));
#6669=CARTESIAN_POINT('Ctrl Pts',(24.4345165416598,17.5989086180925,-3.));
#6670=CARTESIAN_POINT('Ctrl Pts',(24.3962772047829,17.534964379188,-3.));
#6671=CARTESIAN_POINT('Ctrl Pts',(24.3130342427937,17.3957645843353,-3.));
#6672=CARTESIAN_POINT('Ctrl Pts',(24.2820824722649,17.2362867991844,-3.));
#6673=CARTESIAN_POINT('Ctrl Pts',(24.2653490230441,17.1500683575869,-3.));
#6674=CARTESIAN_POINT('',(24.4345165416598,17.5989086180925,-2.8));
#6675=CARTESIAN_POINT('',(24.4345165416598,17.5989086180925,-3.));
#6676=CARTESIAN_POINT('Ctrl Pts',(24.4345165416598,17.5989086180925,-2.8));
#6677=CARTESIAN_POINT('Ctrl Pts',(24.3962772047829,17.534964379188,-2.8));
#6678=CARTESIAN_POINT('Ctrl Pts',(24.3130342427937,17.3957645843353,-2.8));
#6679=CARTESIAN_POINT('Ctrl Pts',(24.2820824722649,17.2362867991844,-2.8));
#6680=CARTESIAN_POINT('Ctrl Pts',(24.2653490230441,17.1500683575869,-2.8));
#6681=CARTESIAN_POINT('Ctrl Pts',(24.8151440545917,17.8649390488863,-3.));
#6682=CARTESIAN_POINT('Ctrl Pts',(24.8151440545917,17.8649390488863,-2.8));
#6683=CARTESIAN_POINT('Ctrl Pts',(24.7366670285561,17.8316893535607,-3.));
#6684=CARTESIAN_POINT('Ctrl Pts',(24.7366670285561,17.8316893535607,-2.8));
#6685=CARTESIAN_POINT('Ctrl Pts',(24.5906230342565,17.7698124125003,-3.));
#6686=CARTESIAN_POINT('Ctrl Pts',(24.5906230342565,17.7698124125003,-2.8));
#6687=CARTESIAN_POINT('Ctrl Pts',(24.4838943559092,17.6529669450359,-3.));
#6688=CARTESIAN_POINT('Ctrl Pts',(24.4838943559092,17.6529669450359,-2.8));
#6689=CARTESIAN_POINT('Ctrl Pts',(24.4345165416598,17.5989086180925,-3.));
#6690=CARTESIAN_POINT('Ctrl Pts',(24.4345165416598,17.5989086180925,-2.8));
#6691=CARTESIAN_POINT('',(24.8151440545917,17.8649390488863,-3.));
#6692=CARTESIAN_POINT('Ctrl Pts',(24.8151440545917,17.8649390488863,-3.));
#6693=CARTESIAN_POINT('Ctrl Pts',(24.7366670285561,17.8316893535607,-3.));
#6694=CARTESIAN_POINT('Ctrl Pts',(24.5906230342565,17.7698124125003,-3.));
#6695=CARTESIAN_POINT('Ctrl Pts',(24.4838943559092,17.6529669450359,-3.));
#6696=CARTESIAN_POINT('Ctrl Pts',(24.4345165416598,17.5989086180925,-3.));
#6697=CARTESIAN_POINT('',(24.8151440545917,17.8649390488863,-2.8));
#6698=CARTESIAN_POINT('',(24.8151440545917,17.8649390488863,-3.));
#6699=CARTESIAN_POINT('Ctrl Pts',(24.8151440545917,17.8649390488863,-2.8));
#6700=CARTESIAN_POINT('Ctrl Pts',(24.7366670285561,17.8316893535607,-2.8));
#6701=CARTESIAN_POINT('Ctrl Pts',(24.5906230342565,17.7698124125003,-2.8));
#6702=CARTESIAN_POINT('Ctrl Pts',(24.4838943559092,17.6529669450359,-2.8));
#6703=CARTESIAN_POINT('Ctrl Pts',(24.4345165416598,17.5989086180925,-2.8));
#6704=CARTESIAN_POINT('Ctrl Pts',(25.4140527173877,17.9631651192904,-3.));
#6705=CARTESIAN_POINT('Ctrl Pts',(25.4140527173877,17.9631651192904,-2.8));
#6706=CARTESIAN_POINT('Ctrl Pts',(25.3064449662986,17.9600342225952,-3.));
#6707=CARTESIAN_POINT('Ctrl Pts',(25.3064449662986,17.9600342225952,-2.8));
#6708=CARTESIAN_POINT('Ctrl Pts',(25.1022770832406,17.9540938647319,-3.));
#6709=CARTESIAN_POINT('Ctrl Pts',(25.1022770832406,17.9540938647319,-2.8));
#6710=CARTESIAN_POINT('Ctrl Pts',(24.907339000701,17.8935655830086,-3.));
#6711=CARTESIAN_POINT('Ctrl Pts',(24.907339000701,17.8935655830086,-2.8));
#6712=CARTESIAN_POINT('Ctrl Pts',(24.8151440545917,17.8649390488863,-3.));
#6713=CARTESIAN_POINT('Ctrl Pts',(24.8151440545917,17.8649390488863,-2.8));
#6714=CARTESIAN_POINT('',(25.4140527173877,17.9631651192904,-3.));
#6715=CARTESIAN_POINT('Ctrl Pts',(25.4140527173877,17.9631651192904,-3.));
#6716=CARTESIAN_POINT('Ctrl Pts',(25.3064449662986,17.9600342225952,-3.));
#6717=CARTESIAN_POINT('Ctrl Pts',(25.1022770832406,17.9540938647319,-3.));
#6718=CARTESIAN_POINT('Ctrl Pts',(24.907339000701,17.8935655830086,-3.));
#6719=CARTESIAN_POINT('Ctrl Pts',(24.8151440545917,17.8649390488863,-3.));
#6720=CARTESIAN_POINT('',(25.4140527173877,17.9631651192904,-2.8));
#6721=CARTESIAN_POINT('',(25.4140527173877,17.9631651192904,-3.));
#6722=CARTESIAN_POINT('Ctrl Pts',(25.4140527173877,17.9631651192904,-2.8));
#6723=CARTESIAN_POINT('Ctrl Pts',(25.3064449662986,17.9600342225952,-2.8));
#6724=CARTESIAN_POINT('Ctrl Pts',(25.1022770832406,17.9540938647319,-2.8));
#6725=CARTESIAN_POINT('Ctrl Pts',(24.907339000701,17.8935655830086,-2.8));
#6726=CARTESIAN_POINT('Ctrl Pts',(24.8151440545917,17.8649390488863,-2.8));
#6727=CARTESIAN_POINT('Ctrl Pts',(25.8383364602923,17.9045022279024,-3.));
#6728=CARTESIAN_POINT('Ctrl Pts',(25.8383364602923,17.9045022279024,-2.8));
#6729=CARTESIAN_POINT('Ctrl Pts',(25.7703519140748,17.9216095718425,-3.));
#6730=CARTESIAN_POINT('Ctrl Pts',(25.7703519140748,17.9216095718425,-2.8));
#6731=CARTESIAN_POINT('Ctrl Pts',(25.6310924998804,17.9566522223868,-3.));
#6732=CARTESIAN_POINT('Ctrl Pts',(25.6310924998804,17.9566522223868,-2.8));
#6733=CARTESIAN_POINT('Ctrl Pts',(25.487529975739,17.9609602248563,-3.));
#6734=CARTESIAN_POINT('Ctrl Pts',(25.487529975739,17.9609602248563,-2.8));
#6735=CARTESIAN_POINT('Ctrl Pts',(25.4140527173877,17.9631651192904,-3.));
#6736=CARTESIAN_POINT('Ctrl Pts',(25.4140527173877,17.9631651192904,-2.8));
#6737=CARTESIAN_POINT('',(25.8383364602923,17.9045022279024,-3.));
#6738=CARTESIAN_POINT('Ctrl Pts',(25.8383364602923,17.9045022279024,-3.));
#6739=CARTESIAN_POINT('Ctrl Pts',(25.7703519140748,17.9216095718425,-3.));
#6740=CARTESIAN_POINT('Ctrl Pts',(25.6310924998804,17.9566522223868,-3.));
#6741=CARTESIAN_POINT('Ctrl Pts',(25.487529975739,17.9609602248563,-3.));
#6742=CARTESIAN_POINT('Ctrl Pts',(25.4140527173877,17.9631651192904,-3.));
#6743=CARTESIAN_POINT('',(25.8383364602923,17.9045022279024,-2.8));
#6744=CARTESIAN_POINT('',(25.8383364602923,17.9045022279024,-3.));
#6745=CARTESIAN_POINT('Ctrl Pts',(25.8383364602923,17.9045022279024,-2.8));
#6746=CARTESIAN_POINT('Ctrl Pts',(25.7703519140748,17.9216095718425,-2.8));
#6747=CARTESIAN_POINT('Ctrl Pts',(25.6310924998804,17.9566522223868,-2.8));
#6748=CARTESIAN_POINT('Ctrl Pts',(25.487529975739,17.9609602248563,-2.8));
#6749=CARTESIAN_POINT('Ctrl Pts',(25.4140527173877,17.9631651192904,-2.8));
#6750=CARTESIAN_POINT('Ctrl Pts',(26.1507512256503,17.7612549811602,-3.));
#6751=CARTESIAN_POINT('Ctrl Pts',(26.1507512256503,17.7612549811602,-2.8));
#6752=CARTESIAN_POINT('Ctrl Pts',(26.1064701572132,17.7891113121049,-3.));
#6753=CARTESIAN_POINT('Ctrl Pts',(26.1064701572132,17.7891113121049,-2.8));
#6754=CARTESIAN_POINT('Ctrl Pts',(26.0087564850805,17.8505810210533,-3.));
#6755=CARTESIAN_POINT('Ctrl Pts',(26.0087564850805,17.8505810210533,-2.8));
#6756=CARTESIAN_POINT('Ctrl Pts',(25.8985826396732,17.8854402268007,-3.));
#6757=CARTESIAN_POINT('Ctrl Pts',(25.8985826396732,17.8854402268007,-2.8));
#6758=CARTESIAN_POINT('Ctrl Pts',(25.8383364602923,17.9045022279024,-3.));
#6759=CARTESIAN_POINT('Ctrl Pts',(25.8383364602923,17.9045022279024,-2.8));
#6760=CARTESIAN_POINT('',(26.1507512256503,17.7612549811602,-3.));
#6761=CARTESIAN_POINT('Ctrl Pts',(26.1507512256503,17.7612549811602,-3.));
#6762=CARTESIAN_POINT('Ctrl Pts',(26.1064701572132,17.7891113121049,-3.));
#6763=CARTESIAN_POINT('Ctrl Pts',(26.0087564850805,17.8505810210533,-3.));
#6764=CARTESIAN_POINT('Ctrl Pts',(25.8985826396732,17.8854402268007,-3.));
#6765=CARTESIAN_POINT('Ctrl Pts',(25.8383364602923,17.9045022279024,-3.));
#6766=CARTESIAN_POINT('',(26.1507512256503,17.7612549811602,-2.8));
#6767=CARTESIAN_POINT('',(26.1507512256503,17.7612549811602,-3.));
#6768=CARTESIAN_POINT('Ctrl Pts',(26.1507512256503,17.7612549811602,-2.8));
#6769=CARTESIAN_POINT('Ctrl Pts',(26.1064701572132,17.7891113121049,-2.8));
#6770=CARTESIAN_POINT('Ctrl Pts',(26.0087564850805,17.8505810210533,-2.8));
#6771=CARTESIAN_POINT('Ctrl Pts',(25.8985826396732,17.8854402268007,-2.8));
#6772=CARTESIAN_POINT('Ctrl Pts',(25.8383364602923,17.9045022279024,-2.8));
#6773=CARTESIAN_POINT('Ctrl Pts',(26.3922245427966,17.4870396405458,-3.));
#6774=CARTESIAN_POINT('Ctrl Pts',(26.3922245427966,17.4870396405458,-2.8));
#6775=CARTESIAN_POINT('Ctrl Pts',(26.3599804862719,17.5397437467113,-3.));
#6776=CARTESIAN_POINT('Ctrl Pts',(26.3599804862719,17.5397437467113,-2.8));
#6777=CARTESIAN_POINT('Ctrl Pts',(26.2954576558368,17.6452087058969,-3.));
#6778=CARTESIAN_POINT('Ctrl Pts',(26.2954576558368,17.6452087058969,-2.8));
#6779=CARTESIAN_POINT('Ctrl Pts',(26.1990040017789,17.7225590162772,-3.));
#6780=CARTESIAN_POINT('Ctrl Pts',(26.1990040017789,17.7225590162772,-2.8));
#6781=CARTESIAN_POINT('Ctrl Pts',(26.1507512256503,17.7612549811602,-3.));
#6782=CARTESIAN_POINT('Ctrl Pts',(26.1507512256503,17.7612549811602,-2.8));
#6783=CARTESIAN_POINT('',(26.3922245427966,17.4870396405458,-3.));
#6784=CARTESIAN_POINT('Ctrl Pts',(26.3922245427966,17.4870396405458,-3.));
#6785=CARTESIAN_POINT('Ctrl Pts',(26.3599804862719,17.5397437467113,-3.));
#6786=CARTESIAN_POINT('Ctrl Pts',(26.2954576558368,17.6452087058969,-3.));
#6787=CARTESIAN_POINT('Ctrl Pts',(26.1990040017789,17.7225590162772,-3.));
#6788=CARTESIAN_POINT('Ctrl Pts',(26.1507512256503,17.7612549811602,-3.));
#6789=CARTESIAN_POINT('',(26.3922245427966,17.4870396405458,-2.8));
#6790=CARTESIAN_POINT('',(26.3922245427966,17.4870396405458,-3.));
#6791=CARTESIAN_POINT('Ctrl Pts',(26.3922245427966,17.4870396405458,-2.8));
#6792=CARTESIAN_POINT('Ctrl Pts',(26.3599804862719,17.5397437467113,-2.8));
#6793=CARTESIAN_POINT('Ctrl Pts',(26.2954576558368,17.6452087058969,-2.8));
#6794=CARTESIAN_POINT('Ctrl Pts',(26.1990040017789,17.7225590162772,-2.8));
#6795=CARTESIAN_POINT('Ctrl Pts',(26.1507512256503,17.7612549811602,-2.8));
#6796=CARTESIAN_POINT('Ctrl Pts',(26.4809013530612,17.1282399445772,-3.));
#6797=CARTESIAN_POINT('Ctrl Pts',(26.4809013530612,17.1282399445772,-2.8));
#6798=CARTESIAN_POINT('Ctrl Pts',(26.4773367896669,17.1913773007349,-3.));
#6799=CARTESIAN_POINT('Ctrl Pts',(26.4773367896669,17.1913773007349,-2.8));
#6800=CARTESIAN_POINT('Ctrl Pts',(26.4702691996211,17.3165620430282,-3.));
#6801=CARTESIAN_POINT('Ctrl Pts',(26.4702691996211,17.3165620430282,-2.8));
#6802=CARTESIAN_POINT('Ctrl Pts',(26.4180879830002,17.4305445859342,-3.));
#6803=CARTESIAN_POINT('Ctrl Pts',(26.4180879830002,17.4305445859342,-2.8));
#6804=CARTESIAN_POINT('Ctrl Pts',(26.3922245427966,17.4870396405458,-3.));
#6805=CARTESIAN_POINT('Ctrl Pts',(26.3922245427966,17.4870396405458,-2.8));
#6806=CARTESIAN_POINT('',(26.4809013530612,17.1282399445772,-3.));
#6807=CARTESIAN_POINT('Ctrl Pts',(26.4809013530612,17.1282399445772,-3.));
#6808=CARTESIAN_POINT('Ctrl Pts',(26.4773367896669,17.1913773007349,-3.));
#6809=CARTESIAN_POINT('Ctrl Pts',(26.4702691996211,17.3165620430282,-3.));
#6810=CARTESIAN_POINT('Ctrl Pts',(26.4180879830002,17.4305445859342,-3.));
#6811=CARTESIAN_POINT('Ctrl Pts',(26.3922245427966,17.4870396405458,-3.));
#6812=CARTESIAN_POINT('',(26.4809013530612,17.1282399445772,-2.8));
#6813=CARTESIAN_POINT('',(26.4809013530612,17.1282399445772,-3.));
#6814=CARTESIAN_POINT('Ctrl Pts',(26.4809013530612,17.1282399445772,-2.8));
#6815=CARTESIAN_POINT('Ctrl Pts',(26.4773367896669,17.1913773007349,-2.8));
#6816=CARTESIAN_POINT('Ctrl Pts',(26.4702691996211,17.3165620430282,-2.8));
#6817=CARTESIAN_POINT('Ctrl Pts',(26.4180879830002,17.4305445859342,-2.8));
#6818=CARTESIAN_POINT('Ctrl Pts',(26.3922245427966,17.4870396405458,-2.8));
#6819=CARTESIAN_POINT('Ctrl Pts',(26.373125128448,16.7394269257784,-3.));
#6820=CARTESIAN_POINT('Ctrl Pts',(26.373125128448,16.7394269257784,-2.8));
#6821=CARTESIAN_POINT('Ctrl Pts',(26.404559157963,16.7999094922286,-3.));
#6822=CARTESIAN_POINT('Ctrl Pts',(26.404559157963,16.7999094922286,-2.8));
#6823=CARTESIAN_POINT('Ctrl Pts',(26.4679436985053,16.9218683929616,-3.));
#6824=CARTESIAN_POINT('Ctrl Pts',(26.4679436985053,16.9218683929616,-2.8));
#6825=CARTESIAN_POINT('Ctrl Pts',(26.476558735336,17.0590767519523,-3.));
#6826=CARTESIAN_POINT('Ctrl Pts',(26.476558735336,17.0590767519523,-2.8));
#6827=CARTESIAN_POINT('Ctrl Pts',(26.4809013530612,17.1282399445772,-3.));
#6828=CARTESIAN_POINT('Ctrl Pts',(26.4809013530612,17.1282399445772,-2.8));
#6829=CARTESIAN_POINT('',(26.373125128448,16.7394269257784,-3.));
#6830=CARTESIAN_POINT('Ctrl Pts',(26.373125128448,16.7394269257784,-3.));
#6831=CARTESIAN_POINT('Ctrl Pts',(26.404559157963,16.7999094922286,-3.));
#6832=CARTESIAN_POINT('Ctrl Pts',(26.4679436985053,16.9218683929616,-3.));
#6833=CARTESIAN_POINT('Ctrl Pts',(26.476558735336,17.0590767519523,-3.));
#6834=CARTESIAN_POINT('Ctrl Pts',(26.4809013530612,17.1282399445772,-3.));
#6835=CARTESIAN_POINT('',(26.373125128448,16.7394269257784,-2.8));
#6836=CARTESIAN_POINT('',(26.373125128448,16.7394269257784,-3.));
#6837=CARTESIAN_POINT('Ctrl Pts',(26.373125128448,16.7394269257784,-2.8));
#6838=CARTESIAN_POINT('Ctrl Pts',(26.404559157963,16.7999094922286,-2.8));
#6839=CARTESIAN_POINT('Ctrl Pts',(26.4679436985053,16.9218683929616,-2.8));
#6840=CARTESIAN_POINT('Ctrl Pts',(26.476558735336,17.0590767519523,-2.8));
#6841=CARTESIAN_POINT('Ctrl Pts',(26.4809013530612,17.1282399445772,-2.8));
#6842=CARTESIAN_POINT('Ctrl Pts',(26.0566176101565,16.4638472348452,-3.));
#6843=CARTESIAN_POINT('Ctrl Pts',(26.0566176101565,16.4638472348452,-2.8));
#6844=CARTESIAN_POINT('Ctrl Pts',(26.1214022878725,16.4992897024079,-3.));
#6845=CARTESIAN_POINT('Ctrl Pts',(26.1214022878725,16.4992897024079,-2.8));
#6846=CARTESIAN_POINT('Ctrl Pts',(26.2471635209103,16.5680912860497,-3.));
#6847=CARTESIAN_POINT('Ctrl Pts',(26.2471635209103,16.5680912860497,-2.8));
#6848=CARTESIAN_POINT('Ctrl Pts',(26.3319941661617,16.6834797219141,-3.));
#6849=CARTESIAN_POINT('Ctrl Pts',(26.3319941661617,16.6834797219141,-2.8));
#6850=CARTESIAN_POINT('Ctrl Pts',(26.373125128448,16.7394269257784,-3.));
#6851=CARTESIAN_POINT('Ctrl Pts',(26.373125128448,16.7394269257784,-2.8));
#6852=CARTESIAN_POINT('',(26.0566176101565,16.4638472348452,-3.));
#6853=CARTESIAN_POINT('Ctrl Pts',(26.0566176101565,16.4638472348452,-3.));
#6854=CARTESIAN_POINT('Ctrl Pts',(26.1214022878725,16.4992897024079,-3.));
#6855=CARTESIAN_POINT('Ctrl Pts',(26.2471635209103,16.5680912860497,-3.));
#6856=CARTESIAN_POINT('Ctrl Pts',(26.3319941661617,16.6834797219141,-3.));
#6857=CARTESIAN_POINT('Ctrl Pts',(26.373125128448,16.7394269257784,-3.));
#6858=CARTESIAN_POINT('',(26.0566176101565,16.4638472348452,-2.8));
#6859=CARTESIAN_POINT('',(26.0566176101565,16.4638472348452,-3.));
#6860=CARTESIAN_POINT('Ctrl Pts',(26.0566176101565,16.4638472348452,-2.8));
#6861=CARTESIAN_POINT('Ctrl Pts',(26.1214022878725,16.4992897024079,-2.8));
#6862=CARTESIAN_POINT('Ctrl Pts',(26.2471635209103,16.5680912860497,-2.8));
#6863=CARTESIAN_POINT('Ctrl Pts',(26.3319941661617,16.6834797219141,-2.8));
#6864=CARTESIAN_POINT('Ctrl Pts',(26.373125128448,16.7394269257784,-2.8));
#6865=CARTESIAN_POINT('Ctrl Pts',(25.3076405450702,16.227830722928,-3.));
#6866=CARTESIAN_POINT('Ctrl Pts',(25.3076405450702,16.227830722928,-2.8));
#6867=CARTESIAN_POINT('Ctrl Pts',(25.4613633426445,16.2663372499567,-3.));
#6868=CARTESIAN_POINT('Ctrl Pts',(25.4613633426445,16.2663372499567,-2.8));
#6869=CARTESIAN_POINT('Ctrl Pts',(25.7158707412874,16.3300896417912,-3.));
#6870=CARTESIAN_POINT('Ctrl Pts',(25.7158707412874,16.3300896417912,-2.8));
#6871=CARTESIAN_POINT('Ctrl Pts',(25.9599589821203,16.4259046251979,-3.));
#6872=CARTESIAN_POINT('Ctrl Pts',(25.9599589821203,16.4259046251979,-2.8));
#6873=CARTESIAN_POINT('Ctrl Pts',(26.0566176101565,16.4638472348452,-3.));
#6874=CARTESIAN_POINT('Ctrl Pts',(26.0566176101565,16.4638472348452,-2.8));
#6875=CARTESIAN_POINT('',(25.3076405450702,16.227830722928,-3.));
#6876=CARTESIAN_POINT('Ctrl Pts',(25.3076405450702,16.227830722928,-3.));
#6877=CARTESIAN_POINT('Ctrl Pts',(25.4613633426445,16.2663372499567,-3.));
#6878=CARTESIAN_POINT('Ctrl Pts',(25.7158707412874,16.3300896417912,-3.));
#6879=CARTESIAN_POINT('Ctrl Pts',(25.9599589821203,16.4259046251979,-3.));
#6880=CARTESIAN_POINT('Ctrl Pts',(26.0566176101565,16.4638472348452,-3.));
#6881=CARTESIAN_POINT('',(25.3076405450702,16.227830722928,-2.8));
#6882=CARTESIAN_POINT('',(25.3076405450702,16.227830722928,-3.));
#6883=CARTESIAN_POINT('Ctrl Pts',(25.3076405450702,16.227830722928,-2.8));
#6884=CARTESIAN_POINT('Ctrl Pts',(25.4613633426445,16.2663372499567,-2.8));
#6885=CARTESIAN_POINT('Ctrl Pts',(25.7158707412874,16.3300896417912,-2.8));
#6886=CARTESIAN_POINT('Ctrl Pts',(25.9599589821203,16.4259046251979,-2.8));
#6887=CARTESIAN_POINT('Ctrl Pts',(26.0566176101565,16.4638472348452,-2.8));
#6888=CARTESIAN_POINT('Ctrl Pts',(24.8055941984057,16.0613919049501,-3.));
#6889=CARTESIAN_POINT('Ctrl Pts',(24.8055941984057,16.0613919049501,-2.8));
#6890=CARTESIAN_POINT('Ctrl Pts',(24.8637843671082,16.0875235694922,-3.));
#6891=CARTESIAN_POINT('Ctrl Pts',(24.8637843671082,16.0875235694922,-2.8));
#6892=CARTESIAN_POINT('Ctrl Pts',(25.0251695215551,16.1599973706879,-3.));
#6893=CARTESIAN_POINT('Ctrl Pts',(25.0251695215551,16.1599973706879,-2.8));
#6894=CARTESIAN_POINT('Ctrl Pts',(25.1974675244354,16.2013734770729,-3.));
#6895=CARTESIAN_POINT('Ctrl Pts',(25.1974675244354,16.2013734770729,-2.8));
#6896=CARTESIAN_POINT('Ctrl Pts',(25.3076405450702,16.227830722928,-3.));
#6897=CARTESIAN_POINT('Ctrl Pts',(25.3076405450702,16.227830722928,-2.8));
#6898=CARTESIAN_POINT('',(24.8055941984057,16.0613919049501,-3.));
#6899=CARTESIAN_POINT('Ctrl Pts',(24.8055941984057,16.0613919049501,-3.));
#6900=CARTESIAN_POINT('Ctrl Pts',(24.8637843671082,16.0875235694922,-3.));
#6901=CARTESIAN_POINT('Ctrl Pts',(25.0251695215551,16.1599973706879,-3.));
#6902=CARTESIAN_POINT('Ctrl Pts',(25.1974675244354,16.2013734770729,-3.));
#6903=CARTESIAN_POINT('Ctrl Pts',(25.3076405450702,16.227830722928,-3.));
#6904=CARTESIAN_POINT('',(24.8055941984057,16.0613919049501,-2.8));
#6905=CARTESIAN_POINT('',(24.8055941984057,16.0613919049501,-3.));
#6906=CARTESIAN_POINT('Ctrl Pts',(24.8055941984057,16.0613919049501,-2.8));
#6907=CARTESIAN_POINT('Ctrl Pts',(24.8637843671082,16.0875235694922,-2.8));
#6908=CARTESIAN_POINT('Ctrl Pts',(25.0251695215551,16.1599973706879,-2.8));
#6909=CARTESIAN_POINT('Ctrl Pts',(25.1974675244354,16.2013734770729,-2.8));
#6910=CARTESIAN_POINT('Ctrl Pts',(25.3076405450702,16.227830722928,-2.8));
#6911=CARTESIAN_POINT('Ctrl Pts',(24.660983197391,15.7994545251131,-3.));
#6912=CARTESIAN_POINT('Ctrl Pts',(24.660983197391,15.7994545251131,-2.8));
#6913=CARTESIAN_POINT('Ctrl Pts',(24.6672958454945,15.852166120126,-3.));
#6914=CARTESIAN_POINT('Ctrl Pts',(24.6672958454945,15.852166120126,-2.8));
#6915=CARTESIAN_POINT('Ctrl Pts',(24.6800762583244,15.958884558118,-3.));
#6916=CARTESIAN_POINT('Ctrl Pts',(24.6800762583244,15.958884558118,-2.8));
#6917=CARTESIAN_POINT('Ctrl Pts',(24.7634177116696,16.0269474283182,-3.));
#6918=CARTESIAN_POINT('Ctrl Pts',(24.7634177116696,16.0269474283182,-2.8));
#6919=CARTESIAN_POINT('Ctrl Pts',(24.8055941984057,16.0613919049501,-3.));
#6920=CARTESIAN_POINT('Ctrl Pts',(24.8055941984057,16.0613919049501,-2.8));
#6921=CARTESIAN_POINT('',(24.660983197391,15.7994545251131,-3.));
#6922=CARTESIAN_POINT('Ctrl Pts',(24.660983197391,15.7994545251131,-3.));
#6923=CARTESIAN_POINT('Ctrl Pts',(24.6672958454945,15.852166120126,-3.));
#6924=CARTESIAN_POINT('Ctrl Pts',(24.6800762583244,15.958884558118,-3.));
#6925=CARTESIAN_POINT('Ctrl Pts',(24.7634177116696,16.0269474283182,-3.));
#6926=CARTESIAN_POINT('Ctrl Pts',(24.8055941984057,16.0613919049501,-3.));
#6927=CARTESIAN_POINT('',(24.660983197391,15.7994545251131,-2.8));
#6928=CARTESIAN_POINT('',(24.660983197391,15.7994545251131,-3.));
#6929=CARTESIAN_POINT('Ctrl Pts',(24.660983197391,15.7994545251131,-2.8));
#6930=CARTESIAN_POINT('Ctrl Pts',(24.6672958454945,15.852166120126,-2.8));
#6931=CARTESIAN_POINT('Ctrl Pts',(24.6800762583244,15.958884558118,-2.8));
#6932=CARTESIAN_POINT('Ctrl Pts',(24.7634177116696,16.0269474283182,-2.8));
#6933=CARTESIAN_POINT('Ctrl Pts',(24.8055941984057,16.0613919049501,-2.8));
#6934=CARTESIAN_POINT('Ctrl Pts',(24.8246939107776,15.4761255532503,-3.));
#6935=CARTESIAN_POINT('Ctrl Pts',(24.8246939107776,15.4761255532503,-2.8));
#6936=CARTESIAN_POINT('Ctrl Pts',(24.7769688544107,15.522673663902,-3.));
#6937=CARTESIAN_POINT('Ctrl Pts',(24.7769688544107,15.522673663902,-2.8));
#6938=CARTESIAN_POINT('Ctrl Pts',(24.6852828461763,15.6120986071371,-3.));
#6939=CARTESIAN_POINT('Ctrl Pts',(24.6852828461763,15.6120986071371,-2.8));
#6940=CARTESIAN_POINT('Ctrl Pts',(24.6688583144585,15.7387355492802,-3.));
#6941=CARTESIAN_POINT('Ctrl Pts',(24.6688583144585,15.7387355492802,-2.8));
#6942=CARTESIAN_POINT('Ctrl Pts',(24.660983197391,15.7994545251131,-3.));
#6943=CARTESIAN_POINT('Ctrl Pts',(24.660983197391,15.7994545251131,-2.8));
#6944=CARTESIAN_POINT('',(24.8246939107776,15.4761255532503,-3.));
#6945=CARTESIAN_POINT('Ctrl Pts',(24.8246939107776,15.4761255532503,-3.));
#6946=CARTESIAN_POINT('Ctrl Pts',(24.7769688544107,15.522673663902,-3.));
#6947=CARTESIAN_POINT('Ctrl Pts',(24.6852828461763,15.6120986071371,-3.));
#6948=CARTESIAN_POINT('Ctrl Pts',(24.6688583144585,15.7387355492802,-3.));
#6949=CARTESIAN_POINT('Ctrl Pts',(24.660983197391,15.7994545251131,-3.));
#6950=CARTESIAN_POINT('',(24.8246939107776,15.4761255532503,-2.8));
#6951=CARTESIAN_POINT('',(24.8246939107776,15.4761255532503,-3.));
#6952=CARTESIAN_POINT('Ctrl Pts',(24.8246939107776,15.4761255532503,-2.8));
#6953=CARTESIAN_POINT('Ctrl Pts',(24.7769688544107,15.522673663902,-2.8));
#6954=CARTESIAN_POINT('Ctrl Pts',(24.6852828461763,15.6120986071371,-2.8));
#6955=CARTESIAN_POINT('Ctrl Pts',(24.6688583144585,15.7387355492802,-2.8));
#6956=CARTESIAN_POINT('Ctrl Pts',(24.660983197391,15.7994545251131,-2.8));
#6957=CARTESIAN_POINT('Ctrl Pts',(25.326740257442,15.3383351117373,-3.));
#6958=CARTESIAN_POINT('Ctrl Pts',(25.326740257442,15.3383351117373,-2.8));
#6959=CARTESIAN_POINT('Ctrl Pts',(25.2257866624382,15.3406572953883,-3.));
#6960=CARTESIAN_POINT('Ctrl Pts',(25.2257866624382,15.3406572953883,-2.8));
#6961=CARTESIAN_POINT('Ctrl Pts',(25.0459953811701,15.3447929418103,-3.));
#6962=CARTESIAN_POINT('Ctrl Pts',(25.0459953811701,15.3447929418103,-2.8));
#6963=CARTESIAN_POINT('Ctrl Pts',(24.8921530823433,15.4360915256788,-3.));
#6964=CARTESIAN_POINT('Ctrl Pts',(24.8921530823433,15.4360915256788,-2.8));
#6965=CARTESIAN_POINT('Ctrl Pts',(24.8246939107776,15.4761255532503,-3.));
#6966=CARTESIAN_POINT('Ctrl Pts',(24.8246939107776,15.4761255532503,-2.8));
#6967=CARTESIAN_POINT('',(25.326740257442,15.3383351117373,-3.));
#6968=CARTESIAN_POINT('Ctrl Pts',(25.326740257442,15.3383351117373,-3.));
#6969=CARTESIAN_POINT('Ctrl Pts',(25.2257866624382,15.3406572953883,-3.));
#6970=CARTESIAN_POINT('Ctrl Pts',(25.0459953811701,15.3447929418103,-3.));
#6971=CARTESIAN_POINT('Ctrl Pts',(24.8921530823433,15.4360915256788,-3.));
#6972=CARTESIAN_POINT('Ctrl Pts',(24.8246939107776,15.4761255532503,-3.));
#6973=CARTESIAN_POINT('',(25.326740257442,15.3383351117373,-2.8));
#6974=CARTESIAN_POINT('',(25.326740257442,15.3383351117373,-3.));
#6975=CARTESIAN_POINT('Ctrl Pts',(25.326740257442,15.3383351117373,-2.8));
#6976=CARTESIAN_POINT('Ctrl Pts',(25.2257866624382,15.3406572953883,-2.8));
#6977=CARTESIAN_POINT('Ctrl Pts',(25.0459953811701,15.3447929418103,-2.8));
#6978=CARTESIAN_POINT('Ctrl Pts',(24.8921530823433,15.4360915256788,-2.8));
#6979=CARTESIAN_POINT('Ctrl Pts',(24.8246939107776,15.4761255532503,-2.8));
#6980=CARTESIAN_POINT('Ctrl Pts',(25.8492506667972,15.4938615113497,-3.));
#6981=CARTESIAN_POINT('Ctrl Pts',(25.8492506667972,15.4938615113497,-2.8));
#6982=CARTESIAN_POINT('Ctrl Pts',(25.7765673294351,15.448590364762,-3.));
#6983=CARTESIAN_POINT('Ctrl Pts',(25.7765673294351,15.448590364762,-2.8));
#6984=CARTESIAN_POINT('Ctrl Pts',(25.6172949127818,15.3493868171073,-3.));
#6985=CARTESIAN_POINT('Ctrl Pts',(25.6172949127818,15.3493868171073,-2.8));
#6986=CARTESIAN_POINT('Ctrl Pts',(25.4290696603972,15.3422273722513,-3.));
#6987=CARTESIAN_POINT('Ctrl Pts',(25.4290696603972,15.3422273722513,-2.8));
#6988=CARTESIAN_POINT('Ctrl Pts',(25.326740257442,15.3383351117373,-3.));
#6989=CARTESIAN_POINT('Ctrl Pts',(25.326740257442,15.3383351117373,-2.8));
#6990=CARTESIAN_POINT('',(25.8492506667972,15.4938615113497,-3.));
#6991=CARTESIAN_POINT('Ctrl Pts',(25.8492506667972,15.4938615113497,-3.));
#6992=CARTESIAN_POINT('Ctrl Pts',(25.7765673294351,15.448590364762,-3.));
#6993=CARTESIAN_POINT('Ctrl Pts',(25.6172949127818,15.3493868171073,-3.));
#6994=CARTESIAN_POINT('Ctrl Pts',(25.4290696603972,15.3422273722513,-3.));
#6995=CARTESIAN_POINT('Ctrl Pts',(25.326740257442,15.3383351117373,-3.));
#6996=CARTESIAN_POINT('',(25.8492506667972,15.4938615113497,-2.8));
#6997=CARTESIAN_POINT('',(25.8492506667972,15.4938615113497,-3.));
#6998=CARTESIAN_POINT('Ctrl Pts',(25.8492506667972,15.4938615113497,-2.8));
#6999=CARTESIAN_POINT('Ctrl Pts',(25.7765673294351,15.448590364762,-2.8));
#7000=CARTESIAN_POINT('Ctrl Pts',(25.6172949127818,15.3493868171073,-2.8));
#7001=CARTESIAN_POINT('Ctrl Pts',(25.4290696603972,15.3422273722513,-2.8));
#7002=CARTESIAN_POINT('Ctrl Pts',(25.326740257442,15.3383351117373,-2.8));
#7003=CARTESIAN_POINT('Ctrl Pts',(26.0770816728473,15.9413374215364,-3.));
#7004=CARTESIAN_POINT('Ctrl Pts',(26.0770816728473,15.9413374215364,-2.8));
#7005=CARTESIAN_POINT('Ctrl Pts',(26.0591623736801,15.8512712346339,-3.));
#7006=CARTESIAN_POINT('Ctrl Pts',(26.0591623736801,15.8512712346339,-2.8));
#7007=CARTESIAN_POINT('Ctrl Pts',(26.0251328006844,15.6802314047245,-3.));
#7008=CARTESIAN_POINT('Ctrl Pts',(26.0251328006844,15.6802314047245,-2.8));
#7009=CARTESIAN_POINT('Ctrl Pts',(25.9057627927397,15.5537434257518,-3.));
#7010=CARTESIAN_POINT('Ctrl Pts',(25.9057627927397,15.5537434257518,-2.8));
#7011=CARTESIAN_POINT('Ctrl Pts',(25.8492506667972,15.4938615113497,-3.));
#7012=CARTESIAN_POINT('Ctrl Pts',(25.8492506667972,15.4938615113497,-2.8));
#7013=CARTESIAN_POINT('',(26.0770816728473,15.9413374215364,-3.));
#7014=CARTESIAN_POINT('Ctrl Pts',(26.0770816728473,15.9413374215364,-3.));
#7015=CARTESIAN_POINT('Ctrl Pts',(26.0591623736801,15.8512712346339,-3.));
#7016=CARTESIAN_POINT('Ctrl Pts',(26.0251328006844,15.6802314047245,-3.));
#7017=CARTESIAN_POINT('Ctrl Pts',(25.9057627927397,15.5537434257518,-3.));
#7018=CARTESIAN_POINT('Ctrl Pts',(25.8492506667972,15.4938615113497,-3.));
#7019=CARTESIAN_POINT('',(26.0770816728473,15.9413374215364,-2.8));
#7020=CARTESIAN_POINT('',(26.0770816728473,15.9413374215364,-3.));
#7021=CARTESIAN_POINT('Ctrl Pts',(26.0770816728473,15.9413374215364,-2.8));
#7022=CARTESIAN_POINT('Ctrl Pts',(26.0591623736801,15.8512712346339,-2.8));
#7023=CARTESIAN_POINT('Ctrl Pts',(26.0251328006844,15.6802314047245,-2.8));
#7024=CARTESIAN_POINT('Ctrl Pts',(25.9057627927397,15.5537434257518,-2.8));
#7025=CARTESIAN_POINT('Ctrl Pts',(25.8492506667972,15.4938615113497,-2.8));
#7026=CARTESIAN_POINT('Origin',(26.5627567097545,15.8649385720491,-3.));
#7027=CARTESIAN_POINT('',(26.5627567097545,15.8649385720491,-3.));
#7028=CARTESIAN_POINT('',(33.5701204422043,14.7626490030661,-3.));
#7029=CARTESIAN_POINT('',(26.5627567097545,15.8649385720491,-2.8));
#7030=CARTESIAN_POINT('',(26.5627567097545,15.8649385720491,-3.));
#7031=CARTESIAN_POINT('',(26.5627567097545,15.8649385720491,-2.8));
#7032=CARTESIAN_POINT('Ctrl Pts',(26.1848575994372,15.1691675931215,-3.));
#7033=CARTESIAN_POINT('Ctrl Pts',(26.1848575994372,15.1691675931215,-2.8));
#7034=CARTESIAN_POINT('Ctrl Pts',(26.2752712796211,15.2609147601087,-3.));
#7035=CARTESIAN_POINT('Ctrl Pts',(26.2752712796211,15.2609147601087,-2.8));
#7036=CARTESIAN_POINT('Ctrl Pts',(26.4674447219014,15.4559225162748,-3.));
#7037=CARTESIAN_POINT('Ctrl Pts',(26.4674447219014,15.4559225162748,-2.8));
#7038=CARTESIAN_POINT('Ctrl Pts',(26.5297596714327,15.7233370928374,-3.));
#7039=CARTESIAN_POINT('Ctrl Pts',(26.5297596714327,15.7233370928374,-2.8));
#7040=CARTESIAN_POINT('Ctrl Pts',(26.5627567097545,15.8649385720491,-3.));
#7041=CARTESIAN_POINT('Ctrl Pts',(26.5627567097545,15.8649385720491,-2.8));
#7042=CARTESIAN_POINT('Ctrl Pts',(26.1848575994372,15.1691675931215,-3.));
#7043=CARTESIAN_POINT('Ctrl Pts',(26.2752712796211,15.2609147601087,-3.));
#7044=CARTESIAN_POINT('Ctrl Pts',(26.4674447219014,15.4559225162748,-3.));
#7045=CARTESIAN_POINT('Ctrl Pts',(26.5297596714327,15.7233370928374,-3.));
#7046=CARTESIAN_POINT('Ctrl Pts',(26.5627567097545,15.8649385720491,-3.));
#7047=CARTESIAN_POINT('Ctrl Pts',(26.1848575994372,15.1691675931215,-2.8));
#7048=CARTESIAN_POINT('Ctrl Pts',(26.2752712796211,15.2609147601087,-2.8));
#7049=CARTESIAN_POINT('Ctrl Pts',(26.4674447219014,15.4559225162748,-2.8));
#7050=CARTESIAN_POINT('Ctrl Pts',(26.5297596714327,15.7233370928374,-2.8));
#7051=CARTESIAN_POINT('Ctrl Pts',(26.5627567097545,15.8649385720491,-2.8));
#7052=CARTESIAN_POINT('Origin',(19.5000015385449,17.0013643056154,-2.8));
#7053=CARTESIAN_POINT('Origin',(19.74420260638,18.1132329255342,-3.));
#7054=CARTESIAN_POINT('',(19.74420260638,18.1132329255342,-3.));
#7055=CARTESIAN_POINT('',(19.8860855028033,15.9931791573763,-3.));
#7056=CARTESIAN_POINT('',(19.9592049128579,14.9006085606415,-3.));
#7057=CARTESIAN_POINT('',(19.74420260638,18.1132329255342,-2.8));
#7058=CARTESIAN_POINT('',(19.74420260638,18.1132329255342,-3.));
#7059=CARTESIAN_POINT('',(19.8860855028033,15.9931791573763,-2.8));
#7060=CARTESIAN_POINT('',(19.74420260638,18.1132329255342,-2.8));
#7061=CARTESIAN_POINT('',(19.8860855028033,15.9931791573763,-3.));
#7062=CARTESIAN_POINT('Origin',(19.74420260638,18.9999998360872,-3.));
#7063=CARTESIAN_POINT('',(19.74420260638,18.9999998360872,-3.));
#7064=CARTESIAN_POINT('',(19.74420260638,16.0234999180436,-3.));
#7065=CARTESIAN_POINT('',(19.74420260638,18.9999998360872,-2.8));
#7066=CARTESIAN_POINT('',(19.74420260638,18.9999998360872,-3.));
#7067=CARTESIAN_POINT('',(19.74420260638,18.9999998360872,-2.8));
#7068=CARTESIAN_POINT('Origin',(20.3526611253619,18.9999998360872,-3.));
#7069=CARTESIAN_POINT('',(20.3526611253619,18.9999998360872,-3.));
#7070=CARTESIAN_POINT('',(30.416830562681,18.9999998360872,-3.));
#7071=CARTESIAN_POINT('',(20.3526611253619,18.9999998360872,-2.8));
#7072=CARTESIAN_POINT('',(20.3526611253619,18.9999998360872,-3.));
#7073=CARTESIAN_POINT('',(20.3526611253619,18.9999998360872,-2.8));
#7074=CARTESIAN_POINT('Origin',(20.3526611253619,18.1132329255342,-3.));
#7075=CARTESIAN_POINT('',(20.3526611253619,18.1132329255342,-3.));
#7076=CARTESIAN_POINT('',(20.3526611253619,15.5801164627671,-3.));
#7077=CARTESIAN_POINT('',(20.3526611253619,18.1132329255342,-2.8));
#7078=CARTESIAN_POINT('',(20.3526611253619,18.1132329255342,-3.));
#7079=CARTESIAN_POINT('',(20.3526611253619,18.1132329255342,-2.8));
#7080=CARTESIAN_POINT('Origin',(20.202593319118,15.9931791573763,-3.));
#7081=CARTESIAN_POINT('',(20.202593319118,15.9931791573763,-3.));
#7082=CARTESIAN_POINT('',(20.1493898955939,15.2415581312252,-3.));
#7083=CARTESIAN_POINT('',(20.202593319118,15.9931791573763,-2.8));
#7084=CARTESIAN_POINT('',(20.202593319118,15.9931791573763,-3.));
#7085=CARTESIAN_POINT('',(20.202593319118,15.9931791573763,-2.8));
#7086=CARTESIAN_POINT('Origin',(19.8860855028033,15.9931791573763,-3.));
#7087=CARTESIAN_POINT('',(30.1835427514017,15.9931791573763,-3.));
#7088=CARTESIAN_POINT('',(19.8860855028033,15.9931791573763,-2.8));
#7089=CARTESIAN_POINT('Origin',(19.5000015385449,17.0013643056154,-2.8));
#7090=CARTESIAN_POINT('Origin',(19.7660310193896,15.5593455582857,-3.));
#7091=CARTESIAN_POINT('',(19.7660310193896,15.5593455582857,-3.));
#7092=CARTESIAN_POINT('',(19.7660310193896,15.0000000745058,-3.));
#7093=CARTESIAN_POINT('',(19.7660310193896,14.3031727791429,-3.));
#7094=CARTESIAN_POINT('',(19.7660310193896,15.5593455582857,-2.8));
#7095=CARTESIAN_POINT('',(19.7660310193896,15.5593455582857,-3.));
#7096=CARTESIAN_POINT('',(19.7660310193896,15.0000000745058,-2.8));
#7097=CARTESIAN_POINT('',(19.7660310193896,15.5593455582857,-2.8));
#7098=CARTESIAN_POINT('',(19.7660310193896,15.0000000745058,-3.));
#7099=CARTESIAN_POINT('Origin',(20.3308327123523,15.5593455582857,-3.));
#7100=CARTESIAN_POINT('',(20.3308327123523,15.5593455582857,-3.));
#7101=CARTESIAN_POINT('',(30.4059163561761,15.5593455582857,-3.));
#7102=CARTESIAN_POINT('',(20.3308327123523,15.5593455582857,-2.8));
#7103=CARTESIAN_POINT('',(20.3308327123523,15.5593455582857,-3.));
#7104=CARTESIAN_POINT('',(20.3308327123523,15.5593455582857,-2.8));
#7105=CARTESIAN_POINT('Origin',(20.3308327123523,15.0000000745058,-3.));
#7106=CARTESIAN_POINT('',(20.3308327123523,15.0000000745058,-3.));
#7107=CARTESIAN_POINT('',(20.3308327123523,14.0235000372529,-3.));
#7108=CARTESIAN_POINT('',(20.3308327123523,15.0000000745058,-2.8));
#7109=CARTESIAN_POINT('',(20.3308327123523,15.0000000745058,-3.));
#7110=CARTESIAN_POINT('',(20.3308327123523,15.0000000745058,-2.8));
#7111=CARTESIAN_POINT('Origin',(19.7660310193896,15.0000000745058,-3.));
#7112=CARTESIAN_POINT('',(30.1235155096948,15.0000000745058,-3.));
#7113=CARTESIAN_POINT('',(19.7660310193896,15.0000000745058,-2.8));
#7114=CARTESIAN_POINT('Origin',(19.5000015385449,17.0013643056154,-2.8));
#7115=CARTESIAN_POINT('Ctrl Pts',(11.8615300580859,15.7830835133791,-3.));
#7116=CARTESIAN_POINT('Ctrl Pts',(11.8615300580859,15.7830835133791,-2.8));
#7117=CARTESIAN_POINT('Ctrl Pts',(11.8385687301621,15.8511895103361,-3.));
#7118=CARTESIAN_POINT('Ctrl Pts',(11.8385687301621,15.8511895103361,-2.8));
#7119=CARTESIAN_POINT('Ctrl Pts',(11.7849952053503,16.0100948807014,-3.));
#7120=CARTESIAN_POINT('Ctrl Pts',(11.7849952053503,16.0100948807014,-2.8));
#7121=CARTESIAN_POINT('Ctrl Pts',(11.7833452825947,16.1781742235069,-3.));
#7122=CARTESIAN_POINT('Ctrl Pts',(11.7833452825947,16.1781742235069,-2.8));
#7123=CARTESIAN_POINT('Ctrl Pts',(11.7824025079608,16.2742156535387,-3.));
#7124=CARTESIAN_POINT('Ctrl Pts',(11.7824025079608,16.2742156535387,-2.8));
#7125=CARTESIAN_POINT('',(11.8615300580859,15.7830835133791,-3.));
#7126=CARTESIAN_POINT('',(11.7824025079608,16.2742156535387,-3.));
#7127=CARTESIAN_POINT('Ctrl Pts',(11.8615300580859,15.7830835133791,-3.));
#7128=CARTESIAN_POINT('Ctrl Pts',(11.8385687301621,15.8511895103361,-3.));
#7129=CARTESIAN_POINT('Ctrl Pts',(11.7849952053503,16.0100948807014,-3.));
#7130=CARTESIAN_POINT('Ctrl Pts',(11.7833452825947,16.1781742235069,-3.));
#7131=CARTESIAN_POINT('Ctrl Pts',(11.7824025079608,16.2742156535387,-3.));
#7132=CARTESIAN_POINT('',(11.8615300580859,15.7830835133791,-2.8));
#7133=CARTESIAN_POINT('',(11.8615300580859,15.7830835133791,-3.));
#7134=CARTESIAN_POINT('',(11.7824025079608,16.2742156535387,-2.8));
#7135=CARTESIAN_POINT('Ctrl Pts',(11.8615300580859,15.7830835133791,-2.8));
#7136=CARTESIAN_POINT('Ctrl Pts',(11.8385687301621,15.8511895103361,-2.8));
#7137=CARTESIAN_POINT('Ctrl Pts',(11.7849952053503,16.0100948807014,-2.8));
#7138=CARTESIAN_POINT('Ctrl Pts',(11.7833452825947,16.1781742235069,-2.8));
#7139=CARTESIAN_POINT('Ctrl Pts',(11.7824025079608,16.2742156535387,-2.8));
#7140=CARTESIAN_POINT('',(11.7824025079608,16.2742156535387,-3.));
#7141=CARTESIAN_POINT('Ctrl Pts',(12.1862227842212,15.4433835297823,-3.));
#7142=CARTESIAN_POINT('Ctrl Pts',(12.1862227842212,15.4433835297823,-2.8));
#7143=CARTESIAN_POINT('Ctrl Pts',(12.11772145581,15.4879993625266,-3.));
#7144=CARTESIAN_POINT('Ctrl Pts',(12.11772145581,15.4879993625266,-2.8));
#7145=CARTESIAN_POINT('Ctrl Pts',(11.9828183133801,15.5758635861693,-3.));
#7146=CARTESIAN_POINT('Ctrl Pts',(11.9828183133801,15.5758635861693,-2.8));
#7147=CARTESIAN_POINT('Ctrl Pts',(11.9015378170243,15.7147306058784,-3.));
#7148=CARTESIAN_POINT('Ctrl Pts',(11.9015378170243,15.7147306058784,-2.8));
#7149=CARTESIAN_POINT('Ctrl Pts',(11.8615300580859,15.7830835133791,-3.));
#7150=CARTESIAN_POINT('Ctrl Pts',(11.8615300580859,15.7830835133791,-2.8));
#7151=CARTESIAN_POINT('',(12.1862227842212,15.4433835297823,-3.));
#7152=CARTESIAN_POINT('Ctrl Pts',(12.1862227842212,15.4433835297823,-3.));
#7153=CARTESIAN_POINT('Ctrl Pts',(12.11772145581,15.4879993625266,-3.));
#7154=CARTESIAN_POINT('Ctrl Pts',(11.9828183133801,15.5758635861693,-3.));
#7155=CARTESIAN_POINT('Ctrl Pts',(11.9015378170243,15.7147306058784,-3.));
#7156=CARTESIAN_POINT('Ctrl Pts',(11.8615300580859,15.7830835133791,-3.));
#7157=CARTESIAN_POINT('',(12.1862227842212,15.4433835297823,-2.8));
#7158=CARTESIAN_POINT('',(12.1862227842212,15.4433835297823,-3.));
#7159=CARTESIAN_POINT('Ctrl Pts',(12.1862227842212,15.4433835297823,-2.8));
#7160=CARTESIAN_POINT('Ctrl Pts',(12.11772145581,15.4879993625266,-2.8));
#7161=CARTESIAN_POINT('Ctrl Pts',(11.9828183133801,15.5758635861693,-2.8));
#7162=CARTESIAN_POINT('Ctrl Pts',(11.9015378170243,15.7147306058784,-2.8));
#7163=CARTESIAN_POINT('Ctrl Pts',(11.8615300580859,15.7830835133791,-2.8));
#7164=CARTESIAN_POINT('Ctrl Pts',(12.6909978315234,15.3192365914583,-3.));
#7165=CARTESIAN_POINT('Ctrl Pts',(12.6909978315234,15.3192365914583,-2.8));
#7166=CARTESIAN_POINT('Ctrl Pts',(12.600185425342,15.3237693196907,-3.));
#7167=CARTESIAN_POINT('Ctrl Pts',(12.600185425342,15.3237693196907,-2.8));
#7168=CARTESIAN_POINT('Ctrl Pts',(12.4237812718226,15.332574196916,-3.));
#7169=CARTESIAN_POINT('Ctrl Pts',(12.4237812718226,15.332574196916,-2.8));
#7170=CARTESIAN_POINT('Ctrl Pts',(12.2638310444353,15.4071830992017,-3.));
#7171=CARTESIAN_POINT('Ctrl Pts',(12.2638310444353,15.4071830992017,-2.8));
#7172=CARTESIAN_POINT('Ctrl Pts',(12.1862227842212,15.4433835297823,-3.));
#7173=CARTESIAN_POINT('Ctrl Pts',(12.1862227842212,15.4433835297823,-2.8));
#7174=CARTESIAN_POINT('',(12.6909978315234,15.3192365914583,-3.));
#7175=CARTESIAN_POINT('Ctrl Pts',(12.6909978315234,15.3192365914583,-3.));
#7176=CARTESIAN_POINT('Ctrl Pts',(12.600185425342,15.3237693196907,-3.));
#7177=CARTESIAN_POINT('Ctrl Pts',(12.4237812718226,15.332574196916,-3.));
#7178=CARTESIAN_POINT('Ctrl Pts',(12.2638310444353,15.4071830992017,-3.));
#7179=CARTESIAN_POINT('Ctrl Pts',(12.1862227842212,15.4433835297823,-3.));
#7180=CARTESIAN_POINT('',(12.6909978315234,15.3192365914583,-2.8));
#7181=CARTESIAN_POINT('',(12.6909978315234,15.3192365914583,-3.));
#7182=CARTESIAN_POINT('Ctrl Pts',(12.6909978315234,15.3192365914583,-2.8));
#7183=CARTESIAN_POINT('Ctrl Pts',(12.600185425342,15.3237693196907,-2.8));
#7184=CARTESIAN_POINT('Ctrl Pts',(12.4237812718226,15.332574196916,-2.8));
#7185=CARTESIAN_POINT('Ctrl Pts',(12.2638310444353,15.4071830992017,-2.8));
#7186=CARTESIAN_POINT('Ctrl Pts',(12.1862227842212,15.4433835297823,-2.8));
#7187=CARTESIAN_POINT('Ctrl Pts',(13.1261951848865,15.4502046853304,-3.));
#7188=CARTESIAN_POINT('Ctrl Pts',(13.1261951848865,15.4502046853304,-2.8));
#7189=CARTESIAN_POINT('Ctrl Pts',(13.0668648931609,15.4121054290561,-3.));
#7190=CARTESIAN_POINT('Ctrl Pts',(13.0668648931609,15.4121054290561,-2.8));
#7191=CARTESIAN_POINT('Ctrl Pts',(12.9349770829772,15.3274129838734,-3.));
#7192=CARTESIAN_POINT('Ctrl Pts',(12.9349770829772,15.3274129838734,-2.8));
#7193=CARTESIAN_POINT('Ctrl Pts',(12.7775859143051,15.3221383879803,-3.));
#7194=CARTESIAN_POINT('Ctrl Pts',(12.7775859143051,15.3221383879803,-2.8));
#7195=CARTESIAN_POINT('Ctrl Pts',(12.6909978315234,15.3192365914583,-3.));
#7196=CARTESIAN_POINT('Ctrl Pts',(12.6909978315234,15.3192365914583,-2.8));
#7197=CARTESIAN_POINT('',(13.1261951848865,15.4502046853304,-3.));
#7198=CARTESIAN_POINT('Ctrl Pts',(13.1261951848865,15.4502046853304,-3.));
#7199=CARTESIAN_POINT('Ctrl Pts',(13.0668648931609,15.4121054290561,-3.));
#7200=CARTESIAN_POINT('Ctrl Pts',(12.9349770829772,15.3274129838734,-3.));
#7201=CARTESIAN_POINT('Ctrl Pts',(12.7775859143051,15.3221383879803,-3.));
#7202=CARTESIAN_POINT('Ctrl Pts',(12.6909978315234,15.3192365914583,-3.));
#7203=CARTESIAN_POINT('',(13.1261951848865,15.4502046853304,-2.8));
#7204=CARTESIAN_POINT('',(13.1261951848865,15.4502046853304,-3.));
#7205=CARTESIAN_POINT('Ctrl Pts',(13.1261951848865,15.4502046853304,-2.8));
#7206=CARTESIAN_POINT('Ctrl Pts',(13.0668648931609,15.4121054290561,-2.8));
#7207=CARTESIAN_POINT('Ctrl Pts',(12.9349770829772,15.3274129838734,-2.8));
#7208=CARTESIAN_POINT('Ctrl Pts',(12.7775859143051,15.3221383879803,-2.8));
#7209=CARTESIAN_POINT('Ctrl Pts',(12.6909978315234,15.3192365914583,-2.8));
#7210=CARTESIAN_POINT('Ctrl Pts',(13.2748992368579,15.7776261121035,-3.));
#7211=CARTESIAN_POINT('Ctrl Pts',(13.2748992368579,15.7776261121035,-2.8));
#7212=CARTESIAN_POINT('Ctrl Pts',(13.2686419967049,15.7148164980567,-3.));
#7213=CARTESIAN_POINT('Ctrl Pts',(13.2686419967049,15.7148164980567,-2.8));
#7214=CARTESIAN_POINT('Ctrl Pts',(13.2560965545522,15.5888864777309,-3.));
#7215=CARTESIAN_POINT('Ctrl Pts',(13.2560965545522,15.5888864777309,-2.8));
#7216=CARTESIAN_POINT('Ctrl Pts',(13.1695668258648,15.4965079454554,-3.));
#7217=CARTESIAN_POINT('Ctrl Pts',(13.1695668258648,15.4965079454554,-2.8));
#7218=CARTESIAN_POINT('Ctrl Pts',(13.1261951848865,15.4502046853304,-3.));
#7219=CARTESIAN_POINT('Ctrl Pts',(13.1261951848865,15.4502046853304,-2.8));
#7220=CARTESIAN_POINT('',(13.2748992368579,15.7776261121035,-3.));
#7221=CARTESIAN_POINT('Ctrl Pts',(13.2748992368579,15.7776261121035,-3.));
#7222=CARTESIAN_POINT('Ctrl Pts',(13.2686419967049,15.7148164980567,-3.));
#7223=CARTESIAN_POINT('Ctrl Pts',(13.2560965545522,15.5888864777309,-3.));
#7224=CARTESIAN_POINT('Ctrl Pts',(13.1695668258648,15.4965079454554,-3.));
#7225=CARTESIAN_POINT('Ctrl Pts',(13.1261951848865,15.4502046853304,-3.));
#7226=CARTESIAN_POINT('',(13.2748992368579,15.7776261121035,-2.8));
#7227=CARTESIAN_POINT('',(13.2748992368579,15.7776261121035,-3.));
#7228=CARTESIAN_POINT('Ctrl Pts',(13.2748992368579,15.7776261121035,-2.8));
#7229=CARTESIAN_POINT('Ctrl Pts',(13.2686419967049,15.7148164980567,-2.8));
#7230=CARTESIAN_POINT('Ctrl Pts',(13.2560965545522,15.5888864777309,-2.8));
#7231=CARTESIAN_POINT('Ctrl Pts',(13.1695668258648,15.4965079454554,-2.8));
#7232=CARTESIAN_POINT('Ctrl Pts',(13.1261951848865,15.4502046853304,-2.8));
#7233=CARTESIAN_POINT('Ctrl Pts',(13.206686489284,16.0109139233828,-3.));
#7234=CARTESIAN_POINT('Ctrl Pts',(13.206686489284,16.0109139233828,-2.8));
#7235=CARTESIAN_POINT('Ctrl Pts',(13.2265817999517,15.974799269417,-3.));
#7236=CARTESIAN_POINT('Ctrl Pts',(13.2265817999517,15.974799269417,-2.8));
#7237=CARTESIAN_POINT('Ctrl Pts',(13.2666236856305,15.9021138577847,-3.));
#7238=CARTESIAN_POINT('Ctrl Pts',(13.2666236856305,15.9021138577847,-2.8));
#7239=CARTESIAN_POINT('Ctrl Pts',(13.2721292040036,15.8192952572783,-3.));
#7240=CARTESIAN_POINT('Ctrl Pts',(13.2721292040036,15.8192952572783,-2.8));
#7241=CARTESIAN_POINT('Ctrl Pts',(13.2748992368579,15.7776261121035,-3.));
#7242=CARTESIAN_POINT('Ctrl Pts',(13.2748992368579,15.7776261121035,-2.8));
#7243=CARTESIAN_POINT('',(13.206686489284,16.0109139233828,-3.));
#7244=CARTESIAN_POINT('Ctrl Pts',(13.206686489284,16.0109139233828,-3.));
#7245=CARTESIAN_POINT('Ctrl Pts',(13.2265817999517,15.974799269417,-3.));
#7246=CARTESIAN_POINT('Ctrl Pts',(13.2666236856305,15.9021138577847,-3.));
#7247=CARTESIAN_POINT('Ctrl Pts',(13.2721292040036,15.8192952572783,-3.));
#7248=CARTESIAN_POINT('Ctrl Pts',(13.2748992368579,15.7776261121035,-3.));
#7249=CARTESIAN_POINT('',(13.206686489284,16.0109139233828,-2.8));
#7250=CARTESIAN_POINT('',(13.206686489284,16.0109139233828,-3.));
#7251=CARTESIAN_POINT('Ctrl Pts',(13.206686489284,16.0109139233828,-2.8));
#7252=CARTESIAN_POINT('Ctrl Pts',(13.2265817999517,15.974799269417,-2.8));
#7253=CARTESIAN_POINT('Ctrl Pts',(13.2666236856305,15.9021138577847,-2.8));
#7254=CARTESIAN_POINT('Ctrl Pts',(13.2721292040036,15.8192952572783,-2.8));
#7255=CARTESIAN_POINT('Ctrl Pts',(13.2748992368579,15.7776261121035,-2.8));
#7256=CARTESIAN_POINT('Ctrl Pts',(13.0129618570209,16.170532181859,-3.));
#7257=CARTESIAN_POINT('Ctrl Pts',(13.0129618570209,16.170532181859,-2.8));
#7258=CARTESIAN_POINT('Ctrl Pts',(13.0521277704021,16.1506701352255,-3.));
#7259=CARTESIAN_POINT('Ctrl Pts',(13.0521277704021,16.1506701352255,-2.8));
#7260=CARTESIAN_POINT('Ctrl Pts',(13.1286522762473,16.1118625810927,-3.));
#7261=CARTESIAN_POINT('Ctrl Pts',(13.1286522762473,16.1118625810927,-2.8));
#7262=CARTESIAN_POINT('Ctrl Pts',(13.1810878850454,16.0440294586919,-3.));
#7263=CARTESIAN_POINT('Ctrl Pts',(13.1810878850454,16.0440294586919,-2.8));
#7264=CARTESIAN_POINT('Ctrl Pts',(13.206686489284,16.0109139233828,-3.));
#7265=CARTESIAN_POINT('Ctrl Pts',(13.206686489284,16.0109139233828,-2.8));
#7266=CARTESIAN_POINT('',(13.0129618570209,16.170532181859,-3.));
#7267=CARTESIAN_POINT('Ctrl Pts',(13.0129618570209,16.170532181859,-3.));
#7268=CARTESIAN_POINT('Ctrl Pts',(13.0521277704021,16.1506701352255,-3.));
#7269=CARTESIAN_POINT('Ctrl Pts',(13.1286522762473,16.1118625810927,-3.));
#7270=CARTESIAN_POINT('Ctrl Pts',(13.1810878850454,16.0440294586919,-3.));
#7271=CARTESIAN_POINT('Ctrl Pts',(13.206686489284,16.0109139233828,-3.));
#7272=CARTESIAN_POINT('',(13.0129618570209,16.170532181859,-2.8));
#7273=CARTESIAN_POINT('',(13.0129618570209,16.170532181859,-3.));
#7274=CARTESIAN_POINT('Ctrl Pts',(13.0129618570209,16.170532181859,-2.8));
#7275=CARTESIAN_POINT('Ctrl Pts',(13.0521277704021,16.1506701352255,-2.8));
#7276=CARTESIAN_POINT('Ctrl Pts',(13.1286522762473,16.1118625810927,-2.8));
#7277=CARTESIAN_POINT('Ctrl Pts',(13.1810878850454,16.0440294586919,-2.8));
#7278=CARTESIAN_POINT('Ctrl Pts',(13.206686489284,16.0109139233828,-2.8));
#7279=CARTESIAN_POINT('Ctrl Pts',(12.5845856592059,16.2687588483095,-3.));
#7280=CARTESIAN_POINT('Ctrl Pts',(12.5845856592059,16.2687588483095,-2.8));
#7281=CARTESIAN_POINT('Ctrl Pts',(12.6714884201529,16.2563092354736,-3.));
#7282=CARTESIAN_POINT('Ctrl Pts',(12.6714884201529,16.2563092354736,-2.8));
#7283=CARTESIAN_POINT('Ctrl Pts',(12.817147391562,16.235442259783,-3.));
#7284=CARTESIAN_POINT('Ctrl Pts',(12.817147391562,16.235442259783,-2.8));
#7285=CARTESIAN_POINT('Ctrl Pts',(12.9566777990624,16.1891896522323,-3.));
#7286=CARTESIAN_POINT('Ctrl Pts',(12.9566777990624,16.1891896522323,-2.8));
#7287=CARTESIAN_POINT('Ctrl Pts',(13.0129618570209,16.170532181859,-3.));
#7288=CARTESIAN_POINT('Ctrl Pts',(13.0129618570209,16.170532181859,-2.8));
#7289=CARTESIAN_POINT('',(12.5845856592059,16.2687588483095,-3.));
#7290=CARTESIAN_POINT('Ctrl Pts',(12.5845856592059,16.2687588483095,-3.));
#7291=CARTESIAN_POINT('Ctrl Pts',(12.6714884201529,16.2563092354736,-3.));
#7292=CARTESIAN_POINT('Ctrl Pts',(12.817147391562,16.235442259783,-3.));
#7293=CARTESIAN_POINT('Ctrl Pts',(12.9566777990624,16.1891896522323,-3.));
#7294=CARTESIAN_POINT('Ctrl Pts',(13.0129618570209,16.170532181859,-3.));
#7295=CARTESIAN_POINT('',(12.5845856592059,16.2687588483095,-2.8));
#7296=CARTESIAN_POINT('',(12.5845856592059,16.2687588483095,-3.));
#7297=CARTESIAN_POINT('Ctrl Pts',(12.5845856592059,16.2687588483095,-2.8));
#7298=CARTESIAN_POINT('Ctrl Pts',(12.6714884201529,16.2563092354736,-2.8));
#7299=CARTESIAN_POINT('Ctrl Pts',(12.817147391562,16.235442259783,-2.8));
#7300=CARTESIAN_POINT('Ctrl Pts',(12.9566777990624,16.1891896522323,-2.8));
#7301=CARTESIAN_POINT('Ctrl Pts',(13.0129618570209,16.170532181859,-2.8));
#7302=CARTESIAN_POINT('Ctrl Pts',(11.7824025079608,16.4542973786592,-3.));
#7303=CARTESIAN_POINT('Ctrl Pts',(11.7824025079608,16.4542973786592,-2.8));
#7304=CARTESIAN_POINT('Ctrl Pts',(11.8931576455493,16.4179044895968,-3.));
#7305=CARTESIAN_POINT('Ctrl Pts',(11.8931576455493,16.4179044895968,-2.8));
#7306=CARTESIAN_POINT('Ctrl Pts',(12.1547518873854,16.3319475721137,-3.));
#7307=CARTESIAN_POINT('Ctrl Pts',(12.1547518873854,16.3319475721137,-2.8));
#7308=CARTESIAN_POINT('Ctrl Pts',(12.4273827033043,16.2918688382938,-3.));
#7309=CARTESIAN_POINT('Ctrl Pts',(12.4273827033043,16.2918688382938,-2.8));
#7310=CARTESIAN_POINT('Ctrl Pts',(12.5845856592059,16.2687588483095,-3.));
#7311=CARTESIAN_POINT('Ctrl Pts',(12.5845856592059,16.2687588483095,-2.8));
#7312=CARTESIAN_POINT('',(11.7824025079608,16.4542973786592,-3.));
#7313=CARTESIAN_POINT('Ctrl Pts',(11.7824025079608,16.4542973786592,-3.));
#7314=CARTESIAN_POINT('Ctrl Pts',(11.8931576455493,16.4179044895968,-3.));
#7315=CARTESIAN_POINT('Ctrl Pts',(12.1547518873854,16.3319475721137,-3.));
#7316=CARTESIAN_POINT('Ctrl Pts',(12.4273827033043,16.2918688382938,-3.));
#7317=CARTESIAN_POINT('Ctrl Pts',(12.5845856592059,16.2687588483095,-3.));
#7318=CARTESIAN_POINT('',(11.7824025079608,16.4542973786592,-2.8));
#7319=CARTESIAN_POINT('',(11.7824025079608,16.4542973786592,-3.));
#7320=CARTESIAN_POINT('Ctrl Pts',(11.7824025079608,16.4542973786592,-2.8));
#7321=CARTESIAN_POINT('Ctrl Pts',(11.8931576455493,16.4179044895968,-2.8));
#7322=CARTESIAN_POINT('Ctrl Pts',(12.1547518873854,16.3319475721137,-2.8));
#7323=CARTESIAN_POINT('Ctrl Pts',(12.4273827033043,16.2918688382938,-2.8));
#7324=CARTESIAN_POINT('Ctrl Pts',(12.5845856592059,16.2687588483095,-2.8));
#7325=CARTESIAN_POINT('Origin',(11.7824025079608,16.2742156535387,-3.));
#7326=CARTESIAN_POINT('',(11.7824025079608,14.6606078267694,-3.));
#7327=CARTESIAN_POINT('',(11.7824025079608,16.2742156535387,-2.8));
#7328=CARTESIAN_POINT('Origin',(11.1302883550525,15.0000000745058,-3.));
#7329=CARTESIAN_POINT('',(11.1302883550525,15.0000000745058,-3.));
#7330=CARTESIAN_POINT('',(11.6432483121753,15.0000000745058,-3.));
#7331=CARTESIAN_POINT('',(25.8056441775262,15.0000000745058,-3.));
#7332=CARTESIAN_POINT('',(11.1302883550525,15.0000000745058,-2.8));
#7333=CARTESIAN_POINT('',(11.1302883550525,15.0000000745058,-3.));
#7334=CARTESIAN_POINT('',(11.6432483121753,15.0000000745058,-2.8));
#7335=CARTESIAN_POINT('',(11.1302883550525,15.0000000745058,-2.8));
#7336=CARTESIAN_POINT('',(11.6432483121753,15.0000000745058,-3.));
#7337=CARTESIAN_POINT('Ctrl Pts',(11.2544352933764,15.3478849679232,-3.));
#7338=CARTESIAN_POINT('Ctrl Pts',(11.2544352933764,15.3478849679232,-2.8));
#7339=CARTESIAN_POINT('Ctrl Pts',(11.2412851455477,15.2877901093185,-3.));
#7340=CARTESIAN_POINT('Ctrl Pts',(11.2412851455477,15.2877901093185,-2.8));
#7341=CARTESIAN_POINT('Ctrl Pts',(11.2147531208431,15.1665414135715,-3.));
#7342=CARTESIAN_POINT('Ctrl Pts',(11.2147531208431,15.1665414135715,-2.8));
#7343=CARTESIAN_POINT('Ctrl Pts',(11.1586067366539,15.0558361518089,-3.));
#7344=CARTESIAN_POINT('Ctrl Pts',(11.1586067366539,15.0558361518089,-2.8));
#7345=CARTESIAN_POINT('Ctrl Pts',(11.1302883550525,15.0000000745058,-3.));
#7346=CARTESIAN_POINT('Ctrl Pts',(11.1302883550525,15.0000000745058,-2.8));
#7347=CARTESIAN_POINT('',(11.2544352933764,15.3478849679232,-3.));
#7348=CARTESIAN_POINT('Ctrl Pts',(11.2544352933764,15.3478849679232,-3.));
#7349=CARTESIAN_POINT('Ctrl Pts',(11.2412851455477,15.2877901093185,-3.));
#7350=CARTESIAN_POINT('Ctrl Pts',(11.2147531208431,15.1665414135715,-3.));
#7351=CARTESIAN_POINT('Ctrl Pts',(11.1586067366539,15.0558361518089,-3.));
#7352=CARTESIAN_POINT('Ctrl Pts',(11.1302883550525,15.0000000745058,-3.));
#7353=CARTESIAN_POINT('',(11.2544352933764,15.3478849679232,-2.8));
#7354=CARTESIAN_POINT('',(11.2544352933764,15.3478849679232,-3.));
#7355=CARTESIAN_POINT('Ctrl Pts',(11.2544352933764,15.3478849679232,-2.8));
#7356=CARTESIAN_POINT('Ctrl Pts',(11.2412851455477,15.2877901093185,-2.8));
#7357=CARTESIAN_POINT('Ctrl Pts',(11.2147531208431,15.1665414135715,-2.8));
#7358=CARTESIAN_POINT('Ctrl Pts',(11.1586067366539,15.0558361518089,-2.8));
#7359=CARTESIAN_POINT('Ctrl Pts',(11.1302883550525,15.0000000745058,-2.8));
#7360=CARTESIAN_POINT('Ctrl Pts',(11.285813562572,16.2141884118319,-3.));
#7361=CARTESIAN_POINT('Ctrl Pts',(11.285813562572,16.2141884118319,-2.8));
#7362=CARTESIAN_POINT('Ctrl Pts',(11.2869427211668,16.0276841032631,-3.));
#7363=CARTESIAN_POINT('Ctrl Pts',(11.2869427211668,16.0276841032631,-2.8));
#7364=CARTESIAN_POINT('Ctrl Pts',(11.2886943631156,15.7383635666801,-3.));
#7365=CARTESIAN_POINT('Ctrl Pts',(11.2886943631156,15.7383635666801,-2.8));
#7366=CARTESIAN_POINT('Ctrl Pts',(11.2634178439656,15.450266433445,-3.));
#7367=CARTESIAN_POINT('Ctrl Pts',(11.2634178439656,15.450266433445,-2.8));
#7368=CARTESIAN_POINT('Ctrl Pts',(11.2544352933764,15.3478849679232,-3.));
#7369=CARTESIAN_POINT('Ctrl Pts',(11.2544352933764,15.3478849679232,-2.8));
#7370=CARTESIAN_POINT('',(11.285813562572,16.2141884118319,-3.));
#7371=CARTESIAN_POINT('Ctrl Pts',(11.285813562572,16.2141884118319,-3.));
#7372=CARTESIAN_POINT('Ctrl Pts',(11.2869427211668,16.0276841032631,-3.));
#7373=CARTESIAN_POINT('Ctrl Pts',(11.2886943631156,15.7383635666801,-3.));
#7374=CARTESIAN_POINT('Ctrl Pts',(11.2634178439656,15.450266433445,-3.));
#7375=CARTESIAN_POINT('Ctrl Pts',(11.2544352933764,15.3478849679232,-3.));
#7376=CARTESIAN_POINT('',(11.285813562572,16.2141884118319,-2.8));
#7377=CARTESIAN_POINT('',(11.285813562572,16.2141884118319,-3.));
#7378=CARTESIAN_POINT('Ctrl Pts',(11.285813562572,16.2141884118319,-2.8));
#7379=CARTESIAN_POINT('Ctrl Pts',(11.2869427211668,16.0276841032631,-2.8));
#7380=CARTESIAN_POINT('Ctrl Pts',(11.2886943631156,15.7383635666801,-2.8));
#7381=CARTESIAN_POINT('Ctrl Pts',(11.2634178439656,15.450266433445,-2.8));
#7382=CARTESIAN_POINT('Ctrl Pts',(11.2544352933764,15.3478849679232,-2.8));
#7383=CARTESIAN_POINT('Origin',(11.285813562572,16.869031265378,-3.));
#7384=CARTESIAN_POINT('',(11.285813562572,16.869031265378,-3.));
#7385=CARTESIAN_POINT('',(11.285813562572,14.958015632689,-3.));
#7386=CARTESIAN_POINT('',(11.285813562572,16.869031265378,-2.8));
#7387=CARTESIAN_POINT('',(11.285813562572,16.869031265378,-3.));
#7388=CARTESIAN_POINT('',(11.285813562572,16.869031265378,-2.8));
#7389=CARTESIAN_POINT('Ctrl Pts',(11.3103706762195,17.3219645768404,-3.));
#7390=CARTESIAN_POINT('Ctrl Pts',(11.3103706762195,17.3219645768404,-2.8));
#7391=CARTESIAN_POINT('Ctrl Pts',(11.3032896519985,17.2633611023965,-3.));
#7392=CARTESIAN_POINT('Ctrl Pts',(11.3032896519985,17.2633611023965,-2.8));
#7393=CARTESIAN_POINT('Ctrl Pts',(11.2851234345137,17.1130151314062,-3.));
#7394=CARTESIAN_POINT('Ctrl Pts',(11.2851234345137,17.1130151314062,-2.8));
#7395=CARTESIAN_POINT('Ctrl Pts',(11.2855520297875,16.9614920472328,-3.));
#7396=CARTESIAN_POINT('Ctrl Pts',(11.2855520297875,16.9614920472328,-2.8));
#7397=CARTESIAN_POINT('Ctrl Pts',(11.285813562572,16.869031265378,-3.));
#7398=CARTESIAN_POINT('Ctrl Pts',(11.285813562572,16.869031265378,-2.8));
#7399=CARTESIAN_POINT('',(11.3103706762195,17.3219645768404,-3.));
#7400=CARTESIAN_POINT('Ctrl Pts',(11.3103706762195,17.3219645768404,-3.));
#7401=CARTESIAN_POINT('Ctrl Pts',(11.3032896519985,17.2633611023965,-3.));
#7402=CARTESIAN_POINT('Ctrl Pts',(11.2851234345137,17.1130151314062,-3.));
#7403=CARTESIAN_POINT('Ctrl Pts',(11.2855520297875,16.9614920472328,-3.));
#7404=CARTESIAN_POINT('Ctrl Pts',(11.285813562572,16.869031265378,-3.));
#7405=CARTESIAN_POINT('',(11.3103706762195,17.3219645768404,-2.8));
#7406=CARTESIAN_POINT('',(11.3103706762195,17.3219645768404,-3.));
#7407=CARTESIAN_POINT('Ctrl Pts',(11.3103706762195,17.3219645768404,-2.8));
#7408=CARTESIAN_POINT('Ctrl Pts',(11.3032896519985,17.2633611023965,-2.8));
#7409=CARTESIAN_POINT('Ctrl Pts',(11.2851234345137,17.1130151314062,-2.8));
#7410=CARTESIAN_POINT('Ctrl Pts',(11.2855520297875,16.9614920472328,-2.8));
#7411=CARTESIAN_POINT('Ctrl Pts',(11.285813562572,16.869031265378,-2.8));
#7412=CARTESIAN_POINT('Ctrl Pts',(11.4631671831012,17.6562071591616,-3.));
#7413=CARTESIAN_POINT('Ctrl Pts',(11.4631671831012,17.6562071591616,-2.8));
#7414=CARTESIAN_POINT('Ctrl Pts',(11.4292081571716,17.6077072377518,-3.));
#7415=CARTESIAN_POINT('Ctrl Pts',(11.4292081571716,17.6077072377518,-2.8));
#7416=CARTESIAN_POINT('Ctrl Pts',(11.3578398568279,17.5057797865642,-3.));
#7417=CARTESIAN_POINT('Ctrl Pts',(11.3578398568279,17.5057797865642,-2.8));
#7418=CARTESIAN_POINT('Ctrl Pts',(11.3266956182633,17.3851797536575,-3.));
#7419=CARTESIAN_POINT('Ctrl Pts',(11.3266956182633,17.3851797536575,-2.8));
#7420=CARTESIAN_POINT('Ctrl Pts',(11.3103706762195,17.3219645768404,-3.));
#7421=CARTESIAN_POINT('Ctrl Pts',(11.3103706762195,17.3219645768404,-2.8));
#7422=CARTESIAN_POINT('',(11.4631671831012,17.6562071591616,-3.));
#7423=CARTESIAN_POINT('Ctrl Pts',(11.4631671831012,17.6562071591616,-3.));
#7424=CARTESIAN_POINT('Ctrl Pts',(11.4292081571716,17.6077072377518,-3.));
#7425=CARTESIAN_POINT('Ctrl Pts',(11.3578398568279,17.5057797865642,-3.));
#7426=CARTESIAN_POINT('Ctrl Pts',(11.3266956182633,17.3851797536575,-3.));
#7427=CARTESIAN_POINT('Ctrl Pts',(11.3103706762195,17.3219645768404,-3.));
#7428=CARTESIAN_POINT('',(11.4631671831012,17.6562071591616,-2.8));
#7429=CARTESIAN_POINT('',(11.4631671831012,17.6562071591616,-3.));
#7430=CARTESIAN_POINT('Ctrl Pts',(11.4631671831012,17.6562071591616,-2.8));
#7431=CARTESIAN_POINT('Ctrl Pts',(11.4292081571716,17.6077072377518,-2.8));
#7432=CARTESIAN_POINT('Ctrl Pts',(11.3578398568279,17.5057797865642,-2.8));
#7433=CARTESIAN_POINT('Ctrl Pts',(11.3266956182633,17.3851797536575,-2.8));
#7434=CARTESIAN_POINT('Ctrl Pts',(11.3103706762195,17.3219645768404,-2.8));
#7435=CARTESIAN_POINT('Ctrl Pts',(11.8042309209704,17.8758526593447,-3.));
#7436=CARTESIAN_POINT('Ctrl Pts',(11.8042309209704,17.8758526593447,-2.8));
#7437=CARTESIAN_POINT('Ctrl Pts',(11.7342489144005,17.8473885152414,-3.));
#7438=CARTESIAN_POINT('Ctrl Pts',(11.7342489144005,17.8473885152414,-2.8));
#7439=CARTESIAN_POINT('Ctrl Pts',(11.6064972628816,17.7954274241482,-3.));
#7440=CARTESIAN_POINT('Ctrl Pts',(11.6064972628816,17.7954274241482,-2.8));
#7441=CARTESIAN_POINT('Ctrl Pts',(11.5077988667788,17.6995590838791,-3.));
#7442=CARTESIAN_POINT('Ctrl Pts',(11.5077988667788,17.6995590838791,-2.8));
#7443=CARTESIAN_POINT('Ctrl Pts',(11.4631671831012,17.6562071591616,-3.));
#7444=CARTESIAN_POINT('Ctrl Pts',(11.4631671831012,17.6562071591616,-2.8));
#7445=CARTESIAN_POINT('',(11.8042309209704,17.8758526593447,-3.));
#7446=CARTESIAN_POINT('Ctrl Pts',(11.8042309209704,17.8758526593447,-3.));
#7447=CARTESIAN_POINT('Ctrl Pts',(11.7342489144005,17.8473885152414,-3.));
#7448=CARTESIAN_POINT('Ctrl Pts',(11.6064972628816,17.7954274241482,-3.));
#7449=CARTESIAN_POINT('Ctrl Pts',(11.5077988667788,17.6995590838791,-3.));
#7450=CARTESIAN_POINT('Ctrl Pts',(11.4631671831012,17.6562071591616,-3.));
#7451=CARTESIAN_POINT('',(11.8042309209704,17.8758526593447,-2.8));
#7452=CARTESIAN_POINT('',(11.8042309209704,17.8758526593447,-3.));
#7453=CARTESIAN_POINT('Ctrl Pts',(11.8042309209704,17.8758526593447,-2.8));
#7454=CARTESIAN_POINT('Ctrl Pts',(11.7342489144005,17.8473885152414,-2.8));
#7455=CARTESIAN_POINT('Ctrl Pts',(11.6064972628816,17.7954274241482,-2.8));
#7456=CARTESIAN_POINT('Ctrl Pts',(11.5077988667788,17.6995590838791,-2.8));
#7457=CARTESIAN_POINT('Ctrl Pts',(11.4631671831012,17.6562071591616,-2.8));
#7458=CARTESIAN_POINT('Ctrl Pts',(12.4072320386767,17.9631651192904,-3.));
#7459=CARTESIAN_POINT('Ctrl Pts',(12.4072320386767,17.9631651192904,-2.8));
#7460=CARTESIAN_POINT('Ctrl Pts',(12.2943079583418,17.9612634283625,-3.));
#7461=CARTESIAN_POINT('Ctrl Pts',(12.2943079583418,17.9612634283625,-2.8));
#7462=CARTESIAN_POINT('Ctrl Pts',(12.089357324063,17.9578119699959,-3.));
#7463=CARTESIAN_POINT('Ctrl Pts',(12.089357324063,17.9578119699959,-2.8));
#7464=CARTESIAN_POINT('Ctrl Pts',(11.8925851830336,17.9012500070938,-3.));
#7465=CARTESIAN_POINT('Ctrl Pts',(11.8925851830336,17.9012500070938,-2.8));
#7466=CARTESIAN_POINT('Ctrl Pts',(11.8042309209704,17.8758526593447,-3.));
#7467=CARTESIAN_POINT('Ctrl Pts',(11.8042309209704,17.8758526593447,-2.8));
#7468=CARTESIAN_POINT('',(12.4072320386767,17.9631651192904,-3.));
#7469=CARTESIAN_POINT('Ctrl Pts',(12.4072320386767,17.9631651192904,-3.));
#7470=CARTESIAN_POINT('Ctrl Pts',(12.2943079583418,17.9612634283625,-3.));
#7471=CARTESIAN_POINT('Ctrl Pts',(12.089357324063,17.9578119699959,-3.));
#7472=CARTESIAN_POINT('Ctrl Pts',(11.8925851830336,17.9012500070938,-3.));
#7473=CARTESIAN_POINT('Ctrl Pts',(11.8042309209704,17.8758526593447,-3.));
#7474=CARTESIAN_POINT('',(12.4072320386767,17.9631651192904,-2.8));
#7475=CARTESIAN_POINT('',(12.4072320386767,17.9631651192904,-3.));
#7476=CARTESIAN_POINT('Ctrl Pts',(12.4072320386767,17.9631651192904,-2.8));
#7477=CARTESIAN_POINT('Ctrl Pts',(12.2943079583418,17.9612634283625,-2.8));
#7478=CARTESIAN_POINT('Ctrl Pts',(12.089357324063,17.9578119699959,-2.8));
#7479=CARTESIAN_POINT('Ctrl Pts',(11.8925851830336,17.9012500070938,-2.8));
#7480=CARTESIAN_POINT('Ctrl Pts',(11.8042309209704,17.8758526593447,-2.8));
#7481=CARTESIAN_POINT('Ctrl Pts',(13.0648035928607,17.8608454018831,-3.));
#7482=CARTESIAN_POINT('Ctrl Pts',(13.0648035928607,17.8608454018831,-2.8));
#7483=CARTESIAN_POINT('Ctrl Pts',(12.9633921505497,17.8906645325969,-3.));
#7484=CARTESIAN_POINT('Ctrl Pts',(12.9633921505497,17.8906645325969,-2.8));
#7485=CARTESIAN_POINT('Ctrl Pts',(12.7488510977522,17.9537484169304,-3.));
#7486=CARTESIAN_POINT('Ctrl Pts',(12.7488510977522,17.9537484169304,-2.8));
#7487=CARTESIAN_POINT('Ctrl Pts',(12.5251773887445,17.9599139650388,-3.));
#7488=CARTESIAN_POINT('Ctrl Pts',(12.5251773887445,17.9599139650388,-2.8));
#7489=CARTESIAN_POINT('Ctrl Pts',(12.4072320386767,17.9631651192904,-3.));
#7490=CARTESIAN_POINT('Ctrl Pts',(12.4072320386767,17.9631651192904,-2.8));
#7491=CARTESIAN_POINT('',(13.0648035928607,17.8608454018831,-3.));
#7492=CARTESIAN_POINT('Ctrl Pts',(13.0648035928607,17.8608454018831,-3.));
#7493=CARTESIAN_POINT('Ctrl Pts',(12.9633921505497,17.8906645325969,-3.));
#7494=CARTESIAN_POINT('Ctrl Pts',(12.7488510977522,17.9537484169304,-3.));
#7495=CARTESIAN_POINT('Ctrl Pts',(12.5251773887445,17.9599139650388,-3.));
#7496=CARTESIAN_POINT('Ctrl Pts',(12.4072320386767,17.9631651192904,-3.));
#7497=CARTESIAN_POINT('',(13.0648035928607,17.8608454018831,-2.8));
#7498=CARTESIAN_POINT('',(13.0648035928607,17.8608454018831,-3.));
#7499=CARTESIAN_POINT('Ctrl Pts',(13.0648035928607,17.8608454018831,-2.8));
#7500=CARTESIAN_POINT('Ctrl Pts',(12.9633921505497,17.8906645325969,-2.8));
#7501=CARTESIAN_POINT('Ctrl Pts',(12.7488510977522,17.9537484169304,-2.8));
#7502=CARTESIAN_POINT('Ctrl Pts',(12.5251773887445,17.9599139650388,-2.8));
#7503=CARTESIAN_POINT('Ctrl Pts',(12.4072320386767,17.9631651192904,-2.8));
#7504=CARTESIAN_POINT('Ctrl Pts',(13.4986371919513,17.5688946992159,-3.));
#7505=CARTESIAN_POINT('Ctrl Pts',(13.4986371919513,17.5688946992159,-2.8));
#7506=CARTESIAN_POINT('Ctrl Pts',(13.4405551674287,17.6293285487006,-3.));
#7507=CARTESIAN_POINT('Ctrl Pts',(13.4405551674287,17.6293285487006,-2.8));
#7508=CARTESIAN_POINT('Ctrl Pts',(13.3172004880815,17.7576780369663,-3.));
#7509=CARTESIAN_POINT('Ctrl Pts',(13.3172004880815,17.7576780369663,-2.8));
#7510=CARTESIAN_POINT('Ctrl Pts',(13.1521430842069,17.8251453384276,-3.));
#7511=CARTESIAN_POINT('Ctrl Pts',(13.1521430842069,17.8251453384276,-2.8));
#7512=CARTESIAN_POINT('Ctrl Pts',(13.0648035928607,17.8608454018831,-3.));
#7513=CARTESIAN_POINT('Ctrl Pts',(13.0648035928607,17.8608454018831,-2.8));
#7514=CARTESIAN_POINT('',(13.4986371919513,17.5688946992159,-3.));
#7515=CARTESIAN_POINT('Ctrl Pts',(13.4986371919513,17.5688946992159,-3.));
#7516=CARTESIAN_POINT('Ctrl Pts',(13.4405551674287,17.6293285487006,-3.));
#7517=CARTESIAN_POINT('Ctrl Pts',(13.3172004880815,17.7576780369663,-3.));
#7518=CARTESIAN_POINT('Ctrl Pts',(13.1521430842069,17.8251453384276,-3.));
#7519=CARTESIAN_POINT('Ctrl Pts',(13.0648035928607,17.8608454018831,-3.));
#7520=CARTESIAN_POINT('',(13.4986371919513,17.5688946992159,-2.8));
#7521=CARTESIAN_POINT('',(13.4986371919513,17.5688946992159,-3.));
#7522=CARTESIAN_POINT('Ctrl Pts',(13.4986371919513,17.5688946992159,-2.8));
#7523=CARTESIAN_POINT('Ctrl Pts',(13.4405551674287,17.6293285487006,-2.8));
#7524=CARTESIAN_POINT('Ctrl Pts',(13.3172004880815,17.7576780369663,-2.8));
#7525=CARTESIAN_POINT('Ctrl Pts',(13.1521430842069,17.8251453384276,-2.8));
#7526=CARTESIAN_POINT('Ctrl Pts',(13.0648035928607,17.8608454018831,-2.8));
#7527=CARTESIAN_POINT('Ctrl Pts',(13.7141902372241,17.0709414035082,-3.));
#7528=CARTESIAN_POINT('Ctrl Pts',(13.7141902372241,17.0709414035082,-2.8));
#7529=CARTESIAN_POINT('Ctrl Pts',(13.6907673890026,17.1662368584218,-3.));
#7530=CARTESIAN_POINT('Ctrl Pts',(13.6907673890026,17.1662368584218,-2.8));
#7531=CARTESIAN_POINT('Ctrl Pts',(13.6469248177714,17.3446096050047,-3.));
#7532=CARTESIAN_POINT('Ctrl Pts',(13.6469248177714,17.3446096050047,-2.8));
#7533=CARTESIAN_POINT('Ctrl Pts',(13.545756459646,17.497626787712,-3.));
#7534=CARTESIAN_POINT('Ctrl Pts',(13.545756459646,17.497626787712,-2.8));
#7535=CARTESIAN_POINT('Ctrl Pts',(13.4986371919513,17.5688946992159,-3.));
#7536=CARTESIAN_POINT('Ctrl Pts',(13.4986371919513,17.5688946992159,-2.8));
#7537=CARTESIAN_POINT('',(13.7141902372241,17.0709414035082,-3.));
#7538=CARTESIAN_POINT('Ctrl Pts',(13.7141902372241,17.0709414035082,-3.));
#7539=CARTESIAN_POINT('Ctrl Pts',(13.6907673890026,17.1662368584218,-3.));
#7540=CARTESIAN_POINT('Ctrl Pts',(13.6469248177714,17.3446096050047,-3.));
#7541=CARTESIAN_POINT('Ctrl Pts',(13.545756459646,17.497626787712,-3.));
#7542=CARTESIAN_POINT('Ctrl Pts',(13.4986371919513,17.5688946992159,-3.));
#7543=CARTESIAN_POINT('',(13.7141902372241,17.0709414035082,-2.8));
#7544=CARTESIAN_POINT('',(13.7141902372241,17.0709414035082,-3.));
#7545=CARTESIAN_POINT('Ctrl Pts',(13.7141902372241,17.0709414035082,-2.8));
#7546=CARTESIAN_POINT('Ctrl Pts',(13.6907673890026,17.1662368584218,-2.8));
#7547=CARTESIAN_POINT('Ctrl Pts',(13.6469248177714,17.3446096050047,-2.8));
#7548=CARTESIAN_POINT('Ctrl Pts',(13.545756459646,17.497626787712,-2.8));
#7549=CARTESIAN_POINT('Ctrl Pts',(13.4986371919513,17.5688946992159,-2.8));
#7550=CARTESIAN_POINT('Origin',(13.2339723035693,17.0054567605257,-3.));
#7551=CARTESIAN_POINT('',(13.2339723035693,17.0054567605257,-3.));
#7552=CARTESIAN_POINT('',(26.3438090296436,18.79317212349,-3.));
#7553=CARTESIAN_POINT('',(13.2339723035693,17.0054567605257,-2.8));
#7554=CARTESIAN_POINT('',(13.2339723035693,17.0054567605257,-3.));
#7555=CARTESIAN_POINT('',(13.2339723035693,17.0054567605257,-2.8));
#7556=CARTESIAN_POINT('Ctrl Pts',(12.9897696897388,17.435197904706,-3.));
#7557=CARTESIAN_POINT('Ctrl Pts',(12.9897696897388,17.435197904706,-2.8));
#7558=CARTESIAN_POINT('Ctrl Pts',(13.0423523517038,17.3819594840318,-3.));
#7559=CARTESIAN_POINT('Ctrl Pts',(13.0423523517038,17.3819594840318,-2.8));
#7560=CARTESIAN_POINT('Ctrl Pts',(13.161588075969,17.2612367702967,-3.));
#7561=CARTESIAN_POINT('Ctrl Pts',(13.161588075969,17.2612367702967,-2.8));
#7562=CARTESIAN_POINT('Ctrl Pts',(13.2080179115862,17.0971703127061,-3.));
#7563=CARTESIAN_POINT('Ctrl Pts',(13.2080179115862,17.0971703127061,-2.8));
#7564=CARTESIAN_POINT('Ctrl Pts',(13.2339723035693,17.0054567605257,-3.));
#7565=CARTESIAN_POINT('Ctrl Pts',(13.2339723035693,17.0054567605257,-2.8));
#7566=CARTESIAN_POINT('',(12.9897696897388,17.435197904706,-3.));
#7567=CARTESIAN_POINT('Ctrl Pts',(12.9897696897388,17.435197904706,-3.));
#7568=CARTESIAN_POINT('Ctrl Pts',(13.0423523517038,17.3819594840318,-3.));
#7569=CARTESIAN_POINT('Ctrl Pts',(13.161588075969,17.2612367702967,-3.));
#7570=CARTESIAN_POINT('Ctrl Pts',(13.2080179115862,17.0971703127061,-3.));
#7571=CARTESIAN_POINT('Ctrl Pts',(13.2339723035693,17.0054567605257,-3.));
#7572=CARTESIAN_POINT('',(12.9897696897388,17.435197904706,-2.8));
#7573=CARTESIAN_POINT('',(12.9897696897388,17.435197904706,-3.));
#7574=CARTESIAN_POINT('Ctrl Pts',(12.9897696897388,17.435197904706,-2.8));
#7575=CARTESIAN_POINT('Ctrl Pts',(13.0423523517038,17.3819594840318,-2.8));
#7576=CARTESIAN_POINT('Ctrl Pts',(13.161588075969,17.2612367702967,-2.8));
#7577=CARTESIAN_POINT('Ctrl Pts',(13.2080179115862,17.0971703127061,-2.8));
#7578=CARTESIAN_POINT('Ctrl Pts',(13.2339723035693,17.0054567605257,-2.8));
#7579=CARTESIAN_POINT('Ctrl Pts',(12.4781734868884,17.5566167384386,-3.));
#7580=CARTESIAN_POINT('Ctrl Pts',(12.4781734868884,17.5566167384386,-2.8));
#7581=CARTESIAN_POINT('Ctrl Pts',(12.5807760598567,17.5550194751536,-3.));
#7582=CARTESIAN_POINT('Ctrl Pts',(12.5807760598567,17.5550194751536,-2.8));
#7583=CARTESIAN_POINT('Ctrl Pts',(12.7611037152923,17.5522122283667,-3.));
#7584=CARTESIAN_POINT('Ctrl Pts',(12.7611037152923,17.5522122283667,-2.8));
#7585=CARTESIAN_POINT('Ctrl Pts',(12.9208958546237,17.4704424366195,-3.));
#7586=CARTESIAN_POINT('Ctrl Pts',(12.9208958546237,17.4704424366195,-2.8));
#7587=CARTESIAN_POINT('Ctrl Pts',(12.9897696897388,17.435197904706,-3.));
#7588=CARTESIAN_POINT('Ctrl Pts',(12.9897696897388,17.435197904706,-2.8));
#7589=CARTESIAN_POINT('',(12.4781734868884,17.5566167384386,-3.));
#7590=CARTESIAN_POINT('Ctrl Pts',(12.4781734868884,17.5566167384386,-3.));
#7591=CARTESIAN_POINT('Ctrl Pts',(12.5807760598567,17.5550194751536,-3.));
#7592=CARTESIAN_POINT('Ctrl Pts',(12.7611037152923,17.5522122283667,-3.));
#7593=CARTESIAN_POINT('Ctrl Pts',(12.9208958546237,17.4704424366195,-3.));
#7594=CARTESIAN_POINT('Ctrl Pts',(12.9897696897388,17.435197904706,-3.));
#7595=CARTESIAN_POINT('',(12.4781734868884,17.5566167384386,-2.8));
#7596=CARTESIAN_POINT('',(12.4781734868884,17.5566167384386,-3.));
#7597=CARTESIAN_POINT('Ctrl Pts',(12.4781734868884,17.5566167384386,-2.8));
#7598=CARTESIAN_POINT('Ctrl Pts',(12.5807760598567,17.5550194751536,-2.8));
#7599=CARTESIAN_POINT('Ctrl Pts',(12.7611037152923,17.5522122283667,-2.8));
#7600=CARTESIAN_POINT('Ctrl Pts',(12.9208958546237,17.4704424366195,-2.8));
#7601=CARTESIAN_POINT('Ctrl Pts',(12.9897696897388,17.435197904706,-2.8));
#7602=CARTESIAN_POINT('Ctrl Pts',(11.9188291952014,17.3901773244143,-3.));
#7603=CARTESIAN_POINT('Ctrl Pts',(11.9188291952014,17.3901773244143,-2.8));
#7604=CARTESIAN_POINT('Ctrl Pts',(11.9946528133699,17.4385813609132,-3.));
#7605=CARTESIAN_POINT('Ctrl Pts',(11.9946528133699,17.4385813609132,-2.8));
#7606=CARTESIAN_POINT('Ctrl Pts',(12.1642668122693,17.5468589977733,-3.));
#7607=CARTESIAN_POINT('Ctrl Pts',(12.1642668122693,17.5468589977733,-2.8));
#7608=CARTESIAN_POINT('Ctrl Pts',(12.3664007571873,17.5531423003394,-3.));
#7609=CARTESIAN_POINT('Ctrl Pts',(12.3664007571873,17.5531423003394,-2.8));
#7610=CARTESIAN_POINT('Ctrl Pts',(12.4781734868884,17.5566167384386,-3.));
#7611=CARTESIAN_POINT('Ctrl Pts',(12.4781734868884,17.5566167384386,-2.8));
#7612=CARTESIAN_POINT('',(11.9188291952014,17.3901773244143,-3.));
#7613=CARTESIAN_POINT('Ctrl Pts',(11.9188291952014,17.3901773244143,-3.));
#7614=CARTESIAN_POINT('Ctrl Pts',(11.9946528133699,17.4385813609132,-3.));
#7615=CARTESIAN_POINT('Ctrl Pts',(12.1642668122693,17.5468589977733,-3.));
#7616=CARTESIAN_POINT('Ctrl Pts',(12.3664007571873,17.5531423003394,-3.));
#7617=CARTESIAN_POINT('Ctrl Pts',(12.4781734868884,17.5566167384386,-3.));
#7618=CARTESIAN_POINT('',(11.9188291952014,17.3901773244143,-2.8));
#7619=CARTESIAN_POINT('',(11.9188291952014,17.3901773244143,-3.));
#7620=CARTESIAN_POINT('Ctrl Pts',(11.9188291952014,17.3901773244143,-2.8));
#7621=CARTESIAN_POINT('Ctrl Pts',(11.9946528133699,17.4385813609132,-2.8));
#7622=CARTESIAN_POINT('Ctrl Pts',(12.1642668122693,17.5468589977733,-2.8));
#7623=CARTESIAN_POINT('Ctrl Pts',(12.3664007571873,17.5531423003394,-2.8));
#7624=CARTESIAN_POINT('Ctrl Pts',(12.4781734868884,17.5566167384386,-2.8));
#7625=CARTESIAN_POINT('Ctrl Pts',(11.779673807323,16.9672579318285,-3.));
#7626=CARTESIAN_POINT('Ctrl Pts',(11.779673807323,16.9672579318285,-2.8));
#7627=CARTESIAN_POINT('Ctrl Pts',(11.7816339121896,17.056005432912,-3.));
#7628=CARTESIAN_POINT('Ctrl Pts',(11.7816339121896,17.056005432912,-2.8));
#7629=CARTESIAN_POINT('Ctrl Pts',(11.7850900498064,17.2124886813913,-3.));
#7630=CARTESIAN_POINT('Ctrl Pts',(11.7850900498064,17.2124886813913,-2.8));
#7631=CARTESIAN_POINT('Ctrl Pts',(11.878427083266,17.3364982282613,-3.));
#7632=CARTESIAN_POINT('Ctrl Pts',(11.878427083266,17.3364982282613,-2.8));
#7633=CARTESIAN_POINT('Ctrl Pts',(11.9188291952014,17.3901773244143,-3.));
#7634=CARTESIAN_POINT('Ctrl Pts',(11.9188291952014,17.3901773244143,-2.8));
#7635=CARTESIAN_POINT('',(11.779673807323,16.9672579318285,-3.));
#7636=CARTESIAN_POINT('Ctrl Pts',(11.779673807323,16.9672579318285,-3.));
#7637=CARTESIAN_POINT('Ctrl Pts',(11.7816339121896,17.056005432912,-3.));
#7638=CARTESIAN_POINT('Ctrl Pts',(11.7850900498064,17.2124886813913,-3.));
#7639=CARTESIAN_POINT('Ctrl Pts',(11.878427083266,17.3364982282613,-3.));
#7640=CARTESIAN_POINT('Ctrl Pts',(11.9188291952014,17.3901773244143,-3.));
#7641=CARTESIAN_POINT('',(11.779673807323,16.9672579318285,-2.8));
#7642=CARTESIAN_POINT('',(11.779673807323,16.9672579318285,-3.));
#7643=CARTESIAN_POINT('Ctrl Pts',(11.779673807323,16.9672579318285,-2.8));
#7644=CARTESIAN_POINT('Ctrl Pts',(11.7816339121896,17.056005432912,-2.8));
#7645=CARTESIAN_POINT('Ctrl Pts',(11.7850900498064,17.2124886813913,-2.8));
#7646=CARTESIAN_POINT('Ctrl Pts',(11.878427083266,17.3364982282613,-2.8));
#7647=CARTESIAN_POINT('Ctrl Pts',(11.9188291952014,17.3901773244143,-2.8));
#7648=CARTESIAN_POINT('Ctrl Pts',(11.7824025079608,16.8390179425478,-3.));
#7649=CARTESIAN_POINT('Ctrl Pts',(11.7824025079608,16.8390179425478,-2.8));
#7650=CARTESIAN_POINT('Ctrl Pts',(11.7816327867899,16.8665285178956,-3.));
#7651=CARTESIAN_POINT('Ctrl Pts',(11.7816327867899,16.8665285178956,-2.8));
#7652=CARTESIAN_POINT('Ctrl Pts',(11.780436932649,16.9092694956621,-3.));
#7653=CARTESIAN_POINT('Ctrl Pts',(11.780436932649,16.9092694956621,-2.8));
#7654=CARTESIAN_POINT('Ctrl Pts',(11.7798742977335,16.9520230484149,-3.));
#7655=CARTESIAN_POINT('Ctrl Pts',(11.7798742977335,16.9520230484149,-2.8));
#7656=CARTESIAN_POINT('Ctrl Pts',(11.779673807323,16.9672579318285,-3.));
#7657=CARTESIAN_POINT('Ctrl Pts',(11.779673807323,16.9672579318285,-2.8));
#7658=CARTESIAN_POINT('',(11.7824025079608,16.8390179425478,-3.));
#7659=CARTESIAN_POINT('Ctrl Pts',(11.7824025079608,16.8390179425478,-3.));
#7660=CARTESIAN_POINT('Ctrl Pts',(11.7816327867899,16.8665285178956,-3.));
#7661=CARTESIAN_POINT('Ctrl Pts',(11.780436932649,16.9092694956621,-3.));
#7662=CARTESIAN_POINT('Ctrl Pts',(11.7798742977335,16.9520230484149,-3.));
#7663=CARTESIAN_POINT('Ctrl Pts',(11.779673807323,16.9672579318285,-3.));
#7664=CARTESIAN_POINT('',(11.7824025079608,16.8390179425478,-2.8));
#7665=CARTESIAN_POINT('',(11.7824025079608,16.8390179425478,-3.));
#7666=CARTESIAN_POINT('Ctrl Pts',(11.7824025079608,16.8390179425478,-2.8));
#7667=CARTESIAN_POINT('Ctrl Pts',(11.7816327867899,16.8665285178956,-2.8));
#7668=CARTESIAN_POINT('Ctrl Pts',(11.780436932649,16.9092694956621,-2.8));
#7669=CARTESIAN_POINT('Ctrl Pts',(11.7798742977335,16.9520230484149,-2.8));
#7670=CARTESIAN_POINT('Ctrl Pts',(11.779673807323,16.9672579318285,-2.8));
#7671=CARTESIAN_POINT('Ctrl Pts',(12.6582558080554,16.6698498278856,-3.));
#7672=CARTESIAN_POINT('Ctrl Pts',(12.6582558080554,16.6698498278856,-2.8));
#7673=CARTESIAN_POINT('Ctrl Pts',(12.4851304242147,16.6908089344049,-3.));
#7674=CARTESIAN_POINT('Ctrl Pts',(12.4851304242147,16.6908089344049,-2.8));
#7675=CARTESIAN_POINT('Ctrl Pts',(12.1890315351171,16.7266556024046,-3.));
#7676=CARTESIAN_POINT('Ctrl Pts',(12.1890315351171,16.7266556024046,-2.8));
#7677=CARTESIAN_POINT('Ctrl Pts',(11.9017246047685,16.8060460956487,-3.));
#7678=CARTESIAN_POINT('Ctrl Pts',(11.9017246047685,16.8060460956487,-2.8));
#7679=CARTESIAN_POINT('Ctrl Pts',(11.7824025079608,16.8390179425478,-3.));
#7680=CARTESIAN_POINT('Ctrl Pts',(11.7824025079608,16.8390179425478,-2.8));
#7681=CARTESIAN_POINT('',(12.6582558080554,16.6698498278856,-3.));
#7682=CARTESIAN_POINT('Ctrl Pts',(12.6582558080554,16.6698498278856,-3.));
#7683=CARTESIAN_POINT('Ctrl Pts',(12.4851304242147,16.6908089344049,-3.));
#7684=CARTESIAN_POINT('Ctrl Pts',(12.1890315351171,16.7266556024046,-3.));
#7685=CARTESIAN_POINT('Ctrl Pts',(11.9017246047685,16.8060460956487,-3.));
#7686=CARTESIAN_POINT('Ctrl Pts',(11.7824025079608,16.8390179425478,-3.));
#7687=CARTESIAN_POINT('',(12.6582558080554,16.6698498278856,-2.8));
#7688=CARTESIAN_POINT('',(12.6582558080554,16.6698498278856,-3.));
#7689=CARTESIAN_POINT('Ctrl Pts',(12.6582558080554,16.6698498278856,-2.8));
#7690=CARTESIAN_POINT('Ctrl Pts',(12.4851304242147,16.6908089344049,-2.8));
#7691=CARTESIAN_POINT('Ctrl Pts',(12.1890315351171,16.7266556024046,-2.8));
#7692=CARTESIAN_POINT('Ctrl Pts',(11.9017246047685,16.8060460956487,-2.8));
#7693=CARTESIAN_POINT('Ctrl Pts',(11.7824025079608,16.8390179425478,-2.8));
#7694=CARTESIAN_POINT('Ctrl Pts',(13.0948181077838,16.5961802750826,-3.));
#7695=CARTESIAN_POINT('Ctrl Pts',(13.0948181077838,16.5961802750826,-2.8));
#7696=CARTESIAN_POINT('Ctrl Pts',(13.0344754624795,16.6094887726789,-3.));
#7697=CARTESIAN_POINT('Ctrl Pts',(13.0344754624795,16.6094887726789,-2.8));
#7698=CARTESIAN_POINT('Ctrl Pts',(12.8902182308646,16.6413045310124,-3.));
#7699=CARTESIAN_POINT('Ctrl Pts',(12.8902182308646,16.6413045310124,-2.8));
#7700=CARTESIAN_POINT('Ctrl Pts',(12.7435644624134,16.6593517444676,-3.));
#7701=CARTESIAN_POINT('Ctrl Pts',(12.7435644624134,16.6593517444676,-2.8));
#7702=CARTESIAN_POINT('Ctrl Pts',(12.6582558080554,16.6698498278856,-3.));
#7703=CARTESIAN_POINT('Ctrl Pts',(12.6582558080554,16.6698498278856,-2.8));
#7704=CARTESIAN_POINT('',(13.0948181077838,16.5961802750826,-3.));
#7705=CARTESIAN_POINT('Ctrl Pts',(13.0948181077838,16.5961802750826,-3.));
#7706=CARTESIAN_POINT('Ctrl Pts',(13.0344754624795,16.6094887726789,-3.));
#7707=CARTESIAN_POINT('Ctrl Pts',(12.8902182308646,16.6413045310124,-3.));
#7708=CARTESIAN_POINT('Ctrl Pts',(12.7435644624134,16.6593517444676,-3.));
#7709=CARTESIAN_POINT('Ctrl Pts',(12.6582558080554,16.6698498278856,-3.));
#7710=CARTESIAN_POINT('',(13.0948181077838,16.5961802750826,-2.8));
#7711=CARTESIAN_POINT('',(13.0948181077838,16.5961802750826,-3.));
#7712=CARTESIAN_POINT('Ctrl Pts',(13.0948181077838,16.5961802750826,-2.8));
#7713=CARTESIAN_POINT('Ctrl Pts',(13.0344754624795,16.6094887726789,-2.8));
#7714=CARTESIAN_POINT('Ctrl Pts',(12.8902182308646,16.6413045310124,-2.8));
#7715=CARTESIAN_POINT('Ctrl Pts',(12.7435644624134,16.6593517444676,-2.8));
#7716=CARTESIAN_POINT('Ctrl Pts',(12.6582558080554,16.6698498278856,-2.8));
#7717=CARTESIAN_POINT('Ctrl Pts',(13.4481604024768,16.4351976662874,-3.));
#7718=CARTESIAN_POINT('Ctrl Pts',(13.4481604024768,16.4351976662874,-2.8));
#7719=CARTESIAN_POINT('Ctrl Pts',(13.3936285693165,16.4686694802257,-3.));
#7720=CARTESIAN_POINT('Ctrl Pts',(13.3936285693165,16.4686694802257,-2.8));
#7721=CARTESIAN_POINT('Ctrl Pts',(13.2825028044209,16.5368788308154,-3.));
#7722=CARTESIAN_POINT('Ctrl Pts',(13.2825028044209,16.5368788308154,-2.8));
#7723=CARTESIAN_POINT('Ctrl Pts',(13.1581488621472,16.5761700916869,-3.));
#7724=CARTESIAN_POINT('Ctrl Pts',(13.1581488621472,16.5761700916869,-2.8));
#7725=CARTESIAN_POINT('Ctrl Pts',(13.0948181077838,16.5961802750826,-3.));
#7726=CARTESIAN_POINT('Ctrl Pts',(13.0948181077838,16.5961802750826,-2.8));
#7727=CARTESIAN_POINT('',(13.4481604024768,16.4351976662874,-3.));
#7728=CARTESIAN_POINT('Ctrl Pts',(13.4481604024768,16.4351976662874,-3.));
#7729=CARTESIAN_POINT('Ctrl Pts',(13.3936285693165,16.4686694802257,-3.));
#7730=CARTESIAN_POINT('Ctrl Pts',(13.2825028044209,16.5368788308154,-3.));
#7731=CARTESIAN_POINT('Ctrl Pts',(13.1581488621472,16.5761700916869,-3.));
#7732=CARTESIAN_POINT('Ctrl Pts',(13.0948181077838,16.5961802750826,-3.));
#7733=CARTESIAN_POINT('',(13.4481604024768,16.4351976662874,-2.8));
#7734=CARTESIAN_POINT('',(13.4481604024768,16.4351976662874,-3.));
#7735=CARTESIAN_POINT('Ctrl Pts',(13.4481604024768,16.4351976662874,-2.8));
#7736=CARTESIAN_POINT('Ctrl Pts',(13.3936285693165,16.4686694802257,-2.8));
#7737=CARTESIAN_POINT('Ctrl Pts',(13.2825028044209,16.5368788308154,-2.8));
#7738=CARTESIAN_POINT('Ctrl Pts',(13.1581488621472,16.5761700916869,-2.8));
#7739=CARTESIAN_POINT('Ctrl Pts',(13.0948181077838,16.5961802750826,-2.8));
#7740=CARTESIAN_POINT('Ctrl Pts',(13.7019116804004,16.1527968198061,-3.));
#7741=CARTESIAN_POINT('Ctrl Pts',(13.7019116804004,16.1527968198061,-2.8));
#7742=CARTESIAN_POINT('Ctrl Pts',(13.6675292734528,16.2082834451265,-3.));
#7743=CARTESIAN_POINT('Ctrl Pts',(13.6675292734528,16.2082834451265,-2.8));
#7744=CARTESIAN_POINT('Ctrl Pts',(13.5997874949979,16.317605712337,-3.));
#7745=CARTESIAN_POINT('Ctrl Pts',(13.5997874949979,16.317605712337,-2.8));
#7746=CARTESIAN_POINT('Ctrl Pts',(13.498191332015,16.3963969832134,-3.));
#7747=CARTESIAN_POINT('Ctrl Pts',(13.498191332015,16.3963969832134,-2.8));
#7748=CARTESIAN_POINT('Ctrl Pts',(13.4481604024768,16.4351976662874,-3.));
#7749=CARTESIAN_POINT('Ctrl Pts',(13.4481604024768,16.4351976662874,-2.8));
#7750=CARTESIAN_POINT('',(13.7019116804004,16.1527968198061,-3.));
#7751=CARTESIAN_POINT('Ctrl Pts',(13.7019116804004,16.1527968198061,-3.));
#7752=CARTESIAN_POINT('Ctrl Pts',(13.6675292734528,16.2082834451265,-3.));
#7753=CARTESIAN_POINT('Ctrl Pts',(13.5997874949979,16.317605712337,-3.));
#7754=CARTESIAN_POINT('Ctrl Pts',(13.498191332015,16.3963969832134,-3.));
#7755=CARTESIAN_POINT('Ctrl Pts',(13.4481604024768,16.4351976662874,-3.));
#7756=CARTESIAN_POINT('',(13.7019116804004,16.1527968198061,-2.8));
#7757=CARTESIAN_POINT('',(13.7019116804004,16.1527968198061,-3.));
#7758=CARTESIAN_POINT('Ctrl Pts',(13.7019116804004,16.1527968198061,-2.8));
#7759=CARTESIAN_POINT('Ctrl Pts',(13.6675292734528,16.2082834451265,-2.8));
#7760=CARTESIAN_POINT('Ctrl Pts',(13.5997874949979,16.317605712337,-2.8));
#7761=CARTESIAN_POINT('Ctrl Pts',(13.498191332015,16.3963969832134,-2.8));
#7762=CARTESIAN_POINT('Ctrl Pts',(13.4481604024768,16.4351976662874,-2.8));
#7763=CARTESIAN_POINT('Ctrl Pts',(13.798773996532,15.7639838010073,-3.));
#7764=CARTESIAN_POINT('Ctrl Pts',(13.798773996532,15.7639838010073,-2.8));
#7765=CARTESIAN_POINT('Ctrl Pts',(13.7949883052805,15.8329321952928,-3.));
#7766=CARTESIAN_POINT('Ctrl Pts',(13.7949883052805,15.8329321952928,-2.8));
#7767=CARTESIAN_POINT('Ctrl Pts',(13.787529794123,15.9687732699867,-3.));
#7768=CARTESIAN_POINT('Ctrl Pts',(13.787529794123,15.9687732699867,-2.8));
#7769=CARTESIAN_POINT('Ctrl Pts',(13.7301616633178,16.092077634195,-3.));
#7770=CARTESIAN_POINT('Ctrl Pts',(13.7301616633178,16.092077634195,-2.8));
#7771=CARTESIAN_POINT('Ctrl Pts',(13.7019116804004,16.1527968198061,-3.));
#7772=CARTESIAN_POINT('Ctrl Pts',(13.7019116804004,16.1527968198061,-2.8));
#7773=CARTESIAN_POINT('',(13.798773996532,15.7639838010073,-3.));
#7774=CARTESIAN_POINT('Ctrl Pts',(13.798773996532,15.7639838010073,-3.));
#7775=CARTESIAN_POINT('Ctrl Pts',(13.7949883052805,15.8329321952928,-3.));
#7776=CARTESIAN_POINT('Ctrl Pts',(13.787529794123,15.9687732699867,-3.));
#7777=CARTESIAN_POINT('Ctrl Pts',(13.7301616633178,16.092077634195,-3.));
#7778=CARTESIAN_POINT('Ctrl Pts',(13.7019116804004,16.1527968198061,-3.));
#7779=CARTESIAN_POINT('',(13.798773996532,15.7639838010073,-2.8));
#7780=CARTESIAN_POINT('',(13.798773996532,15.7639838010073,-3.));
#7781=CARTESIAN_POINT('Ctrl Pts',(13.798773996532,15.7639838010073,-2.8));
#7782=CARTESIAN_POINT('Ctrl Pts',(13.7949883052805,15.8329321952928,-2.8));
#7783=CARTESIAN_POINT('Ctrl Pts',(13.787529794123,15.9687732699867,-2.8));
#7784=CARTESIAN_POINT('Ctrl Pts',(13.7301616633178,16.092077634195,-2.8));
#7785=CARTESIAN_POINT('Ctrl Pts',(13.7019116804004,16.1527968198061,-2.8));
#7786=CARTESIAN_POINT('Ctrl Pts',(13.5422940179706,15.1678038388491,-3.));
#7787=CARTESIAN_POINT('Ctrl Pts',(13.5422940179706,15.1678038388491,-2.8));
#7788=CARTESIAN_POINT('Ctrl Pts',(13.6170969652232,15.2517344777697,-3.));
#7789=CARTESIAN_POINT('Ctrl Pts',(13.6170969652232,15.2517344777697,-2.8));
#7790=CARTESIAN_POINT('Ctrl Pts',(13.7686732642462,15.4218065951054,-3.));
#7791=CARTESIAN_POINT('Ctrl Pts',(13.7686732642462,15.4218065951054,-2.8));
#7792=CARTESIAN_POINT('Ctrl Pts',(13.7886538404455,15.6489405289671,-3.));
#7793=CARTESIAN_POINT('Ctrl Pts',(13.7886538404455,15.6489405289671,-2.8));
#7794=CARTESIAN_POINT('Ctrl Pts',(13.798773996532,15.7639838010073,-3.));
#7795=CARTESIAN_POINT('Ctrl Pts',(13.798773996532,15.7639838010073,-2.8));
#7796=CARTESIAN_POINT('',(13.5422940179706,15.1678038388491,-3.));
#7797=CARTESIAN_POINT('Ctrl Pts',(13.5422940179706,15.1678038388491,-3.));
#7798=CARTESIAN_POINT('Ctrl Pts',(13.6170969652232,15.2517344777697,-3.));
#7799=CARTESIAN_POINT('Ctrl Pts',(13.7686732642462,15.4218065951054,-3.));
#7800=CARTESIAN_POINT('Ctrl Pts',(13.7886538404455,15.6489405289671,-3.));
#7801=CARTESIAN_POINT('Ctrl Pts',(13.798773996532,15.7639838010073,-3.));
#7802=CARTESIAN_POINT('',(13.5422940179706,15.1678038388491,-2.8));
#7803=CARTESIAN_POINT('',(13.5422940179706,15.1678038388491,-3.));
#7804=CARTESIAN_POINT('Ctrl Pts',(13.5422940179706,15.1678038388491,-2.8));
#7805=CARTESIAN_POINT('Ctrl Pts',(13.6170969652232,15.2517344777697,-2.8));
#7806=CARTESIAN_POINT('Ctrl Pts',(13.7686732642462,15.4218065951054,-2.8));
#7807=CARTESIAN_POINT('Ctrl Pts',(13.7886538404455,15.6489405289671,-2.8));
#7808=CARTESIAN_POINT('Ctrl Pts',(13.798773996532,15.7639838010073,-2.8));
#7809=CARTESIAN_POINT('Ctrl Pts',(12.8083236142993,14.9345160275698,-3.));
#7810=CARTESIAN_POINT('Ctrl Pts',(12.8083236142993,14.9345160275698,-2.8));
#7811=CARTESIAN_POINT('Ctrl Pts',(12.9536505560101,14.9403323821732,-3.));
#7812=CARTESIAN_POINT('Ctrl Pts',(12.9536505560101,14.9403323821732,-2.8));
#7813=CARTESIAN_POINT('Ctrl Pts',(13.2208577648275,14.9510266957037,-3.));
#7814=CARTESIAN_POINT('Ctrl Pts',(13.2208577648275,14.9510266957037,-2.8));
#7815=CARTESIAN_POINT('Ctrl Pts',(13.4416052556356,15.0998991702487,-3.));
#7816=CARTESIAN_POINT('Ctrl Pts',(13.4416052556356,15.0998991702487,-2.8));
#7817=CARTESIAN_POINT('Ctrl Pts',(13.5422940179706,15.1678038388491,-3.));
#7818=CARTESIAN_POINT('Ctrl Pts',(13.5422940179706,15.1678038388491,-2.8));
#7819=CARTESIAN_POINT('',(12.8083236142993,14.9345160275698,-3.));
#7820=CARTESIAN_POINT('Ctrl Pts',(12.8083236142993,14.9345160275698,-3.));
#7821=CARTESIAN_POINT('Ctrl Pts',(12.9536505560101,14.9403323821732,-3.));
#7822=CARTESIAN_POINT('Ctrl Pts',(13.2208577648275,14.9510266957037,-3.));
#7823=CARTESIAN_POINT('Ctrl Pts',(13.4416052556356,15.0998991702487,-3.));
#7824=CARTESIAN_POINT('Ctrl Pts',(13.5422940179706,15.1678038388491,-3.));
#7825=CARTESIAN_POINT('',(12.8083236142993,14.9345160275698,-2.8));
#7826=CARTESIAN_POINT('',(12.8083236142993,14.9345160275698,-3.));
#7827=CARTESIAN_POINT('Ctrl Pts',(12.8083236142993,14.9345160275698,-2.8));
#7828=CARTESIAN_POINT('Ctrl Pts',(12.9536505560101,14.9403323821732,-2.8));
#7829=CARTESIAN_POINT('Ctrl Pts',(13.2208577648275,14.9510266957037,-2.8));
#7830=CARTESIAN_POINT('Ctrl Pts',(13.4416052556356,15.0998991702487,-2.8));
#7831=CARTESIAN_POINT('Ctrl Pts',(13.5422940179706,15.1678038388491,-2.8));
#7832=CARTESIAN_POINT('Ctrl Pts',(12.2667140886188,15.030013397336,-3.));
#7833=CARTESIAN_POINT('Ctrl Pts',(12.2667140886188,15.030013397336,-2.8));
#7834=CARTESIAN_POINT('Ctrl Pts',(12.3532050837714,15.0021623152347,-3.));
#7835=CARTESIAN_POINT('Ctrl Pts',(12.3532050837714,15.0021623152347,-2.8));
#7836=CARTESIAN_POINT('Ctrl Pts',(12.5293137175751,14.9454533363388,-3.));
#7837=CARTESIAN_POINT('Ctrl Pts',(12.5293137175751,14.9454533363388,-2.8));
#7838=CARTESIAN_POINT('Ctrl Pts',(12.7142260007148,14.9382046947686,-3.));
#7839=CARTESIAN_POINT('Ctrl Pts',(12.7142260007148,14.9382046947686,-2.8));
#7840=CARTESIAN_POINT('Ctrl Pts',(12.8083236142993,14.9345160275698,-3.));
#7841=CARTESIAN_POINT('Ctrl Pts',(12.8083236142993,14.9345160275698,-2.8));
#7842=CARTESIAN_POINT('',(12.2667140886188,15.030013397336,-3.));
#7843=CARTESIAN_POINT('Ctrl Pts',(12.2667140886188,15.030013397336,-3.));
#7844=CARTESIAN_POINT('Ctrl Pts',(12.3532050837714,15.0021623152347,-3.));
#7845=CARTESIAN_POINT('Ctrl Pts',(12.5293137175751,14.9454533363388,-3.));
#7846=CARTESIAN_POINT('Ctrl Pts',(12.7142260007148,14.9382046947686,-3.));
#7847=CARTESIAN_POINT('Ctrl Pts',(12.8083236142993,14.9345160275698,-3.));
#7848=CARTESIAN_POINT('',(12.2667140886188,15.030013397336,-2.8));
#7849=CARTESIAN_POINT('',(12.2667140886188,15.030013397336,-3.));
#7850=CARTESIAN_POINT('Ctrl Pts',(12.2667140886188,15.030013397336,-2.8));
#7851=CARTESIAN_POINT('Ctrl Pts',(12.3532050837714,15.0021623152347,-2.8));
#7852=CARTESIAN_POINT('Ctrl Pts',(12.5293137175751,14.9454533363388,-2.8));
#7853=CARTESIAN_POINT('Ctrl Pts',(12.7142260007148,14.9382046947686,-2.8));
#7854=CARTESIAN_POINT('Ctrl Pts',(12.8083236142993,14.9345160275698,-2.8));
#7855=CARTESIAN_POINT('Ctrl Pts',(11.7414755746722,15.3574348241091,-3.));
#7856=CARTESIAN_POINT('Ctrl Pts',(11.7414755746722,15.3574348241091,-2.8));
#7857=CARTESIAN_POINT('Ctrl Pts',(11.828075420744,15.2871943636206,-3.));
#7858=CARTESIAN_POINT('Ctrl Pts',(11.828075420744,15.2871943636206,-2.8));
#7859=CARTESIAN_POINT('Ctrl Pts',(11.9896709278453,15.1561255067284,-3.));
#7860=CARTESIAN_POINT('Ctrl Pts',(11.9896709278453,15.1561255067284,-2.8));
#7861=CARTESIAN_POINT('Ctrl Pts',(12.1788957852557,15.0699889428411,-3.));
#7862=CARTESIAN_POINT('Ctrl Pts',(12.1788957852557,15.0699889428411,-2.8));
#7863=CARTESIAN_POINT('Ctrl Pts',(12.2667140886188,15.030013397336,-3.));
#7864=CARTESIAN_POINT('Ctrl Pts',(12.2667140886188,15.030013397336,-2.8));
#7865=CARTESIAN_POINT('',(11.7414755746722,15.3574348241091,-3.));
#7866=CARTESIAN_POINT('Ctrl Pts',(11.7414755746722,15.3574348241091,-3.));
#7867=CARTESIAN_POINT('Ctrl Pts',(11.828075420744,15.2871943636206,-3.));
#7868=CARTESIAN_POINT('Ctrl Pts',(11.9896709278453,15.1561255067284,-3.));
#7869=CARTESIAN_POINT('Ctrl Pts',(12.1788957852557,15.0699889428411,-3.));
#7870=CARTESIAN_POINT('Ctrl Pts',(12.2667140886188,15.030013397336,-3.));
#7871=CARTESIAN_POINT('',(11.7414755746722,15.3574348241091,-2.8));
#7872=CARTESIAN_POINT('',(11.7414755746722,15.3574348241091,-3.));
#7873=CARTESIAN_POINT('Ctrl Pts',(11.7414755746722,15.3574348241091,-2.8));
#7874=CARTESIAN_POINT('Ctrl Pts',(11.828075420744,15.2871943636206,-2.8));
#7875=CARTESIAN_POINT('Ctrl Pts',(11.9896709278453,15.1561255067284,-2.8));
#7876=CARTESIAN_POINT('Ctrl Pts',(12.1788957852557,15.0699889428411,-2.8));
#7877=CARTESIAN_POINT('Ctrl Pts',(12.2667140886188,15.030013397336,-2.8));
#7878=CARTESIAN_POINT('Ctrl Pts',(11.6432483121753,15.0000000745058,-3.));
#7879=CARTESIAN_POINT('Ctrl Pts',(11.6432483121753,15.0000000745058,-2.8));
#7880=CARTESIAN_POINT('Ctrl Pts',(11.66658841546,15.054575879003,-3.));
#7881=CARTESIAN_POINT('Ctrl Pts',(11.66658841546,15.054575879003,-2.8));
#7882=CARTESIAN_POINT('Ctrl Pts',(11.7155985527873,15.1691755292503,-3.));
#7883=CARTESIAN_POINT('Ctrl Pts',(11.7155985527873,15.1691755292503,-2.8));
#7884=CARTESIAN_POINT('Ctrl Pts',(11.7325807901461,15.2927239052772,-3.));
#7885=CARTESIAN_POINT('Ctrl Pts',(11.7325807901461,15.2927239052772,-2.8));
#7886=CARTESIAN_POINT('Ctrl Pts',(11.7414755746722,15.3574348241091,-3.));
#7887=CARTESIAN_POINT('Ctrl Pts',(11.7414755746722,15.3574348241091,-2.8));
#7888=CARTESIAN_POINT('Ctrl Pts',(11.6432483121753,15.0000000745058,-3.));
#7889=CARTESIAN_POINT('Ctrl Pts',(11.66658841546,15.054575879003,-3.));
#7890=CARTESIAN_POINT('Ctrl Pts',(11.7155985527873,15.1691755292503,-3.));
#7891=CARTESIAN_POINT('Ctrl Pts',(11.7325807901461,15.2927239052772,-3.));
#7892=CARTESIAN_POINT('Ctrl Pts',(11.7414755746722,15.3574348241091,-3.));
#7893=CARTESIAN_POINT('Ctrl Pts',(11.6432483121753,15.0000000745058,-2.8));
#7894=CARTESIAN_POINT('Ctrl Pts',(11.66658841546,15.054575879003,-2.8));
#7895=CARTESIAN_POINT('Ctrl Pts',(11.7155985527873,15.1691755292503,-2.8));
#7896=CARTESIAN_POINT('Ctrl Pts',(11.7325807901461,15.2927239052772,-2.8));
#7897=CARTESIAN_POINT('Ctrl Pts',(11.7414755746722,15.3574348241091,-2.8));
#7898=CARTESIAN_POINT('Origin',(19.5000015385449,17.0013643056154,-2.8));
#7899=CARTESIAN_POINT('Origin',(15.7442040368915,18.5279674082994,-3.));
#7900=CARTESIAN_POINT('',(15.7442040368915,18.5279674082994,-3.));
#7901=CARTESIAN_POINT('',(16.7673964425921,18.5279674082994,-3.));
#7902=CARTESIAN_POINT('',(28.1126020184457,18.5279674082994,-3.));
#7903=CARTESIAN_POINT('',(15.7442040368915,18.5279674082994,-2.8));
#7904=CARTESIAN_POINT('',(15.7442040368915,18.5279674082994,-3.));
#7905=CARTESIAN_POINT('',(16.7673964425921,18.5279674082994,-2.8));
#7906=CARTESIAN_POINT('',(15.7442040368915,18.5279674082994,-2.8));
#7907=CARTESIAN_POINT('',(16.7673964425921,18.5279674082994,-3.));
#7908=CARTESIAN_POINT('Ctrl Pts',(15.2503426000476,18.4924966841936,-3.));
#7909=CARTESIAN_POINT('Ctrl Pts',(15.2503426000476,18.4924966841936,-2.8));
#7910=CARTESIAN_POINT('Ctrl Pts',(15.3136663959904,18.5027201273834,-3.));
#7911=CARTESIAN_POINT('Ctrl Pts',(15.3136663959904,18.5027201273834,-2.8));
#7912=CARTESIAN_POINT('Ctrl Pts',(15.477060633876,18.5290996531791,-3.));
#7913=CARTESIAN_POINT('Ctrl Pts',(15.477060633876,18.5290996531791,-2.8));
#7914=CARTESIAN_POINT('Ctrl Pts',(15.6427363243341,18.5283974630816,-3.));
#7915=CARTESIAN_POINT('Ctrl Pts',(15.6427363243341,18.5283974630816,-2.8));
#7916=CARTESIAN_POINT('Ctrl Pts',(15.7442040368915,18.5279674082994,-3.));
#7917=CARTESIAN_POINT('Ctrl Pts',(15.7442040368915,18.5279674082994,-2.8));
#7918=CARTESIAN_POINT('',(15.2503426000476,18.4924966841936,-3.));
#7919=CARTESIAN_POINT('Ctrl Pts',(15.2503426000476,18.4924966841936,-3.));
#7920=CARTESIAN_POINT('Ctrl Pts',(15.3136663959904,18.5027201273834,-3.));
#7921=CARTESIAN_POINT('Ctrl Pts',(15.477060633876,18.5290996531791,-3.));
#7922=CARTESIAN_POINT('Ctrl Pts',(15.6427363243341,18.5283974630816,-3.));
#7923=CARTESIAN_POINT('Ctrl Pts',(15.7442040368915,18.5279674082994,-3.));
#7924=CARTESIAN_POINT('',(15.2503426000476,18.4924966841936,-2.8));
#7925=CARTESIAN_POINT('',(15.2503426000476,18.4924966841936,-3.));
#7926=CARTESIAN_POINT('Ctrl Pts',(15.2503426000476,18.4924966841936,-2.8));
#7927=CARTESIAN_POINT('Ctrl Pts',(15.3136663959904,18.5027201273834,-2.8));
#7928=CARTESIAN_POINT('Ctrl Pts',(15.477060633876,18.5290996531791,-2.8));
#7929=CARTESIAN_POINT('Ctrl Pts',(15.6427363243341,18.5283974630816,-2.8));
#7930=CARTESIAN_POINT('Ctrl Pts',(15.7442040368915,18.5279674082994,-2.8));
#7931=CARTESIAN_POINT('Ctrl Pts',(14.9161000177264,18.2564801722765,-3.));
#7932=CARTESIAN_POINT('Ctrl Pts',(14.9161000177264,18.2564801722765,-2.8));
#7933=CARTESIAN_POINT('Ctrl Pts',(14.9615685556078,18.3109444696972,-3.));
#7934=CARTESIAN_POINT('Ctrl Pts',(14.9615685556078,18.3109444696972,-2.8));
#7935=CARTESIAN_POINT('Ctrl Pts',(15.0520464994984,18.4193230953511,-3.));
#7936=CARTESIAN_POINT('Ctrl Pts',(15.0520464994984,18.4193230953511,-2.8));
#7937=CARTESIAN_POINT('Ctrl Pts',(15.1844678914031,18.4681881434199,-3.));
#7938=CARTESIAN_POINT('Ctrl Pts',(15.1844678914031,18.4681881434199,-2.8));
#7939=CARTESIAN_POINT('Ctrl Pts',(15.2503426000476,18.4924966841936,-3.));
#7940=CARTESIAN_POINT('Ctrl Pts',(15.2503426000476,18.4924966841936,-2.8));
#7941=CARTESIAN_POINT('',(14.9161000177264,18.2564801722765,-3.));
#7942=CARTESIAN_POINT('Ctrl Pts',(14.9161000177264,18.2564801722765,-3.));
#7943=CARTESIAN_POINT('Ctrl Pts',(14.9615685556078,18.3109444696972,-3.));
#7944=CARTESIAN_POINT('Ctrl Pts',(15.0520464994984,18.4193230953511,-3.));
#7945=CARTESIAN_POINT('Ctrl Pts',(15.1844678914031,18.4681881434199,-3.));
#7946=CARTESIAN_POINT('Ctrl Pts',(15.2503426000476,18.4924966841936,-3.));
#7947=CARTESIAN_POINT('',(14.9161000177264,18.2564801722765,-2.8));
#7948=CARTESIAN_POINT('',(14.9161000177264,18.2564801722765,-3.));
#7949=CARTESIAN_POINT('Ctrl Pts',(14.9161000177264,18.2564801722765,-2.8));
#7950=CARTESIAN_POINT('Ctrl Pts',(14.9615685556078,18.3109444696972,-2.8));
#7951=CARTESIAN_POINT('Ctrl Pts',(15.0520464994984,18.4193230953511,-2.8));
#7952=CARTESIAN_POINT('Ctrl Pts',(15.1844678914031,18.4681881434199,-2.8));
#7953=CARTESIAN_POINT('Ctrl Pts',(15.2503426000476,18.4924966841936,-2.8));
#7954=CARTESIAN_POINT('Ctrl Pts',(14.7892243787646,17.8267396241426,-3.));
#7955=CARTESIAN_POINT('Ctrl Pts',(14.7892243787646,17.8267396241426,-2.8));
#7956=CARTESIAN_POINT('Ctrl Pts',(14.7936982618294,17.9062274717653,-3.));
#7957=CARTESIAN_POINT('Ctrl Pts',(14.7936982618294,17.9062274717653,-2.8));
#7958=CARTESIAN_POINT('Ctrl Pts',(14.8023319701277,18.0596232757471,-3.));
#7959=CARTESIAN_POINT('Ctrl Pts',(14.8023319701277,18.0596232757471,-2.8));
#7960=CARTESIAN_POINT('Ctrl Pts',(14.8791082676367,18.1924720322621,-3.));
#7961=CARTESIAN_POINT('Ctrl Pts',(14.8791082676367,18.1924720322621,-2.8));
#7962=CARTESIAN_POINT('Ctrl Pts',(14.9161000177264,18.2564801722765,-3.));
#7963=CARTESIAN_POINT('Ctrl Pts',(14.9161000177264,18.2564801722765,-2.8));
#7964=CARTESIAN_POINT('',(14.7892243787646,17.8267396241426,-3.));
#7965=CARTESIAN_POINT('Ctrl Pts',(14.7892243787646,17.8267396241426,-3.));
#7966=CARTESIAN_POINT('Ctrl Pts',(14.7936982618294,17.9062274717653,-3.));
#7967=CARTESIAN_POINT('Ctrl Pts',(14.8023319701277,18.0596232757471,-3.));
#7968=CARTESIAN_POINT('Ctrl Pts',(14.8791082676367,18.1924720322621,-3.));
#7969=CARTESIAN_POINT('Ctrl Pts',(14.9161000177264,18.2564801722765,-3.));
#7970=CARTESIAN_POINT('',(14.7892243787646,17.8267396241426,-2.8));
#7971=CARTESIAN_POINT('',(14.7892243787646,17.8267396241426,-3.));
#7972=CARTESIAN_POINT('Ctrl Pts',(14.7892243787646,17.8267396241426,-2.8));
#7973=CARTESIAN_POINT('Ctrl Pts',(14.7936982618294,17.9062274717653,-2.8));
#7974=CARTESIAN_POINT('Ctrl Pts',(14.8023319701277,18.0596232757471,-2.8));
#7975=CARTESIAN_POINT('Ctrl Pts',(14.8791082676367,18.1924720322621,-2.8));
#7976=CARTESIAN_POINT('Ctrl Pts',(14.9161000177264,18.2564801722765,-2.8));
#7977=CARTESIAN_POINT('Ctrl Pts',(15.0047762319446,17.2892225533724,-3.));
#7978=CARTESIAN_POINT('Ctrl Pts',(15.0047762319446,17.2892225533724,-2.8));
#7979=CARTESIAN_POINT('Ctrl Pts',(14.9419546871757,17.3621429881396,-3.));
#7980=CARTESIAN_POINT('Ctrl Pts',(14.9419546871757,17.3621429881396,-2.8));
#7981=CARTESIAN_POINT('Ctrl Pts',(14.8093164486659,17.5161035132189,-3.));
#7982=CARTESIAN_POINT('Ctrl Pts',(14.8093164486659,17.5161035132189,-2.8));
#7983=CARTESIAN_POINT('Ctrl Pts',(14.7961531400219,17.7196165919688,-3.));
#7984=CARTESIAN_POINT('Ctrl Pts',(14.7961531400219,17.7196165919688,-2.8));
#7985=CARTESIAN_POINT('Ctrl Pts',(14.7892243787646,17.8267396241426,-3.));
#7986=CARTESIAN_POINT('Ctrl Pts',(14.7892243787646,17.8267396241426,-2.8));
#7987=CARTESIAN_POINT('',(15.0047762319446,17.2892225533724,-3.));
#7988=CARTESIAN_POINT('Ctrl Pts',(15.0047762319446,17.2892225533724,-3.));
#7989=CARTESIAN_POINT('Ctrl Pts',(14.9419546871757,17.3621429881396,-3.));
#7990=CARTESIAN_POINT('Ctrl Pts',(14.8093164486659,17.5161035132189,-3.));
#7991=CARTESIAN_POINT('Ctrl Pts',(14.7961531400219,17.7196165919688,-3.));
#7992=CARTESIAN_POINT('Ctrl Pts',(14.7892243787646,17.8267396241426,-3.));
#7993=CARTESIAN_POINT('',(15.0047762319446,17.2892225533724,-2.8));
#7994=CARTESIAN_POINT('',(15.0047762319446,17.2892225533724,-3.));
#7995=CARTESIAN_POINT('Ctrl Pts',(15.0047762319446,17.2892225533724,-2.8));
#7996=CARTESIAN_POINT('Ctrl Pts',(14.9419546871757,17.3621429881396,-2.8));
#7997=CARTESIAN_POINT('Ctrl Pts',(14.8093164486659,17.5161035132189,-2.8));
#7998=CARTESIAN_POINT('Ctrl Pts',(14.7961531400219,17.7196165919688,-2.8));
#7999=CARTESIAN_POINT('Ctrl Pts',(14.7892243787646,17.8267396241426,-2.8));
#8000=CARTESIAN_POINT('Ctrl Pts',(15.7332892343402,17.098226621747,-3.));
#8001=CARTESIAN_POINT('Ctrl Pts',(15.7332892343402,17.098226621747,-2.8));
#8002=CARTESIAN_POINT('Ctrl Pts',(15.5829451659411,17.0999380486456,-3.));
#8003=CARTESIAN_POINT('Ctrl Pts',(15.5829451659411,17.0999380486456,-2.8));
#8004=CARTESIAN_POINT('Ctrl Pts',(15.3224107309841,17.1029038167317,-3.));
#8005=CARTESIAN_POINT('Ctrl Pts',(15.3224107309841,17.1029038167317,-2.8));
#8006=CARTESIAN_POINT('Ctrl Pts',(15.0991865916981,17.2338431188076,-3.));
#8007=CARTESIAN_POINT('Ctrl Pts',(15.0991865916981,17.2338431188076,-2.8));
#8008=CARTESIAN_POINT('Ctrl Pts',(15.0047762319446,17.2892225533724,-3.));
#8009=CARTESIAN_POINT('Ctrl Pts',(15.0047762319446,17.2892225533724,-2.8));
#8010=CARTESIAN_POINT('',(15.7332892343402,17.098226621747,-3.));
#8011=CARTESIAN_POINT('Ctrl Pts',(15.7332892343402,17.098226621747,-3.));
#8012=CARTESIAN_POINT('Ctrl Pts',(15.5829451659411,17.0999380486456,-3.));
#8013=CARTESIAN_POINT('Ctrl Pts',(15.3224107309841,17.1029038167317,-3.));
#8014=CARTESIAN_POINT('Ctrl Pts',(15.0991865916981,17.2338431188076,-3.));
#8015=CARTESIAN_POINT('Ctrl Pts',(15.0047762319446,17.2892225533724,-3.));
#8016=CARTESIAN_POINT('',(15.7332892343402,17.098226621747,-2.8));
#8017=CARTESIAN_POINT('',(15.7332892343402,17.098226621747,-3.));
#8018=CARTESIAN_POINT('Ctrl Pts',(15.7332892343402,17.098226621747,-2.8));
#8019=CARTESIAN_POINT('Ctrl Pts',(15.5829451659411,17.0999380486456,-2.8));
#8020=CARTESIAN_POINT('Ctrl Pts',(15.3224107309841,17.1029038167317,-2.8));
#8021=CARTESIAN_POINT('Ctrl Pts',(15.0991865916981,17.2338431188076,-2.8));
#8022=CARTESIAN_POINT('Ctrl Pts',(15.0047762319446,17.2892225533724,-2.8));
#8023=CARTESIAN_POINT('Origin',(16.7673964425921,17.098226621747,-3.));
#8024=CARTESIAN_POINT('',(16.7673964425921,17.098226621747,-3.));
#8025=CARTESIAN_POINT('',(28.6241982212961,17.098226621747,-3.));
#8026=CARTESIAN_POINT('',(16.7673964425921,17.098226621747,-2.8));
#8027=CARTESIAN_POINT('',(16.7673964425921,17.098226621747,-3.));
#8028=CARTESIAN_POINT('',(16.7673964425921,17.098226621747,-2.8));
#8029=CARTESIAN_POINT('Origin',(16.7673964425921,18.5279674082994,-3.));
#8030=CARTESIAN_POINT('',(16.7673964425921,15.7874837041497,-3.));
#8031=CARTESIAN_POINT('',(16.7673964425921,18.5279674082994,-2.8));
#8032=CARTESIAN_POINT('Origin',(16.7673964425921,16.6261935979128,-3.));
#8033=CARTESIAN_POINT('',(16.7673964425921,16.6261935979128,-3.));
#8034=CARTESIAN_POINT('',(16.7673964425921,15.0000000745058,-3.));
#8035=CARTESIAN_POINT('',(16.7673964425921,14.8365967989564,-3.));
#8036=CARTESIAN_POINT('',(16.7673964425921,16.6261935979128,-2.8));
#8037=CARTESIAN_POINT('',(16.7673964425921,16.6261935979128,-3.));
#8038=CARTESIAN_POINT('',(16.7673964425921,15.0000000745058,-2.8));
#8039=CARTESIAN_POINT('',(16.7673964425921,16.6261935979128,-2.8));
#8040=CARTESIAN_POINT('',(16.7673964425921,15.0000000745058,-3.));
#8041=CARTESIAN_POINT('Origin',(15.7414753362536,16.6261935979128,-3.));
#8042=CARTESIAN_POINT('',(15.7414753362536,16.6261935979128,-3.));
#8043=CARTESIAN_POINT('',(28.1112376681268,16.6261935979128,-3.));
#8044=CARTESIAN_POINT('',(15.7414753362536,16.6261935979128,-2.8));
#8045=CARTESIAN_POINT('',(15.7414753362536,16.6261935979128,-3.));
#8046=CARTESIAN_POINT('',(15.7414753362536,16.6261935979128,-2.8));
#8047=CARTESIAN_POINT('Ctrl Pts',(14.5682151243091,16.9795358926058,-3.));
#8048=CARTESIAN_POINT('Ctrl Pts',(14.5682151243091,16.9795358926058,-2.8));
#8049=CARTESIAN_POINT('Ctrl Pts',(14.7153577807518,16.8771026597049,-3.));
#8050=CARTESIAN_POINT('Ctrl Pts',(14.7153577807518,16.8771026597049,-2.8));
#8051=CARTESIAN_POINT('Ctrl Pts',(15.064326359586,16.6341684856522,-3.));
#8052=CARTESIAN_POINT('Ctrl Pts',(15.064326359586,16.6341684856522,-2.8));
#8053=CARTESIAN_POINT('Ctrl Pts',(15.4933497349481,16.6291158113162,-3.));
#8054=CARTESIAN_POINT('Ctrl Pts',(15.4933497349481,16.6291158113162,-2.8));
#8055=CARTESIAN_POINT('Ctrl Pts',(15.7414753362536,16.6261935979128,-3.));
#8056=CARTESIAN_POINT('Ctrl Pts',(15.7414753362536,16.6261935979128,-2.8));
#8057=CARTESIAN_POINT('',(14.5682151243091,16.9795358926058,-3.));
#8058=CARTESIAN_POINT('Ctrl Pts',(14.5682151243091,16.9795358926058,-3.));
#8059=CARTESIAN_POINT('Ctrl Pts',(14.7153577807518,16.8771026597049,-3.));
#8060=CARTESIAN_POINT('Ctrl Pts',(15.064326359586,16.6341684856522,-3.));
#8061=CARTESIAN_POINT('Ctrl Pts',(15.4933497349481,16.6291158113162,-3.));
#8062=CARTESIAN_POINT('Ctrl Pts',(15.7414753362536,16.6261935979128,-3.));
#8063=CARTESIAN_POINT('',(14.5682151243091,16.9795358926058,-2.8));
#8064=CARTESIAN_POINT('',(14.5682151243091,16.9795358926058,-3.));
#8065=CARTESIAN_POINT('Ctrl Pts',(14.5682151243091,16.9795358926058,-2.8));
#8066=CARTESIAN_POINT('Ctrl Pts',(14.7153577807518,16.8771026597049,-2.8));
#8067=CARTESIAN_POINT('Ctrl Pts',(15.064326359586,16.6341684856522,-2.8));
#8068=CARTESIAN_POINT('Ctrl Pts',(15.4933497349481,16.6291158113162,-2.8));
#8069=CARTESIAN_POINT('Ctrl Pts',(15.7414753362536,16.6261935979128,-2.8));
#8070=CARTESIAN_POINT('Ctrl Pts',(14.2435212060809,17.8431106358767,-3.));
#8071=CARTESIAN_POINT('Ctrl Pts',(14.2435212060809,17.8431106358767,-2.8));
#8072=CARTESIAN_POINT('Ctrl Pts',(14.2561054354402,17.6806107835697,-3.));
#8073=CARTESIAN_POINT('Ctrl Pts',(14.2561054354402,17.6806107835697,-2.8));
#8074=CARTESIAN_POINT('Ctrl Pts',(14.2808528824013,17.3610475936975,-3.));
#8075=CARTESIAN_POINT('Ctrl Pts',(14.2808528824013,17.3610475936975,-2.8));
#8076=CARTESIAN_POINT('Ctrl Pts',(14.4735202842066,17.1052559221136,-3.));
#8077=CARTESIAN_POINT('Ctrl Pts',(14.4735202842066,17.1052559221136,-2.8));
#8078=CARTESIAN_POINT('Ctrl Pts',(14.5682151243091,16.9795358926058,-3.));
#8079=CARTESIAN_POINT('Ctrl Pts',(14.5682151243091,16.9795358926058,-2.8));
#8080=CARTESIAN_POINT('',(14.2435212060809,17.8431106358767,-3.));
#8081=CARTESIAN_POINT('Ctrl Pts',(14.2435212060809,17.8431106358767,-3.));
#8082=CARTESIAN_POINT('Ctrl Pts',(14.2561054354402,17.6806107835697,-3.));
#8083=CARTESIAN_POINT('Ctrl Pts',(14.2808528824013,17.3610475936975,-3.));
#8084=CARTESIAN_POINT('Ctrl Pts',(14.4735202842066,17.1052559221136,-3.));
#8085=CARTESIAN_POINT('Ctrl Pts',(14.5682151243091,16.9795358926058,-3.));
#8086=CARTESIAN_POINT('',(14.2435212060809,17.8431106358767,-2.8));
#8087=CARTESIAN_POINT('',(14.2435212060809,17.8431106358767,-3.));
#8088=CARTESIAN_POINT('Ctrl Pts',(14.2435212060809,17.8431106358767,-2.8));
#8089=CARTESIAN_POINT('Ctrl Pts',(14.2561054354402,17.6806107835697,-2.8));
#8090=CARTESIAN_POINT('Ctrl Pts',(14.2808528824013,17.3610475936975,-2.8));
#8091=CARTESIAN_POINT('Ctrl Pts',(14.4735202842066,17.1052559221136,-2.8));
#8092=CARTESIAN_POINT('Ctrl Pts',(14.5682151243091,16.9795358926058,-2.8));
#8093=CARTESIAN_POINT('Ctrl Pts',(14.36494063586,18.3888132125139,-3.));
#8094=CARTESIAN_POINT('Ctrl Pts',(14.36494063586,18.3888132125139,-2.8));
#8095=CARTESIAN_POINT('Ctrl Pts',(14.3295305284882,18.3030920595437,-3.));
#8096=CARTESIAN_POINT('Ctrl Pts',(14.3295305284882,18.3030920595437,-2.8));
#8097=CARTESIAN_POINT('Ctrl Pts',(14.2573359000589,18.1283225587842,-3.));
#8098=CARTESIAN_POINT('Ctrl Pts',(14.2573359000589,18.1283225587842,-2.8));
#8099=CARTESIAN_POINT('Ctrl Pts',(14.2481841797225,17.9393802804228,-3.));
#8100=CARTESIAN_POINT('Ctrl Pts',(14.2481841797225,17.9393802804228,-2.8));
#8101=CARTESIAN_POINT('Ctrl Pts',(14.2435212060809,17.8431106358767,-3.));
#8102=CARTESIAN_POINT('Ctrl Pts',(14.2435212060809,17.8431106358767,-2.8));
#8103=CARTESIAN_POINT('',(14.36494063586,18.3888132125139,-3.));
#8104=CARTESIAN_POINT('Ctrl Pts',(14.36494063586,18.3888132125139,-3.));
#8105=CARTESIAN_POINT('Ctrl Pts',(14.3295305284882,18.3030920595437,-3.));
#8106=CARTESIAN_POINT('Ctrl Pts',(14.2573359000589,18.1283225587842,-3.));
#8107=CARTESIAN_POINT('Ctrl Pts',(14.2481841797225,17.9393802804228,-3.));
#8108=CARTESIAN_POINT('Ctrl Pts',(14.2435212060809,17.8431106358767,-3.));
#8109=CARTESIAN_POINT('',(14.36494063586,18.3888132125139,-2.8));
#8110=CARTESIAN_POINT('',(14.36494063586,18.3888132125139,-3.));
#8111=CARTESIAN_POINT('Ctrl Pts',(14.36494063586,18.3888132125139,-2.8));
#8112=CARTESIAN_POINT('Ctrl Pts',(14.3295305284882,18.3030920595437,-2.8));
#8113=CARTESIAN_POINT('Ctrl Pts',(14.2573359000589,18.1283225587842,-2.8));
#8114=CARTESIAN_POINT('Ctrl Pts',(14.2481841797225,17.9393802804228,-2.8));
#8115=CARTESIAN_POINT('Ctrl Pts',(14.2435212060809,17.8431106358767,-2.8));
#8116=CARTESIAN_POINT('Ctrl Pts',(14.6855409070849,18.7748981267214,-3.));
#8117=CARTESIAN_POINT('Ctrl Pts',(14.6855409070849,18.7748981267214,-2.8));
#8118=CARTESIAN_POINT('Ctrl Pts',(14.6217406999264,18.7230163774035,-3.));
#8119=CARTESIAN_POINT('Ctrl Pts',(14.6217406999264,18.7230163774035,-2.8));
#8120=CARTESIAN_POINT('Ctrl Pts',(14.4895642003717,18.6155316477915,-3.));
#8121=CARTESIAN_POINT('Ctrl Pts',(14.4895642003717,18.6155316477915,-2.8));
#8122=CARTESIAN_POINT('Ctrl Pts',(14.4074296842727,18.4661103963195,-3.));
#8123=CARTESIAN_POINT('Ctrl Pts',(14.4074296842727,18.4661103963195,-2.8));
#8124=CARTESIAN_POINT('Ctrl Pts',(14.36494063586,18.3888132125139,-3.));
#8125=CARTESIAN_POINT('Ctrl Pts',(14.36494063586,18.3888132125139,-2.8));
#8126=CARTESIAN_POINT('',(14.6855409070849,18.7748981267214,-3.));
#8127=CARTESIAN_POINT('Ctrl Pts',(14.6855409070849,18.7748981267214,-3.));
#8128=CARTESIAN_POINT('Ctrl Pts',(14.6217406999264,18.7230163774035,-3.));
#8129=CARTESIAN_POINT('Ctrl Pts',(14.4895642003717,18.6155316477915,-3.));
#8130=CARTESIAN_POINT('Ctrl Pts',(14.4074296842727,18.4661103963195,-3.));
#8131=CARTESIAN_POINT('Ctrl Pts',(14.36494063586,18.3888132125139,-3.));
#8132=CARTESIAN_POINT('',(14.6855409070849,18.7748981267214,-2.8));
#8133=CARTESIAN_POINT('',(14.6855409070849,18.7748981267214,-3.));
#8134=CARTESIAN_POINT('Ctrl Pts',(14.6855409070849,18.7748981267214,-2.8));
#8135=CARTESIAN_POINT('Ctrl Pts',(14.6217406999264,18.7230163774035,-2.8));
#8136=CARTESIAN_POINT('Ctrl Pts',(14.4895642003717,18.6155316477915,-2.8));
#8137=CARTESIAN_POINT('Ctrl Pts',(14.4074296842727,18.4661103963195,-2.8));
#8138=CARTESIAN_POINT('Ctrl Pts',(14.36494063586,18.3888132125139,-2.8));
#8139=CARTESIAN_POINT('Ctrl Pts',(15.1794011518359,18.9618004113436,-3.));
#8140=CARTESIAN_POINT('Ctrl Pts',(15.1794011518359,18.9618004113436,-2.8));
#8141=CARTESIAN_POINT('Ctrl Pts',(15.0871837517631,18.9430984424958,-3.));
#8142=CARTESIAN_POINT('Ctrl Pts',(15.0871837517631,18.9430984424958,-2.8));
#8143=CARTESIAN_POINT('Ctrl Pts',(14.9122291914357,18.907617126232,-3.));
#8144=CARTESIAN_POINT('Ctrl Pts',(14.9122291914357,18.907617126232,-2.8));
#8145=CARTESIAN_POINT('Ctrl Pts',(14.7583237845007,18.8175102568532,-3.));
#8146=CARTESIAN_POINT('Ctrl Pts',(14.7583237845007,18.8175102568532,-2.8));
#8147=CARTESIAN_POINT('Ctrl Pts',(14.6855409070849,18.7748981267214,-3.));
#8148=CARTESIAN_POINT('Ctrl Pts',(14.6855409070849,18.7748981267214,-2.8));
#8149=CARTESIAN_POINT('',(15.1794011518359,18.9618004113436,-3.));
#8150=CARTESIAN_POINT('Ctrl Pts',(15.1794011518359,18.9618004113436,-3.));
#8151=CARTESIAN_POINT('Ctrl Pts',(15.0871837517631,18.9430984424958,-3.));
#8152=CARTESIAN_POINT('Ctrl Pts',(14.9122291914357,18.907617126232,-3.));
#8153=CARTESIAN_POINT('Ctrl Pts',(14.7583237845007,18.8175102568532,-3.));
#8154=CARTESIAN_POINT('Ctrl Pts',(14.6855409070849,18.7748981267214,-3.));
#8155=CARTESIAN_POINT('',(15.1794011518359,18.9618004113436,-2.8));
#8156=CARTESIAN_POINT('',(15.1794011518359,18.9618004113436,-3.));
#8157=CARTESIAN_POINT('Ctrl Pts',(15.1794011518359,18.9618004113436,-2.8));
#8158=CARTESIAN_POINT('Ctrl Pts',(15.0871837517631,18.9430984424958,-2.8));
#8159=CARTESIAN_POINT('Ctrl Pts',(14.9122291914357,18.907617126232,-2.8));
#8160=CARTESIAN_POINT('Ctrl Pts',(14.7583237845007,18.8175102568532,-2.8));
#8161=CARTESIAN_POINT('Ctrl Pts',(14.6855409070849,18.7748981267214,-2.8));
#8162=CARTESIAN_POINT('Ctrl Pts',(15.7878596708179,18.9999998360872,-3.));
#8163=CARTESIAN_POINT('Ctrl Pts',(15.7878596708179,18.9999998360872,-2.8));
#8164=CARTESIAN_POINT('Ctrl Pts',(15.6705658289059,18.9996348827645,-3.));
#8165=CARTESIAN_POINT('Ctrl Pts',(15.6705658289059,18.9996348827645,-2.8));
#8166=CARTESIAN_POINT('Ctrl Pts',(15.4669093583934,18.9990012168841,-3.));
#8167=CARTESIAN_POINT('Ctrl Pts',(15.4669093583934,18.9990012168841,-2.8));
#8168=CARTESIAN_POINT('Ctrl Pts',(15.2650160804336,18.9728781622999,-3.));
#8169=CARTESIAN_POINT('Ctrl Pts',(15.2650160804336,18.9728781622999,-2.8));
#8170=CARTESIAN_POINT('Ctrl Pts',(15.1794011518359,18.9618004113436,-3.));
#8171=CARTESIAN_POINT('Ctrl Pts',(15.1794011518359,18.9618004113436,-2.8));
#8172=CARTESIAN_POINT('',(15.7878596708179,18.9999998360872,-3.));
#8173=CARTESIAN_POINT('Ctrl Pts',(15.7878596708179,18.9999998360872,-3.));
#8174=CARTESIAN_POINT('Ctrl Pts',(15.6705658289059,18.9996348827645,-3.));
#8175=CARTESIAN_POINT('Ctrl Pts',(15.4669093583934,18.9990012168841,-3.));
#8176=CARTESIAN_POINT('Ctrl Pts',(15.2650160804336,18.9728781622999,-3.));
#8177=CARTESIAN_POINT('Ctrl Pts',(15.1794011518359,18.9618004113436,-3.));
#8178=CARTESIAN_POINT('',(15.7878596708179,18.9999998360872,-2.8));
#8179=CARTESIAN_POINT('',(15.7878596708179,18.9999998360872,-3.));
#8180=CARTESIAN_POINT('Ctrl Pts',(15.7878596708179,18.9999998360872,-2.8));
#8181=CARTESIAN_POINT('Ctrl Pts',(15.6705658289059,18.9996348827645,-2.8));
#8182=CARTESIAN_POINT('Ctrl Pts',(15.4669093583934,18.9990012168841,-2.8));
#8183=CARTESIAN_POINT('Ctrl Pts',(15.2650160804336,18.9728781622999,-2.8));
#8184=CARTESIAN_POINT('Ctrl Pts',(15.1794011518359,18.9618004113436,-2.8));
#8185=CARTESIAN_POINT('Origin',(17.296727411449,18.9999998360872,-3.));
#8186=CARTESIAN_POINT('',(17.296727411449,18.9999998360872,-3.));
#8187=CARTESIAN_POINT('',(28.8888637057245,18.9999998360872,-3.));
#8188=CARTESIAN_POINT('',(17.296727411449,18.9999998360872,-2.8));
#8189=CARTESIAN_POINT('',(17.296727411449,18.9999998360872,-3.));
#8190=CARTESIAN_POINT('',(17.296727411449,18.9999998360872,-2.8));
#8191=CARTESIAN_POINT('Origin',(17.296727411449,15.0000000745058,-3.));
#8192=CARTESIAN_POINT('',(17.296727411449,15.0000000745058,-3.));
#8193=CARTESIAN_POINT('',(17.296727411449,14.0235000372529,-3.));
#8194=CARTESIAN_POINT('',(17.296727411449,15.0000000745058,-2.8));
#8195=CARTESIAN_POINT('',(17.296727411449,15.0000000745058,-3.));
#8196=CARTESIAN_POINT('',(17.296727411449,15.0000000745058,-2.8));
#8197=CARTESIAN_POINT('Origin',(16.7673964425921,15.0000000745058,-3.));
#8198=CARTESIAN_POINT('',(28.6241982212961,15.0000000745058,-3.));
#8199=CARTESIAN_POINT('',(16.7673964425921,15.0000000745058,-2.8));
#8200=CARTESIAN_POINT('Origin',(19.5000015385449,17.0013643056154,-2.8));
#8201=CARTESIAN_POINT('Ctrl Pts',(9.4304258748889,17.5566167384386,-3.));
#8202=CARTESIAN_POINT('Ctrl Pts',(9.4304258748889,17.5566167384386,-2.8));
#8203=CARTESIAN_POINT('Ctrl Pts',(9.53564092599914,17.5447784610752,-3.));
#8204=CARTESIAN_POINT('Ctrl Pts',(9.53564092599914,17.5447784610752,-2.8));
#8205=CARTESIAN_POINT('Ctrl Pts',(9.74949633617169,17.5207165076325,-3.));
#8206=CARTESIAN_POINT('Ctrl Pts',(9.74949633617169,17.5207165076325,-2.8));
#8207=CARTESIAN_POINT('Ctrl Pts',(9.90068598701467,17.3672067897896,-3.));
#8208=CARTESIAN_POINT('Ctrl Pts',(9.90068598701467,17.3672067897896,-2.8));
#8209=CARTESIAN_POINT('Ctrl Pts',(9.97749160975218,17.2892225533724,-3.));
#8210=CARTESIAN_POINT('Ctrl Pts',(9.97749160975218,17.2892225533724,-2.8));
#8211=CARTESIAN_POINT('',(9.4304258748889,17.5566167384386,-3.));
#8212=CARTESIAN_POINT('',(9.97749160975218,17.2892225533724,-3.));
#8213=CARTESIAN_POINT('Ctrl Pts',(9.4304258748889,17.5566167384386,-3.));
#8214=CARTESIAN_POINT('Ctrl Pts',(9.53564092599914,17.5447784610752,-3.));
#8215=CARTESIAN_POINT('Ctrl Pts',(9.74949633617169,17.5207165076325,-3.));
#8216=CARTESIAN_POINT('Ctrl Pts',(9.90068598701467,17.3672067897896,-3.));
#8217=CARTESIAN_POINT('Ctrl Pts',(9.97749160975218,17.2892225533724,-3.));
#8218=CARTESIAN_POINT('',(9.4304258748889,17.5566167384386,-2.8));
#8219=CARTESIAN_POINT('',(9.4304258748889,17.5566167384386,-3.));
#8220=CARTESIAN_POINT('',(9.97749160975218,17.2892225533724,-2.8));
#8221=CARTESIAN_POINT('Ctrl Pts',(9.4304258748889,17.5566167384386,-2.8));
#8222=CARTESIAN_POINT('Ctrl Pts',(9.53564092599914,17.5447784610752,-2.8));
#8223=CARTESIAN_POINT('Ctrl Pts',(9.74949633617169,17.5207165076325,-2.8));
#8224=CARTESIAN_POINT('Ctrl Pts',(9.90068598701467,17.3672067897896,-2.8));
#8225=CARTESIAN_POINT('Ctrl Pts',(9.97749160975218,17.2892225533724,-2.8));
#8226=CARTESIAN_POINT('',(9.97749160975218,17.2892225533724,-3.));
#8227=CARTESIAN_POINT('Ctrl Pts',(8.86562179774046,17.2783083468676,-3.));
#8228=CARTESIAN_POINT('Ctrl Pts',(8.86562179774046,17.2783083468676,-2.8));
#8229=CARTESIAN_POINT('Ctrl Pts',(8.94524940579033,17.359471445173,-3.));
#8230=CARTESIAN_POINT('Ctrl Pts',(8.94524940579033,17.359471445173,-2.8));
#8231=CARTESIAN_POINT('Ctrl Pts',(9.10126952814602,17.518500164464,-3.));
#8232=CARTESIAN_POINT('Ctrl Pts',(9.10126952814602,17.518500164464,-2.8));
#8233=CARTESIAN_POINT('Ctrl Pts',(9.32223433552768,17.5440880697549,-3.));
#8234=CARTESIAN_POINT('Ctrl Pts',(9.32223433552768,17.5440880697549,-2.8));
#8235=CARTESIAN_POINT('Ctrl Pts',(9.4304258748889,17.5566167384386,-3.));
#8236=CARTESIAN_POINT('Ctrl Pts',(9.4304258748889,17.5566167384386,-2.8));
#8237=CARTESIAN_POINT('',(8.86562179774046,17.2783083468676,-3.));
#8238=CARTESIAN_POINT('Ctrl Pts',(8.86562179774046,17.2783083468676,-3.));
#8239=CARTESIAN_POINT('Ctrl Pts',(8.94524940579033,17.359471445173,-3.));
#8240=CARTESIAN_POINT('Ctrl Pts',(9.10126952814602,17.518500164464,-3.));
#8241=CARTESIAN_POINT('Ctrl Pts',(9.32223433552768,17.5440880697549,-3.));
#8242=CARTESIAN_POINT('Ctrl Pts',(9.4304258748889,17.5566167384386,-3.));
#8243=CARTESIAN_POINT('',(8.86562179774046,17.2783083468676,-2.8));
#8244=CARTESIAN_POINT('',(8.86562179774046,17.2783083468676,-3.));
#8245=CARTESIAN_POINT('Ctrl Pts',(8.86562179774046,17.2783083468676,-2.8));
#8246=CARTESIAN_POINT('Ctrl Pts',(8.94524940579033,17.359471445173,-2.8));
#8247=CARTESIAN_POINT('Ctrl Pts',(9.10126952814602,17.518500164464,-2.8));
#8248=CARTESIAN_POINT('Ctrl Pts',(9.32223433552768,17.5440880697549,-2.8));
#8249=CARTESIAN_POINT('Ctrl Pts',(9.4304258748889,17.5566167384386,-2.8));
#8250=CARTESIAN_POINT('Ctrl Pts',(8.63642763346434,16.4051843434572,-3.));
#8251=CARTESIAN_POINT('Ctrl Pts',(8.63642763346434,16.4051843434572,-2.8));
#8252=CARTESIAN_POINT('Ctrl Pts',(8.63969808920677,16.5816230730453,-3.));
#8253=CARTESIAN_POINT('Ctrl Pts',(8.63969808920677,16.5816230730453,-2.8));
#8254=CARTESIAN_POINT('Ctrl Pts',(8.6454684962403,16.8929323725378,-3.));
#8255=CARTESIAN_POINT('Ctrl Pts',(8.6454684962403,16.8929323725378,-2.8));
#8256=CARTESIAN_POINT('Ctrl Pts',(8.79907419378916,17.1618174855573,-3.));
#8257=CARTESIAN_POINT('Ctrl Pts',(8.79907419378916,17.1618174855573,-2.8));
#8258=CARTESIAN_POINT('Ctrl Pts',(8.86562179774046,17.2783083468676,-3.));
#8259=CARTESIAN_POINT('Ctrl Pts',(8.86562179774046,17.2783083468676,-2.8));
#8260=CARTESIAN_POINT('',(8.63642763346434,16.4051843434572,-3.));
#8261=CARTESIAN_POINT('Ctrl Pts',(8.63642763346434,16.4051843434572,-3.));
#8262=CARTESIAN_POINT('Ctrl Pts',(8.63969808920677,16.5816230730453,-3.));
#8263=CARTESIAN_POINT('Ctrl Pts',(8.6454684962403,16.8929323725378,-3.));
#8264=CARTESIAN_POINT('Ctrl Pts',(8.79907419378916,17.1618174855573,-3.));
#8265=CARTESIAN_POINT('Ctrl Pts',(8.86562179774046,17.2783083468676,-3.));
#8266=CARTESIAN_POINT('',(8.63642763346434,16.4051843434572,-2.8));
#8267=CARTESIAN_POINT('',(8.63642763346434,16.4051843434572,-3.));
#8268=CARTESIAN_POINT('Ctrl Pts',(8.63642763346434,16.4051843434572,-2.8));
#8269=CARTESIAN_POINT('Ctrl Pts',(8.63969808920677,16.5816230730453,-2.8));
#8270=CARTESIAN_POINT('Ctrl Pts',(8.6454684962403,16.8929323725378,-2.8));
#8271=CARTESIAN_POINT('Ctrl Pts',(8.79907419378916,17.1618174855573,-2.8));
#8272=CARTESIAN_POINT('Ctrl Pts',(8.86562179774046,17.2783083468676,-2.8));
#8273=CARTESIAN_POINT('Ctrl Pts',(8.86153053492308,15.6016374379396,-3.));
#8274=CARTESIAN_POINT('Ctrl Pts',(8.86153053492308,15.6016374379396,-2.8));
#8275=CARTESIAN_POINT('Ctrl Pts',(8.79611583110522,15.7097128101284,-3.));
#8276=CARTESIAN_POINT('Ctrl Pts',(8.79611583110522,15.7097128101284,-2.8));
#8277=CARTESIAN_POINT('Ctrl Pts',(8.64749712676408,15.9552542686758,-3.));
#8278=CARTESIAN_POINT('Ctrl Pts',(8.64749712676408,15.9552542686758,-2.8));
#8279=CARTESIAN_POINT('Ctrl Pts',(8.64040060982505,16.2436989436581,-3.));
#8280=CARTESIAN_POINT('Ctrl Pts',(8.64040060982505,16.2436989436581,-2.8));
#8281=CARTESIAN_POINT('Ctrl Pts',(8.63642763346434,16.4051843434572,-3.));
#8282=CARTESIAN_POINT('Ctrl Pts',(8.63642763346434,16.4051843434572,-2.8));
#8283=CARTESIAN_POINT('',(8.86153053492308,15.6016374379396,-3.));
#8284=CARTESIAN_POINT('Ctrl Pts',(8.86153053492308,15.6016374379396,-3.));
#8285=CARTESIAN_POINT('Ctrl Pts',(8.79611583110522,15.7097128101284,-3.));
#8286=CARTESIAN_POINT('Ctrl Pts',(8.64749712676408,15.9552542686758,-3.));
#8287=CARTESIAN_POINT('Ctrl Pts',(8.64040060982505,16.2436989436581,-3.));
#8288=CARTESIAN_POINT('Ctrl Pts',(8.63642763346434,16.4051843434572,-3.));
#8289=CARTESIAN_POINT('',(8.86153053492308,15.6016374379396,-2.8));
#8290=CARTESIAN_POINT('',(8.86153053492308,15.6016374379396,-3.));
#8291=CARTESIAN_POINT('Ctrl Pts',(8.86153053492308,15.6016374379396,-2.8));
#8292=CARTESIAN_POINT('Ctrl Pts',(8.79611583110522,15.7097128101284,-2.8));
#8293=CARTESIAN_POINT('Ctrl Pts',(8.64749712676408,15.9552542686758,-2.8));
#8294=CARTESIAN_POINT('Ctrl Pts',(8.64040060982505,16.2436989436581,-2.8));
#8295=CARTESIAN_POINT('Ctrl Pts',(8.63642763346434,16.4051843434572,-2.8));
#8296=CARTESIAN_POINT('Ctrl Pts',(9.40859626978636,15.3383351117373,-3.));
#8297=CARTESIAN_POINT('Ctrl Pts',(9.40859626978636,15.3383351117373,-2.8));
#8298=CARTESIAN_POINT('Ctrl Pts',(9.30455799609616,15.3502016148584,-3.));
#8299=CARTESIAN_POINT('Ctrl Pts',(9.30455799609616,15.3502016148584,-2.8));
#8300=CARTESIAN_POINT('Ctrl Pts',(9.09200676670475,15.3744449989276,-3.));
#8301=CARTESIAN_POINT('Ctrl Pts',(9.09200676670475,15.3744449989276,-2.8));
#8302=CARTESIAN_POINT('Ctrl Pts',(8.93942666376813,15.5248511621268,-3.));
#8303=CARTESIAN_POINT('Ctrl Pts',(8.93942666376813,15.5248511621268,-2.8));
#8304=CARTESIAN_POINT('Ctrl Pts',(8.86153053492308,15.6016374379396,-3.));
#8305=CARTESIAN_POINT('Ctrl Pts',(8.86153053492308,15.6016374379396,-2.8));
#8306=CARTESIAN_POINT('',(9.40859626978636,15.3383351117373,-3.));
#8307=CARTESIAN_POINT('Ctrl Pts',(9.40859626978636,15.3383351117373,-3.));
#8308=CARTESIAN_POINT('Ctrl Pts',(9.30455799609616,15.3502016148584,-3.));
#8309=CARTESIAN_POINT('Ctrl Pts',(9.09200676670475,15.3744449989276,-3.));
#8310=CARTESIAN_POINT('Ctrl Pts',(8.93942666376813,15.5248511621268,-3.));
#8311=CARTESIAN_POINT('Ctrl Pts',(8.86153053492308,15.6016374379396,-3.));
#8312=CARTESIAN_POINT('',(9.40859626978636,15.3383351117373,-2.8));
#8313=CARTESIAN_POINT('',(9.40859626978636,15.3383351117373,-3.));
#8314=CARTESIAN_POINT('Ctrl Pts',(9.40859626978636,15.3383351117373,-2.8));
#8315=CARTESIAN_POINT('Ctrl Pts',(9.30455799609616,15.3502016148584,-2.8));
#8316=CARTESIAN_POINT('Ctrl Pts',(9.09200676670475,15.3744449989276,-2.8));
#8317=CARTESIAN_POINT('Ctrl Pts',(8.93942666376813,15.5248511621268,-2.8));
#8318=CARTESIAN_POINT('Ctrl Pts',(8.86153053492308,15.6016374379396,-2.8));
#8319=CARTESIAN_POINT('Ctrl Pts',(9.96248554438353,15.6139159947634,-3.));
#8320=CARTESIAN_POINT('Ctrl Pts',(9.96248554438353,15.6139159947634,-2.8));
#8321=CARTESIAN_POINT('Ctrl Pts',(9.88279930875393,15.5335689716063,-3.));
#8322=CARTESIAN_POINT('Ctrl Pts',(9.88279930875393,15.5335689716063,-2.8));
#8323=CARTESIAN_POINT('Ctrl Pts',(9.72897893366576,15.3784730614835,-3.));
#8324=CARTESIAN_POINT('Ctrl Pts',(9.72897893366576,15.3784730614835,-2.8));
#8325=CARTESIAN_POINT('Ctrl Pts',(9.51278939415317,15.3513885595709,-3.));
#8326=CARTESIAN_POINT('Ctrl Pts',(9.51278939415317,15.3513885595709,-2.8));
#8327=CARTESIAN_POINT('Ctrl Pts',(9.40859626978636,15.3383351117373,-3.));
#8328=CARTESIAN_POINT('Ctrl Pts',(9.40859626978636,15.3383351117373,-2.8));
#8329=CARTESIAN_POINT('',(9.96248554438353,15.6139159947634,-3.));
#8330=CARTESIAN_POINT('Ctrl Pts',(9.96248554438353,15.6139159947634,-3.));
#8331=CARTESIAN_POINT('Ctrl Pts',(9.88279930875393,15.5335689716063,-3.));
#8332=CARTESIAN_POINT('Ctrl Pts',(9.72897893366576,15.3784730614835,-3.));
#8333=CARTESIAN_POINT('Ctrl Pts',(9.51278939415317,15.3513885595709,-3.));
#8334=CARTESIAN_POINT('Ctrl Pts',(9.40859626978636,15.3383351117373,-3.));
#8335=CARTESIAN_POINT('',(9.96248554438353,15.6139159947634,-2.8));
#8336=CARTESIAN_POINT('',(9.96248554438353,15.6139159947634,-3.));
#8337=CARTESIAN_POINT('Ctrl Pts',(9.96248554438353,15.6139159947634,-2.8));
#8338=CARTESIAN_POINT('Ctrl Pts',(9.88279930875393,15.5335689716063,-2.8));
#8339=CARTESIAN_POINT('Ctrl Pts',(9.72897893366576,15.3784730614835,-2.8));
#8340=CARTESIAN_POINT('Ctrl Pts',(9.51278939415317,15.3513885595709,-2.8));
#8341=CARTESIAN_POINT('Ctrl Pts',(9.40859626978636,15.3383351117373,-2.8));
#8342=CARTESIAN_POINT('Ctrl Pts',(10.1971371099353,16.4461118727922,-3.));
#8343=CARTESIAN_POINT('Ctrl Pts',(10.1971371099353,16.4461118727922,-2.8));
#8344=CARTESIAN_POINT('Ctrl Pts',(10.1927895244049,16.2793658912339,-3.));
#8345=CARTESIAN_POINT('Ctrl Pts',(10.1927895244049,16.2793658912339,-2.8));
#8346=CARTESIAN_POINT('Ctrl Pts',(10.1849981545019,15.9805380445887,-3.));
#8347=CARTESIAN_POINT('Ctrl Pts',(10.1849981545019,15.9805380445887,-2.8));
#8348=CARTESIAN_POINT('Ctrl Pts',(10.0306898102647,15.7262924922162,-3.));
#8349=CARTESIAN_POINT('Ctrl Pts',(10.0306898102647,15.7262924922162,-2.8));
#8350=CARTESIAN_POINT('Ctrl Pts',(9.96248554438353,15.6139159947634,-3.));
#8351=CARTESIAN_POINT('Ctrl Pts',(9.96248554438353,15.6139159947634,-2.8));
#8352=CARTESIAN_POINT('',(10.1971371099353,16.4461118727922,-3.));
#8353=CARTESIAN_POINT('Ctrl Pts',(10.1971371099353,16.4461118727922,-3.));
#8354=CARTESIAN_POINT('Ctrl Pts',(10.1927895244049,16.2793658912339,-3.));
#8355=CARTESIAN_POINT('Ctrl Pts',(10.1849981545019,15.9805380445887,-3.));
#8356=CARTESIAN_POINT('Ctrl Pts',(10.0306898102647,15.7262924922162,-3.));
#8357=CARTESIAN_POINT('Ctrl Pts',(9.96248554438353,15.6139159947634,-3.));
#8358=CARTESIAN_POINT('',(10.1971371099353,16.4461118727922,-2.8));
#8359=CARTESIAN_POINT('',(10.1971371099353,16.4461118727922,-3.));
#8360=CARTESIAN_POINT('Ctrl Pts',(10.1971371099353,16.4461118727922,-2.8));
#8361=CARTESIAN_POINT('Ctrl Pts',(10.1927895244049,16.2793658912339,-2.8));
#8362=CARTESIAN_POINT('Ctrl Pts',(10.1849981545019,15.9805380445887,-2.8));
#8363=CARTESIAN_POINT('Ctrl Pts',(10.0306898102647,15.7262924922162,-2.8));
#8364=CARTESIAN_POINT('Ctrl Pts',(9.96248554438353,15.6139159947634,-2.8));
#8365=CARTESIAN_POINT('Ctrl Pts',(9.97749160975218,17.2892225533724,-3.));
#8366=CARTESIAN_POINT('Ctrl Pts',(9.97749160975218,17.2892225533724,-2.8));
#8367=CARTESIAN_POINT('Ctrl Pts',(10.0412579065385,17.1769236143089,-3.));
#8368=CARTESIAN_POINT('Ctrl Pts',(10.0412579065385,17.1769236143089,-2.8));
#8369=CARTESIAN_POINT('Ctrl Pts',(10.1887990516972,16.9170886402775,-3.));
#8370=CARTESIAN_POINT('Ctrl Pts',(10.1887990516972,16.9170886402775,-2.8));
#8371=CARTESIAN_POINT('Ctrl Pts',(10.1941173465633,16.6166837674576,-3.));
#8372=CARTESIAN_POINT('Ctrl Pts',(10.1941173465633,16.6166837674576,-2.8));
#8373=CARTESIAN_POINT('Ctrl Pts',(10.1971371099353,16.4461118727922,-3.));
#8374=CARTESIAN_POINT('Ctrl Pts',(10.1971371099353,16.4461118727922,-2.8));
#8375=CARTESIAN_POINT('Ctrl Pts',(9.97749160975218,17.2892225533724,-3.));
#8376=CARTESIAN_POINT('Ctrl Pts',(10.0412579065385,17.1769236143089,-3.));
#8377=CARTESIAN_POINT('Ctrl Pts',(10.1887990516972,16.9170886402775,-3.));
#8378=CARTESIAN_POINT('Ctrl Pts',(10.1941173465633,16.6166837674576,-3.));
#8379=CARTESIAN_POINT('Ctrl Pts',(10.1971371099353,16.4461118727922,-3.));
#8380=CARTESIAN_POINT('Ctrl Pts',(9.97749160975218,17.2892225533724,-2.8));
#8381=CARTESIAN_POINT('Ctrl Pts',(10.0412579065385,17.1769236143089,-2.8));
#8382=CARTESIAN_POINT('Ctrl Pts',(10.1887990516972,16.9170886402775,-2.8));
#8383=CARTESIAN_POINT('Ctrl Pts',(10.1941173465633,16.6166837674576,-2.8));
#8384=CARTESIAN_POINT('Ctrl Pts',(10.1971371099353,16.4461118727922,-2.8));
#8385=CARTESIAN_POINT('Origin',(8.18895172327757,18.9999998360872,-3.));
#8386=CARTESIAN_POINT('',(8.18895172327757,18.9999998360872,-3.));
#8387=CARTESIAN_POINT('',(8.18895172327757,15.0000000745058,-3.));
#8388=CARTESIAN_POINT('',(8.18895172327757,16.0234999180436,-3.));
#8389=CARTESIAN_POINT('',(8.18895172327757,18.9999998360872,-2.8));
#8390=CARTESIAN_POINT('',(8.18895172327757,18.9999998360872,-3.));
#8391=CARTESIAN_POINT('',(8.18895172327757,15.0000000745058,-2.8));
#8392=CARTESIAN_POINT('',(8.18895172327757,18.9999998360872,-2.8));
#8393=CARTESIAN_POINT('',(8.18895172327757,15.0000000745058,-3.));
#8394=CARTESIAN_POINT('Origin',(8.67735456675291,18.9999998360872,-3.));
#8395=CARTESIAN_POINT('',(8.67735456675291,18.9999998360872,-3.));
#8396=CARTESIAN_POINT('',(24.5791772833765,18.9999998360872,-3.));
#8397=CARTESIAN_POINT('',(8.67735456675291,18.9999998360872,-2.8));
#8398=CARTESIAN_POINT('',(8.67735456675291,18.9999998360872,-3.));
#8399=CARTESIAN_POINT('',(8.67735456675291,18.9999998360872,-2.8));
#8400=CARTESIAN_POINT('Origin',(8.67735456675291,17.5648022443056,-3.));
#8401=CARTESIAN_POINT('',(8.67735456675291,17.5648022443056,-3.));
#8402=CARTESIAN_POINT('',(8.67735456675291,15.3059011221528,-3.));
#8403=CARTESIAN_POINT('',(8.67735456675291,17.5648022443056,-2.8));
#8404=CARTESIAN_POINT('',(8.67735456675291,17.5648022443056,-3.));
#8405=CARTESIAN_POINT('',(8.67735456675291,17.5648022443056,-2.8));
#8406=CARTESIAN_POINT('Ctrl Pts',(9.01023458689451,17.8526604920626,-3.));
#8407=CARTESIAN_POINT('Ctrl Pts',(9.01023458689451,17.8526604920626,-2.8));
#8408=CARTESIAN_POINT('Ctrl Pts',(8.94555420518725,17.8135200790122,-3.));
#8409=CARTESIAN_POINT('Ctrl Pts',(8.94555420518725,17.8135200790122,-2.8));
#8410=CARTESIAN_POINT('Ctrl Pts',(8.81820183832418,17.7364546055195,-3.));
#8411=CARTESIAN_POINT('Ctrl Pts',(8.81820183832418,17.7364546055195,-2.8));
#8412=CARTESIAN_POINT('Ctrl Pts',(8.7238074451307,17.6214149579903,-3.));
#8413=CARTESIAN_POINT('Ctrl Pts',(8.7238074451307,17.6214149579903,-2.8));
#8414=CARTESIAN_POINT('Ctrl Pts',(8.67735456675291,17.5648022443056,-3.));
#8415=CARTESIAN_POINT('Ctrl Pts',(8.67735456675291,17.5648022443056,-2.8));
#8416=CARTESIAN_POINT('',(9.01023458689451,17.8526604920626,-3.));
#8417=CARTESIAN_POINT('Ctrl Pts',(9.01023458689451,17.8526604920626,-3.));
#8418=CARTESIAN_POINT('Ctrl Pts',(8.94555420518725,17.8135200790122,-3.));
#8419=CARTESIAN_POINT('Ctrl Pts',(8.81820183832418,17.7364546055195,-3.));
#8420=CARTESIAN_POINT('Ctrl Pts',(8.7238074451307,17.6214149579903,-3.));
#8421=CARTESIAN_POINT('Ctrl Pts',(8.67735456675291,17.5648022443056,-3.));
#8422=CARTESIAN_POINT('',(9.01023458689451,17.8526604920626,-2.8));
#8423=CARTESIAN_POINT('',(9.01023458689451,17.8526604920626,-3.));
#8424=CARTESIAN_POINT('Ctrl Pts',(9.01023458689451,17.8526604920626,-2.8));
#8425=CARTESIAN_POINT('Ctrl Pts',(8.94555420518725,17.8135200790122,-2.8));
#8426=CARTESIAN_POINT('Ctrl Pts',(8.81820183832418,17.7364546055195,-2.8));
#8427=CARTESIAN_POINT('Ctrl Pts',(8.7238074451307,17.6214149579903,-2.8));
#8428=CARTESIAN_POINT('Ctrl Pts',(8.67735456675291,17.5648022443056,-2.8));
#8429=CARTESIAN_POINT('Ctrl Pts',(9.47681020945311,17.9631651192904,-3.));
#8430=CARTESIAN_POINT('Ctrl Pts',(9.47681020945311,17.9631651192904,-2.8));
#8431=CARTESIAN_POINT('Ctrl Pts',(9.39301867615759,17.9591609066183,-3.));
#8432=CARTESIAN_POINT('Ctrl Pts',(9.39301867615759,17.9591609066183,-2.8));
#8433=CARTESIAN_POINT('Ctrl Pts',(9.2304885794296,17.9513939515655,-3.));
#8434=CARTESIAN_POINT('Ctrl Pts',(9.2304885794296,17.9513939515655,-2.8));
#8435=CARTESIAN_POINT('Ctrl Pts',(9.082114966845,17.884882375994,-3.));
#8436=CARTESIAN_POINT('Ctrl Pts',(9.082114966845,17.884882375994,-2.8));
#8437=CARTESIAN_POINT('Ctrl Pts',(9.01023458689451,17.8526604920626,-3.));
#8438=CARTESIAN_POINT('Ctrl Pts',(9.01023458689451,17.8526604920626,-2.8));
#8439=CARTESIAN_POINT('',(9.47681020945311,17.9631651192904,-3.));
#8440=CARTESIAN_POINT('Ctrl Pts',(9.47681020945311,17.9631651192904,-3.));
#8441=CARTESIAN_POINT('Ctrl Pts',(9.39301867615759,17.9591609066183,-3.));
#8442=CARTESIAN_POINT('Ctrl Pts',(9.2304885794296,17.9513939515655,-3.));
#8443=CARTESIAN_POINT('Ctrl Pts',(9.082114966845,17.884882375994,-3.));
#8444=CARTESIAN_POINT('Ctrl Pts',(9.01023458689451,17.8526604920626,-3.));
#8445=CARTESIAN_POINT('',(9.47681020945311,17.9631651192904,-2.8));
#8446=CARTESIAN_POINT('',(9.47681020945311,17.9631651192904,-3.));
#8447=CARTESIAN_POINT('Ctrl Pts',(9.47681020945311,17.9631651192904,-2.8));
#8448=CARTESIAN_POINT('Ctrl Pts',(9.39301867615759,17.9591609066183,-2.8));
#8449=CARTESIAN_POINT('Ctrl Pts',(9.2304885794296,17.9513939515655,-2.8));
#8450=CARTESIAN_POINT('Ctrl Pts',(9.082114966845,17.884882375994,-2.8));
#8451=CARTESIAN_POINT('Ctrl Pts',(9.01023458689451,17.8526604920626,-2.8));
#8452=CARTESIAN_POINT('Ctrl Pts',(10.1234681531787,17.7748978883028,-3.));
#8453=CARTESIAN_POINT('Ctrl Pts',(10.1234681531787,17.7748978883028,-2.8));
#8454=CARTESIAN_POINT('Ctrl Pts',(10.0236709592199,17.8298078074274,-3.));
#8455=CARTESIAN_POINT('Ctrl Pts',(10.0236709592199,17.8298078074274,-2.8));
#8456=CARTESIAN_POINT('Ctrl Pts',(9.82219435385523,17.9406632700634,-3.));
#8457=CARTESIAN_POINT('Ctrl Pts',(9.82219435385523,17.9406632700634,-2.8));
#8458=CARTESIAN_POINT('Ctrl Pts',(9.59265305791716,17.9556179334904,-3.));
#8459=CARTESIAN_POINT('Ctrl Pts',(9.59265305791716,17.9556179334904,-2.8));
#8460=CARTESIAN_POINT('Ctrl Pts',(9.47681020945311,17.9631651192904,-3.));
#8461=CARTESIAN_POINT('Ctrl Pts',(9.47681020945311,17.9631651192904,-2.8));
#8462=CARTESIAN_POINT('',(10.1234681531787,17.7748978883028,-3.));
#8463=CARTESIAN_POINT('Ctrl Pts',(10.1234681531787,17.7748978883028,-3.));
#8464=CARTESIAN_POINT('Ctrl Pts',(10.0236709592199,17.8298078074274,-3.));
#8465=CARTESIAN_POINT('Ctrl Pts',(9.82219435385523,17.9406632700634,-3.));
#8466=CARTESIAN_POINT('Ctrl Pts',(9.59265305791716,17.9556179334904,-3.));
#8467=CARTESIAN_POINT('Ctrl Pts',(9.47681020945311,17.9631651192904,-3.));
#8468=CARTESIAN_POINT('',(10.1234681531787,17.7748978883028,-2.8));
#8469=CARTESIAN_POINT('',(10.1234681531787,17.7748978883028,-3.));
#8470=CARTESIAN_POINT('Ctrl Pts',(10.1234681531787,17.7748978883028,-2.8));
#8471=CARTESIAN_POINT('Ctrl Pts',(10.0236709592199,17.8298078074274,-2.8));
#8472=CARTESIAN_POINT('Ctrl Pts',(9.82219435385523,17.9406632700634,-2.8));
#8473=CARTESIAN_POINT('Ctrl Pts',(9.59265305791716,17.9556179334904,-2.8));
#8474=CARTESIAN_POINT('Ctrl Pts',(9.47681020945311,17.9631651192904,-2.8));
#8475=CARTESIAN_POINT('Ctrl Pts',(10.5573017522693,17.2332877665758,-3.));
#8476=CARTESIAN_POINT('Ctrl Pts',(10.5573017522693,17.2332877665758,-2.8));
#8477=CARTESIAN_POINT('Ctrl Pts',(10.504438037311,17.3432845609071,-3.));
#8478=CARTESIAN_POINT('Ctrl Pts',(10.504438037311,17.3432845609071,-2.8));
#8479=CARTESIAN_POINT('Ctrl Pts',(10.4014941686914,17.5574862217844,-3.));
#8480=CARTESIAN_POINT('Ctrl Pts',(10.4014941686914,17.5574862217844,-2.8));
#8481=CARTESIAN_POINT('Ctrl Pts',(10.2144576943708,17.7037455979323,-3.));
#8482=CARTESIAN_POINT('Ctrl Pts',(10.2144576943708,17.7037455979323,-2.8));
#8483=CARTESIAN_POINT('Ctrl Pts',(10.1234681531787,17.7748978883028,-3.));
#8484=CARTESIAN_POINT('Ctrl Pts',(10.1234681531787,17.7748978883028,-2.8));
#8485=CARTESIAN_POINT('',(10.5573017522693,17.2332877665758,-3.));
#8486=CARTESIAN_POINT('Ctrl Pts',(10.5573017522693,17.2332877665758,-3.));
#8487=CARTESIAN_POINT('Ctrl Pts',(10.504438037311,17.3432845609071,-3.));
#8488=CARTESIAN_POINT('Ctrl Pts',(10.4014941686914,17.5574862217844,-3.));
#8489=CARTESIAN_POINT('Ctrl Pts',(10.2144576943708,17.7037455979323,-3.));
#8490=CARTESIAN_POINT('Ctrl Pts',(10.1234681531787,17.7748978883028,-3.));
#8491=CARTESIAN_POINT('',(10.5573017522693,17.2332877665758,-2.8));
#8492=CARTESIAN_POINT('',(10.5573017522693,17.2332877665758,-3.));
#8493=CARTESIAN_POINT('Ctrl Pts',(10.5573017522693,17.2332877665758,-2.8));
#8494=CARTESIAN_POINT('Ctrl Pts',(10.504438037311,17.3432845609071,-2.8));
#8495=CARTESIAN_POINT('Ctrl Pts',(10.4014941686914,17.5574862217844,-2.8));
#8496=CARTESIAN_POINT('Ctrl Pts',(10.2144576943708,17.7037455979323,-2.8));
#8497=CARTESIAN_POINT('Ctrl Pts',(10.1234681531787,17.7748978883028,-2.8));
#8498=CARTESIAN_POINT('Ctrl Pts',(10.7019121572375,16.4461118727922,-3.));
#8499=CARTESIAN_POINT('Ctrl Pts',(10.7019121572375,16.4461118727922,-2.8));
#8500=CARTESIAN_POINT('Ctrl Pts',(10.6967173640271,16.5852977722834,-3.));
#8501=CARTESIAN_POINT('Ctrl Pts',(10.6967173640271,16.5852977722834,-2.8));
#8502=CARTESIAN_POINT('Ctrl Pts',(10.6866579164378,16.854824046843,-3.));
#8503=CARTESIAN_POINT('Ctrl Pts',(10.6866579164378,16.854824046843,-2.8));
#8504=CARTESIAN_POINT('Ctrl Pts',(10.5994666364146,17.1099238820767,-3.));
#8505=CARTESIAN_POINT('Ctrl Pts',(10.5994666364146,17.1099238820767,-2.8));
#8506=CARTESIAN_POINT('Ctrl Pts',(10.5573017522693,17.2332877665758,-3.));
#8507=CARTESIAN_POINT('Ctrl Pts',(10.5573017522693,17.2332877665758,-2.8));
#8508=CARTESIAN_POINT('',(10.7019121572375,16.4461118727922,-3.));
#8509=CARTESIAN_POINT('Ctrl Pts',(10.7019121572375,16.4461118727922,-3.));
#8510=CARTESIAN_POINT('Ctrl Pts',(10.6967173640271,16.5852977722834,-3.));
#8511=CARTESIAN_POINT('Ctrl Pts',(10.6866579164378,16.854824046843,-3.));
#8512=CARTESIAN_POINT('Ctrl Pts',(10.5994666364146,17.1099238820767,-3.));
#8513=CARTESIAN_POINT('Ctrl Pts',(10.5573017522693,17.2332877665758,-3.));
#8514=CARTESIAN_POINT('',(10.7019121572375,16.4461118727922,-2.8));
#8515=CARTESIAN_POINT('',(10.7019121572375,16.4461118727922,-3.));
#8516=CARTESIAN_POINT('Ctrl Pts',(10.7019121572375,16.4461118727922,-2.8));
#8517=CARTESIAN_POINT('Ctrl Pts',(10.6967173640271,16.5852977722834,-2.8));
#8518=CARTESIAN_POINT('Ctrl Pts',(10.6866579164378,16.854824046843,-2.8));
#8519=CARTESIAN_POINT('Ctrl Pts',(10.5994666364146,17.1099238820767,-2.8));
#8520=CARTESIAN_POINT('Ctrl Pts',(10.5573017522693,17.2332877665758,-2.8));
#8521=CARTESIAN_POINT('Ctrl Pts',(10.5422933027148,15.6589353829622,-3.));
#8522=CARTESIAN_POINT('Ctrl Pts',(10.5422933027148,15.6589353829622,-2.8));
#8523=CARTESIAN_POINT('Ctrl Pts',(10.5888263993896,15.7802287906451,-3.));
#8524=CARTESIAN_POINT('Ctrl Pts',(10.5888263993896,15.7802287906451,-2.8));
#8525=CARTESIAN_POINT('Ctrl Pts',(10.6859895368347,16.0334947214348,-3.));
#8526=CARTESIAN_POINT('Ctrl Pts',(10.6859895368347,16.0334947214348,-2.8));
#8527=CARTESIAN_POINT('Ctrl Pts',(10.696457487882,16.3047601307971,-3.));
#8528=CARTESIAN_POINT('Ctrl Pts',(10.696457487882,16.3047601307971,-2.8));
#8529=CARTESIAN_POINT('Ctrl Pts',(10.7019121572375,16.4461118727922,-3.));
#8530=CARTESIAN_POINT('Ctrl Pts',(10.7019121572375,16.4461118727922,-2.8));
#8531=CARTESIAN_POINT('',(10.5422933027148,15.6589353829622,-3.));
#8532=CARTESIAN_POINT('Ctrl Pts',(10.5422933027148,15.6589353829622,-3.));
#8533=CARTESIAN_POINT('Ctrl Pts',(10.5888263993896,15.7802287906451,-3.));
#8534=CARTESIAN_POINT('Ctrl Pts',(10.6859895368347,16.0334947214348,-3.));
#8535=CARTESIAN_POINT('Ctrl Pts',(10.696457487882,16.3047601307971,-3.));
#8536=CARTESIAN_POINT('Ctrl Pts',(10.7019121572375,16.4461118727922,-3.));
#8537=CARTESIAN_POINT('',(10.5422933027148,15.6589353829622,-2.8));
#8538=CARTESIAN_POINT('',(10.5422933027148,15.6589353829622,-3.));
#8539=CARTESIAN_POINT('Ctrl Pts',(10.5422933027148,15.6589353829622,-2.8));
#8540=CARTESIAN_POINT('Ctrl Pts',(10.5888263993896,15.7802287906451,-2.8));
#8541=CARTESIAN_POINT('Ctrl Pts',(10.6859895368347,16.0334947214348,-2.8));
#8542=CARTESIAN_POINT('Ctrl Pts',(10.696457487882,16.3047601307971,-2.8));
#8543=CARTESIAN_POINT('Ctrl Pts',(10.7019121572375,16.4461118727922,-2.8));
#8544=CARTESIAN_POINT('Ctrl Pts',(10.0920898839831,15.1255119591951,-3.));
#8545=CARTESIAN_POINT('Ctrl Pts',(10.0920898839831,15.1255119591951,-2.8));
#8546=CARTESIAN_POINT('Ctrl Pts',(10.1840479103868,15.1966914615288,-3.));
#8547=CARTESIAN_POINT('Ctrl Pts',(10.1840479103868,15.1966914615288,-2.8));
#8548=CARTESIAN_POINT('Ctrl Pts',(10.3720914723717,15.3422453373848,-3.));
#8549=CARTESIAN_POINT('Ctrl Pts',(10.3720914723717,15.3422453373848,-2.8));
#8550=CARTESIAN_POINT('Ctrl Pts',(10.4847351921042,15.5518385283873,-3.));
#8551=CARTESIAN_POINT('Ctrl Pts',(10.4847351921042,15.5518385283873,-2.8));
#8552=CARTESIAN_POINT('Ctrl Pts',(10.5422933027148,15.6589353829622,-3.));
#8553=CARTESIAN_POINT('Ctrl Pts',(10.5422933027148,15.6589353829622,-2.8));
#8554=CARTESIAN_POINT('',(10.0920898839831,15.1255119591951,-3.));
#8555=CARTESIAN_POINT('Ctrl Pts',(10.0920898839831,15.1255119591951,-3.));
#8556=CARTESIAN_POINT('Ctrl Pts',(10.1840479103868,15.1966914615288,-3.));
#8557=CARTESIAN_POINT('Ctrl Pts',(10.3720914723717,15.3422453373848,-3.));
#8558=CARTESIAN_POINT('Ctrl Pts',(10.4847351921042,15.5518385283873,-3.));
#8559=CARTESIAN_POINT('Ctrl Pts',(10.5422933027148,15.6589353829622,-3.));
#8560=CARTESIAN_POINT('',(10.0920898839831,15.1255119591951,-2.8));
#8561=CARTESIAN_POINT('',(10.0920898839831,15.1255119591951,-3.));
#8562=CARTESIAN_POINT('Ctrl Pts',(10.0920898839831,15.1255119591951,-2.8));
#8563=CARTESIAN_POINT('Ctrl Pts',(10.1840479103868,15.1966914615288,-2.8));
#8564=CARTESIAN_POINT('Ctrl Pts',(10.3720914723717,15.3422453373848,-2.8));
#8565=CARTESIAN_POINT('Ctrl Pts',(10.4847351921042,15.5518385283873,-2.8));
#8566=CARTESIAN_POINT('Ctrl Pts',(10.5422933027148,15.6589353829622,-2.8));
#8567=CARTESIAN_POINT('Ctrl Pts',(9.45498060435057,14.9345160275698,-3.));
#8568=CARTESIAN_POINT('Ctrl Pts',(9.45498060435057,14.9345160275698,-2.8));
#8569=CARTESIAN_POINT('Ctrl Pts',(9.56820263101738,14.9425038855076,-3.));
#8570=CARTESIAN_POINT('Ctrl Pts',(9.56820263101738,14.9425038855076,-2.8));
#8571=CARTESIAN_POINT('Ctrl Pts',(9.79485734536433,14.9584944635997,-3.));
#8572=CARTESIAN_POINT('Ctrl Pts',(9.79485734536433,14.9584944635997,-2.8));
#8573=CARTESIAN_POINT('Ctrl Pts',(9.99295099933008,15.0698049753372,-3.));
#8574=CARTESIAN_POINT('Ctrl Pts',(9.99295099933008,15.0698049753372,-2.8));
#8575=CARTESIAN_POINT('Ctrl Pts',(10.0920898839831,15.1255119591951,-3.));
#8576=CARTESIAN_POINT('Ctrl Pts',(10.0920898839831,15.1255119591951,-2.8));
#8577=CARTESIAN_POINT('',(9.45498060435057,14.9345160275698,-3.));
#8578=CARTESIAN_POINT('Ctrl Pts',(9.45498060435057,14.9345160275698,-3.));
#8579=CARTESIAN_POINT('Ctrl Pts',(9.56820263101738,14.9425038855076,-3.));
#8580=CARTESIAN_POINT('Ctrl Pts',(9.79485734536433,14.9584944635997,-3.));
#8581=CARTESIAN_POINT('Ctrl Pts',(9.99295099933008,15.0698049753372,-3.));
#8582=CARTESIAN_POINT('Ctrl Pts',(10.0920898839831,15.1255119591951,-3.));
#8583=CARTESIAN_POINT('',(9.45498060435057,14.9345160275698,-2.8));
#8584=CARTESIAN_POINT('',(9.45498060435057,14.9345160275698,-3.));
#8585=CARTESIAN_POINT('Ctrl Pts',(9.45498060435057,14.9345160275698,-2.8));
#8586=CARTESIAN_POINT('Ctrl Pts',(9.56820263101738,14.9425038855076,-2.8));
#8587=CARTESIAN_POINT('Ctrl Pts',(9.79485734536433,14.9584944635997,-2.8));
#8588=CARTESIAN_POINT('Ctrl Pts',(9.99295099933008,15.0698049753372,-2.8));
#8589=CARTESIAN_POINT('Ctrl Pts',(10.0920898839831,15.1255119591951,-2.8));
#8590=CARTESIAN_POINT('Ctrl Pts',(8.64461254328489,15.3656209260225,-3.));
#8591=CARTESIAN_POINT('Ctrl Pts',(8.64461254328489,15.3656209260225,-2.8));
#8592=CARTESIAN_POINT('Ctrl Pts',(8.74843658312374,15.2398881772548,-3.));
#8593=CARTESIAN_POINT('Ctrl Pts',(8.74843658312374,15.2398881772548,-2.8));
#8594=CARTESIAN_POINT('Ctrl Pts',(8.95889637813322,14.9850176427167,-3.));
#8595=CARTESIAN_POINT('Ctrl Pts',(8.95889637813322,14.9850176427167,-2.8));
#8596=CARTESIAN_POINT('Ctrl Pts',(9.28815292083095,14.9514991667702,-3.));
#8597=CARTESIAN_POINT('Ctrl Pts',(9.28815292083095,14.9514991667702,-2.8));
#8598=CARTESIAN_POINT('Ctrl Pts',(9.45498060435057,14.9345160275698,-3.));
#8599=CARTESIAN_POINT('Ctrl Pts',(9.45498060435057,14.9345160275698,-2.8));
#8600=CARTESIAN_POINT('',(8.64461254328489,15.3656209260225,-3.));
#8601=CARTESIAN_POINT('Ctrl Pts',(8.64461254328489,15.3656209260225,-3.));
#8602=CARTESIAN_POINT('Ctrl Pts',(8.74843658312374,15.2398881772548,-3.));
#8603=CARTESIAN_POINT('Ctrl Pts',(8.95889637813322,14.9850176427167,-3.));
#8604=CARTESIAN_POINT('Ctrl Pts',(9.28815292083095,14.9514991667702,-3.));
#8605=CARTESIAN_POINT('Ctrl Pts',(9.45498060435057,14.9345160275698,-3.));
#8606=CARTESIAN_POINT('',(8.64461254328489,15.3656209260225,-2.8));
#8607=CARTESIAN_POINT('',(8.64461254328489,15.3656209260225,-3.));
#8608=CARTESIAN_POINT('Ctrl Pts',(8.64461254328489,15.3656209260225,-2.8));
#8609=CARTESIAN_POINT('Ctrl Pts',(8.74843658312374,15.2398881772548,-2.8));
#8610=CARTESIAN_POINT('Ctrl Pts',(8.95889637813322,14.9850176427167,-2.8));
#8611=CARTESIAN_POINT('Ctrl Pts',(9.28815292083095,14.9514991667702,-2.8));
#8612=CARTESIAN_POINT('Ctrl Pts',(9.45498060435057,14.9345160275698,-2.8));
#8613=CARTESIAN_POINT('Origin',(8.64461254328489,15.0000000745058,-3.));
#8614=CARTESIAN_POINT('',(8.64461254328489,15.0000000745058,-3.));
#8615=CARTESIAN_POINT('',(8.64461254328489,14.0235000372529,-3.));
#8616=CARTESIAN_POINT('',(8.64461254328489,15.0000000745058,-2.8));
#8617=CARTESIAN_POINT('',(8.64461254328489,15.0000000745058,-3.));
#8618=CARTESIAN_POINT('',(8.64461254328489,15.0000000745058,-2.8));
#8619=CARTESIAN_POINT('Origin',(8.18895172327757,15.0000000745058,-3.));
#8620=CARTESIAN_POINT('',(24.3349758616388,15.0000000745058,-3.));
#8621=CARTESIAN_POINT('',(8.18895172327757,15.0000000745058,-2.8));
#8622=CARTESIAN_POINT('Origin',(19.5000015385449,17.0013643056154,-2.8));
#8623=CARTESIAN_POINT('Origin',(21.2339706346393,17.8976810723543,-3.));
#8624=CARTESIAN_POINT('',(21.2339706346393,17.8976810723543,-3.));
#8625=CARTESIAN_POINT('',(21.2339706346393,15.0000000745058,-3.));
#8626=CARTESIAN_POINT('',(21.2339706346393,15.4723405361772,-3.));
#8627=CARTESIAN_POINT('',(21.2339706346393,17.8976810723543,-2.8));
#8628=CARTESIAN_POINT('',(21.2339706346393,17.8976810723543,-3.));
#8629=CARTESIAN_POINT('',(21.2339706346393,15.0000000745058,-2.8));
#8630=CARTESIAN_POINT('',(21.2339706346393,17.8976810723543,-2.8));
#8631=CARTESIAN_POINT('',(21.2339706346393,15.0000000745058,-3.));
#8632=CARTESIAN_POINT('Origin',(21.7251033708453,17.8976810723543,-3.));
#8633=CARTESIAN_POINT('',(21.7251033708453,17.8976810723543,-3.));
#8634=CARTESIAN_POINT('',(31.1030516854227,17.8976810723543,-3.));
#8635=CARTESIAN_POINT('',(21.7251033708453,17.8976810723543,-2.8));
#8636=CARTESIAN_POINT('',(21.7251033708453,17.8976810723543,-3.));
#8637=CARTESIAN_POINT('',(21.7251033708453,17.8976810723543,-2.8));
#8638=CARTESIAN_POINT('Origin',(21.7251033708453,16.3451571017504,-3.));
#8639=CARTESIAN_POINT('',(21.7251033708453,16.3451571017504,-3.));
#8640=CARTESIAN_POINT('',(21.7251033708453,14.6960785508752,-3.));
#8641=CARTESIAN_POINT('',(21.7251033708453,16.3451571017504,-2.8));
#8642=CARTESIAN_POINT('',(21.7251033708453,16.3451571017504,-3.));
#8643=CARTESIAN_POINT('',(21.7251033708453,16.3451571017504,-2.8));
#8644=CARTESIAN_POINT('Ctrl Pts',(21.8055940791965,15.7789910584688,-3.));
#8645=CARTESIAN_POINT('Ctrl Pts',(21.8055940791965,15.7789910584688,-2.8));
#8646=CARTESIAN_POINT('Ctrl Pts',(21.7822347909833,15.8581827570241,-3.));
#8647=CARTESIAN_POINT('Ctrl Pts',(21.7822347909833,15.8581827570241,-2.8));
#8648=CARTESIAN_POINT('Ctrl Pts',(21.7278328544144,16.042613965812,-3.));
#8649=CARTESIAN_POINT('Ctrl Pts',(21.7278328544144,16.042613965812,-2.8));
#8650=CARTESIAN_POINT('Ctrl Pts',(21.7260950123719,16.2352409474423,-3.));
#8651=CARTESIAN_POINT('Ctrl Pts',(21.7260950123719,16.2352409474423,-2.8));
#8652=CARTESIAN_POINT('Ctrl Pts',(21.7251033708453,16.3451571017504,-3.));
#8653=CARTESIAN_POINT('Ctrl Pts',(21.7251033708453,16.3451571017504,-2.8));
#8654=CARTESIAN_POINT('',(21.8055940791965,15.7789910584688,-3.));
#8655=CARTESIAN_POINT('Ctrl Pts',(21.8055940791965,15.7789910584688,-3.));
#8656=CARTESIAN_POINT('Ctrl Pts',(21.7822347909833,15.8581827570241,-3.));
#8657=CARTESIAN_POINT('Ctrl Pts',(21.7278328544144,16.042613965812,-3.));
#8658=CARTESIAN_POINT('Ctrl Pts',(21.7260950123719,16.2352409474423,-3.));
#8659=CARTESIAN_POINT('Ctrl Pts',(21.7251033708453,16.3451571017504,-3.));
#8660=CARTESIAN_POINT('',(21.8055940791965,15.7789910584688,-2.8));
#8661=CARTESIAN_POINT('',(21.8055940791965,15.7789910584688,-3.));
#8662=CARTESIAN_POINT('Ctrl Pts',(21.8055940791965,15.7789910584688,-2.8));
#8663=CARTESIAN_POINT('Ctrl Pts',(21.7822347909833,15.8581827570241,-2.8));
#8664=CARTESIAN_POINT('Ctrl Pts',(21.7278328544144,16.042613965812,-2.8));
#8665=CARTESIAN_POINT('Ctrl Pts',(21.7260950123719,16.2352409474423,-2.8));
#8666=CARTESIAN_POINT('Ctrl Pts',(21.7251033708453,16.3451571017504,-2.8));
#8667=CARTESIAN_POINT('Ctrl Pts',(22.0798094198108,15.4706681519747,-3.));
#8668=CARTESIAN_POINT('Ctrl Pts',(22.0798094198108,15.4706681519747,-2.8));
#8669=CARTESIAN_POINT('Ctrl Pts',(22.0201858223614,15.511267585518,-3.));
#8670=CARTESIAN_POINT('Ctrl Pts',(22.0201858223614,15.511267585518,-2.8));
#8671=CARTESIAN_POINT('Ctrl Pts',(21.9028855703668,15.5911407228192,-3.));
#8672=CARTESIAN_POINT('Ctrl Pts',(21.9028855703668,15.5911407228192,-2.8));
#8673=CARTESIAN_POINT('Ctrl Pts',(21.837663726771,15.7170710078191,-3.));
#8674=CARTESIAN_POINT('Ctrl Pts',(21.837663726771,15.7170710078191,-2.8));
#8675=CARTESIAN_POINT('Ctrl Pts',(21.8055940791965,15.7789910584688,-3.));
#8676=CARTESIAN_POINT('Ctrl Pts',(21.8055940791965,15.7789910584688,-2.8));
#8677=CARTESIAN_POINT('',(22.0798094198108,15.4706681519747,-3.));
#8678=CARTESIAN_POINT('Ctrl Pts',(22.0798094198108,15.4706681519747,-3.));
#8679=CARTESIAN_POINT('Ctrl Pts',(22.0201858223614,15.511267585518,-3.));
#8680=CARTESIAN_POINT('Ctrl Pts',(21.9028855703668,15.5911407228192,-3.));
#8681=CARTESIAN_POINT('Ctrl Pts',(21.837663726771,15.7170710078191,-3.));
#8682=CARTESIAN_POINT('Ctrl Pts',(21.8055940791965,15.7789910584688,-3.));
#8683=CARTESIAN_POINT('',(22.0798094198108,15.4706681519747,-2.8));
#8684=CARTESIAN_POINT('',(22.0798094198108,15.4706681519747,-3.));
#8685=CARTESIAN_POINT('Ctrl Pts',(22.0798094198108,15.4706681519747,-2.8));
#8686=CARTESIAN_POINT('Ctrl Pts',(22.0201858223614,15.511267585518,-2.8));
#8687=CARTESIAN_POINT('Ctrl Pts',(21.9028855703668,15.5911407228192,-2.8));
#8688=CARTESIAN_POINT('Ctrl Pts',(21.837663726771,15.7170710078191,-2.8));
#8689=CARTESIAN_POINT('Ctrl Pts',(21.8055940791965,15.7789910584688,-2.8));
#8690=CARTESIAN_POINT('Ctrl Pts',(22.494543902576,15.3574348241091,-3.));
#8691=CARTESIAN_POINT('Ctrl Pts',(22.494543902576,15.3574348241091,-2.8));
#8692=CARTESIAN_POINT('Ctrl Pts',(22.4218827145652,15.3622280441949,-3.));
#8693=CARTESIAN_POINT('Ctrl Pts',(22.4218827145652,15.3622280441949,-2.8));
#8694=CARTESIAN_POINT('Ctrl Pts',(22.2759768843453,15.371852972925,-3.));
#8695=CARTESIAN_POINT('Ctrl Pts',(22.2759768843453,15.371852972925,-2.8));
#8696=CARTESIAN_POINT('Ctrl Pts',(22.1453726631551,15.4376420655871,-3.));
#8697=CARTESIAN_POINT('Ctrl Pts',(22.1453726631551,15.4376420655871,-2.8));
#8698=CARTESIAN_POINT('Ctrl Pts',(22.0798094198108,15.4706681519747,-3.));
#8699=CARTESIAN_POINT('Ctrl Pts',(22.0798094198108,15.4706681519747,-2.8));
#8700=CARTESIAN_POINT('',(22.494543902576,15.3574348241091,-3.));
#8701=CARTESIAN_POINT('Ctrl Pts',(22.494543902576,15.3574348241091,-3.));
#8702=CARTESIAN_POINT('Ctrl Pts',(22.4218827145652,15.3622280441949,-3.));
#8703=CARTESIAN_POINT('Ctrl Pts',(22.2759768843453,15.371852972925,-3.));
#8704=CARTESIAN_POINT('Ctrl Pts',(22.1453726631551,15.4376420655871,-3.));
#8705=CARTESIAN_POINT('Ctrl Pts',(22.0798094198108,15.4706681519747,-3.));
#8706=CARTESIAN_POINT('',(22.494543902576,15.3574348241091,-2.8));
#8707=CARTESIAN_POINT('',(22.494543902576,15.3574348241091,-3.));
#8708=CARTESIAN_POINT('Ctrl Pts',(22.494543902576,15.3574348241091,-2.8));
#8709=CARTESIAN_POINT('Ctrl Pts',(22.4218827145652,15.3622280441949,-2.8));
#8710=CARTESIAN_POINT('Ctrl Pts',(22.2759768843453,15.371852972925,-2.8));
#8711=CARTESIAN_POINT('Ctrl Pts',(22.1453726631551,15.4376420655871,-2.8));
#8712=CARTESIAN_POINT('Ctrl Pts',(22.0798094198108,15.4706681519747,-2.8));
#8713=CARTESIAN_POINT('Ctrl Pts',(22.8656215593219,15.4679406434298,-3.));
#8714=CARTESIAN_POINT('Ctrl Pts',(22.8656215593219,15.4679406434298,-2.8));
#8715=CARTESIAN_POINT('Ctrl Pts',(22.811090082331,15.4357284357744,-3.));
#8716=CARTESIAN_POINT('Ctrl Pts',(22.811090082331,15.4357284357744,-2.8));
#8717=CARTESIAN_POINT('Ctrl Pts',(22.6967860923346,15.3682080958756,-3.));
#8718=CARTESIAN_POINT('Ctrl Pts',(22.6967860923346,15.3682080958756,-2.8));
#8719=CARTESIAN_POINT('Ctrl Pts',(22.5639876454657,15.3611340340293,-3.));
#8720=CARTESIAN_POINT('Ctrl Pts',(22.5639876454657,15.3611340340293,-2.8));
#8721=CARTESIAN_POINT('Ctrl Pts',(22.494543902576,15.3574348241091,-3.));
#8722=CARTESIAN_POINT('Ctrl Pts',(22.494543902576,15.3574348241091,-2.8));
#8723=CARTESIAN_POINT('',(22.8656215593219,15.4679406434298,-3.));
#8724=CARTESIAN_POINT('Ctrl Pts',(22.8656215593219,15.4679406434298,-3.));
#8725=CARTESIAN_POINT('Ctrl Pts',(22.811090082331,15.4357284357744,-3.));
#8726=CARTESIAN_POINT('Ctrl Pts',(22.6967860923346,15.3682080958756,-3.));
#8727=CARTESIAN_POINT('Ctrl Pts',(22.5639876454657,15.3611340340293,-3.));
#8728=CARTESIAN_POINT('Ctrl Pts',(22.494543902576,15.3574348241091,-3.));
#8729=CARTESIAN_POINT('',(22.8656215593219,15.4679406434298,-2.8));
#8730=CARTESIAN_POINT('',(22.8656215593219,15.4679406434298,-3.));
#8731=CARTESIAN_POINT('Ctrl Pts',(22.8656215593219,15.4679406434298,-2.8));
#8732=CARTESIAN_POINT('Ctrl Pts',(22.811090082331,15.4357284357744,-2.8));
#8733=CARTESIAN_POINT('Ctrl Pts',(22.6967860923346,15.3682080958756,-2.8));
#8734=CARTESIAN_POINT('Ctrl Pts',(22.5639876454657,15.3611340340293,-2.8));
#8735=CARTESIAN_POINT('Ctrl Pts',(22.494543902576,15.3574348241091,-2.8));
#8736=CARTESIAN_POINT('Ctrl Pts',(23.0620742961764,15.7721699029207,-3.));
#8737=CARTESIAN_POINT('Ctrl Pts',(23.0620742961764,15.7721699029207,-2.8));
#8738=CARTESIAN_POINT('Ctrl Pts',(23.0427632891123,15.7114134453277,-3.));
#8739=CARTESIAN_POINT('Ctrl Pts',(23.0427632891123,15.7114134453277,-2.8));
#8740=CARTESIAN_POINT('Ctrl Pts',(23.0048339653852,15.592079878678,-3.));
#8741=CARTESIAN_POINT('Ctrl Pts',(23.0048339653852,15.592079878678,-2.8));
#8742=CARTESIAN_POINT('Ctrl Pts',(22.9114572589483,15.5088134999488,-3.));
#8743=CARTESIAN_POINT('Ctrl Pts',(22.9114572589483,15.5088134999488,-2.8));
#8744=CARTESIAN_POINT('Ctrl Pts',(22.8656215593219,15.4679406434298,-3.));
#8745=CARTESIAN_POINT('Ctrl Pts',(22.8656215593219,15.4679406434298,-2.8));
#8746=CARTESIAN_POINT('',(23.0620742961764,15.7721699029207,-3.));
#8747=CARTESIAN_POINT('Ctrl Pts',(23.0620742961764,15.7721699029207,-3.));
#8748=CARTESIAN_POINT('Ctrl Pts',(23.0427632891123,15.7114134453277,-3.));
#8749=CARTESIAN_POINT('Ctrl Pts',(23.0048339653852,15.592079878678,-3.));
#8750=CARTESIAN_POINT('Ctrl Pts',(22.9114572589483,15.5088134999488,-3.));
#8751=CARTESIAN_POINT('Ctrl Pts',(22.8656215593219,15.4679406434298,-3.));
#8752=CARTESIAN_POINT('',(23.0620742961764,15.7721699029207,-2.8));
#8753=CARTESIAN_POINT('',(23.0620742961764,15.7721699029207,-3.));
#8754=CARTESIAN_POINT('Ctrl Pts',(23.0620742961764,15.7721699029207,-2.8));
#8755=CARTESIAN_POINT('Ctrl Pts',(23.0427632891123,15.7114134453277,-2.8));
#8756=CARTESIAN_POINT('Ctrl Pts',(23.0048339653852,15.592079878678,-2.8));
#8757=CARTESIAN_POINT('Ctrl Pts',(22.9114572589483,15.5088134999488,-2.8));
#8758=CARTESIAN_POINT('Ctrl Pts',(22.8656215593219,15.4679406434298,-2.8));
#8759=CARTESIAN_POINT('Ctrl Pts',(23.0920882150531,16.2905866652727,-3.));
#8760=CARTESIAN_POINT('Ctrl Pts',(23.0920882150531,16.2905866652727,-2.8));
#8761=CARTESIAN_POINT('Ctrl Pts',(23.0925980186976,16.1830579601543,-3.));
#8762=CARTESIAN_POINT('Ctrl Pts',(23.0925980186976,16.1830579601543,-2.8));
#8763=CARTESIAN_POINT('Ctrl Pts',(23.0934208380408,16.0095074187357,-3.));
#8764=CARTESIAN_POINT('Ctrl Pts',(23.0934208380408,16.0095074187357,-2.8));
#8765=CARTESIAN_POINT('Ctrl Pts',(23.0707128390471,15.8375758514956,-3.));
#8766=CARTESIAN_POINT('Ctrl Pts',(23.0707128390471,15.8375758514956,-2.8));
#8767=CARTESIAN_POINT('Ctrl Pts',(23.0620742961764,15.7721699029207,-3.));
#8768=CARTESIAN_POINT('Ctrl Pts',(23.0620742961764,15.7721699029207,-2.8));
#8769=CARTESIAN_POINT('',(23.0920882150531,16.2905866652727,-3.));
#8770=CARTESIAN_POINT('Ctrl Pts',(23.0920882150531,16.2905866652727,-3.));
#8771=CARTESIAN_POINT('Ctrl Pts',(23.0925980186976,16.1830579601543,-3.));
#8772=CARTESIAN_POINT('Ctrl Pts',(23.0934208380408,16.0095074187357,-3.));
#8773=CARTESIAN_POINT('Ctrl Pts',(23.0707128390471,15.8375758514956,-3.));
#8774=CARTESIAN_POINT('Ctrl Pts',(23.0620742961764,15.7721699029207,-3.));
#8775=CARTESIAN_POINT('',(23.0920882150531,16.2905866652727,-2.8));
#8776=CARTESIAN_POINT('',(23.0920882150531,16.2905866652727,-3.));
#8777=CARTESIAN_POINT('Ctrl Pts',(23.0920882150531,16.2905866652727,-2.8));
#8778=CARTESIAN_POINT('Ctrl Pts',(23.0925980186976,16.1830579601543,-2.8));
#8779=CARTESIAN_POINT('Ctrl Pts',(23.0934208380408,16.0095074187357,-2.8));
#8780=CARTESIAN_POINT('Ctrl Pts',(23.0707128390471,15.8375758514956,-2.8));
#8781=CARTESIAN_POINT('Ctrl Pts',(23.0620742961764,15.7721699029207,-2.8));
#8782=CARTESIAN_POINT('Origin',(23.0920882150531,17.8976810723543,-3.));
#8783=CARTESIAN_POINT('',(23.0920882150531,17.8976810723543,-3.));
#8784=CARTESIAN_POINT('',(23.0920882150531,15.4723405361772,-3.));
#8785=CARTESIAN_POINT('',(23.0920882150531,17.8976810723543,-2.8));
#8786=CARTESIAN_POINT('',(23.0920882150531,17.8976810723543,-3.));
#8787=CARTESIAN_POINT('',(23.0920882150531,17.8976810723543,-2.8));
#8788=CARTESIAN_POINT('Origin',(23.5832203552127,17.8976810723543,-3.));
#8789=CARTESIAN_POINT('',(23.5832203552127,17.8976810723543,-3.));
#8790=CARTESIAN_POINT('',(32.0321101776063,17.8976810723543,-3.));
#8791=CARTESIAN_POINT('',(23.5832203552127,17.8976810723543,-2.8));
#8792=CARTESIAN_POINT('',(23.5832203552127,17.8976810723543,-3.));
#8793=CARTESIAN_POINT('',(23.5832203552127,17.8976810723543,-2.8));
#8794=CARTESIAN_POINT('Origin',(23.5832203552127,16.1023194342852,-3.));
#8795=CARTESIAN_POINT('',(23.5832203552127,16.1023194342852,-3.));
#8796=CARTESIAN_POINT('',(23.5832203552127,14.5746597171426,-3.));
#8797=CARTESIAN_POINT('',(23.5832203552127,16.1023194342852,-2.8));
#8798=CARTESIAN_POINT('',(23.5832203552127,16.1023194342852,-3.));
#8799=CARTESIAN_POINT('',(23.5832203552127,16.1023194342852,-2.8));
#8800=CARTESIAN_POINT('Ctrl Pts',(23.553206436336,15.6439293175936,-3.));
#8801=CARTESIAN_POINT('Ctrl Pts',(23.553206436336,15.6439293175936,-2.8));
#8802=CARTESIAN_POINT('Ctrl Pts',(23.5618908824814,15.7061428248749,-3.));
#8803=CARTESIAN_POINT('Ctrl Pts',(23.5618908824814,15.7061428248749,-2.8));
#8804=CARTESIAN_POINT('Ctrl Pts',(23.5831043312025,15.8581114161231,-3.));
#8805=CARTESIAN_POINT('Ctrl Pts',(23.5831043312025,15.8581114161231,-2.8));
#8806=CARTESIAN_POINT('Ctrl Pts',(23.5831772740177,16.0116418820925,-3.));
#8807=CARTESIAN_POINT('Ctrl Pts',(23.5831772740177,16.0116418820925,-2.8));
#8808=CARTESIAN_POINT('Ctrl Pts',(23.5832203552127,16.1023194342852,-3.));
#8809=CARTESIAN_POINT('Ctrl Pts',(23.5832203552127,16.1023194342852,-2.8));
#8810=CARTESIAN_POINT('',(23.553206436336,15.6439293175936,-3.));
#8811=CARTESIAN_POINT('Ctrl Pts',(23.553206436336,15.6439293175936,-3.));
#8812=CARTESIAN_POINT('Ctrl Pts',(23.5618908824814,15.7061428248749,-3.));
#8813=CARTESIAN_POINT('Ctrl Pts',(23.5831043312025,15.8581114161231,-3.));
#8814=CARTESIAN_POINT('Ctrl Pts',(23.5831772740177,16.0116418820925,-3.));
#8815=CARTESIAN_POINT('Ctrl Pts',(23.5832203552127,16.1023194342852,-3.));
#8816=CARTESIAN_POINT('',(23.553206436336,15.6439293175936,-2.8));
#8817=CARTESIAN_POINT('',(23.553206436336,15.6439293175936,-3.));
#8818=CARTESIAN_POINT('Ctrl Pts',(23.553206436336,15.6439293175936,-2.8));
#8819=CARTESIAN_POINT('Ctrl Pts',(23.5618908824814,15.7061428248749,-2.8));
#8820=CARTESIAN_POINT('Ctrl Pts',(23.5831043312025,15.8581114161231,-2.8));
#8821=CARTESIAN_POINT('Ctrl Pts',(23.5831772740177,16.0116418820925,-2.8));
#8822=CARTESIAN_POINT('Ctrl Pts',(23.5832203552127,16.1023194342852,-2.8));
#8823=CARTESIAN_POINT('Ctrl Pts',(23.4017742797732,15.2796722203493,-3.));
#8824=CARTESIAN_POINT('Ctrl Pts',(23.4017742797732,15.2796722203493,-2.8));
#8825=CARTESIAN_POINT('Ctrl Pts',(23.4353253900642,15.3335591122256,-3.));
#8826=CARTESIAN_POINT('Ctrl Pts',(23.4353253900642,15.3335591122256,-2.8));
#8827=CARTESIAN_POINT('Ctrl Pts',(23.5057001655999,15.4465889907369,-3.));
#8828=CARTESIAN_POINT('Ctrl Pts',(23.5057001655999,15.4465889907369,-2.8));
#8829=CARTESIAN_POINT('Ctrl Pts',(23.5368875888055,15.5761410728901,-3.));
#8830=CARTESIAN_POINT('Ctrl Pts',(23.5368875888055,15.5761410728901,-2.8));
#8831=CARTESIAN_POINT('Ctrl Pts',(23.553206436336,15.6439293175936,-3.));
#8832=CARTESIAN_POINT('Ctrl Pts',(23.553206436336,15.6439293175936,-2.8));
#8833=CARTESIAN_POINT('',(23.4017742797732,15.2796722203493,-3.));
#8834=CARTESIAN_POINT('Ctrl Pts',(23.4017742797732,15.2796722203493,-3.));
#8835=CARTESIAN_POINT('Ctrl Pts',(23.4353253900642,15.3335591122256,-3.));
#8836=CARTESIAN_POINT('Ctrl Pts',(23.5057001655999,15.4465889907369,-3.));
#8837=CARTESIAN_POINT('Ctrl Pts',(23.5368875888055,15.5761410728901,-3.));
#8838=CARTESIAN_POINT('Ctrl Pts',(23.553206436336,15.6439293175936,-3.));
#8839=CARTESIAN_POINT('',(23.4017742797732,15.2796722203493,-2.8));
#8840=CARTESIAN_POINT('',(23.4017742797732,15.2796722203493,-3.));
#8841=CARTESIAN_POINT('Ctrl Pts',(23.4017742797732,15.2796722203493,-2.8));
#8842=CARTESIAN_POINT('Ctrl Pts',(23.4353253900642,15.3335591122256,-2.8));
#8843=CARTESIAN_POINT('Ctrl Pts',(23.5057001655999,15.4465889907369,-2.8));
#8844=CARTESIAN_POINT('Ctrl Pts',(23.5368875888055,15.5761410728901,-2.8));
#8845=CARTESIAN_POINT('Ctrl Pts',(23.553206436336,15.6439293175936,-2.8));
#8846=CARTESIAN_POINT('Ctrl Pts',(23.0716241523623,15.0327420979738,-3.));
#8847=CARTESIAN_POINT('Ctrl Pts',(23.0716241523623,15.0327420979738,-2.8));
#8848=CARTESIAN_POINT('Ctrl Pts',(23.139392374955,15.0655065018602,-3.));
#8849=CARTESIAN_POINT('Ctrl Pts',(23.139392374955,15.0655065018602,-2.8));
#8850=CARTESIAN_POINT('Ctrl Pts',(23.2656681073801,15.1265579643294,-3.));
#8851=CARTESIAN_POINT('Ctrl Pts',(23.2656681073801,15.1265579643294,-2.8));
#8852=CARTESIAN_POINT('Ctrl Pts',(23.3586792830503,15.2311919916764,-3.));
#8853=CARTESIAN_POINT('Ctrl Pts',(23.3586792830503,15.2311919916764,-2.8));
#8854=CARTESIAN_POINT('Ctrl Pts',(23.4017742797732,15.2796722203493,-3.));
#8855=CARTESIAN_POINT('Ctrl Pts',(23.4017742797732,15.2796722203493,-2.8));
#8856=CARTESIAN_POINT('',(23.0716241523623,15.0327420979738,-3.));
#8857=CARTESIAN_POINT('Ctrl Pts',(23.0716241523623,15.0327420979738,-3.));
#8858=CARTESIAN_POINT('Ctrl Pts',(23.139392374955,15.0655065018602,-3.));
#8859=CARTESIAN_POINT('Ctrl Pts',(23.2656681073801,15.1265579643294,-3.));
#8860=CARTESIAN_POINT('Ctrl Pts',(23.3586792830503,15.2311919916764,-3.));
#8861=CARTESIAN_POINT('Ctrl Pts',(23.4017742797732,15.2796722203493,-3.));
#8862=CARTESIAN_POINT('',(23.0716241523623,15.0327420979738,-2.8));
#8863=CARTESIAN_POINT('',(23.0716241523623,15.0327420979738,-3.));
#8864=CARTESIAN_POINT('Ctrl Pts',(23.0716241523623,15.0327420979738,-2.8));
#8865=CARTESIAN_POINT('Ctrl Pts',(23.139392374955,15.0655065018602,-2.8));
#8866=CARTESIAN_POINT('Ctrl Pts',(23.2656681073801,15.1265579643294,-2.8));
#8867=CARTESIAN_POINT('Ctrl Pts',(23.3586792830503,15.2311919916764,-2.8));
#8868=CARTESIAN_POINT('Ctrl Pts',(23.4017742797732,15.2796722203493,-2.8));
#8869=CARTESIAN_POINT('Ctrl Pts',(22.59276997298,14.9345160275698,-3.));
#8870=CARTESIAN_POINT('Ctrl Pts',(22.59276997298,14.9345160275698,-2.8));
#8871=CARTESIAN_POINT('Ctrl Pts',(22.6763146647375,14.9383778813578,-3.));
#8872=CARTESIAN_POINT('Ctrl Pts',(22.6763146647375,14.9383778813578,-2.8));
#8873=CARTESIAN_POINT('Ctrl Pts',(22.8411244765222,14.9459962157194,-3.));
#8874=CARTESIAN_POINT('Ctrl Pts',(22.8411244765222,14.9459962157194,-2.8));
#8875=CARTESIAN_POINT('Ctrl Pts',(22.995502689337,15.0040946673665,-3.));
#8876=CARTESIAN_POINT('Ctrl Pts',(22.995502689337,15.0040946673665,-2.8));
#8877=CARTESIAN_POINT('Ctrl Pts',(23.0716241523623,15.0327420979738,-3.));
#8878=CARTESIAN_POINT('Ctrl Pts',(23.0716241523623,15.0327420979738,-2.8));
#8879=CARTESIAN_POINT('',(22.59276997298,14.9345160275698,-3.));
#8880=CARTESIAN_POINT('Ctrl Pts',(22.59276997298,14.9345160275698,-3.));
#8881=CARTESIAN_POINT('Ctrl Pts',(22.6763146647375,14.9383778813578,-3.));
#8882=CARTESIAN_POINT('Ctrl Pts',(22.8411244765222,14.9459962157194,-3.));
#8883=CARTESIAN_POINT('Ctrl Pts',(22.995502689337,15.0040946673665,-3.));
#8884=CARTESIAN_POINT('Ctrl Pts',(23.0716241523623,15.0327420979738,-3.));
#8885=CARTESIAN_POINT('',(22.59276997298,14.9345160275698,-2.8));
#8886=CARTESIAN_POINT('',(22.59276997298,14.9345160275698,-3.));
#8887=CARTESIAN_POINT('Ctrl Pts',(22.59276997298,14.9345160275698,-2.8));
#8888=CARTESIAN_POINT('Ctrl Pts',(22.6763146647375,14.9383778813578,-2.8));
#8889=CARTESIAN_POINT('Ctrl Pts',(22.8411244765222,14.9459962157194,-2.8));
#8890=CARTESIAN_POINT('Ctrl Pts',(22.995502689337,15.0040946673665,-2.8));
#8891=CARTESIAN_POINT('Ctrl Pts',(23.0716241523623,15.0327420979738,-2.8));
#8892=CARTESIAN_POINT('Ctrl Pts',(21.6732616350055,15.4256475716829,-3.));
#8893=CARTESIAN_POINT('Ctrl Pts',(21.6732616350055,15.4256475716829,-2.8));
#8894=CARTESIAN_POINT('Ctrl Pts',(21.7954008922667,15.2824034743445,-3.));
#8895=CARTESIAN_POINT('Ctrl Pts',(21.7954008922667,15.2824034743445,-2.8));
#8896=CARTESIAN_POINT('Ctrl Pts',(22.0378098888094,14.9981078377481,-3.));
#8897=CARTESIAN_POINT('Ctrl Pts',(22.0378098888094,14.9981078377481,-2.8));
#8898=CARTESIAN_POINT('Ctrl Pts',(22.4087368383018,14.955604031015,-3.));
#8899=CARTESIAN_POINT('Ctrl Pts',(22.4087368383018,14.955604031015,-2.8));
#8900=CARTESIAN_POINT('Ctrl Pts',(22.59276997298,14.9345160275698,-3.));
#8901=CARTESIAN_POINT('Ctrl Pts',(22.59276997298,14.9345160275698,-2.8));
#8902=CARTESIAN_POINT('',(21.6732616350055,15.4256475716829,-3.));
#8903=CARTESIAN_POINT('Ctrl Pts',(21.6732616350055,15.4256475716829,-3.));
#8904=CARTESIAN_POINT('Ctrl Pts',(21.7954008922667,15.2824034743445,-3.));
#8905=CARTESIAN_POINT('Ctrl Pts',(22.0378098888094,14.9981078377481,-3.));
#8906=CARTESIAN_POINT('Ctrl Pts',(22.4087368383018,14.955604031015,-3.));
#8907=CARTESIAN_POINT('Ctrl Pts',(22.59276997298,14.9345160275698,-3.));
#8908=CARTESIAN_POINT('',(21.6732616350055,15.4256475716829,-2.8));
#8909=CARTESIAN_POINT('',(21.6732616350055,15.4256475716829,-3.));
#8910=CARTESIAN_POINT('Ctrl Pts',(21.6732616350055,15.4256475716829,-2.8));
#8911=CARTESIAN_POINT('Ctrl Pts',(21.7954008922667,15.2824034743445,-2.8));
#8912=CARTESIAN_POINT('Ctrl Pts',(22.0378098888094,14.9981078377481,-2.8));
#8913=CARTESIAN_POINT('Ctrl Pts',(22.4087368383018,14.955604031015,-2.8));
#8914=CARTESIAN_POINT('Ctrl Pts',(22.59276997298,14.9345160275698,-2.8));
#8915=CARTESIAN_POINT('Origin',(21.6732616350055,15.0000000745058,-3.));
#8916=CARTESIAN_POINT('',(21.6732616350055,15.0000000745058,-3.));
#8917=CARTESIAN_POINT('',(21.6732616350055,14.0235000372529,-3.));
#8918=CARTESIAN_POINT('',(21.6732616350055,15.0000000745058,-2.8));
#8919=CARTESIAN_POINT('',(21.6732616350055,15.0000000745058,-3.));
#8920=CARTESIAN_POINT('',(21.6732616350055,15.0000000745058,-2.8));
#8921=CARTESIAN_POINT('Origin',(21.2339706346393,15.0000000745058,-3.));
#8922=CARTESIAN_POINT('',(30.8574853173196,15.0000000745058,-3.));
#8923=CARTESIAN_POINT('',(21.2339706346393,15.0000000745058,-2.8));
#8924=CARTESIAN_POINT('Origin',(19.5000015385449,17.0013643056154,-2.8));
#8925=CARTESIAN_POINT('Ctrl Pts',(28.8929068669677,18.6152798682451,-3.));
#8926=CARTESIAN_POINT('Ctrl Pts',(28.8929068669677,18.6152798682451,-2.8));
#8927=CARTESIAN_POINT('Ctrl Pts',(29.0736468935168,18.5992698108297,-3.));
#8928=CARTESIAN_POINT('Ctrl Pts',(29.0736468935168,18.5992698108297,-2.8));
#8929=CARTESIAN_POINT('Ctrl Pts',(29.4346963014045,18.5672878428037,-3.));
#8930=CARTESIAN_POINT('Ctrl Pts',(29.4346963014045,18.5672878428037,-2.8));
#8931=CARTESIAN_POINT('Ctrl Pts',(29.7184546755819,18.3418029338499,-3.));
#8932=CARTESIAN_POINT('Ctrl Pts',(29.7184546755819,18.3418029338499,-2.8));
#8933=CARTESIAN_POINT('Ctrl Pts',(29.8601646348834,18.2291949540377,-3.));
#8934=CARTESIAN_POINT('Ctrl Pts',(29.8601646348834,18.2291949540377,-2.8));
#8935=CARTESIAN_POINT('',(28.8929068669677,18.6152798682451,-3.));
#8936=CARTESIAN_POINT('',(29.8601646348834,18.2291949540377,-3.));
#8937=CARTESIAN_POINT('Ctrl Pts',(28.8929068669677,18.6152798682451,-3.));
#8938=CARTESIAN_POINT('Ctrl Pts',(29.0736468935168,18.5992698108297,-3.));
#8939=CARTESIAN_POINT('Ctrl Pts',(29.4346963014045,18.5672878428037,-3.));
#8940=CARTESIAN_POINT('Ctrl Pts',(29.7184546755819,18.3418029338499,-3.));
#8941=CARTESIAN_POINT('Ctrl Pts',(29.8601646348834,18.2291949540377,-3.));
#8942=CARTESIAN_POINT('',(28.8929068669677,18.6152798682451,-2.8));
#8943=CARTESIAN_POINT('',(28.8929068669677,18.6152798682451,-3.));
#8944=CARTESIAN_POINT('',(29.8601646348834,18.2291949540377,-2.8));
#8945=CARTESIAN_POINT('Ctrl Pts',(28.8929068669677,18.6152798682451,-2.8));
#8946=CARTESIAN_POINT('Ctrl Pts',(29.0736468935168,18.5992698108297,-2.8));
#8947=CARTESIAN_POINT('Ctrl Pts',(29.4346963014045,18.5672878428037,-2.8));
#8948=CARTESIAN_POINT('Ctrl Pts',(29.7184546755819,18.3418029338499,-2.8));
#8949=CARTESIAN_POINT('Ctrl Pts',(29.8601646348834,18.2291949540377,-2.8));
#8950=CARTESIAN_POINT('',(29.8601646348834,18.2291949540377,-3.));
#8951=CARTESIAN_POINT('Ctrl Pts',(28.1794006749988,18.4147340804338,-3.));
#8952=CARTESIAN_POINT('Ctrl Pts',(28.1794006749988,18.4147340804338,-2.8));
#8953=CARTESIAN_POINT('Ctrl Pts',(28.2894725585379,18.4732235470614,-3.));
#8954=CARTESIAN_POINT('Ctrl Pts',(28.2894725585379,18.4732235470614,-2.8));
#8955=CARTESIAN_POINT('Ctrl Pts',(28.5126542066795,18.591816734905,-3.));
#8956=CARTESIAN_POINT('Ctrl Pts',(28.5126542066795,18.591816734905,-2.8));
#8957=CARTESIAN_POINT('Ctrl Pts',(28.7650109788636,18.6073881725658,-3.));
#8958=CARTESIAN_POINT('Ctrl Pts',(28.7650109788636,18.6073881725658,-2.8));
#8959=CARTESIAN_POINT('Ctrl Pts',(28.8929068669677,18.6152798682451,-3.));
#8960=CARTESIAN_POINT('Ctrl Pts',(28.8929068669677,18.6152798682451,-2.8));
#8961=CARTESIAN_POINT('',(28.1794006749988,18.4147340804338,-3.));
#8962=CARTESIAN_POINT('Ctrl Pts',(28.1794006749988,18.4147340804338,-3.));
#8963=CARTESIAN_POINT('Ctrl Pts',(28.2894725585379,18.4732235470614,-3.));
#8964=CARTESIAN_POINT('Ctrl Pts',(28.5126542066795,18.591816734905,-3.));
#8965=CARTESIAN_POINT('Ctrl Pts',(28.7650109788636,18.6073881725658,-3.));
#8966=CARTESIAN_POINT('Ctrl Pts',(28.8929068669677,18.6152798682451,-3.));
#8967=CARTESIAN_POINT('',(28.1794006749988,18.4147340804338,-2.8));
#8968=CARTESIAN_POINT('',(28.1794006749988,18.4147340804338,-3.));
#8969=CARTESIAN_POINT('Ctrl Pts',(28.1794006749988,18.4147340804338,-2.8));
#8970=CARTESIAN_POINT('Ctrl Pts',(28.2894725585379,18.4732235470614,-2.8));
#8971=CARTESIAN_POINT('Ctrl Pts',(28.5126542066795,18.591816734905,-2.8));
#8972=CARTESIAN_POINT('Ctrl Pts',(28.7650109788636,18.6073881725658,-2.8));
#8973=CARTESIAN_POINT('Ctrl Pts',(28.8929068669677,18.6152798682451,-2.8));
#8974=CARTESIAN_POINT('Ctrl Pts',(27.6964537426829,17.8499317914248,-3.));
#8975=CARTESIAN_POINT('Ctrl Pts',(27.6964537426829,17.8499317914248,-2.8));
#8976=CARTESIAN_POINT('Ctrl Pts',(27.7569433622727,17.963954386743,-3.));
#8977=CARTESIAN_POINT('Ctrl Pts',(27.7569433622727,17.963954386743,-2.8));
#8978=CARTESIAN_POINT('Ctrl Pts',(27.8759547919649,18.1882902674785,-3.));
#8979=CARTESIAN_POINT('Ctrl Pts',(27.8759547919649,18.1882902674785,-2.8));
#8980=CARTESIAN_POINT('Ctrl Pts',(28.0793731964049,18.340089457061,-3.));
#8981=CARTESIAN_POINT('Ctrl Pts',(28.0793731964049,18.340089457061,-2.8));
#8982=CARTESIAN_POINT('Ctrl Pts',(28.1794006749988,18.4147340804338,-3.));
#8983=CARTESIAN_POINT('Ctrl Pts',(28.1794006749988,18.4147340804338,-2.8));
#8984=CARTESIAN_POINT('',(27.6964537426829,17.8499317914248,-3.));
#8985=CARTESIAN_POINT('Ctrl Pts',(27.6964537426829,17.8499317914248,-3.));
#8986=CARTESIAN_POINT('Ctrl Pts',(27.7569433622727,17.963954386743,-3.));
#8987=CARTESIAN_POINT('Ctrl Pts',(27.8759547919649,18.1882902674785,-3.));
#8988=CARTESIAN_POINT('Ctrl Pts',(28.0793731964049,18.340089457061,-3.));
#8989=CARTESIAN_POINT('Ctrl Pts',(28.1794006749988,18.4147340804338,-3.));
#8990=CARTESIAN_POINT('',(27.6964537426829,17.8499317914248,-2.8));
#8991=CARTESIAN_POINT('',(27.6964537426829,17.8499317914248,-3.));
#8992=CARTESIAN_POINT('Ctrl Pts',(27.6964537426829,17.8499317914248,-2.8));
#8993=CARTESIAN_POINT('Ctrl Pts',(27.7569433622727,17.963954386743,-2.8));
#8994=CARTESIAN_POINT('Ctrl Pts',(27.8759547919649,18.1882902674785,-2.8));
#8995=CARTESIAN_POINT('Ctrl Pts',(28.0793731964049,18.340089457061,-2.8));
#8996=CARTESIAN_POINT('Ctrl Pts',(28.1794006749988,18.4147340804338,-2.8));
#8997=CARTESIAN_POINT('Ctrl Pts',(27.5313786789775,16.9972718507051,-3.));
#8998=CARTESIAN_POINT('Ctrl Pts',(27.5313786789775,16.9972718507051,-2.8));
#8999=CARTESIAN_POINT('Ctrl Pts',(27.5367239958961,17.1514040088683,-3.));
#9000=CARTESIAN_POINT('Ctrl Pts',(27.5367239958961,17.1514040088683,-2.8));
#9001=CARTESIAN_POINT('Ctrl Pts',(27.546890871546,17.4445657632684,-3.));
#9002=CARTESIAN_POINT('Ctrl Pts',(27.546890871546,17.4445657632684,-2.8));
#9003=CARTESIAN_POINT('Ctrl Pts',(27.6483415683982,17.719531506598,-3.));
#9004=CARTESIAN_POINT('Ctrl Pts',(27.6483415683982,17.719531506598,-2.8));
#9005=CARTESIAN_POINT('Ctrl Pts',(27.6964537426829,17.8499317914248,-3.));
#9006=CARTESIAN_POINT('Ctrl Pts',(27.6964537426829,17.8499317914248,-2.8));
#9007=CARTESIAN_POINT('',(27.5313786789775,16.9972718507051,-3.));
#9008=CARTESIAN_POINT('Ctrl Pts',(27.5313786789775,16.9972718507051,-3.));
#9009=CARTESIAN_POINT('Ctrl Pts',(27.5367239958961,17.1514040088683,-3.));
#9010=CARTESIAN_POINT('Ctrl Pts',(27.546890871546,17.4445657632684,-3.));
#9011=CARTESIAN_POINT('Ctrl Pts',(27.6483415683982,17.719531506598,-3.));
#9012=CARTESIAN_POINT('Ctrl Pts',(27.6964537426829,17.8499317914248,-3.));
#9013=CARTESIAN_POINT('',(27.5313786789775,16.9972718507051,-2.8));
#9014=CARTESIAN_POINT('',(27.5313786789775,16.9972718507051,-3.));
#9015=CARTESIAN_POINT('Ctrl Pts',(27.5313786789775,16.9972718507051,-2.8));
#9016=CARTESIAN_POINT('Ctrl Pts',(27.5367239958961,17.1514040088683,-2.8));
#9017=CARTESIAN_POINT('Ctrl Pts',(27.546890871546,17.4445657632684,-2.8));
#9018=CARTESIAN_POINT('Ctrl Pts',(27.6483415683982,17.719531506598,-2.8));
#9019=CARTESIAN_POINT('Ctrl Pts',(27.6964537426829,17.8499317914248,-2.8));
#9020=CARTESIAN_POINT('Ctrl Pts',(27.9174632951617,15.8049119263887,-3.));
#9021=CARTESIAN_POINT('Ctrl Pts',(27.9174632951617,15.8049119263887,-2.8));
#9022=CARTESIAN_POINT('Ctrl Pts',(27.8050605094622,15.9688842193206,-3.));
#9023=CARTESIAN_POINT('Ctrl Pts',(27.8050605094622,15.9688842193206,-2.8));
#9024=CARTESIAN_POINT('Ctrl Pts',(27.5598731520819,16.3265615930384,-3.));
#9025=CARTESIAN_POINT('Ctrl Pts',(27.5598731520819,16.3265615930384,-2.8));
#9026=CARTESIAN_POINT('Ctrl Pts',(27.5413890160304,16.7616459551329,-3.));
#9027=CARTESIAN_POINT('Ctrl Pts',(27.5413890160304,16.7616459551329,-2.8));
#9028=CARTESIAN_POINT('Ctrl Pts',(27.5313786789775,16.9972718507051,-3.));
#9029=CARTESIAN_POINT('Ctrl Pts',(27.5313786789775,16.9972718507051,-2.8));
#9030=CARTESIAN_POINT('',(27.9174632951617,15.8049119263887,-3.));
#9031=CARTESIAN_POINT('Ctrl Pts',(27.9174632951617,15.8049119263887,-3.));
#9032=CARTESIAN_POINT('Ctrl Pts',(27.8050605094622,15.9688842193206,-3.));
#9033=CARTESIAN_POINT('Ctrl Pts',(27.5598731520819,16.3265615930384,-3.));
#9034=CARTESIAN_POINT('Ctrl Pts',(27.5413890160304,16.7616459551329,-3.));
#9035=CARTESIAN_POINT('Ctrl Pts',(27.5313786789775,16.9972718507051,-3.));
#9036=CARTESIAN_POINT('',(27.9174632951617,15.8049119263887,-2.8));
#9037=CARTESIAN_POINT('',(27.9174632951617,15.8049119263887,-3.));
#9038=CARTESIAN_POINT('Ctrl Pts',(27.9174632951617,15.8049119263887,-2.8));
#9039=CARTESIAN_POINT('Ctrl Pts',(27.8050605094622,15.9688842193206,-2.8));
#9040=CARTESIAN_POINT('Ctrl Pts',(27.5598731520819,16.3265615930384,-2.8));
#9041=CARTESIAN_POINT('Ctrl Pts',(27.5413890160304,16.7616459551329,-2.8));
#9042=CARTESIAN_POINT('Ctrl Pts',(27.5313786789775,16.9972718507051,-2.8));
#9043=CARTESIAN_POINT('Ctrl Pts',(28.9010923728347,15.3847206383944,-3.));
#9044=CARTESIAN_POINT('Ctrl Pts',(28.9010923728347,15.3847206383944,-2.8));
#9045=CARTESIAN_POINT('Ctrl Pts',(28.7115905546328,15.4012920856635,-3.));
#9046=CARTESIAN_POINT('Ctrl Pts',(28.7115905546328,15.4012920856635,-2.8));
#9047=CARTESIAN_POINT('Ctrl Pts',(28.3374903945181,15.4340061837949,-3.));
#9048=CARTESIAN_POINT('Ctrl Pts',(28.3374903945181,15.4340061837949,-2.8));
#9049=CARTESIAN_POINT('Ctrl Pts',(28.0562435242446,15.6823617766384,-3.));
#9050=CARTESIAN_POINT('Ctrl Pts',(28.0562435242446,15.6823617766384,-2.8));
#9051=CARTESIAN_POINT('Ctrl Pts',(27.9174632951617,15.8049119263887,-3.));
#9052=CARTESIAN_POINT('Ctrl Pts',(27.9174632951617,15.8049119263887,-2.8));
#9053=CARTESIAN_POINT('',(28.9010923728347,15.3847206383944,-3.));
#9054=CARTESIAN_POINT('Ctrl Pts',(28.9010923728347,15.3847206383944,-3.));
#9055=CARTESIAN_POINT('Ctrl Pts',(28.7115905546328,15.4012920856635,-3.));
#9056=CARTESIAN_POINT('Ctrl Pts',(28.3374903945181,15.4340061837949,-3.));
#9057=CARTESIAN_POINT('Ctrl Pts',(28.0562435242446,15.6823617766384,-3.));
#9058=CARTESIAN_POINT('Ctrl Pts',(27.9174632951617,15.8049119263887,-3.));
#9059=CARTESIAN_POINT('',(28.9010923728347,15.3847206383944,-2.8));
#9060=CARTESIAN_POINT('',(28.9010923728347,15.3847206383944,-3.));
#9061=CARTESIAN_POINT('Ctrl Pts',(28.9010923728347,15.3847206383944,-2.8));
#9062=CARTESIAN_POINT('Ctrl Pts',(28.7115905546328,15.4012920856635,-2.8));
#9063=CARTESIAN_POINT('Ctrl Pts',(28.3374903945181,15.4340061837949,-2.8));
#9064=CARTESIAN_POINT('Ctrl Pts',(28.0562435242446,15.6823617766384,-2.8));
#9065=CARTESIAN_POINT('Ctrl Pts',(27.9174632951617,15.8049119263887,-2.8));
#9066=CARTESIAN_POINT('Ctrl Pts',(29.8765356466174,15.8008182793856,-3.));
#9067=CARTESIAN_POINT('Ctrl Pts',(29.8765356466174,15.8008182793856,-2.8));
#9068=CARTESIAN_POINT('Ctrl Pts',(29.7378786365538,15.679458903124,-3.));
#9069=CARTESIAN_POINT('Ctrl Pts',(29.7378786365538,15.679458903124,-2.8));
#9070=CARTESIAN_POINT('Ctrl Pts',(29.4582108314255,15.434680003195,-3.));
#9071=CARTESIAN_POINT('Ctrl Pts',(29.4582108314255,15.434680003195,-2.8));
#9072=CARTESIAN_POINT('Ctrl Pts',(29.0878375905735,15.4014669377028,-3.));
#9073=CARTESIAN_POINT('Ctrl Pts',(29.0878375905735,15.4014669377028,-2.8));
#9074=CARTESIAN_POINT('Ctrl Pts',(28.9010923728347,15.3847206383944,-3.));
#9075=CARTESIAN_POINT('Ctrl Pts',(28.9010923728347,15.3847206383944,-2.8));
#9076=CARTESIAN_POINT('',(29.8765356466174,15.8008182793856,-3.));
#9077=CARTESIAN_POINT('Ctrl Pts',(29.8765356466174,15.8008182793856,-3.));
#9078=CARTESIAN_POINT('Ctrl Pts',(29.7378786365538,15.679458903124,-3.));
#9079=CARTESIAN_POINT('Ctrl Pts',(29.4582108314255,15.434680003195,-3.));
#9080=CARTESIAN_POINT('Ctrl Pts',(29.0878375905735,15.4014669377028,-3.));
#9081=CARTESIAN_POINT('Ctrl Pts',(28.9010923728347,15.3847206383944,-3.));
#9082=CARTESIAN_POINT('',(29.8765356466174,15.8008182793856,-2.8));
#9083=CARTESIAN_POINT('',(29.8765356466174,15.8008182793856,-3.));
#9084=CARTESIAN_POINT('Ctrl Pts',(29.8765356466174,15.8008182793856,-2.8));
#9085=CARTESIAN_POINT('Ctrl Pts',(29.7378786365538,15.679458903124,-2.8));
#9086=CARTESIAN_POINT('Ctrl Pts',(29.4582108314255,15.434680003195,-2.8));
#9087=CARTESIAN_POINT('Ctrl Pts',(29.0878375905735,15.4014669377028,-2.8));
#9088=CARTESIAN_POINT('Ctrl Pts',(28.9010923728347,15.3847206383944,-2.8));
#9089=CARTESIAN_POINT('Ctrl Pts',(30.2653488144279,16.9399727135897,-3.));
#9090=CARTESIAN_POINT('Ctrl Pts',(30.2653488144279,16.9399727135897,-2.8));
#9091=CARTESIAN_POINT('Ctrl Pts',(30.2538789355351,16.7170877346605,-3.));
#9092=CARTESIAN_POINT('Ctrl Pts',(30.2538789355351,16.7170877346605,-2.8));
#9093=CARTESIAN_POINT('Ctrl Pts',(30.2323595568386,16.2989188671262,-3.));
#9094=CARTESIAN_POINT('Ctrl Pts',(30.2323595568386,16.2989188671262,-2.8));
#9095=CARTESIAN_POINT('Ctrl Pts',(29.9898070862698,15.9593814592181,-3.));
#9096=CARTESIAN_POINT('Ctrl Pts',(29.9898070862698,15.9593814592181,-2.8));
#9097=CARTESIAN_POINT('Ctrl Pts',(29.8765356466174,15.8008182793856,-3.));
#9098=CARTESIAN_POINT('Ctrl Pts',(29.8765356466174,15.8008182793856,-2.8));
#9099=CARTESIAN_POINT('',(30.2653488144279,16.9399727135897,-3.));
#9100=CARTESIAN_POINT('Ctrl Pts',(30.2653488144279,16.9399727135897,-3.));
#9101=CARTESIAN_POINT('Ctrl Pts',(30.2538789355351,16.7170877346605,-3.));
#9102=CARTESIAN_POINT('Ctrl Pts',(30.2323595568386,16.2989188671262,-3.));
#9103=CARTESIAN_POINT('Ctrl Pts',(29.9898070862698,15.9593814592181,-3.));
#9104=CARTESIAN_POINT('Ctrl Pts',(29.8765356466174,15.8008182793856,-3.));
#9105=CARTESIAN_POINT('',(30.2653488144279,16.9399727135897,-2.8));
#9106=CARTESIAN_POINT('',(30.2653488144279,16.9399727135897,-3.));
#9107=CARTESIAN_POINT('Ctrl Pts',(30.2653488144279,16.9399727135897,-2.8));
#9108=CARTESIAN_POINT('Ctrl Pts',(30.2538789355351,16.7170877346605,-2.8));
#9109=CARTESIAN_POINT('Ctrl Pts',(30.2323595568386,16.2989188671262,-2.8));
#9110=CARTESIAN_POINT('Ctrl Pts',(29.9898070862698,15.9593814592181,-2.8));
#9111=CARTESIAN_POINT('Ctrl Pts',(29.8765356466174,15.8008182793856,-2.8));
#9112=CARTESIAN_POINT('Ctrl Pts',(29.8601646348834,18.2291949540377,-3.));
#9113=CARTESIAN_POINT('Ctrl Pts',(29.8601646348834,18.2291949540377,-2.8));
#9114=CARTESIAN_POINT('Ctrl Pts',(29.9778225312755,18.0630436816749,-3.));
#9115=CARTESIAN_POINT('Ctrl Pts',(29.9778225312755,18.0630436816749,-2.8));
#9116=CARTESIAN_POINT('Ctrl Pts',(30.248970662708,17.680140294671,-3.));
#9117=CARTESIAN_POINT('Ctrl Pts',(30.248970662708,17.680140294671,-2.8));
#9118=CARTESIAN_POINT('Ctrl Pts',(30.2594287503086,17.2075144737304,-3.));
#9119=CARTESIAN_POINT('Ctrl Pts',(30.2594287503086,17.2075144737304,-2.8));
#9120=CARTESIAN_POINT('Ctrl Pts',(30.2653488144279,16.9399727135897,-3.));
#9121=CARTESIAN_POINT('Ctrl Pts',(30.2653488144279,16.9399727135897,-2.8));
#9122=CARTESIAN_POINT('Ctrl Pts',(29.8601646348834,18.2291949540377,-3.));
#9123=CARTESIAN_POINT('Ctrl Pts',(29.9778225312755,18.0630436816749,-3.));
#9124=CARTESIAN_POINT('Ctrl Pts',(30.248970662708,17.680140294671,-3.));
#9125=CARTESIAN_POINT('Ctrl Pts',(30.2594287503086,17.2075144737304,-3.));
#9126=CARTESIAN_POINT('Ctrl Pts',(30.2653488144279,16.9399727135897,-3.));
#9127=CARTESIAN_POINT('Ctrl Pts',(29.8601646348834,18.2291949540377,-2.8));
#9128=CARTESIAN_POINT('Ctrl Pts',(29.9778225312755,18.0630436816749,-2.8));
#9129=CARTESIAN_POINT('Ctrl Pts',(30.248970662708,17.680140294671,-2.8));
#9130=CARTESIAN_POINT('Ctrl Pts',(30.2594287503086,17.2075144737304,-2.8));
#9131=CARTESIAN_POINT('Ctrl Pts',(30.2653488144279,16.9399727135897,-2.8));
#9132=CARTESIAN_POINT('Ctrl Pts',(29.9079136177897,15.2046383172274,-3.));
#9133=CARTESIAN_POINT('Ctrl Pts',(29.9079136177897,15.2046383172274,-2.8));
#9134=CARTESIAN_POINT('Ctrl Pts',(30.0472386245196,15.3040060366482,-3.));
#9135=CARTESIAN_POINT('Ctrl Pts',(30.0472386245196,15.3040060366482,-2.8));
#9136=CARTESIAN_POINT('Ctrl Pts',(30.3263077700435,15.5030404038612,-3.));
#9137=CARTESIAN_POINT('Ctrl Pts',(30.3263077700435,15.5030404038612,-2.8));
#9138=CARTESIAN_POINT('Ctrl Pts',(30.4965881811572,15.8005460816026,-3.));
#9139=CARTESIAN_POINT('Ctrl Pts',(30.4965881811572,15.8005460816026,-2.8));
#9140=CARTESIAN_POINT('Ctrl Pts',(30.5818562582135,15.949522331357,-3.));
#9141=CARTESIAN_POINT('Ctrl Pts',(30.5818562582135,15.949522331357,-2.8));
#9142=CARTESIAN_POINT('',(29.9079136177897,15.2046383172274,-3.));
#9143=CARTESIAN_POINT('',(30.5818562582135,15.949522331357,-3.));
#9144=CARTESIAN_POINT('Ctrl Pts',(29.9079136177897,15.2046383172274,-3.));
#9145=CARTESIAN_POINT('Ctrl Pts',(30.0472386245196,15.3040060366482,-3.));
#9146=CARTESIAN_POINT('Ctrl Pts',(30.3263077700435,15.5030404038612,-3.));
#9147=CARTESIAN_POINT('Ctrl Pts',(30.4965881811572,15.8005460816026,-3.));
#9148=CARTESIAN_POINT('Ctrl Pts',(30.5818562582135,15.949522331357,-3.));
#9149=CARTESIAN_POINT('',(29.9079136177897,15.2046383172274,-2.8));
#9150=CARTESIAN_POINT('',(29.9079136177897,15.2046383172274,-3.));
#9151=CARTESIAN_POINT('',(30.5818562582135,15.949522331357,-2.8));
#9152=CARTESIAN_POINT('Ctrl Pts',(29.9079136177897,15.2046383172274,-2.8));
#9153=CARTESIAN_POINT('Ctrl Pts',(30.0472386245196,15.3040060366482,-2.8));
#9154=CARTESIAN_POINT('Ctrl Pts',(30.3263077700435,15.5030404038612,-2.8));
#9155=CARTESIAN_POINT('Ctrl Pts',(30.4965881811572,15.8005460816026,-2.8));
#9156=CARTESIAN_POINT('Ctrl Pts',(30.5818562582135,15.949522331357,-2.8));
#9157=CARTESIAN_POINT('',(30.5818562582135,15.949522331357,-3.));
#9158=CARTESIAN_POINT('Ctrl Pts',(28.8983638212085,14.931787326932,-3.));
#9159=CARTESIAN_POINT('Ctrl Pts',(28.8983638212085,14.931787326932,-2.8));
#9160=CARTESIAN_POINT('Ctrl Pts',(29.0800044193757,14.9421723960551,-3.));
#9161=CARTESIAN_POINT('Ctrl Pts',(29.0800044193757,14.9421723960551,-2.8));
#9162=CARTESIAN_POINT('Ctrl Pts',(29.4358278952342,14.9625161486616,-3.));
#9163=CARTESIAN_POINT('Ctrl Pts',(29.4358278952342,14.9625161486616,-2.8));
#9164=CARTESIAN_POINT('Ctrl Pts',(29.7527659499911,15.1250665615471,-3.));
#9165=CARTESIAN_POINT('Ctrl Pts',(29.7527659499911,15.1250665615471,-2.8));
#9166=CARTESIAN_POINT('Ctrl Pts',(29.9079136177897,15.2046383172274,-3.));
#9167=CARTESIAN_POINT('Ctrl Pts',(29.9079136177897,15.2046383172274,-2.8));
#9168=CARTESIAN_POINT('',(28.8983638212085,14.931787326932,-3.));
#9169=CARTESIAN_POINT('Ctrl Pts',(28.8983638212085,14.931787326932,-3.));
#9170=CARTESIAN_POINT('Ctrl Pts',(29.0800044193757,14.9421723960551,-3.));
#9171=CARTESIAN_POINT('Ctrl Pts',(29.4358278952342,14.9625161486616,-3.));
#9172=CARTESIAN_POINT('Ctrl Pts',(29.7527659499911,15.1250665615471,-3.));
#9173=CARTESIAN_POINT('Ctrl Pts',(29.9079136177897,15.2046383172274,-3.));
#9174=CARTESIAN_POINT('',(28.8983638212085,14.931787326932,-2.8));
#9175=CARTESIAN_POINT('',(28.8983638212085,14.931787326932,-3.));
#9176=CARTESIAN_POINT('Ctrl Pts',(28.8983638212085,14.931787326932,-2.8));
#9177=CARTESIAN_POINT('Ctrl Pts',(29.0800044193757,14.9421723960551,-2.8));
#9178=CARTESIAN_POINT('Ctrl Pts',(29.4358278952342,14.9625161486616,-2.8));
#9179=CARTESIAN_POINT('Ctrl Pts',(29.7527659499911,15.1250665615471,-2.8));
#9180=CARTESIAN_POINT('Ctrl Pts',(29.9079136177897,15.2046383172274,-2.8));
#9181=CARTESIAN_POINT('Ctrl Pts',(27.9270131513476,15.1787174493074,-3.));
#9182=CARTESIAN_POINT('Ctrl Pts',(27.9270131513476,15.1787174493074,-2.8));
#9183=CARTESIAN_POINT('Ctrl Pts',(28.0803722306652,15.1066964731104,-3.));
#9184=CARTESIAN_POINT('Ctrl Pts',(28.0803722306652,15.1066964731104,-2.8));
#9185=CARTESIAN_POINT('Ctrl Pts',(28.3882868638544,14.9620926285495,-3.));
#9186=CARTESIAN_POINT('Ctrl Pts',(28.3882868638544,14.9620926285495,-2.8));
#9187=CARTESIAN_POINT('Ctrl Pts',(28.7278982887986,14.9419152288115,-3.));
#9188=CARTESIAN_POINT('Ctrl Pts',(28.7278982887986,14.9419152288115,-2.8));
#9189=CARTESIAN_POINT('Ctrl Pts',(28.8983638212085,14.931787326932,-3.));
#9190=CARTESIAN_POINT('Ctrl Pts',(28.8983638212085,14.931787326932,-2.8));
#9191=CARTESIAN_POINT('',(27.9270131513476,15.1787174493074,-3.));
#9192=CARTESIAN_POINT('Ctrl Pts',(27.9270131513476,15.1787174493074,-3.));
#9193=CARTESIAN_POINT('Ctrl Pts',(28.0803722306652,15.1066964731104,-3.));
#9194=CARTESIAN_POINT('Ctrl Pts',(28.3882868638544,14.9620926285495,-3.));
#9195=CARTESIAN_POINT('Ctrl Pts',(28.7278982887986,14.9419152288115,-3.));
#9196=CARTESIAN_POINT('Ctrl Pts',(28.8983638212085,14.931787326932,-3.));
#9197=CARTESIAN_POINT('',(27.9270131513476,15.1787174493074,-2.8));
#9198=CARTESIAN_POINT('',(27.9270131513476,15.1787174493074,-3.));
#9199=CARTESIAN_POINT('Ctrl Pts',(27.9270131513476,15.1787174493074,-2.8));
#9200=CARTESIAN_POINT('Ctrl Pts',(28.0803722306652,15.1066964731104,-2.8));
#9201=CARTESIAN_POINT('Ctrl Pts',(28.3882868638544,14.9620926285495,-2.8));
#9202=CARTESIAN_POINT('Ctrl Pts',(28.7278982887986,14.9419152288115,-2.8));
#9203=CARTESIAN_POINT('Ctrl Pts',(28.8983638212085,14.931787326932,-2.8));
#9204=CARTESIAN_POINT('Ctrl Pts',(27.23124217242,15.9058666974306,-3.));
#9205=CARTESIAN_POINT('Ctrl Pts',(27.23124217242,15.9058666974306,-2.8));
#9206=CARTESIAN_POINT('Ctrl Pts',(27.3206146253614,15.7560726695655,-3.));
#9207=CARTESIAN_POINT('Ctrl Pts',(27.3206146253614,15.7560726695655,-2.8));
#9208=CARTESIAN_POINT('Ctrl Pts',(27.4970404511939,15.460371542416,-3.));
#9209=CARTESIAN_POINT('Ctrl Pts',(27.4970404511939,15.460371542416,-2.8));
#9210=CARTESIAN_POINT('Ctrl Pts',(27.7849504231292,15.2717757966551,-3.));
#9211=CARTESIAN_POINT('Ctrl Pts',(27.7849504231292,15.2717757966551,-2.8));
#9212=CARTESIAN_POINT('Ctrl Pts',(27.9270131513476,15.1787174493074,-3.));
#9213=CARTESIAN_POINT('Ctrl Pts',(27.9270131513476,15.1787174493074,-2.8));
#9214=CARTESIAN_POINT('',(27.23124217242,15.9058666974306,-3.));
#9215=CARTESIAN_POINT('Ctrl Pts',(27.23124217242,15.9058666974306,-3.));
#9216=CARTESIAN_POINT('Ctrl Pts',(27.3206146253614,15.7560726695655,-3.));
#9217=CARTESIAN_POINT('Ctrl Pts',(27.4970404511939,15.460371542416,-3.));
#9218=CARTESIAN_POINT('Ctrl Pts',(27.7849504231292,15.2717757966551,-3.));
#9219=CARTESIAN_POINT('Ctrl Pts',(27.9270131513476,15.1787174493074,-3.));
#9220=CARTESIAN_POINT('',(27.23124217242,15.9058666974306,-2.8));
#9221=CARTESIAN_POINT('',(27.23124217242,15.9058666974306,-3.));
#9222=CARTESIAN_POINT('Ctrl Pts',(27.23124217242,15.9058666974306,-2.8));
#9223=CARTESIAN_POINT('Ctrl Pts',(27.3206146253614,15.7560726695655,-2.8));
#9224=CARTESIAN_POINT('Ctrl Pts',(27.4970404511939,15.460371542416,-2.8));
#9225=CARTESIAN_POINT('Ctrl Pts',(27.7849504231292,15.2717757966551,-2.8));
#9226=CARTESIAN_POINT('Ctrl Pts',(27.9270131513476,15.1787174493074,-2.8));
#9227=CARTESIAN_POINT('Ctrl Pts',(26.9856761023402,16.9945431500673,-3.));
#9228=CARTESIAN_POINT('Ctrl Pts',(26.9856761023402,16.9945431500673,-2.8));
#9229=CARTESIAN_POINT('Ctrl Pts',(26.9945610708835,16.7997526793337,-3.));
#9230=CARTESIAN_POINT('Ctrl Pts',(26.9945610708835,16.7997526793337,-2.8));
#9231=CARTESIAN_POINT('Ctrl Pts',(27.0117902536892,16.4220270168601,-3.));
#9232=CARTESIAN_POINT('Ctrl Pts',(27.0117902536892,16.4220270168601,-2.8));
#9233=CARTESIAN_POINT('Ctrl Pts',(27.1596383168467,16.0742820349627,-3.));
#9234=CARTESIAN_POINT('Ctrl Pts',(27.1596383168467,16.0742820349627,-2.8));
#9235=CARTESIAN_POINT('Ctrl Pts',(27.23124217242,15.9058666974306,-3.));
#9236=CARTESIAN_POINT('Ctrl Pts',(27.23124217242,15.9058666974306,-2.8));
#9237=CARTESIAN_POINT('',(26.9856761023402,16.9945431500673,-3.));
#9238=CARTESIAN_POINT('Ctrl Pts',(26.9856761023402,16.9945431500673,-3.));
#9239=CARTESIAN_POINT('Ctrl Pts',(26.9945610708835,16.7997526793337,-3.));
#9240=CARTESIAN_POINT('Ctrl Pts',(27.0117902536892,16.4220270168601,-3.));
#9241=CARTESIAN_POINT('Ctrl Pts',(27.1596383168467,16.0742820349627,-3.));
#9242=CARTESIAN_POINT('Ctrl Pts',(27.23124217242,15.9058666974306,-3.));
#9243=CARTESIAN_POINT('',(26.9856761023402,16.9945431500673,-2.8));
#9244=CARTESIAN_POINT('',(26.9856761023402,16.9945431500673,-3.));
#9245=CARTESIAN_POINT('Ctrl Pts',(26.9856761023402,16.9945431500673,-2.8));
#9246=CARTESIAN_POINT('Ctrl Pts',(26.9945610708835,16.7997526793337,-2.8));
#9247=CARTESIAN_POINT('Ctrl Pts',(27.0117902536892,16.4220270168601,-2.8));
#9248=CARTESIAN_POINT('Ctrl Pts',(27.1596383168467,16.0742820349627,-2.8));
#9249=CARTESIAN_POINT('Ctrl Pts',(27.23124217242,15.9058666974306,-2.8));
#9250=CARTESIAN_POINT('Ctrl Pts',(27.2189639136195,18.0682129412889,-3.));
#9251=CARTESIAN_POINT('Ctrl Pts',(27.2189639136195,18.0682129412889,-2.8));
#9252=CARTESIAN_POINT('Ctrl Pts',(27.1509426570489,17.9019876850116,-3.));
#9253=CARTESIAN_POINT('Ctrl Pts',(27.1509426570489,17.9019876850116,-2.8));
#9254=CARTESIAN_POINT('Ctrl Pts',(27.0101951431618,17.5580394437442,-3.));
#9255=CARTESIAN_POINT('Ctrl Pts',(27.0101951431618,17.5580394437442,-2.8));
#9256=CARTESIAN_POINT('Ctrl Pts',(26.9940292506539,17.1865151015617,-3.));
#9257=CARTESIAN_POINT('Ctrl Pts',(26.9940292506539,17.1865151015617,-2.8));
#9258=CARTESIAN_POINT('Ctrl Pts',(26.9856761023402,16.9945431500673,-3.));
#9259=CARTESIAN_POINT('Ctrl Pts',(26.9856761023402,16.9945431500673,-2.8));
#9260=CARTESIAN_POINT('',(27.2189639136195,18.0682129412889,-3.));
#9261=CARTESIAN_POINT('Ctrl Pts',(27.2189639136195,18.0682129412889,-3.));
#9262=CARTESIAN_POINT('Ctrl Pts',(27.1509426570489,17.9019876850116,-3.));
#9263=CARTESIAN_POINT('Ctrl Pts',(27.0101951431618,17.5580394437442,-3.));
#9264=CARTESIAN_POINT('Ctrl Pts',(26.9940292506539,17.1865151015617,-3.));
#9265=CARTESIAN_POINT('Ctrl Pts',(26.9856761023402,16.9945431500673,-3.));
#9266=CARTESIAN_POINT('',(27.2189639136195,18.0682129412889,-2.8));
#9267=CARTESIAN_POINT('',(27.2189639136195,18.0682129412889,-3.));
#9268=CARTESIAN_POINT('Ctrl Pts',(27.2189639136195,18.0682129412889,-2.8));
#9269=CARTESIAN_POINT('Ctrl Pts',(27.1509426570489,17.9019876850116,-2.8));
#9270=CARTESIAN_POINT('Ctrl Pts',(27.0101951431618,17.5580394437442,-2.8));
#9271=CARTESIAN_POINT('Ctrl Pts',(26.9940292506539,17.1865151015617,-2.8));
#9272=CARTESIAN_POINT('Ctrl Pts',(26.9856761023402,16.9945431500673,-2.8));
#9273=CARTESIAN_POINT('Ctrl Pts',(27.8969995304942,18.8062757998705,-3.));
#9274=CARTESIAN_POINT('Ctrl Pts',(27.8969995304942,18.8062757998705,-2.8));
#9275=CARTESIAN_POINT('Ctrl Pts',(27.7573613515517,18.7089500533781,-3.));
#9276=CARTESIAN_POINT('Ctrl Pts',(27.7573613515517,18.7089500533781,-2.8));
#9277=CARTESIAN_POINT('Ctrl Pts',(27.4766247757658,18.5132808101024,-3.));
#9278=CARTESIAN_POINT('Ctrl Pts',(27.4766247757658,18.5132808101024,-2.8));
#9279=CARTESIAN_POINT('Ctrl Pts',(27.3051481727186,18.217082444414,-3.));
#9280=CARTESIAN_POINT('Ctrl Pts',(27.3051481727186,18.217082444414,-2.8));
#9281=CARTESIAN_POINT('Ctrl Pts',(27.2189639136195,18.0682129412889,-3.));
#9282=CARTESIAN_POINT('Ctrl Pts',(27.2189639136195,18.0682129412889,-2.8));
#9283=CARTESIAN_POINT('',(27.8969995304942,18.8062757998705,-3.));
#9284=CARTESIAN_POINT('Ctrl Pts',(27.8969995304942,18.8062757998705,-3.));
#9285=CARTESIAN_POINT('Ctrl Pts',(27.7573613515517,18.7089500533781,-3.));
#9286=CARTESIAN_POINT('Ctrl Pts',(27.4766247757658,18.5132808101024,-3.));
#9287=CARTESIAN_POINT('Ctrl Pts',(27.3051481727186,18.217082444414,-3.));
#9288=CARTESIAN_POINT('Ctrl Pts',(27.2189639136195,18.0682129412889,-3.));
#9289=CARTESIAN_POINT('',(27.8969995304942,18.8062757998705,-2.8));
#9290=CARTESIAN_POINT('',(27.8969995304942,18.8062757998705,-3.));
#9291=CARTESIAN_POINT('Ctrl Pts',(27.8969995304942,18.8062757998705,-2.8));
#9292=CARTESIAN_POINT('Ctrl Pts',(27.7573613515517,18.7089500533781,-2.8));
#9293=CARTESIAN_POINT('Ctrl Pts',(27.4766247757658,18.5132808101024,-2.8));
#9294=CARTESIAN_POINT('Ctrl Pts',(27.3051481727186,18.217082444414,-2.8));
#9295=CARTESIAN_POINT('Ctrl Pts',(27.2189639136195,18.0682129412889,-2.8));
#9296=CARTESIAN_POINT('Ctrl Pts',(28.8956352695823,19.0709412842989,-3.));
#9297=CARTESIAN_POINT('Ctrl Pts',(28.8956352695823,19.0709412842989,-2.8));
#9298=CARTESIAN_POINT('Ctrl Pts',(28.7169320445025,19.0607249278874,-3.));
#9299=CARTESIAN_POINT('Ctrl Pts',(28.7169320445025,19.0607249278874,-2.8));
#9300=CARTESIAN_POINT('Ctrl Pts',(28.3658127078726,19.0406516455816,-3.));
#9301=CARTESIAN_POINT('Ctrl Pts',(28.3658127078726,19.0406516455816,-2.8));
#9302=CARTESIAN_POINT('Ctrl Pts',(28.0513939375359,18.8834628787956,-3.));
#9303=CARTESIAN_POINT('Ctrl Pts',(28.0513939375359,18.8834628787956,-2.8));
#9304=CARTESIAN_POINT('Ctrl Pts',(27.8969995304942,18.8062757998705,-3.));
#9305=CARTESIAN_POINT('Ctrl Pts',(27.8969995304942,18.8062757998705,-2.8));
#9306=CARTESIAN_POINT('',(28.8956352695823,19.0709412842989,-3.));
#9307=CARTESIAN_POINT('Ctrl Pts',(28.8956352695823,19.0709412842989,-3.));
#9308=CARTESIAN_POINT('Ctrl Pts',(28.7169320445025,19.0607249278874,-3.));
#9309=CARTESIAN_POINT('Ctrl Pts',(28.3658127078726,19.0406516455816,-3.));
#9310=CARTESIAN_POINT('Ctrl Pts',(28.0513939375359,18.8834628787956,-3.));
#9311=CARTESIAN_POINT('Ctrl Pts',(27.8969995304942,18.8062757998705,-3.));
#9312=CARTESIAN_POINT('',(28.8956352695823,19.0709412842989,-2.8));
#9313=CARTESIAN_POINT('',(28.8956352695823,19.0709412842989,-3.));
#9314=CARTESIAN_POINT('Ctrl Pts',(28.8956352695823,19.0709412842989,-2.8));
#9315=CARTESIAN_POINT('Ctrl Pts',(28.7169320445025,19.0607249278874,-2.8));
#9316=CARTESIAN_POINT('Ctrl Pts',(28.3658127078726,19.0406516455816,-2.8));
#9317=CARTESIAN_POINT('Ctrl Pts',(28.0513939375359,18.8834628787956,-2.8));
#9318=CARTESIAN_POINT('Ctrl Pts',(27.8969995304942,18.8062757998705,-2.8));
#9319=CARTESIAN_POINT('Ctrl Pts',(30.2762628719211,18.5075033456087,-3.));
#9320=CARTESIAN_POINT('Ctrl Pts',(30.2762628719211,18.5075033456087,-2.8));
#9321=CARTESIAN_POINT('Ctrl Pts',(30.0817907087053,18.6718128385948,-3.));
#9322=CARTESIAN_POINT('Ctrl Pts',(30.0817907087053,18.6718128385948,-2.8));
#9323=CARTESIAN_POINT('Ctrl Pts',(29.6832519394459,19.0085381674516,-3.));
#9324=CARTESIAN_POINT('Ctrl Pts',(29.6832519394459,19.0085381674516,-2.8));
#9325=CARTESIAN_POINT('Ctrl Pts',(29.1623541991995,19.0498090594906,-3.));
#9326=CARTESIAN_POINT('Ctrl Pts',(29.1623541991995,19.0498090594906,-2.8));
#9327=CARTESIAN_POINT('Ctrl Pts',(28.8956352695823,19.0709412842989,-3.));
#9328=CARTESIAN_POINT('Ctrl Pts',(28.8956352695823,19.0709412842989,-2.8));
#9329=CARTESIAN_POINT('',(30.2762628719211,18.5075033456087,-3.));
#9330=CARTESIAN_POINT('Ctrl Pts',(30.2762628719211,18.5075033456087,-3.));
#9331=CARTESIAN_POINT('Ctrl Pts',(30.0817907087053,18.6718128385948,-3.));
#9332=CARTESIAN_POINT('Ctrl Pts',(29.6832519394459,19.0085381674516,-3.));
#9333=CARTESIAN_POINT('Ctrl Pts',(29.1623541991995,19.0498090594906,-3.));
#9334=CARTESIAN_POINT('Ctrl Pts',(28.8956352695823,19.0709412842989,-3.));
#9335=CARTESIAN_POINT('',(30.2762628719211,18.5075033456087,-2.8));
#9336=CARTESIAN_POINT('',(30.2762628719211,18.5075033456087,-3.));
#9337=CARTESIAN_POINT('Ctrl Pts',(30.2762628719211,18.5075033456087,-2.8));
#9338=CARTESIAN_POINT('Ctrl Pts',(30.0817907087053,18.6718128385948,-2.8));
#9339=CARTESIAN_POINT('Ctrl Pts',(29.6832519394459,19.0085381674516,-2.8));
#9340=CARTESIAN_POINT('Ctrl Pts',(29.1623541991995,19.0498090594906,-2.8));
#9341=CARTESIAN_POINT('Ctrl Pts',(28.8956352695823,19.0709412842989,-2.8));
#9342=CARTESIAN_POINT('Ctrl Pts',(30.8110513538122,16.9481582194567,-3.));
#9343=CARTESIAN_POINT('Ctrl Pts',(30.8110513538122,16.9481582194567,-2.8));
#9344=CARTESIAN_POINT('Ctrl Pts',(30.7955803340604,17.2545090300222,-3.));
#9345=CARTESIAN_POINT('Ctrl Pts',(30.7955803340604,17.2545090300222,-2.8));
#9346=CARTESIAN_POINT('Ctrl Pts',(30.766630070876,17.8277703104624,-3.));
#9347=CARTESIAN_POINT('Ctrl Pts',(30.766630070876,17.8277703104624,-2.8));
#9348=CARTESIAN_POINT('Ctrl Pts',(30.4320454716516,18.2915619458505,-3.));
#9349=CARTESIAN_POINT('Ctrl Pts',(30.4320454716516,18.2915619458505,-2.8));
#9350=CARTESIAN_POINT('Ctrl Pts',(30.2762628719211,18.5075033456087,-3.));
#9351=CARTESIAN_POINT('Ctrl Pts',(30.2762628719211,18.5075033456087,-2.8));
#9352=CARTESIAN_POINT('',(30.8110513538122,16.9481582194567,-3.));
#9353=CARTESIAN_POINT('Ctrl Pts',(30.8110513538122,16.9481582194567,-3.));
#9354=CARTESIAN_POINT('Ctrl Pts',(30.7955803340604,17.2545090300222,-3.));
#9355=CARTESIAN_POINT('Ctrl Pts',(30.766630070876,17.8277703104624,-3.));
#9356=CARTESIAN_POINT('Ctrl Pts',(30.4320454716516,18.2915619458505,-3.));
#9357=CARTESIAN_POINT('Ctrl Pts',(30.2762628719211,18.5075033456087,-3.));
#9358=CARTESIAN_POINT('',(30.8110513538122,16.9481582194567,-2.8));
#9359=CARTESIAN_POINT('',(30.8110513538122,16.9481582194567,-3.));
#9360=CARTESIAN_POINT('Ctrl Pts',(30.8110513538122,16.9481582194567,-2.8));
#9361=CARTESIAN_POINT('Ctrl Pts',(30.7955803340604,17.2545090300222,-2.8));
#9362=CARTESIAN_POINT('Ctrl Pts',(30.766630070876,17.8277703104624,-2.8));
#9363=CARTESIAN_POINT('Ctrl Pts',(30.4320454716516,18.2915619458505,-2.8));
#9364=CARTESIAN_POINT('Ctrl Pts',(30.2762628719211,18.5075033456087,-2.8));
#9365=CARTESIAN_POINT('Ctrl Pts',(30.5818562582135,15.949522331357,-3.));
#9366=CARTESIAN_POINT('Ctrl Pts',(30.5818562582135,15.949522331357,-2.8));
#9367=CARTESIAN_POINT('Ctrl Pts',(30.6487048161266,16.1092212890192,-3.));
#9368=CARTESIAN_POINT('Ctrl Pts',(30.6487048161266,16.1092212890192,-2.8));
#9369=CARTESIAN_POINT('Ctrl Pts',(30.7825255769819,16.4289145881619,-3.));
#9370=CARTESIAN_POINT('Ctrl Pts',(30.7825255769819,16.4289145881619,-2.8));
#9371=CARTESIAN_POINT('Ctrl Pts',(30.8015369062996,16.7749704284412,-3.));
#9372=CARTESIAN_POINT('Ctrl Pts',(30.8015369062996,16.7749704284412,-2.8));
#9373=CARTESIAN_POINT('Ctrl Pts',(30.8110513538122,16.9481582194567,-3.));
#9374=CARTESIAN_POINT('Ctrl Pts',(30.8110513538122,16.9481582194567,-2.8));
#9375=CARTESIAN_POINT('Ctrl Pts',(30.5818562582135,15.949522331357,-3.));
#9376=CARTESIAN_POINT('Ctrl Pts',(30.6487048161266,16.1092212890192,-3.));
#9377=CARTESIAN_POINT('Ctrl Pts',(30.7825255769819,16.4289145881619,-3.));
#9378=CARTESIAN_POINT('Ctrl Pts',(30.8015369062996,16.7749704284412,-3.));
#9379=CARTESIAN_POINT('Ctrl Pts',(30.8110513538122,16.9481582194567,-3.));
#9380=CARTESIAN_POINT('Ctrl Pts',(30.5818562582135,15.949522331357,-2.8));
#9381=CARTESIAN_POINT('Ctrl Pts',(30.6487048161266,16.1092212890192,-2.8));
#9382=CARTESIAN_POINT('Ctrl Pts',(30.7825255769819,16.4289145881619,-2.8));
#9383=CARTESIAN_POINT('Ctrl Pts',(30.8015369062996,16.7749704284412,-2.8));
#9384=CARTESIAN_POINT('Ctrl Pts',(30.8110513538122,16.9481582194567,-2.8));
#9385=CARTESIAN_POINT('Origin',(19.5000015385449,17.0013643056154,-2.8));
#9386=CARTESIAN_POINT('Origin',(40.481,13.047,-3.));
#9387=CARTESIAN_POINT('',(44.3,54.744,-3.));
#9388=CARTESIAN_POINT('',(-9.50000000000001,54.744,-3.));
#9389=CARTESIAN_POINT('',(14.9905,54.744,-3.));
#9390=CARTESIAN_POINT('',(44.3,23.744,-3.));
#9391=CARTESIAN_POINT('',(44.3,34.3955,-3.));
#9392=CARTESIAN_POINT('',(82.463,23.744,-3.));
#9393=CARTESIAN_POINT('',(42.8905,23.744,-3.));
#9394=CARTESIAN_POINT('',(82.463,54.744,-3.));
#9395=CARTESIAN_POINT('',(82.463,18.8955,-3.));
#9396=CARTESIAN_POINT('',(90.463,54.744,-3.));
#9397=CARTESIAN_POINT('',(60.972,54.744,-3.));
#9398=CARTESIAN_POINT('',(90.463,-9.5,-3.));
#9399=CARTESIAN_POINT('',(90.463,34.3955,-3.));
#9400=CARTESIAN_POINT('',(-9.5,-9.5,-3.));
#9401=CARTESIAN_POINT('',(65.972,-9.5,-3.));
#9402=CARTESIAN_POINT('',(-9.5,1.2735,-3.));
#9403=CARTESIAN_POINT('Origin',(40.481,13.047,-3.));
#9404=CARTESIAN_POINT('Origin',(40.481,13.047,-3.));
#9405=CARTESIAN_POINT('Origin',(40.481,13.047,-3.));
#9406=CARTESIAN_POINT('Origin',(45.3,54.744,-2.));
#9407=CARTESIAN_POINT('',(44.3,55.744,-2.));
#9408=CARTESIAN_POINT('',(44.3,55.744,-2.));
#9409=CARTESIAN_POINT('',(45.3,54.744,-2.));
#9410=CARTESIAN_POINT('',(45.3,54.744,-2.));
#9411=CARTESIAN_POINT('',(44.3,54.744,-3.));
#9412=CARTESIAN_POINT('Origin',(44.8,55.244,0.));
#9413=CARTESIAN_POINT('',(44.3,55.744,9.));
#9414=CARTESIAN_POINT('',(45.3,54.744,9.));
#9415=CARTESIAN_POINT('',(51.875875,48.168125,9.));
#9416=CARTESIAN_POINT('',(45.3,54.744,0.));
#9417=CARTESIAN_POINT('',(44.3,55.744,0.));
#9418=CARTESIAN_POINT('Origin',(-9.50000000000001,55.744,-2.));
#9419=CARTESIAN_POINT('',(-10.5,54.744,-2.));
#9420=CARTESIAN_POINT('',(-10.5,54.744,-2.));
#9421=CARTESIAN_POINT('',(-9.50000000000001,55.744,-2.));
#9422=CARTESIAN_POINT('',(-9.50000000000001,55.744,-2.));
#9423=CARTESIAN_POINT('',(-9.50000000000001,54.744,-3.));
#9424=CARTESIAN_POINT('Origin',(-10.,55.244,0.));
#9425=CARTESIAN_POINT('',(-10.5,54.744,9.));
#9426=CARTESIAN_POINT('',(-9.50000000000001,55.744,9.));
#9427=CARTESIAN_POINT('',(-5.53512499999997,59.708875,9.));
#9428=CARTESIAN_POINT('',(-9.50000000000001,55.744,0.));
#9429=CARTESIAN_POINT('',(-10.5,54.744,0.));
#9430=CARTESIAN_POINT('Origin',(14.9905,55.244,-2.5));
#9431=CARTESIAN_POINT('',(14.9905,55.744,-2.));
#9432=CARTESIAN_POINT('Origin',(-10.5,-9.5,-2.));
#9433=CARTESIAN_POINT('',(-9.49999999999999,-10.5,-2.));
#9434=CARTESIAN_POINT('',(-9.49999999999999,-10.5,-2.));
#9435=CARTESIAN_POINT('',(-10.5,-9.5,-2.));
#9436=CARTESIAN_POINT('',(-10.5,-9.5,-2.));
#9437=CARTESIAN_POINT('',(-9.5,-9.5,-3.));
#9438=CARTESIAN_POINT('Origin',(-10.,-10.,0.));
#9439=CARTESIAN_POINT('',(-9.49999999999999,-10.5,9.));
#9440=CARTESIAN_POINT('',(-10.5,-9.5,9.));
#9441=CARTESIAN_POINT('',(-5.53512499999995,-14.464875,9.));
#9442=CARTESIAN_POINT('',(-10.5,-9.5,0.));
#9443=CARTESIAN_POINT('',(-9.49999999999999,-10.5,0.));
#9444=CARTESIAN_POINT('Origin',(-10.,1.2735,-2.5));
#9445=CARTESIAN_POINT('',(-10.5,1.2735,-2.));
#9446=CARTESIAN_POINT('Origin',(90.463,-10.5,-2.));
#9447=CARTESIAN_POINT('',(91.463,-9.5,-2.));
#9448=CARTESIAN_POINT('',(91.463,-9.5,-2.));
#9449=CARTESIAN_POINT('',(90.463,-10.5,-2.));
#9450=CARTESIAN_POINT('',(90.463,-10.5,-2.));
#9451=CARTESIAN_POINT('',(90.463,-9.5,-3.));
#9452=CARTESIAN_POINT('Origin',(90.963,-10.,0.));
#9453=CARTESIAN_POINT('',(91.463,-9.5,9.));
#9454=CARTESIAN_POINT('',(90.463,-10.5,9.));
#9455=CARTESIAN_POINT('',(86.498125,-14.464875,9.));
#9456=CARTESIAN_POINT('',(90.463,-10.5,0.));
#9457=CARTESIAN_POINT('',(91.463,-9.5,0.));
#9458=CARTESIAN_POINT('Origin',(65.972,-10.,-2.5));
#9459=CARTESIAN_POINT('',(65.972,-10.5,-2.));
#9460=CARTESIAN_POINT('Origin',(82.463,55.744,-2.));
#9461=CARTESIAN_POINT('',(81.463,54.744,-2.));
#9462=CARTESIAN_POINT('',(81.463,54.744,-2.));
#9463=CARTESIAN_POINT('',(82.463,55.744,-2.));
#9464=CARTESIAN_POINT('',(82.463,55.744,-2.));
#9465=CARTESIAN_POINT('',(82.463,54.744,-3.));
#9466=CARTESIAN_POINT('Origin',(81.963,55.244,0.));
#9467=CARTESIAN_POINT('',(81.463,54.744,9.));
#9468=CARTESIAN_POINT('',(82.463,55.744,9.));
#9469=CARTESIAN_POINT('',(63.437125,36.718125,9.));
#9470=CARTESIAN_POINT('',(82.463,55.744,0.));
#9471=CARTESIAN_POINT('',(81.463,54.744,0.));
#9472=CARTESIAN_POINT('Origin',(91.463,54.744,-2.));
#9473=CARTESIAN_POINT('',(90.463,55.744,-2.));
#9474=CARTESIAN_POINT('',(90.463,55.744,-2.));
#9475=CARTESIAN_POINT('',(91.463,54.744,-2.));
#9476=CARTESIAN_POINT('',(91.463,54.744,-2.));
#9477=CARTESIAN_POINT('',(90.463,54.744,-3.));
#9478=CARTESIAN_POINT('Origin',(90.963,55.244,0.));
#9479=CARTESIAN_POINT('',(90.463,55.744,9.));
#9480=CARTESIAN_POINT('',(91.463,54.744,9.));
#9481=CARTESIAN_POINT('',(86.4981249999998,59.7088750000001,9.));
#9482=CARTESIAN_POINT('',(91.463,54.744,0.));
#9483=CARTESIAN_POINT('',(90.463,55.744,0.));
#9484=CARTESIAN_POINT('Origin',(90.963,34.3955,-2.5));
#9485=CARTESIAN_POINT('',(91.463,34.3955,-2.));
#9486=CARTESIAN_POINT('Origin',(60.972,55.244,-2.5));
#9487=CARTESIAN_POINT('',(60.972,55.744,-2.));
#9488=CARTESIAN_POINT('Origin',(81.963,18.8955,-2.5));
#9489=CARTESIAN_POINT('',(81.463,24.744,-2.));
#9490=CARTESIAN_POINT('',(81.463,18.8955,-2.));
#9491=CARTESIAN_POINT('',(82.463,23.744,-3.));
#9492=CARTESIAN_POINT('Origin',(42.8905,24.244,-2.5));
#9493=CARTESIAN_POINT('',(45.3,24.744,-2.));
#9494=CARTESIAN_POINT('',(42.8905,24.744,-2.));
#9495=CARTESIAN_POINT('',(44.3,23.744,-3.));
#9496=CARTESIAN_POINT('Origin',(44.8,34.3955,-2.5));
#9497=CARTESIAN_POINT('',(45.3,34.3955,-2.));
#9498=CARTESIAN_POINT('Origin',(-10.5,-10.5,0.));
#9499=CARTESIAN_POINT('',(-10.5,55.744,9.));
#9500=CARTESIAN_POINT('Origin',(91.463,-10.5,0.));
#9501=CARTESIAN_POINT('',(-10.5,-10.5,9.));
#9502=CARTESIAN_POINT('Origin',(91.463,55.744,0.));
#9503=CARTESIAN_POINT('',(91.463,-10.5,9.));
#9504=CARTESIAN_POINT('Origin',(40.4815,22.622,9.));
#9505=CARTESIAN_POINT('',(91.463,55.744,9.));
#9506=CARTESIAN_POINT('',(81.463,-0.499999999999998,9.));
#9507=CARTESIAN_POINT('',(81.463,45.744,9.));
#9508=CARTESIAN_POINT('',(-0.5,-0.499999999999998,9.));
#9509=CARTESIAN_POINT('',(-0.5,-0.5,9.));
#9510=CARTESIAN_POINT('',(-0.500000000000007,45.744,9.));
#9511=CARTESIAN_POINT('',(-0.500000000000007,45.744,9.));
#9512=CARTESIAN_POINT('',(45.3,45.744,9.));
#9513=CARTESIAN_POINT('',(45.3,45.744,9.));
#9514=CARTESIAN_POINT('',(45.3,55.744,9.));
#9515=CARTESIAN_POINT('',(45.3,55.744,9.));
#9516=CARTESIAN_POINT('',(84.7616681698284,50.7317672316321,9.));
#9517=CARTESIAN_POINT('Origin',(86.4616681698284,50.7317672316321,9.));
#9518=CARTESIAN_POINT('',(84.7616681698284,-5.48776723163215,9.));
#9519=CARTESIAN_POINT('Origin',(86.4616681698284,-5.48776723163215,9.));
#9520=CARTESIAN_POINT('',(-7.2,-5.5,9.));
#9521=CARTESIAN_POINT('Origin',(-5.5,-5.5,9.));
#9522=CARTESIAN_POINT('',(-7.2,50.744,9.));
#9523=CARTESIAN_POINT('Origin',(-5.5,50.744,9.));
#9524=CARTESIAN_POINT('Origin',(40.481,13.047,-3.));
#9525=CARTESIAN_POINT('Origin',(86.4616681698284,50.7317672316321,0.));
#9526=CARTESIAN_POINT('',(84.7616681698284,50.7317672316321,0.));
#9527=CARTESIAN_POINT('',(84.7616681698284,50.7317672316321,0.));
#9528=CARTESIAN_POINT('Origin',(86.4616681698284,50.7317672316321,0.));
#9529=CARTESIAN_POINT('Origin',(86.4616681698284,-5.48776723163215,0.));
#9530=CARTESIAN_POINT('',(84.7616681698284,-5.48776723163215,0.));
#9531=CARTESIAN_POINT('',(84.7616681698284,-5.48776723163215,0.));
#9532=CARTESIAN_POINT('Origin',(86.4616681698284,-5.48776723163215,0.));
#9533=CARTESIAN_POINT('Origin',(-5.5,-5.5,0.));
#9534=CARTESIAN_POINT('',(-7.2,-5.5,0.));
#9535=CARTESIAN_POINT('',(-7.2,-5.5,0.));
#9536=CARTESIAN_POINT('Origin',(-5.5,-5.5,0.));
#9537=CARTESIAN_POINT('Origin',(-5.5,50.744,0.));
#9538=CARTESIAN_POINT('',(-7.2,50.744,0.));
#9539=CARTESIAN_POINT('',(-7.2,50.744,0.));
#9540=CARTESIAN_POINT('Origin',(-5.5,50.744,0.));
#9541=CARTESIAN_POINT('Origin',(-0.500000000000007,45.744,0.));
#9542=CARTESIAN_POINT('',(45.3,45.744,0.));
#9543=CARTESIAN_POINT('',(-0.500000000000007,45.744,0.));
#9544=CARTESIAN_POINT('',(19.9905,45.744,0.));
#9545=CARTESIAN_POINT('',(45.3,45.744,0.));
#9546=CARTESIAN_POINT('',(-0.500000000000007,45.744,0.));
#9547=CARTESIAN_POINT('Origin',(-0.5,-0.499999999999998,0.));
#9548=CARTESIAN_POINT('',(-0.5,-0.499999999999998,0.));
#9549=CARTESIAN_POINT('',(-0.499999999999998,6.2735,0.));
#9550=CARTESIAN_POINT('',(-0.5,-0.499999999999998,0.));
#9551=CARTESIAN_POINT('Origin',(81.463,-0.5,0.));
#9552=CARTESIAN_POINT('',(81.463,-0.5,0.));
#9553=CARTESIAN_POINT('',(60.972,-0.5,0.));
#9554=CARTESIAN_POINT('',(81.463,-0.5,0.));
#9555=CARTESIAN_POINT('Origin',(40.481,13.047,0.));
#9556=CARTESIAN_POINT('Origin',(40.481,13.047,0.));
#9557=CARTESIAN_POINT('Origin',(40.481,13.047,0.));
#9558=CARTESIAN_POINT('Origin',(40.481,13.047,0.));
#9559=CARTESIAN_POINT('Origin',(-10.5,55.744,0.));
#9560=CARTESIAN_POINT('Origin',(81.463,55.744,0.));
#9561=CARTESIAN_POINT('Origin',(81.463,24.744,0.));
#9562=CARTESIAN_POINT('',(81.463,24.744,0.));
#9563=CARTESIAN_POINT('',(81.463,24.744,0.));
#9564=CARTESIAN_POINT('',(81.463,34.3955,0.));
#9565=CARTESIAN_POINT('Origin',(45.3,24.744,0.));
#9566=CARTESIAN_POINT('',(45.3,24.744,0.));
#9567=CARTESIAN_POINT('',(45.3,24.744,0.));
#9568=CARTESIAN_POINT('',(80.963,24.744,0.));
#9569=CARTESIAN_POINT('Origin',(45.3,55.744,0.));
#9570=CARTESIAN_POINT('',(45.3,55.744,0.));
#9571=CARTESIAN_POINT('Origin',(40.481,13.047,0.));
#9572=CARTESIAN_POINT('Origin',(40.8,27.97,9.));
#9573=CARTESIAN_POINT('',(41.3,28.47,9.));
#9574=CARTESIAN_POINT('',(40.3,27.47,9.));
#9575=CARTESIAN_POINT('',(39.383375,26.553375,9.));
#9576=CARTESIAN_POINT('',(40.3,27.47,10.5));
#9577=CARTESIAN_POINT('',(40.3,27.47,9.));
#9578=CARTESIAN_POINT('',(41.3,28.47,10.5));
#9579=CARTESIAN_POINT('',(39.383375,26.553375,10.5));
#9580=CARTESIAN_POINT('',(41.3,28.47,9.));
#9581=CARTESIAN_POINT('Origin',(41.3,27.47,9.));
#9582=CARTESIAN_POINT('',(6.,27.47,9.));
#9583=CARTESIAN_POINT('',(41.3,27.47,9.));
#9584=CARTESIAN_POINT('',(6.,27.47,10.5));
#9585=CARTESIAN_POINT('',(6.,27.47,9.));
#9586=CARTESIAN_POINT('',(41.3,27.47,10.5));
#9587=CARTESIAN_POINT('Origin',(5.5,27.97,9.));
#9588=CARTESIAN_POINT('',(5.,28.47,9.));
#9589=CARTESIAN_POINT('',(15.582375,17.887625,9.));
#9590=CARTESIAN_POINT('',(5.,28.47,10.5));
#9591=CARTESIAN_POINT('',(5.,28.47,9.));
#9592=CARTESIAN_POINT('',(15.582375,17.887625,10.5));
#9593=CARTESIAN_POINT('Origin',(5.,27.47,9.));
#9594=CARTESIAN_POINT('',(5.,39.47,9.));
#9595=CARTESIAN_POINT('',(5.,27.47,9.));
#9596=CARTESIAN_POINT('',(5.,39.47,10.5));
#9597=CARTESIAN_POINT('',(5.,39.47,9.));
#9598=CARTESIAN_POINT('',(5.,27.47,10.5));
#9599=CARTESIAN_POINT('Origin',(5.5,39.97,9.));
#9600=CARTESIAN_POINT('',(6.,40.47,9.));
#9601=CARTESIAN_POINT('',(9.908375,44.378375,9.));
#9602=CARTESIAN_POINT('',(6.,40.47,10.5));
#9603=CARTESIAN_POINT('',(6.,40.47,9.));
#9604=CARTESIAN_POINT('',(9.908375,44.378375,10.5));
#9605=CARTESIAN_POINT('Origin',(5.,40.47,9.));
#9606=CARTESIAN_POINT('',(40.3,40.47,9.));
#9607=CARTESIAN_POINT('',(5.,40.47,9.));
#9608=CARTESIAN_POINT('',(40.3,40.47,10.5));
#9609=CARTESIAN_POINT('',(40.3,40.47,9.));
#9610=CARTESIAN_POINT('',(5.,40.47,10.5));
#9611=CARTESIAN_POINT('Origin',(40.8,39.97,9.));
#9612=CARTESIAN_POINT('',(41.3,39.47,9.));
#9613=CARTESIAN_POINT('',(45.057375,35.712625,9.));
#9614=CARTESIAN_POINT('',(41.3,39.47,10.5));
#9615=CARTESIAN_POINT('',(41.3,39.47,9.));
#9616=CARTESIAN_POINT('',(45.057375,35.712625,10.5));
#9617=CARTESIAN_POINT('Origin',(41.3,40.47,9.));
#9618=CARTESIAN_POINT('',(41.3,40.47,10.5));
#9619=CARTESIAN_POINT('',(41.3,40.47,9.));
#9620=CARTESIAN_POINT('Origin',(-10.,-10.,9.));
#9621=CARTESIAN_POINT('',(-9.5,-10.5,10.5));
#9622=CARTESIAN_POINT('',(-10.5,-9.49999999999999,10.5));
#9623=CARTESIAN_POINT('',(-5.53512500000004,-14.464875,10.5));
#9624=CARTESIAN_POINT('',(-10.5,-9.49999999999999,9.));
#9625=CARTESIAN_POINT('',(-10.5,-9.49999999999999,9.));
#9626=CARTESIAN_POINT('',(-9.5,-10.5,9.));
#9627=CARTESIAN_POINT('',(-5.53512500000004,-14.464875,9.));
#9628=CARTESIAN_POINT('',(-9.5,-10.5,9.));
#9629=CARTESIAN_POINT('Origin',(40.4815,22.622,9.));
#9630=CARTESIAN_POINT('',(-10.5,54.744,9.));
#9631=CARTESIAN_POINT('',(-10.5,55.744,9.));
#9632=CARTESIAN_POINT('',(-9.50000000000001,55.744,9.));
#9633=CARTESIAN_POINT('',(-5.53512499999998,59.708875,9.));
#9634=CARTESIAN_POINT('',(44.3,55.744,9.));
#9635=CARTESIAN_POINT('',(45.3,55.744,9.));
#9636=CARTESIAN_POINT('',(45.3,54.744,9.));
#9637=CARTESIAN_POINT('',(51.875875,48.168125,9.));
#9638=CARTESIAN_POINT('',(45.3,25.744,9.));
#9639=CARTESIAN_POINT('',(45.3,45.744,9.));
#9640=CARTESIAN_POINT('',(46.3,24.744,9.));
#9641=CARTESIAN_POINT('',(45.125875,25.918125,9.));
#9642=CARTESIAN_POINT('',(80.463,24.744,9.));
#9643=CARTESIAN_POINT('',(80.963,24.744,9.));
#9644=CARTESIAN_POINT('',(81.463,25.744,9.));
#9645=CARTESIAN_POINT('',(70.1871249999999,14.468125,9.));
#9646=CARTESIAN_POINT('',(81.463,54.744,9.));
#9647=CARTESIAN_POINT('',(81.463,45.744,9.));
#9648=CARTESIAN_POINT('',(82.463,55.744,9.));
#9649=CARTESIAN_POINT('',(63.437125,36.718125,9.));
#9650=CARTESIAN_POINT('',(90.463,55.744,9.));
#9651=CARTESIAN_POINT('',(91.463,55.744,9.));
#9652=CARTESIAN_POINT('',(91.463,54.744,9.));
#9653=CARTESIAN_POINT('',(86.4981249999998,59.7088750000001,9.));
#9654=CARTESIAN_POINT('',(91.463,-9.49999999999999,9.));
#9655=CARTESIAN_POINT('',(91.463,-10.5,9.));
#9656=CARTESIAN_POINT('',(90.463,-10.5,9.));
#9657=CARTESIAN_POINT('',(86.498125,-14.464875,9.));
#9658=CARTESIAN_POINT('',(-10.5,-10.5,9.));
#9659=CARTESIAN_POINT('',(84.7616681698284,50.7317672316321,9.));
#9660=CARTESIAN_POINT('Origin',(86.4616681698284,50.7317672316321,9.));
#9661=CARTESIAN_POINT('',(62.056,19.547,9.));
#9662=CARTESIAN_POINT('',(62.556,20.047,9.));
#9663=CARTESIAN_POINT('Origin',(62.556,19.547,9.));
#9664=CARTESIAN_POINT('',(62.056,6.547,9.));
#9665=CARTESIAN_POINT('',(62.056,19.547,9.));
#9666=CARTESIAN_POINT('',(62.556,6.047,9.));
#9667=CARTESIAN_POINT('Origin',(62.556,6.547,9.));
#9668=CARTESIAN_POINT('',(75.556,6.047,9.));
#9669=CARTESIAN_POINT('',(62.556,6.047,9.));
#9670=CARTESIAN_POINT('',(76.056,6.547,9.));
#9671=CARTESIAN_POINT('Origin',(75.556,6.547,9.));
#9672=CARTESIAN_POINT('',(76.056,19.547,9.));
#9673=CARTESIAN_POINT('',(76.056,19.547,9.));
#9674=CARTESIAN_POINT('',(75.556,20.047,9.));
#9675=CARTESIAN_POINT('Origin',(75.556,19.547,9.));
#9676=CARTESIAN_POINT('',(62.556,20.047,9.));
#9677=CARTESIAN_POINT('',(4.906,19.547,9.));
#9678=CARTESIAN_POINT('',(5.406,20.047,9.));
#9679=CARTESIAN_POINT('Origin',(5.406,19.547,9.));
#9680=CARTESIAN_POINT('',(4.906,6.547,9.));
#9681=CARTESIAN_POINT('',(4.906,19.547,9.));
#9682=CARTESIAN_POINT('',(5.406,6.047,9.));
#9683=CARTESIAN_POINT('Origin',(5.406,6.547,9.));
#9684=CARTESIAN_POINT('',(18.406,6.047,9.));
#9685=CARTESIAN_POINT('',(5.406,6.047,9.));
#9686=CARTESIAN_POINT('',(18.906,6.547,9.));
#9687=CARTESIAN_POINT('Origin',(18.406,6.547,9.));
#9688=CARTESIAN_POINT('',(18.906,19.547,9.));
#9689=CARTESIAN_POINT('',(18.906,19.547,9.));
#9690=CARTESIAN_POINT('',(18.406,20.047,9.));
#9691=CARTESIAN_POINT('Origin',(18.406,19.547,9.));
#9692=CARTESIAN_POINT('',(5.406,20.047,9.));
#9693=CARTESIAN_POINT('',(-7.2,-5.50000000000001,9.));
#9694=CARTESIAN_POINT('Origin',(-5.5,-5.50000000000001,9.));
#9695=CARTESIAN_POINT('',(-7.2,50.744,9.));
#9696=CARTESIAN_POINT('Origin',(-5.5,50.744,9.));
#9697=CARTESIAN_POINT('',(43.006,6.547,9.));
#9698=CARTESIAN_POINT('',(43.006,19.547,9.));
#9699=CARTESIAN_POINT('',(43.006,19.547,9.));
#9700=CARTESIAN_POINT('',(43.506,6.047,9.));
#9701=CARTESIAN_POINT('Origin',(43.506,6.547,9.));
#9702=CARTESIAN_POINT('',(56.506,6.047,9.));
#9703=CARTESIAN_POINT('',(43.506,6.047,9.));
#9704=CARTESIAN_POINT('',(57.006,6.547,9.));
#9705=CARTESIAN_POINT('Origin',(56.506,6.547,9.));
#9706=CARTESIAN_POINT('',(57.006,19.547,9.));
#9707=CARTESIAN_POINT('',(57.006,19.547,9.));
#9708=CARTESIAN_POINT('',(56.506,20.047,9.));
#9709=CARTESIAN_POINT('Origin',(56.506,19.547,9.));
#9710=CARTESIAN_POINT('',(43.506,20.047,9.));
#9711=CARTESIAN_POINT('',(43.506,20.047,9.));
#9712=CARTESIAN_POINT('Origin',(43.506,19.547,9.));
#9713=CARTESIAN_POINT('',(84.7616681698284,-5.48776723163215,9.));
#9714=CARTESIAN_POINT('Origin',(86.4616681698284,-5.48776723163215,9.));
#9715=CARTESIAN_POINT('',(23.956,19.547,9.));
#9716=CARTESIAN_POINT('',(24.456,20.047,9.));
#9717=CARTESIAN_POINT('Origin',(24.456,19.547,9.));
#9718=CARTESIAN_POINT('',(23.956,6.547,9.));
#9719=CARTESIAN_POINT('',(23.956,19.547,9.));
#9720=CARTESIAN_POINT('',(24.456,6.047,9.));
#9721=CARTESIAN_POINT('Origin',(24.456,6.547,9.));
#9722=CARTESIAN_POINT('',(37.456,6.047,9.));
#9723=CARTESIAN_POINT('',(24.456,6.047,9.));
#9724=CARTESIAN_POINT('',(37.956,6.547,9.));
#9725=CARTESIAN_POINT('Origin',(37.456,6.547,9.));
#9726=CARTESIAN_POINT('',(37.956,19.547,9.));
#9727=CARTESIAN_POINT('',(37.956,19.547,9.));
#9728=CARTESIAN_POINT('',(37.456,20.047,9.));
#9729=CARTESIAN_POINT('Origin',(37.456,19.547,9.));
#9730=CARTESIAN_POINT('',(24.456,20.047,9.));
#9731=CARTESIAN_POINT('Origin',(-10.5,55.744,9.));
#9732=CARTESIAN_POINT('',(-10.5,54.744,10.5));
#9733=CARTESIAN_POINT('',(-10.5,55.744,10.5));
#9734=CARTESIAN_POINT('',(-10.5,54.744,9.));
#9735=CARTESIAN_POINT('Origin',(-10.,55.244,9.));
#9736=CARTESIAN_POINT('',(-9.50000000000001,55.744,10.5));
#9737=CARTESIAN_POINT('',(-5.53512499999998,59.708875,10.5));
#9738=CARTESIAN_POINT('',(-9.50000000000001,55.744,9.));
#9739=CARTESIAN_POINT('Origin',(44.8,55.244,9.));
#9740=CARTESIAN_POINT('',(44.3,55.744,10.5));
#9741=CARTESIAN_POINT('',(45.3,54.744,10.5));
#9742=CARTESIAN_POINT('',(51.875875,48.168125,10.5));
#9743=CARTESIAN_POINT('',(45.3,54.744,9.));
#9744=CARTESIAN_POINT('',(44.3,55.744,9.));
#9745=CARTESIAN_POINT('Origin',(45.3,24.744,9.));
#9746=CARTESIAN_POINT('',(45.3,25.744,10.5));
#9747=CARTESIAN_POINT('',(45.3,45.744,10.5));
#9748=CARTESIAN_POINT('',(45.3,25.744,9.));
#9749=CARTESIAN_POINT('Origin',(45.8,25.244,9.));
#9750=CARTESIAN_POINT('',(46.3,24.744,10.5));
#9751=CARTESIAN_POINT('',(45.125875,25.918125,10.5));
#9752=CARTESIAN_POINT('',(46.3,24.744,9.));
#9753=CARTESIAN_POINT('Origin',(90.963,-10.,9.));
#9754=CARTESIAN_POINT('',(91.463,-9.49999999999999,10.5));
#9755=CARTESIAN_POINT('',(90.463,-10.5,10.5));
#9756=CARTESIAN_POINT('',(86.498125,-14.464875,10.5));
#9757=CARTESIAN_POINT('',(90.463,-10.5,9.));
#9758=CARTESIAN_POINT('',(91.463,-9.49999999999999,9.));
#9759=CARTESIAN_POINT('Origin',(91.463,-10.5,9.));
#9760=CARTESIAN_POINT('',(91.463,54.744,10.5));
#9761=CARTESIAN_POINT('',(91.463,54.744,9.));
#9762=CARTESIAN_POINT('',(91.463,-10.5,10.5));
#9763=CARTESIAN_POINT('Origin',(90.963,55.244,9.));
#9764=CARTESIAN_POINT('',(90.463,55.744,10.5));
#9765=CARTESIAN_POINT('',(86.4981249999998,59.7088750000001,10.5));
#9766=CARTESIAN_POINT('',(90.463,55.744,9.));
#9767=CARTESIAN_POINT('Origin',(91.463,55.744,9.));
#9768=CARTESIAN_POINT('',(82.463,55.744,10.5));
#9769=CARTESIAN_POINT('',(82.463,55.744,9.));
#9770=CARTESIAN_POINT('',(91.463,55.744,10.5));
#9771=CARTESIAN_POINT('Origin',(81.963,55.244,9.));
#9772=CARTESIAN_POINT('',(81.463,54.744,10.5));
#9773=CARTESIAN_POINT('',(63.437125,36.718125,10.5));
#9774=CARTESIAN_POINT('',(81.463,54.744,9.));
#9775=CARTESIAN_POINT('Origin',(80.963,25.244,9.));
#9776=CARTESIAN_POINT('',(80.463,24.744,10.5));
#9777=CARTESIAN_POINT('',(80.463,24.744,9.));
#9778=CARTESIAN_POINT('',(81.463,25.744,10.5));
#9779=CARTESIAN_POINT('',(70.1871249999999,14.468125,10.5));
#9780=CARTESIAN_POINT('',(81.463,25.744,9.));
#9781=CARTESIAN_POINT('Origin',(81.463,24.744,9.));
#9782=CARTESIAN_POINT('',(80.963,24.744,10.5));
#9783=CARTESIAN_POINT('Origin',(23.956,6.547,9.));
#9784=CARTESIAN_POINT('',(23.956,19.547,10.5));
#9785=CARTESIAN_POINT('',(23.956,19.547,9.));
#9786=CARTESIAN_POINT('',(23.956,6.547,10.5));
#9787=CARTESIAN_POINT('',(23.956,19.547,10.5));
#9788=CARTESIAN_POINT('',(23.956,6.547,9.));
#9789=CARTESIAN_POINT('Origin',(24.456,6.547,9.));
#9790=CARTESIAN_POINT('',(24.456,6.047,10.5));
#9791=CARTESIAN_POINT('Origin',(24.456,6.547,10.5));
#9792=CARTESIAN_POINT('',(24.456,6.047,9.));
#9793=CARTESIAN_POINT('Origin',(37.456,6.047,9.));
#9794=CARTESIAN_POINT('',(37.456,6.047,10.5));
#9795=CARTESIAN_POINT('',(24.456,6.047,10.5));
#9796=CARTESIAN_POINT('',(37.456,6.047,9.));
#9797=CARTESIAN_POINT('Origin',(37.456,6.547,9.));
#9798=CARTESIAN_POINT('',(37.956,6.547,10.5));
#9799=CARTESIAN_POINT('Origin',(37.456,6.547,10.5));
#9800=CARTESIAN_POINT('',(37.956,6.547,9.));
#9801=CARTESIAN_POINT('Origin',(37.956,19.547,9.));
#9802=CARTESIAN_POINT('',(37.956,19.547,10.5));
#9803=CARTESIAN_POINT('',(37.956,19.547,10.5));
#9804=CARTESIAN_POINT('',(37.956,19.547,9.));
#9805=CARTESIAN_POINT('Origin',(37.456,19.547,9.));
#9806=CARTESIAN_POINT('',(37.456,20.047,10.5));
#9807=CARTESIAN_POINT('Origin',(37.456,19.547,10.5));
#9808=CARTESIAN_POINT('',(37.456,20.047,9.));
#9809=CARTESIAN_POINT('Origin',(24.456,20.047,9.));
#9810=CARTESIAN_POINT('',(24.456,20.047,10.5));
#9811=CARTESIAN_POINT('',(24.456,20.047,10.5));
#9812=CARTESIAN_POINT('',(24.456,20.047,9.));
#9813=CARTESIAN_POINT('Origin',(24.456,19.547,9.));
#9814=CARTESIAN_POINT('Origin',(24.456,19.547,10.5));
#9815=CARTESIAN_POINT('Origin',(86.4616681698284,-5.48776723163215,9.));
#9816=CARTESIAN_POINT('',(84.7616681698284,-5.48776723163215,10.5));
#9817=CARTESIAN_POINT('Origin',(86.4616681698284,-5.48776723163215,10.5));
#9818=CARTESIAN_POINT('',(84.7616681698284,-5.48776723163215,9.));
#9819=CARTESIAN_POINT('Origin',(43.506,6.547,9.));
#9820=CARTESIAN_POINT('',(43.006,6.547,10.5));
#9821=CARTESIAN_POINT('',(43.006,6.547,9.));
#9822=CARTESIAN_POINT('',(43.506,6.047,10.5));
#9823=CARTESIAN_POINT('Origin',(43.506,6.547,10.5));
#9824=CARTESIAN_POINT('',(43.506,6.047,9.));
#9825=CARTESIAN_POINT('Origin',(56.506,6.047,9.));
#9826=CARTESIAN_POINT('',(56.506,6.047,10.5));
#9827=CARTESIAN_POINT('',(43.506,6.047,10.5));
#9828=CARTESIAN_POINT('',(56.506,6.047,9.));
#9829=CARTESIAN_POINT('Origin',(56.506,6.547,9.));
#9830=CARTESIAN_POINT('',(57.006,6.547,10.5));
#9831=CARTESIAN_POINT('Origin',(56.506,6.547,10.5));
#9832=CARTESIAN_POINT('',(57.006,6.547,9.));
#9833=CARTESIAN_POINT('Origin',(57.006,19.547,9.));
#9834=CARTESIAN_POINT('',(57.006,19.547,10.5));
#9835=CARTESIAN_POINT('',(57.006,19.547,10.5));
#9836=CARTESIAN_POINT('',(57.006,19.547,9.));
#9837=CARTESIAN_POINT('Origin',(56.506,19.547,9.));
#9838=CARTESIAN_POINT('',(56.506,20.047,10.5));
#9839=CARTESIAN_POINT('Origin',(56.506,19.547,10.5));
#9840=CARTESIAN_POINT('',(56.506,20.047,9.));
#9841=CARTESIAN_POINT('Origin',(43.506,20.047,9.));
#9842=CARTESIAN_POINT('',(43.506,20.047,10.5));
#9843=CARTESIAN_POINT('',(43.506,20.047,10.5));
#9844=CARTESIAN_POINT('',(43.506,20.047,9.));
#9845=CARTESIAN_POINT('Origin',(43.506,19.547,9.));
#9846=CARTESIAN_POINT('',(43.006,19.547,10.5));
#9847=CARTESIAN_POINT('Origin',(43.506,19.547,10.5));
#9848=CARTESIAN_POINT('',(43.006,19.547,9.));
#9849=CARTESIAN_POINT('Origin',(43.006,6.547,9.));
#9850=CARTESIAN_POINT('',(43.006,19.547,10.5));
#9851=CARTESIAN_POINT('Origin',(-5.5,50.744,9.));
#9852=CARTESIAN_POINT('',(-7.20000000000001,50.744,10.5));
#9853=CARTESIAN_POINT('Origin',(-5.5,50.744,10.5));
#9854=CARTESIAN_POINT('',(-7.2,50.744,9.));
#9855=CARTESIAN_POINT('Origin',(-5.5,-5.50000000000001,9.));
#9856=CARTESIAN_POINT('',(-7.20000000000001,-5.50000000000001,10.5));
#9857=CARTESIAN_POINT('Origin',(-5.5,-5.50000000000001,10.5));
#9858=CARTESIAN_POINT('',(-7.2,-5.50000000000001,9.));
#9859=CARTESIAN_POINT('Origin',(4.906,6.547,9.));
#9860=CARTESIAN_POINT('',(4.90600000000001,19.547,10.5));
#9861=CARTESIAN_POINT('',(4.906,19.547,9.));
#9862=CARTESIAN_POINT('',(4.90600000000001,6.547,10.5));
#9863=CARTESIAN_POINT('',(4.906,19.547,10.5));
#9864=CARTESIAN_POINT('',(4.906,6.547,9.));
#9865=CARTESIAN_POINT('Origin',(5.406,6.547,9.));
#9866=CARTESIAN_POINT('',(5.406,6.047,10.5));
#9867=CARTESIAN_POINT('Origin',(5.406,6.547,10.5));
#9868=CARTESIAN_POINT('',(5.406,6.047,9.));
#9869=CARTESIAN_POINT('Origin',(18.406,6.047,9.));
#9870=CARTESIAN_POINT('',(18.406,6.047,10.5));
#9871=CARTESIAN_POINT('',(5.406,6.047,10.5));
#9872=CARTESIAN_POINT('',(18.406,6.047,9.));
#9873=CARTESIAN_POINT('Origin',(18.406,6.547,9.));
#9874=CARTESIAN_POINT('',(18.906,6.547,10.5));
#9875=CARTESIAN_POINT('Origin',(18.406,6.547,10.5));
#9876=CARTESIAN_POINT('',(18.906,6.547,9.));
#9877=CARTESIAN_POINT('Origin',(18.906,19.547,9.));
#9878=CARTESIAN_POINT('',(18.906,19.547,10.5));
#9879=CARTESIAN_POINT('',(18.906,19.547,10.5));
#9880=CARTESIAN_POINT('',(18.906,19.547,9.));
#9881=CARTESIAN_POINT('Origin',(18.406,19.547,9.));
#9882=CARTESIAN_POINT('',(18.406,20.047,10.5));
#9883=CARTESIAN_POINT('Origin',(18.406,19.547,10.5));
#9884=CARTESIAN_POINT('',(18.406,20.047,9.));
#9885=CARTESIAN_POINT('Origin',(5.406,20.047,9.));
#9886=CARTESIAN_POINT('',(5.406,20.047,10.5));
#9887=CARTESIAN_POINT('',(5.406,20.047,10.5));
#9888=CARTESIAN_POINT('',(5.406,20.047,9.));
#9889=CARTESIAN_POINT('Origin',(5.406,19.547,9.));
#9890=CARTESIAN_POINT('Origin',(5.406,19.547,10.5));
#9891=CARTESIAN_POINT('Origin',(62.056,6.547,9.));
#9892=CARTESIAN_POINT('',(62.056,19.547,10.5));
#9893=CARTESIAN_POINT('',(62.056,19.547,9.));
#9894=CARTESIAN_POINT('',(62.056,6.547,10.5));
#9895=CARTESIAN_POINT('',(62.056,19.547,10.5));
#9896=CARTESIAN_POINT('',(62.056,6.547,9.));
#9897=CARTESIAN_POINT('Origin',(62.556,6.547,9.));
#9898=CARTESIAN_POINT('',(62.556,6.047,10.5));
#9899=CARTESIAN_POINT('Origin',(62.556,6.547,10.5));
#9900=CARTESIAN_POINT('',(62.556,6.047,9.));
#9901=CARTESIAN_POINT('Origin',(75.556,6.047,9.));
#9902=CARTESIAN_POINT('',(75.556,6.047,10.5));
#9903=CARTESIAN_POINT('',(62.556,6.047,10.5));
#9904=CARTESIAN_POINT('',(75.556,6.047,9.));
#9905=CARTESIAN_POINT('Origin',(75.556,6.547,9.));
#9906=CARTESIAN_POINT('',(76.056,6.547,10.5));
#9907=CARTESIAN_POINT('Origin',(75.556,6.547,10.5));
#9908=CARTESIAN_POINT('',(76.056,6.547,9.));
#9909=CARTESIAN_POINT('Origin',(76.056,19.547,9.));
#9910=CARTESIAN_POINT('',(76.056,19.547,10.5));
#9911=CARTESIAN_POINT('',(76.056,19.547,10.5));
#9912=CARTESIAN_POINT('',(76.056,19.547,9.));
#9913=CARTESIAN_POINT('Origin',(75.556,19.547,9.));
#9914=CARTESIAN_POINT('',(75.556,20.047,10.5));
#9915=CARTESIAN_POINT('Origin',(75.556,19.547,10.5));
#9916=CARTESIAN_POINT('',(75.556,20.047,9.));
#9917=CARTESIAN_POINT('Origin',(62.556,20.047,9.));
#9918=CARTESIAN_POINT('',(62.556,20.047,10.5));
#9919=CARTESIAN_POINT('',(62.556,20.047,10.5));
#9920=CARTESIAN_POINT('',(62.556,20.047,9.));
#9921=CARTESIAN_POINT('Origin',(62.556,19.547,9.));
#9922=CARTESIAN_POINT('Origin',(62.556,19.547,10.5));
#9923=CARTESIAN_POINT('Origin',(86.4616681698284,50.7317672316321,9.));
#9924=CARTESIAN_POINT('',(84.7616681698284,50.7317672316321,10.5));
#9925=CARTESIAN_POINT('Origin',(86.4616681698284,50.7317672316321,10.5));
#9926=CARTESIAN_POINT('',(84.7616681698284,50.7317672316321,9.));
#9927=CARTESIAN_POINT('Origin',(81.463,55.744,9.));
#9928=CARTESIAN_POINT('',(81.463,45.744,10.5));
#9929=CARTESIAN_POINT('Origin',(-10.5,-10.5,9.));
#9930=CARTESIAN_POINT('',(-10.5,-10.5,10.5));
#9931=CARTESIAN_POINT('Origin',(45.3,55.744,9.));
#9932=CARTESIAN_POINT('',(45.3,55.744,10.5));
#9933=CARTESIAN_POINT('Origin',(40.4815,22.622,10.5));
#9934=CARTESIAN_POINT('Origin',(80.963,-4.33334237487128E-32,0.));
#9935=CARTESIAN_POINT('',(80.963,-4.33334237487128E-32,0.));
#9936=CARTESIAN_POINT('',(80.963,45.244,0.));
#9937=CARTESIAN_POINT('',(80.963,-4.33334237487128E-32,0.));
#9938=CARTESIAN_POINT('',(80.963,45.244,3.));
#9939=CARTESIAN_POINT('',(80.963,45.244,0.));
#9940=CARTESIAN_POINT('',(80.963,0.,3.));
#9941=CARTESIAN_POINT('',(80.963,-4.33334237487128E-32,3.));
#9942=CARTESIAN_POINT('',(80.963,-4.33334237487128E-32,0.));
#9943=CARTESIAN_POINT('Origin',(0.,0.,0.));
#9944=CARTESIAN_POINT('',(0.,0.,0.));
#9945=CARTESIAN_POINT('',(0.,0.,0.));
#9946=CARTESIAN_POINT('',(0.,0.,3.));
#9947=CARTESIAN_POINT('',(0.,0.,3.));
#9948=CARTESIAN_POINT('',(0.,0.,0.));
#9949=CARTESIAN_POINT('Origin',(4.93038065763132E-31,45.244,0.));
#9950=CARTESIAN_POINT('',(4.93038065763132E-31,45.244,0.));
#9951=CARTESIAN_POINT('',(4.93038065763132E-31,45.244,0.));
#9952=CARTESIAN_POINT('',(0.,45.244,3.));
#9953=CARTESIAN_POINT('',(4.93038065763132E-31,45.244,3.));
#9954=CARTESIAN_POINT('',(4.93038065763132E-31,45.244,0.));
#9955=CARTESIAN_POINT('Origin',(80.963,45.244,0.));
#9956=CARTESIAN_POINT('',(45.3,45.244,0.));
#9957=CARTESIAN_POINT('',(45.3,45.244,3.));
#9958=CARTESIAN_POINT('Origin',(40.4815,22.622,3.));
#9959=CARTESIAN_POINT('Origin',(40.4815,22.622,0.));
#9960=UNCERTAINTY_MEASURE_WITH_UNIT(LENGTH_MEASURE(0.01),#9964,
'DISTANCE_ACCURACY_VALUE',
'Maximum model space distance between geometric entities at asserted c
onnectivities');
#9961=UNCERTAINTY_MEASURE_WITH_UNIT(LENGTH_MEASURE(0.01),#9964,
'DISTANCE_ACCURACY_VALUE',
'Maximum model space distance between geometric entities at asserted c
onnectivities');
#9962=(
GEOMETRIC_REPRESENTATION_CONTEXT(3)
GLOBAL_UNCERTAINTY_ASSIGNED_CONTEXT((#9960))
GLOBAL_UNIT_ASSIGNED_CONTEXT((#9964,#9966,#9967))
REPRESENTATION_CONTEXT('','3D')
);
#9963=(
GEOMETRIC_REPRESENTATION_CONTEXT(3)
GLOBAL_UNCERTAINTY_ASSIGNED_CONTEXT((#9961))
GLOBAL_UNIT_ASSIGNED_CONTEXT((#9964,#9966,#9967))
REPRESENTATION_CONTEXT('','3D')
);
#9964=(
LENGTH_UNIT()
NAMED_UNIT(*)
SI_UNIT(.MILLI.,.METRE.)
);
#9965=(
LENGTH_UNIT()
NAMED_UNIT(*)
SI_UNIT($,.METRE.)
);
#9966=(
NAMED_UNIT(*)
PLANE_ANGLE_UNIT()
SI_UNIT($,.RADIAN.)
);
#9967=(
NAMED_UNIT(*)
SI_UNIT($,.STERADIAN.)
SOLID_ANGLE_UNIT()
);
#9968=SHAPE_DEFINITION_REPRESENTATION(#9969,#9970);
#9969=PRODUCT_DEFINITION_SHAPE('',$,#9972);
#9970=SHAPE_REPRESENTATION('',(#5236),#9962);
#9971=PRODUCT_DEFINITION_CONTEXT('part definition',#9976,'design');
#9972=PRODUCT_DEFINITION('osupad','osupad v4',#9973,#9971);
#9973=PRODUCT_DEFINITION_FORMATION('',$,#9978);
#9974=PRODUCT_RELATED_PRODUCT_CATEGORY('osupad v4','osupad v4',(#9978));
#9975=APPLICATION_PROTOCOL_DEFINITION('international standard',
'automotive_design',2009,#9976);
#9976=APPLICATION_CONTEXT(
'Core Data for Automotive Mechanical Design Process');
#9977=PRODUCT_CONTEXT('part definition',#9976,'mechanical');
#9978=PRODUCT('osupad','osupad v4',$,(#9977));
#9979=PRESENTATION_STYLE_ASSIGNMENT((#9982));
#9980=PRESENTATION_STYLE_ASSIGNMENT((#9983));
#9981=PRESENTATION_STYLE_ASSIGNMENT((#9984));
#9982=SURFACE_STYLE_USAGE(.BOTH.,#9985);
#9983=SURFACE_STYLE_USAGE(.BOTH.,#9986);
#9984=SURFACE_STYLE_USAGE(.BOTH.,#9987);
#9985=SURFACE_SIDE_STYLE('',(#9988));
#9986=SURFACE_SIDE_STYLE('',(#9989));
#9987=SURFACE_SIDE_STYLE('',(#9990));
#9988=SURFACE_STYLE_FILL_AREA(#9991);
#9989=SURFACE_STYLE_FILL_AREA(#9992);
#9990=SURFACE_STYLE_FILL_AREA(#9993);
#9991=FILL_AREA_STYLE('Steel - Satin',(#9994));
#9992=FILL_AREA_STYLE('ABS (White) (1)',(#9995));
#9993=FILL_AREA_STYLE('Aluminum - Anodized Glossy (Blue)',(#9996));
#9994=FILL_AREA_STYLE_COLOUR('Steel - Satin',#9997);
#9995=FILL_AREA_STYLE_COLOUR('ABS (White) (1)',#9998);
#9996=FILL_AREA_STYLE_COLOUR('Aluminum - Anodized Glossy (Blue)',#9999);
#9997=COLOUR_RGB('Steel - Satin',0.627450980392157,0.627450980392157,0.627450980392157);
#9998=COLOUR_RGB('ABS (White) (1)',0.290196078431373,0.290196078431373,
0.290196078431373);
#9999=COLOUR_RGB('Aluminum - Anodized Glossy (Blue)',0.192156862745098,
0.529411764705882,0.388235294117647);
ENDSEC;
END-ISO-10303-21;
