ISO-10303-21;
HEADER;
/* Generated by software containing ST-Developer
 * from STEP Tools, Inc. (www.steptools.com) 
 */

FILE_DESCRIPTION(
/* description */ (''),
/* implementation_level */ '2;1');

FILE_NAME(
/* name */ 'osupadcase.step',
/* time_stamp */ '2026-01-24T10:02:43Z',
/* author */ (''),
/* organization */ (''),
/* preprocessor_version */ 'ST-DEVELOPER v20.1',
/* originating_system */ 'Autodesk Translation Framework v14.21.0.0',
/* authorisation */ '');

FILE_SCHEMA (('AUTOMOTIVE_DESIGN { 1 0 10303 214 3 1 1 }'));
ENDSEC;

DATA;
#10=MECHANICAL_DESIGN_GEOMETRIC_PRESENTATION_REPRESENTATION('',(#13),#7737);
#11=SHAPE_REPRESENTATION_RELATIONSHIP('SRR','None',#7744,#12);
#12=ADVANCED_BREP_SHAPE_REPRESENTATION('',(#14),#7736);
#13=STYLED_ITEM('',(#7754),#14);
#14=MANIFOLD_SOLID_BREP('case',#3861);
#15=CYLINDRICAL_SURFACE('',#3953,1.7);
#16=CYLINDRICAL_SURFACE('',#3955,1.7);
#17=CYLINDRICAL_SURFACE('',#3957,1.7);
#18=CYLINDRICAL_SURFACE('',#3959,1.7);
#19=CIRCLE('',#3948,1.7);
#20=CIRCLE('',#3949,1.7);
#21=CIRCLE('',#3950,1.7);
#22=CIRCLE('',#3951,1.7);
#23=CIRCLE('',#3954,1.7);
#24=CIRCLE('',#3956,1.7);
#25=CIRCLE('',#3958,1.7);
#26=CIRCLE('',#3960,1.7);
#27=FACE_BOUND('',#428,.T.);
#28=FACE_BOUND('',#449,.T.);
#29=FACE_BOUND('',#473,.T.);
#30=FACE_BOUND('',#515,.T.);
#31=FACE_BOUND('',#517,.T.);
#32=FACE_BOUND('',#518,.T.);
#33=FACE_BOUND('',#519,.T.);
#34=FACE_BOUND('',#520,.T.);
#35=FACE_BOUND('',#521,.T.);
#36=FACE_BOUND('',#522,.T.);
#37=FACE_BOUND('',#523,.T.);
#38=FACE_BOUND('',#524,.T.);
#39=FACE_BOUND('',#552,.T.);
#40=FACE_BOUND('',#553,.T.);
#41=FACE_BOUND('',#554,.T.);
#42=FACE_BOUND('',#555,.T.);
#43=PLANE('',#3875);
#44=PLANE('',#3876);
#45=PLANE('',#3877);
#46=PLANE('',#3878);
#47=PLANE('',#3879);
#48=PLANE('',#3880);
#49=PLANE('',#3881);
#50=PLANE('',#3882);
#51=PLANE('',#3883);
#52=PLANE('',#3884);
#53=PLANE('',#3885);
#54=PLANE('',#3886);
#55=PLANE('',#3887);
#56=PLANE('',#3888);
#57=PLANE('',#3889);
#58=PLANE('',#3890);
#59=PLANE('',#3891);
#60=PLANE('',#3892);
#61=PLANE('',#3893);
#62=PLANE('',#3894);
#63=PLANE('',#3895);
#64=PLANE('',#3896);
#65=PLANE('',#3897);
#66=PLANE('',#3898);
#67=PLANE('',#3899);
#68=PLANE('',#3900);
#69=PLANE('',#3901);
#70=PLANE('',#3902);
#71=PLANE('',#3903);
#72=PLANE('',#3904);
#73=PLANE('',#3905);
#74=PLANE('',#3906);
#75=PLANE('',#3907);
#76=PLANE('',#3908);
#77=PLANE('',#3909);
#78=PLANE('',#3910);
#79=PLANE('',#3911);
#80=PLANE('',#3912);
#81=PLANE('',#3913);
#82=PLANE('',#3914);
#83=PLANE('',#3915);
#84=PLANE('',#3916);
#85=PLANE('',#3917);
#86=PLANE('',#3918);
#87=PLANE('',#3919);
#88=PLANE('',#3920);
#89=PLANE('',#3921);
#90=PLANE('',#3922);
#91=PLANE('',#3923);
#92=PLANE('',#3924);
#93=PLANE('',#3925);
#94=PLANE('',#3926);
#95=PLANE('',#3927);
#96=PLANE('',#3928);
#97=PLANE('',#3929);
#98=PLANE('',#3930);
#99=PLANE('',#3931);
#100=PLANE('',#3932);
#101=PLANE('',#3933);
#102=PLANE('',#3934);
#103=PLANE('',#3935);
#104=PLANE('',#3936);
#105=PLANE('',#3937);
#106=PLANE('',#3938);
#107=PLANE('',#3939);
#108=PLANE('',#3940);
#109=PLANE('',#3941);
#110=PLANE('',#3942);
#111=PLANE('',#3943);
#112=PLANE('',#3944);
#113=PLANE('',#3945);
#114=PLANE('',#3946);
#115=PLANE('',#3947);
#116=PLANE('',#3952);
#117=PLANE('',#3961);
#118=PLANE('',#3962);
#119=PLANE('',#3963);
#120=PLANE('',#3964);
#121=PLANE('',#3965);
#122=PLANE('',#3966);
#123=PLANE('',#3967);
#124=PLANE('',#3968);
#125=PLANE('',#3969);
#126=PLANE('',#3970);
#127=PLANE('',#3971);
#128=PLANE('',#3972);
#129=PLANE('',#3973);
#130=FACE_OUTER_BOUND('',#344,.T.);
#131=FACE_OUTER_BOUND('',#345,.T.);
#132=FACE_OUTER_BOUND('',#346,.T.);
#133=FACE_OUTER_BOUND('',#347,.T.);
#134=FACE_OUTER_BOUND('',#348,.T.);
#135=FACE_OUTER_BOUND('',#349,.T.);
#136=FACE_OUTER_BOUND('',#350,.T.);
#137=FACE_OUTER_BOUND('',#351,.T.);
#138=FACE_OUTER_BOUND('',#352,.T.);
#139=FACE_OUTER_BOUND('',#353,.T.);
#140=FACE_OUTER_BOUND('',#354,.T.);
#141=FACE_OUTER_BOUND('',#355,.T.);
#142=FACE_OUTER_BOUND('',#356,.T.);
#143=FACE_OUTER_BOUND('',#357,.T.);
#144=FACE_OUTER_BOUND('',#358,.T.);
#145=FACE_OUTER_BOUND('',#359,.T.);
#146=FACE_OUTER_BOUND('',#360,.T.);
#147=FACE_OUTER_BOUND('',#361,.T.);
#148=FACE_OUTER_BOUND('',#362,.T.);
#149=FACE_OUTER_BOUND('',#363,.T.);
#150=FACE_OUTER_BOUND('',#364,.T.);
#151=FACE_OUTER_BOUND('',#365,.T.);
#152=FACE_OUTER_BOUND('',#366,.T.);
#153=FACE_OUTER_BOUND('',#367,.T.);
#154=FACE_OUTER_BOUND('',#368,.T.);
#155=FACE_OUTER_BOUND('',#369,.T.);
#156=FACE_OUTER_BOUND('',#370,.T.);
#157=FACE_OUTER_BOUND('',#371,.T.);
#158=FACE_OUTER_BOUND('',#372,.T.);
#159=FACE_OUTER_BOUND('',#373,.T.);
#160=FACE_OUTER_BOUND('',#374,.T.);
#161=FACE_OUTER_BOUND('',#375,.T.);
#162=FACE_OUTER_BOUND('',#376,.T.);
#163=FACE_OUTER_BOUND('',#377,.T.);
#164=FACE_OUTER_BOUND('',#378,.T.);
#165=FACE_OUTER_BOUND('',#379,.T.);
#166=FACE_OUTER_BOUND('',#380,.T.);
#167=FACE_OUTER_BOUND('',#381,.T.);
#168=FACE_OUTER_BOUND('',#382,.T.);
#169=FACE_OUTER_BOUND('',#383,.T.);
#170=FACE_OUTER_BOUND('',#384,.T.);
#171=FACE_OUTER_BOUND('',#385,.T.);
#172=FACE_OUTER_BOUND('',#386,.T.);
#173=FACE_OUTER_BOUND('',#387,.T.);
#174=FACE_OUTER_BOUND('',#388,.T.);
#175=FACE_OUTER_BOUND('',#389,.T.);
#176=FACE_OUTER_BOUND('',#390,.T.);
#177=FACE_OUTER_BOUND('',#391,.T.);
#178=FACE_OUTER_BOUND('',#392,.T.);
#179=FACE_OUTER_BOUND('',#393,.T.);
#180=FACE_OUTER_BOUND('',#394,.T.);
#181=FACE_OUTER_BOUND('',#395,.T.);
#182=FACE_OUTER_BOUND('',#396,.T.);
#183=FACE_OUTER_BOUND('',#397,.T.);
#184=FACE_OUTER_BOUND('',#398,.T.);
#185=FACE_OUTER_BOUND('',#399,.T.);
#186=FACE_OUTER_BOUND('',#400,.T.);
#187=FACE_OUTER_BOUND('',#401,.T.);
#188=FACE_OUTER_BOUND('',#402,.T.);
#189=FACE_OUTER_BOUND('',#403,.T.);
#190=FACE_OUTER_BOUND('',#404,.T.);
#191=FACE_OUTER_BOUND('',#405,.T.);
#192=FACE_OUTER_BOUND('',#406,.T.);
#193=FACE_OUTER_BOUND('',#407,.T.);
#194=FACE_OUTER_BOUND('',#408,.T.);
#195=FACE_OUTER_BOUND('',#409,.T.);
#196=FACE_OUTER_BOUND('',#410,.T.);
#197=FACE_OUTER_BOUND('',#411,.T.);
#198=FACE_OUTER_BOUND('',#412,.T.);
#199=FACE_OUTER_BOUND('',#413,.T.);
#200=FACE_OUTER_BOUND('',#414,.T.);
#201=FACE_OUTER_BOUND('',#415,.T.);
#202=FACE_OUTER_BOUND('',#416,.T.);
#203=FACE_OUTER_BOUND('',#417,.T.);
#204=FACE_OUTER_BOUND('',#418,.T.);
#205=FACE_OUTER_BOUND('',#419,.T.);
#206=FACE_OUTER_BOUND('',#420,.T.);
#207=FACE_OUTER_BOUND('',#421,.T.);
#208=FACE_OUTER_BOUND('',#422,.T.);
#209=FACE_OUTER_BOUND('',#423,.T.);
#210=FACE_OUTER_BOUND('',#424,.T.);
#211=FACE_OUTER_BOUND('',#425,.T.);
#212=FACE_OUTER_BOUND('',#426,.T.);
#213=FACE_OUTER_BOUND('',#427,.T.);
#214=FACE_OUTER_BOUND('',#429,.T.);
#215=FACE_OUTER_BOUND('',#430,.T.);
#216=FACE_OUTER_BOUND('',#431,.T.);
#217=FACE_OUTER_BOUND('',#432,.T.);
#218=FACE_OUTER_BOUND('',#433,.T.);
#219=FACE_OUTER_BOUND('',#434,.T.);
#220=FACE_OUTER_BOUND('',#435,.T.);
#221=FACE_OUTER_BOUND('',#436,.T.);
#222=FACE_OUTER_BOUND('',#437,.T.);
#223=FACE_OUTER_BOUND('',#438,.T.);
#224=FACE_OUTER_BOUND('',#439,.T.);
#225=FACE_OUTER_BOUND('',#440,.T.);
#226=FACE_OUTER_BOUND('',#441,.T.);
#227=FACE_OUTER_BOUND('',#442,.T.);
#228=FACE_OUTER_BOUND('',#443,.T.);
#229=FACE_OUTER_BOUND('',#444,.T.);
#230=FACE_OUTER_BOUND('',#445,.T.);
#231=FACE_OUTER_BOUND('',#446,.T.);
#232=FACE_OUTER_BOUND('',#447,.T.);
#233=FACE_OUTER_BOUND('',#448,.T.);
#234=FACE_OUTER_BOUND('',#450,.T.);
#235=FACE_OUTER_BOUND('',#451,.T.);
#236=FACE_OUTER_BOUND('',#452,.T.);
#237=FACE_OUTER_BOUND('',#453,.T.);
#238=FACE_OUTER_BOUND('',#454,.T.);
#239=FACE_OUTER_BOUND('',#455,.T.);
#240=FACE_OUTER_BOUND('',#456,.T.);
#241=FACE_OUTER_BOUND('',#457,.T.);
#242=FACE_OUTER_BOUND('',#458,.T.);
#243=FACE_OUTER_BOUND('',#459,.T.);
#244=FACE_OUTER_BOUND('',#460,.T.);
#245=FACE_OUTER_BOUND('',#461,.T.);
#246=FACE_OUTER_BOUND('',#462,.T.);
#247=FACE_OUTER_BOUND('',#463,.T.);
#248=FACE_OUTER_BOUND('',#464,.T.);
#249=FACE_OUTER_BOUND('',#465,.T.);
#250=FACE_OUTER_BOUND('',#466,.T.);
#251=FACE_OUTER_BOUND('',#467,.T.);
#252=FACE_OUTER_BOUND('',#468,.T.);
#253=FACE_OUTER_BOUND('',#469,.T.);
#254=FACE_OUTER_BOUND('',#470,.T.);
#255=FACE_OUTER_BOUND('',#471,.T.);
#256=FACE_OUTER_BOUND('',#472,.T.);
#257=FACE_OUTER_BOUND('',#474,.T.);
#258=FACE_OUTER_BOUND('',#475,.T.);
#259=FACE_OUTER_BOUND('',#476,.T.);
#260=FACE_OUTER_BOUND('',#477,.T.);
#261=FACE_OUTER_BOUND('',#478,.T.);
#262=FACE_OUTER_BOUND('',#479,.T.);
#263=FACE_OUTER_BOUND('',#480,.T.);
#264=FACE_OUTER_BOUND('',#481,.T.);
#265=FACE_OUTER_BOUND('',#482,.T.);
#266=FACE_OUTER_BOUND('',#483,.T.);
#267=FACE_OUTER_BOUND('',#484,.T.);
#268=FACE_OUTER_BOUND('',#485,.T.);
#269=FACE_OUTER_BOUND('',#486,.T.);
#270=FACE_OUTER_BOUND('',#487,.T.);
#271=FACE_OUTER_BOUND('',#488,.T.);
#272=FACE_OUTER_BOUND('',#489,.T.);
#273=FACE_OUTER_BOUND('',#490,.T.);
#274=FACE_OUTER_BOUND('',#491,.T.);
#275=FACE_OUTER_BOUND('',#492,.T.);
#276=FACE_OUTER_BOUND('',#493,.T.);
#277=FACE_OUTER_BOUND('',#494,.T.);
#278=FACE_OUTER_BOUND('',#495,.T.);
#279=FACE_OUTER_BOUND('',#496,.T.);
#280=FACE_OUTER_BOUND('',#497,.T.);
#281=FACE_OUTER_BOUND('',#498,.T.);
#282=FACE_OUTER_BOUND('',#499,.T.);
#283=FACE_OUTER_BOUND('',#500,.T.);
#284=FACE_OUTER_BOUND('',#501,.T.);
#285=FACE_OUTER_BOUND('',#502,.T.);
#286=FACE_OUTER_BOUND('',#503,.T.);
#287=FACE_OUTER_BOUND('',#504,.T.);
#288=FACE_OUTER_BOUND('',#505,.T.);
#289=FACE_OUTER_BOUND('',#506,.T.);
#290=FACE_OUTER_BOUND('',#507,.T.);
#291=FACE_OUTER_BOUND('',#508,.T.);
#292=FACE_OUTER_BOUND('',#509,.T.);
#293=FACE_OUTER_BOUND('',#510,.T.);
#294=FACE_OUTER_BOUND('',#511,.T.);
#295=FACE_OUTER_BOUND('',#512,.T.);
#296=FACE_OUTER_BOUND('',#513,.T.);
#297=FACE_OUTER_BOUND('',#514,.T.);
#298=FACE_OUTER_BOUND('',#516,.T.);
#299=FACE_OUTER_BOUND('',#525,.T.);
#300=FACE_OUTER_BOUND('',#526,.T.);
#301=FACE_OUTER_BOUND('',#527,.T.);
#302=FACE_OUTER_BOUND('',#528,.T.);
#303=FACE_OUTER_BOUND('',#529,.T.);
#304=FACE_OUTER_BOUND('',#530,.T.);
#305=FACE_OUTER_BOUND('',#531,.T.);
#306=FACE_OUTER_BOUND('',#532,.T.);
#307=FACE_OUTER_BOUND('',#533,.T.);
#308=FACE_OUTER_BOUND('',#534,.T.);
#309=FACE_OUTER_BOUND('',#535,.T.);
#310=FACE_OUTER_BOUND('',#536,.T.);
#311=FACE_OUTER_BOUND('',#537,.T.);
#312=FACE_OUTER_BOUND('',#538,.T.);
#313=FACE_OUTER_BOUND('',#539,.T.);
#314=FACE_OUTER_BOUND('',#540,.T.);
#315=FACE_OUTER_BOUND('',#541,.T.);
#316=FACE_OUTER_BOUND('',#542,.T.);
#317=FACE_OUTER_BOUND('',#543,.T.);
#318=FACE_OUTER_BOUND('',#544,.T.);
#319=FACE_OUTER_BOUND('',#545,.T.);
#320=FACE_OUTER_BOUND('',#546,.T.);
#321=FACE_OUTER_BOUND('',#547,.T.);
#322=FACE_OUTER_BOUND('',#548,.T.);
#323=FACE_OUTER_BOUND('',#549,.T.);
#324=FACE_OUTER_BOUND('',#550,.T.);
#325=FACE_OUTER_BOUND('',#551,.T.);
#326=FACE_OUTER_BOUND('',#556,.T.);
#327=FACE_OUTER_BOUND('',#557,.T.);
#328=FACE_OUTER_BOUND('',#558,.T.);
#329=FACE_OUTER_BOUND('',#559,.T.);
#330=FACE_OUTER_BOUND('',#560,.T.);
#331=FACE_OUTER_BOUND('',#561,.T.);
#332=FACE_OUTER_BOUND('',#562,.T.);
#333=FACE_OUTER_BOUND('',#563,.T.);
#334=FACE_OUTER_BOUND('',#564,.T.);
#335=FACE_OUTER_BOUND('',#565,.T.);
#336=FACE_OUTER_BOUND('',#566,.T.);
#337=FACE_OUTER_BOUND('',#567,.T.);
#338=FACE_OUTER_BOUND('',#568,.T.);
#339=FACE_OUTER_BOUND('',#569,.T.);
#340=FACE_OUTER_BOUND('',#570,.T.);
#341=FACE_OUTER_BOUND('',#571,.T.);
#342=FACE_OUTER_BOUND('',#572,.T.);
#343=FACE_OUTER_BOUND('',#573,.T.);
#344=EDGE_LOOP('',(#2388,#2389,#2390,#2391));
#345=EDGE_LOOP('',(#2392,#2393,#2394,#2395));
#346=EDGE_LOOP('',(#2396,#2397,#2398,#2399));
#347=EDGE_LOOP('',(#2400,#2401,#2402,#2403));
#348=EDGE_LOOP('',(#2404,#2405,#2406,#2407));
#349=EDGE_LOOP('',(#2408,#2409,#2410,#2411));
#350=EDGE_LOOP('',(#2412,#2413,#2414,#2415));
#351=EDGE_LOOP('',(#2416,#2417,#2418,#2419));
#352=EDGE_LOOP('',(#2420,#2421,#2422,#2423));
#353=EDGE_LOOP('',(#2424,#2425,#2426,#2427));
#354=EDGE_LOOP('',(#2428,#2429,#2430,#2431));
#355=EDGE_LOOP('',(#2432,#2433,#2434,#2435));
#356=EDGE_LOOP('',(#2436,#2437,#2438,#2439));
#357=EDGE_LOOP('',(#2440,#2441,#2442,#2443));
#358=EDGE_LOOP('',(#2444,#2445,#2446,#2447));
#359=EDGE_LOOP('',(#2448,#2449,#2450,#2451));
#360=EDGE_LOOP('',(#2452,#2453,#2454,#2455));
#361=EDGE_LOOP('',(#2456,#2457,#2458,#2459));
#362=EDGE_LOOP('',(#2460,#2461,#2462,#2463));
#363=EDGE_LOOP('',(#2464,#2465,#2466,#2467));
#364=EDGE_LOOP('',(#2468,#2469,#2470,#2471));
#365=EDGE_LOOP('',(#2472,#2473,#2474,#2475));
#366=EDGE_LOOP('',(#2476,#2477,#2478,#2479));
#367=EDGE_LOOP('',(#2480,#2481,#2482,#2483));
#368=EDGE_LOOP('',(#2484,#2485,#2486,#2487));
#369=EDGE_LOOP('',(#2488,#2489,#2490,#2491));
#370=EDGE_LOOP('',(#2492,#2493,#2494,#2495));
#371=EDGE_LOOP('',(#2496,#2497,#2498,#2499));
#372=EDGE_LOOP('',(#2500,#2501,#2502,#2503));
#373=EDGE_LOOP('',(#2504,#2505,#2506,#2507));
#374=EDGE_LOOP('',(#2508,#2509,#2510,#2511));
#375=EDGE_LOOP('',(#2512,#2513,#2514,#2515));
#376=EDGE_LOOP('',(#2516,#2517,#2518,#2519));
#377=EDGE_LOOP('',(#2520,#2521,#2522,#2523,#2524,#2525,#2526,#2527,#2528,
#2529,#2530,#2531,#2532,#2533,#2534,#2535,#2536,#2537,#2538,#2539,#2540,
#2541,#2542,#2543,#2544,#2545,#2546,#2547,#2548,#2549,#2550,#2551,#2552));
#378=EDGE_LOOP('',(#2553,#2554,#2555,#2556));
#379=EDGE_LOOP('',(#2557,#2558,#2559,#2560));
#380=EDGE_LOOP('',(#2561,#2562,#2563,#2564));
#381=EDGE_LOOP('',(#2565,#2566,#2567,#2568));
#382=EDGE_LOOP('',(#2569,#2570,#2571,#2572));
#383=EDGE_LOOP('',(#2573,#2574,#2575,#2576));
#384=EDGE_LOOP('',(#2577,#2578,#2579,#2580,#2581,#2582));
#385=EDGE_LOOP('',(#2583,#2584,#2585,#2586));
#386=EDGE_LOOP('',(#2587,#2588,#2589,#2590));
#387=EDGE_LOOP('',(#2591,#2592,#2593,#2594));
#388=EDGE_LOOP('',(#2595,#2596,#2597,#2598));
#389=EDGE_LOOP('',(#2599,#2600,#2601,#2602));
#390=EDGE_LOOP('',(#2603,#2604,#2605,#2606));
#391=EDGE_LOOP('',(#2607,#2608,#2609,#2610));
#392=EDGE_LOOP('',(#2611,#2612,#2613,#2614));
#393=EDGE_LOOP('',(#2615,#2616,#2617,#2618));
#394=EDGE_LOOP('',(#2619,#2620,#2621,#2622));
#395=EDGE_LOOP('',(#2623,#2624,#2625,#2626));
#396=EDGE_LOOP('',(#2627,#2628,#2629,#2630));
#397=EDGE_LOOP('',(#2631,#2632,#2633,#2634));
#398=EDGE_LOOP('',(#2635,#2636,#2637,#2638));
#399=EDGE_LOOP('',(#2639,#2640,#2641,#2642));
#400=EDGE_LOOP('',(#2643,#2644,#2645,#2646));
#401=EDGE_LOOP('',(#2647,#2648,#2649,#2650));
#402=EDGE_LOOP('',(#2651,#2652,#2653,#2654));
#403=EDGE_LOOP('',(#2655,#2656,#2657,#2658));
#404=EDGE_LOOP('',(#2659,#2660,#2661,#2662));
#405=EDGE_LOOP('',(#2663,#2664,#2665,#2666));
#406=EDGE_LOOP('',(#2667,#2668,#2669,#2670));
#407=EDGE_LOOP('',(#2671,#2672,#2673,#2674));
#408=EDGE_LOOP('',(#2675,#2676,#2677,#2678));
#409=EDGE_LOOP('',(#2679,#2680,#2681,#2682));
#410=EDGE_LOOP('',(#2683,#2684,#2685,#2686));
#411=EDGE_LOOP('',(#2687,#2688,#2689,#2690));
#412=EDGE_LOOP('',(#2691,#2692,#2693,#2694));
#413=EDGE_LOOP('',(#2695,#2696,#2697,#2698));
#414=EDGE_LOOP('',(#2699,#2700,#2701,#2702));
#415=EDGE_LOOP('',(#2703,#2704,#2705,#2706));
#416=EDGE_LOOP('',(#2707,#2708,#2709,#2710));
#417=EDGE_LOOP('',(#2711,#2712,#2713,#2714));
#418=EDGE_LOOP('',(#2715,#2716,#2717,#2718));
#419=EDGE_LOOP('',(#2719,#2720,#2721,#2722));
#420=EDGE_LOOP('',(#2723,#2724,#2725,#2726));
#421=EDGE_LOOP('',(#2727,#2728,#2729,#2730));
#422=EDGE_LOOP('',(#2731,#2732,#2733,#2734));
#423=EDGE_LOOP('',(#2735,#2736,#2737,#2738));
#424=EDGE_LOOP('',(#2739,#2740,#2741,#2742));
#425=EDGE_LOOP('',(#2743,#2744,#2745,#2746));
#426=EDGE_LOOP('',(#2747,#2748,#2749,#2750));
#427=EDGE_LOOP('',(#2751,#2752,#2753,#2754,#2755,#2756,#2757,#2758,#2759,
#2760,#2761,#2762,#2763,#2764,#2765,#2766,#2767,#2768,#2769,#2770,#2771,
#2772,#2773,#2774,#2775,#2776,#2777));
#428=EDGE_LOOP('',(#2778,#2779,#2780,#2781,#2782,#2783,#2784,#2785,#2786,
#2787));
#429=EDGE_LOOP('',(#2788,#2789,#2790,#2791));
#430=EDGE_LOOP('',(#2792,#2793,#2794,#2795));
#431=EDGE_LOOP('',(#2796,#2797,#2798,#2799));
#432=EDGE_LOOP('',(#2800,#2801,#2802,#2803));
#433=EDGE_LOOP('',(#2804,#2805,#2806,#2807));
#434=EDGE_LOOP('',(#2808,#2809,#2810,#2811));
#435=EDGE_LOOP('',(#2812,#2813,#2814,#2815));
#436=EDGE_LOOP('',(#2816,#2817,#2818,#2819));
#437=EDGE_LOOP('',(#2820,#2821,#2822,#2823));
#438=EDGE_LOOP('',(#2824,#2825,#2826,#2827));
#439=EDGE_LOOP('',(#2828,#2829,#2830,#2831));
#440=EDGE_LOOP('',(#2832,#2833,#2834,#2835));
#441=EDGE_LOOP('',(#2836,#2837,#2838,#2839));
#442=EDGE_LOOP('',(#2840,#2841,#2842,#2843));
#443=EDGE_LOOP('',(#2844,#2845,#2846,#2847));
#444=EDGE_LOOP('',(#2848,#2849,#2850,#2851));
#445=EDGE_LOOP('',(#2852,#2853,#2854,#2855));
#446=EDGE_LOOP('',(#2856,#2857,#2858,#2859));
#447=EDGE_LOOP('',(#2860,#2861,#2862,#2863));
#448=EDGE_LOOP('',(#2864,#2865,#2866,#2867,#2868,#2869,#2870,#2871,#2872,
#2873,#2874));
#449=EDGE_LOOP('',(#2875,#2876,#2877,#2878,#2879,#2880,#2881,#2882));
#450=EDGE_LOOP('',(#2883,#2884,#2885,#2886));
#451=EDGE_LOOP('',(#2887,#2888,#2889,#2890));
#452=EDGE_LOOP('',(#2891,#2892,#2893,#2894));
#453=EDGE_LOOP('',(#2895,#2896,#2897,#2898));
#454=EDGE_LOOP('',(#2899,#2900,#2901,#2902));
#455=EDGE_LOOP('',(#2903,#2904,#2905,#2906));
#456=EDGE_LOOP('',(#2907,#2908,#2909,#2910));
#457=EDGE_LOOP('',(#2911,#2912,#2913,#2914));
#458=EDGE_LOOP('',(#2915,#2916,#2917,#2918));
#459=EDGE_LOOP('',(#2919,#2920,#2921,#2922));
#460=EDGE_LOOP('',(#2923,#2924,#2925,#2926));
#461=EDGE_LOOP('',(#2927,#2928,#2929,#2930));
#462=EDGE_LOOP('',(#2931,#2932,#2933,#2934));
#463=EDGE_LOOP('',(#2935,#2936,#2937,#2938));
#464=EDGE_LOOP('',(#2939,#2940,#2941,#2942));
#465=EDGE_LOOP('',(#2943,#2944,#2945,#2946));
#466=EDGE_LOOP('',(#2947,#2948,#2949,#2950));
#467=EDGE_LOOP('',(#2951,#2952,#2953,#2954));
#468=EDGE_LOOP('',(#2955,#2956,#2957,#2958));
#469=EDGE_LOOP('',(#2959,#2960,#2961,#2962));
#470=EDGE_LOOP('',(#2963,#2964,#2965,#2966));
#471=EDGE_LOOP('',(#2967,#2968,#2969,#2970));
#472=EDGE_LOOP('',(#2971,#2972,#2973,#2974,#2975,#2976,#2977,#2978,#2979,
#2980,#2981,#2982,#2983,#2984));
#473=EDGE_LOOP('',(#2985,#2986,#2987,#2988,#2989,#2990,#2991,#2992));
#474=EDGE_LOOP('',(#2993,#2994,#2995,#2996));
#475=EDGE_LOOP('',(#2997,#2998,#2999,#3000));
#476=EDGE_LOOP('',(#3001,#3002,#3003,#3004));
#477=EDGE_LOOP('',(#3005,#3006,#3007,#3008));
#478=EDGE_LOOP('',(#3009,#3010,#3011,#3012));
#479=EDGE_LOOP('',(#3013,#3014,#3015,#3016));
#480=EDGE_LOOP('',(#3017,#3018,#3019,#3020));
#481=EDGE_LOOP('',(#3021,#3022,#3023,#3024));
#482=EDGE_LOOP('',(#3025,#3026,#3027,#3028));
#483=EDGE_LOOP('',(#3029,#3030,#3031,#3032));
#484=EDGE_LOOP('',(#3033,#3034,#3035,#3036));
#485=EDGE_LOOP('',(#3037,#3038,#3039,#3040));
#486=EDGE_LOOP('',(#3041,#3042,#3043,#3044));
#487=EDGE_LOOP('',(#3045,#3046,#3047,#3048));
#488=EDGE_LOOP('',(#3049,#3050,#3051,#3052));
#489=EDGE_LOOP('',(#3053,#3054,#3055,#3056));
#490=EDGE_LOOP('',(#3057,#3058,#3059,#3060));
#491=EDGE_LOOP('',(#3061,#3062,#3063,#3064));
#492=EDGE_LOOP('',(#3065,#3066,#3067,#3068));
#493=EDGE_LOOP('',(#3069,#3070,#3071,#3072,#3073,#3074,#3075,#3076,#3077,
#3078,#3079,#3080,#3081,#3082,#3083,#3084,#3085,#3086,#3087));
#494=EDGE_LOOP('',(#3088,#3089,#3090,#3091));
#495=EDGE_LOOP('',(#3092,#3093,#3094,#3095));
#496=EDGE_LOOP('',(#3096,#3097,#3098,#3099));
#497=EDGE_LOOP('',(#3100,#3101,#3102,#3103));
#498=EDGE_LOOP('',(#3104,#3105,#3106,#3107));
#499=EDGE_LOOP('',(#3108,#3109,#3110,#3111));
#500=EDGE_LOOP('',(#3112,#3113,#3114,#3115));
#501=EDGE_LOOP('',(#3116,#3117,#3118,#3119));
#502=EDGE_LOOP('',(#3120,#3121,#3122,#3123));
#503=EDGE_LOOP('',(#3124,#3125,#3126,#3127));
#504=EDGE_LOOP('',(#3128,#3129,#3130,#3131));
#505=EDGE_LOOP('',(#3132,#3133,#3134,#3135));
#506=EDGE_LOOP('',(#3136,#3137,#3138,#3139));
#507=EDGE_LOOP('',(#3140,#3141,#3142,#3143));
#508=EDGE_LOOP('',(#3144,#3145,#3146,#3147));
#509=EDGE_LOOP('',(#3148,#3149,#3150,#3151));
#510=EDGE_LOOP('',(#3152,#3153,#3154,#3155));
#511=EDGE_LOOP('',(#3156,#3157,#3158,#3159));
#512=EDGE_LOOP('',(#3160,#3161,#3162,#3163));
#513=EDGE_LOOP('',(#3164,#3165,#3166,#3167));
#514=EDGE_LOOP('',(#3168,#3169,#3170,#3171,#3172,#3173,#3174,#3175,#3176,
#3177,#3178));
#515=EDGE_LOOP('',(#3179,#3180,#3181,#3182,#3183,#3184,#3185,#3186,#3187));
#516=EDGE_LOOP('',(#3188,#3189,#3190,#3191,#3192,#3193,#3194,#3195));
#517=EDGE_LOOP('',(#3196,#3197,#3198,#3199,#3200,#3201,#3202,#3203,#3204,
#3205,#3206,#3207,#3208,#3209,#3210,#3211,#3212,#3213,#3214,#3215,#3216,
#3217,#3218,#3219,#3220,#3221,#3222,#3223,#3224,#3225,#3226,#3227,#3228));
#518=EDGE_LOOP('',(#3229,#3230,#3231,#3232,#3233,#3234));
#519=EDGE_LOOP('',(#3235,#3236,#3237,#3238));
#520=EDGE_LOOP('',(#3239,#3240,#3241,#3242,#3243,#3244,#3245,#3246,#3247,
#3248,#3249,#3250,#3251,#3252,#3253,#3254,#3255,#3256,#3257,#3258,#3259,
#3260,#3261,#3262,#3263,#3264,#3265));
#521=EDGE_LOOP('',(#3266,#3267,#3268,#3269,#3270,#3271,#3272,#3273,#3274,
#3275,#3276));
#522=EDGE_LOOP('',(#3277,#3278,#3279,#3280,#3281,#3282,#3283,#3284,#3285,
#3286,#3287,#3288,#3289,#3290));
#523=EDGE_LOOP('',(#3291,#3292,#3293,#3294,#3295,#3296,#3297,#3298,#3299,
#3300,#3301,#3302,#3303,#3304,#3305,#3306,#3307,#3308,#3309));
#524=EDGE_LOOP('',(#3310,#3311,#3312,#3313,#3314,#3315,#3316,#3317,#3318,
#3319,#3320));
#525=EDGE_LOOP('',(#3321,#3322,#3323,#3324,#3325,#3326,#3327,#3328,#3329));
#526=EDGE_LOOP('',(#3330,#3331,#3332,#3333,#3334,#3335,#3336,#3337));
#527=EDGE_LOOP('',(#3338,#3339,#3340,#3341,#3342,#3343,#3344,#3345));
#528=EDGE_LOOP('',(#3346,#3347,#3348));
#529=EDGE_LOOP('',(#3349,#3350,#3351,#3352));
#530=EDGE_LOOP('',(#3353,#3354,#3355));
#531=EDGE_LOOP('',(#3356,#3357,#3358,#3359));
#532=EDGE_LOOP('',(#3360,#3361,#3362,#3363));
#533=EDGE_LOOP('',(#3364,#3365,#3366));
#534=EDGE_LOOP('',(#3367,#3368,#3369,#3370));
#535=EDGE_LOOP('',(#3371,#3372,#3373,#3374));
#536=EDGE_LOOP('',(#3375,#3376,#3377));
#537=EDGE_LOOP('',(#3378,#3379,#3380,#3381));
#538=EDGE_LOOP('',(#3382,#3383,#3384,#3385));
#539=EDGE_LOOP('',(#3386,#3387,#3388));
#540=EDGE_LOOP('',(#3389,#3390,#3391,#3392));
#541=EDGE_LOOP('',(#3393,#3394,#3395));
#542=EDGE_LOOP('',(#3396,#3397,#3398,#3399));
#543=EDGE_LOOP('',(#3400,#3401,#3402,#3403));
#544=EDGE_LOOP('',(#3404,#3405,#3406,#3407));
#545=EDGE_LOOP('',(#3408,#3409,#3410,#3411));
#546=EDGE_LOOP('',(#3412,#3413,#3414,#3415));
#547=EDGE_LOOP('',(#3416,#3417,#3418,#3419));
#548=EDGE_LOOP('',(#3420,#3421,#3422,#3423));
#549=EDGE_LOOP('',(#3424,#3425,#3426,#3427));
#550=EDGE_LOOP('',(#3428,#3429,#3430,#3431));
#551=EDGE_LOOP('',(#3432,#3433,#3434,#3435,#3436,#3437,#3438,#3439,#3440,
#3441,#3442,#3443,#3444,#3445,#3446,#3447));
#552=EDGE_LOOP('',(#3448));
#553=EDGE_LOOP('',(#3449));
#554=EDGE_LOOP('',(#3450));
#555=EDGE_LOOP('',(#3451));
#556=EDGE_LOOP('',(#3452,#3453,#3454,#3455,#3456,#3457,#3458,#3459,#3460,
#3461));
#557=EDGE_LOOP('',(#3462,#3463,#3464,#3465));
#558=EDGE_LOOP('',(#3466,#3467,#3468,#3469));
#559=EDGE_LOOP('',(#3470,#3471,#3472,#3473));
#560=EDGE_LOOP('',(#3474,#3475,#3476,#3477));
#561=EDGE_LOOP('',(#3478,#3479,#3480,#3481));
#562=EDGE_LOOP('',(#3482,#3483,#3484,#3485));
#563=EDGE_LOOP('',(#3486,#3487,#3488,#3489));
#564=EDGE_LOOP('',(#3490));
#565=EDGE_LOOP('',(#3491));
#566=EDGE_LOOP('',(#3492));
#567=EDGE_LOOP('',(#3493));
#568=EDGE_LOOP('',(#3494,#3495,#3496,#3497));
#569=EDGE_LOOP('',(#3498,#3499,#3500,#3501));
#570=EDGE_LOOP('',(#3502,#3503,#3504,#3505,#3506,#3507));
#571=EDGE_LOOP('',(#3508,#3509,#3510,#3511));
#572=EDGE_LOOP('',(#3512,#3513,#3514,#3515,#3516,#3517));
#573=EDGE_LOOP('',(#3518,#3519,#3520,#3521,#3522,#3523));
#574=LINE('',#4507,#888);
#575=LINE('',#4514,#889);
#576=LINE('',#4532,#890);
#577=LINE('',#4555,#891);
#578=LINE('',#4578,#892);
#579=LINE('',#4601,#893);
#580=LINE('',#4624,#894);
#581=LINE('',#4647,#895);
#582=LINE('',#4670,#896);
#583=LINE('',#4693,#897);
#584=LINE('',#4716,#898);
#585=LINE('',#4739,#899);
#586=LINE('',#4762,#900);
#587=LINE('',#4785,#901);
#588=LINE('',#4808,#902);
#589=LINE('',#4816,#903);
#590=LINE('',#4818,#904);
#591=LINE('',#4819,#905);
#592=LINE('',#4837,#906);
#593=LINE('',#4860,#907);
#594=LINE('',#4883,#908);
#595=LINE('',#4906,#909);
#596=LINE('',#4929,#910);
#597=LINE('',#4952,#911);
#598=LINE('',#4975,#912);
#599=LINE('',#4998,#913);
#600=LINE('',#5021,#914);
#601=LINE('',#5044,#915);
#602=LINE('',#5067,#916);
#603=LINE('',#5090,#917);
#604=LINE('',#5113,#918);
#605=LINE('',#5136,#919);
#606=LINE('',#5159,#920);
#607=LINE('',#5182,#921);
#608=LINE('',#5190,#922);
#609=LINE('',#5192,#923);
#610=LINE('',#5193,#924);
#611=LINE('',#5218,#925);
#612=LINE('',#5220,#926);
#613=LINE('',#5222,#927);
#614=LINE('',#5223,#928);
#615=LINE('',#5226,#929);
#616=LINE('',#5228,#930);
#617=LINE('',#5229,#931);
#618=LINE('',#5232,#932);
#619=LINE('',#5234,#933);
#620=LINE('',#5235,#934);
#621=LINE('',#5238,#935);
#622=LINE('',#5240,#936);
#623=LINE('',#5241,#937);
#624=LINE('',#5244,#938);
#625=LINE('',#5246,#939);
#626=LINE('',#5247,#940);
#627=LINE('',#5249,#941);
#628=LINE('',#5250,#942);
#629=LINE('',#5255,#943);
#630=LINE('',#5257,#944);
#631=LINE('',#5259,#945);
#632=LINE('',#5260,#946);
#633=LINE('',#5263,#947);
#634=LINE('',#5265,#948);
#635=LINE('',#5266,#949);
#636=LINE('',#5269,#950);
#637=LINE('',#5271,#951);
#638=LINE('',#5272,#952);
#639=LINE('',#5274,#953);
#640=LINE('',#5275,#954);
#641=LINE('',#5295,#955);
#642=LINE('',#5302,#956);
#643=LINE('',#5320,#957);
#644=LINE('',#5343,#958);
#645=LINE('',#5366,#959);
#646=LINE('',#5389,#960);
#647=LINE('',#5412,#961);
#648=LINE('',#5435,#962);
#649=LINE('',#5458,#963);
#650=LINE('',#5481,#964);
#651=LINE('',#5488,#965);
#652=LINE('',#5489,#966);
#653=LINE('',#5493,#967);
#654=LINE('',#5495,#968);
#655=LINE('',#5497,#969);
#656=LINE('',#5498,#970);
#657=LINE('',#5516,#971);
#658=LINE('',#5539,#972);
#659=LINE('',#5547,#973);
#660=LINE('',#5549,#974);
#661=LINE('',#5550,#975);
#662=LINE('',#5568,#976);
#663=LINE('',#5591,#977);
#664=LINE('',#5614,#978);
#665=LINE('',#5637,#979);
#666=LINE('',#5660,#980);
#667=LINE('',#5683,#981);
#668=LINE('',#5706,#982);
#669=LINE('',#5714,#983);
#670=LINE('',#5716,#984);
#671=LINE('',#5717,#985);
#672=LINE('',#5735,#986);
#673=LINE('',#5758,#987);
#674=LINE('',#5781,#988);
#675=LINE('',#5804,#989);
#676=LINE('',#5827,#990);
#677=LINE('',#5850,#991);
#678=LINE('',#5873,#992);
#679=LINE('',#5896,#993);
#680=LINE('',#5919,#994);
#681=LINE('',#5942,#995);
#682=LINE('',#5965,#996);
#683=LINE('',#5988,#997);
#684=LINE('',#6011,#998);
#685=LINE('',#6034,#999);
#686=LINE('',#6064,#1000);
#687=LINE('',#6066,#1001);
#688=LINE('',#6068,#1002);
#689=LINE('',#6069,#1003);
#690=LINE('',#6087,#1004);
#691=LINE('',#6110,#1005);
#692=LINE('',#6133,#1006);
#693=LINE('',#6156,#1007);
#694=LINE('',#6179,#1008);
#695=LINE('',#6187,#1009);
#696=LINE('',#6189,#1010);
#697=LINE('',#6190,#1011);
#698=LINE('',#6192,#1012);
#699=LINE('',#6193,#1013);
#700=LINE('',#6197,#1014);
#701=LINE('',#6199,#1015);
#702=LINE('',#6201,#1016);
#703=LINE('',#6202,#1017);
#704=LINE('',#6205,#1018);
#705=LINE('',#6207,#1019);
#706=LINE('',#6208,#1020);
#707=LINE('',#6226,#1021);
#708=LINE('',#6249,#1022);
#709=LINE('',#6272,#1023);
#710=LINE('',#6295,#1024);
#711=LINE('',#6318,#1025);
#712=LINE('',#6341,#1026);
#713=LINE('',#6349,#1027);
#714=LINE('',#6351,#1028);
#715=LINE('',#6352,#1029);
#716=LINE('',#6355,#1030);
#717=LINE('',#6357,#1031);
#718=LINE('',#6358,#1032);
#719=LINE('',#6360,#1033);
#720=LINE('',#6361,#1034);
#721=LINE('',#6381,#1035);
#722=LINE('',#6388,#1036);
#723=LINE('',#6406,#1037);
#724=LINE('',#6429,#1038);
#725=LINE('',#6452,#1039);
#726=LINE('',#6475,#1040);
#727=LINE('',#6498,#1041);
#728=LINE('',#6521,#1042);
#729=LINE('',#6550,#1043);
#730=LINE('',#6552,#1044);
#731=LINE('',#6554,#1045);
#732=LINE('',#6555,#1046);
#733=LINE('',#6558,#1047);
#734=LINE('',#6560,#1048);
#735=LINE('',#6561,#1049);
#736=LINE('',#6564,#1050);
#737=LINE('',#6566,#1051);
#738=LINE('',#6567,#1052);
#739=LINE('',#6585,#1053);
#740=LINE('',#6608,#1054);
#741=LINE('',#6631,#1055);
#742=LINE('',#6654,#1056);
#743=LINE('',#6677,#1057);
#744=LINE('',#6700,#1058);
#745=LINE('',#6723,#1059);
#746=LINE('',#6746,#1060);
#747=LINE('',#6769,#1061);
#748=LINE('',#6777,#1062);
#749=LINE('',#6779,#1063);
#750=LINE('',#6780,#1064);
#751=LINE('',#6782,#1065);
#752=LINE('',#6783,#1066);
#753=LINE('',#6788,#1067);
#754=LINE('',#6790,#1068);
#755=LINE('',#6792,#1069);
#756=LINE('',#6793,#1070);
#757=LINE('',#6796,#1071);
#758=LINE('',#6798,#1072);
#759=LINE('',#6799,#1073);
#760=LINE('',#6802,#1074);
#761=LINE('',#6804,#1075);
#762=LINE('',#6805,#1076);
#763=LINE('',#6823,#1077);
#764=LINE('',#6846,#1078);
#765=LINE('',#6869,#1079);
#766=LINE('',#6892,#1080);
#767=LINE('',#6915,#1081);
#768=LINE('',#6938,#1082);
#769=LINE('',#6946,#1083);
#770=LINE('',#6948,#1084);
#771=LINE('',#6949,#1085);
#772=LINE('',#6952,#1086);
#773=LINE('',#6954,#1087);
#774=LINE('',#6955,#1088);
#775=LINE('',#6958,#1089);
#776=LINE('',#6960,#1090);
#777=LINE('',#6961,#1091);
#778=LINE('',#6979,#1092);
#779=LINE('',#7002,#1093);
#780=LINE('',#7025,#1094);
#781=LINE('',#7048,#1095);
#782=LINE('',#7071,#1096);
#783=LINE('',#7079,#1097);
#784=LINE('',#7081,#1098);
#785=LINE('',#7082,#1099);
#786=LINE('',#7084,#1100);
#787=LINE('',#7085,#1101);
#788=LINE('',#7105,#1102);
#789=LINE('',#7112,#1103);
#790=LINE('',#7130,#1104);
#791=LINE('',#7153,#1105);
#792=LINE('',#7176,#1106);
#793=LINE('',#7199,#1107);
#794=LINE('',#7222,#1108);
#795=LINE('',#7245,#1109);
#796=LINE('',#7268,#1110);
#797=LINE('',#7312,#1111);
#798=LINE('',#7319,#1112);
#799=LINE('',#7337,#1113);
#800=LINE('',#7360,#1114);
#801=LINE('',#7383,#1115);
#802=LINE('',#7406,#1116);
#803=LINE('',#7429,#1117);
#804=LINE('',#7452,#1118);
#805=LINE('',#7475,#1119);
#806=LINE('',#7498,#1120);
#807=LINE('',#7521,#1121);
#808=LINE('',#7551,#1122);
#809=LINE('',#7553,#1123);
#810=LINE('',#7555,#1124);
#811=LINE('',#7557,#1125);
#812=LINE('',#7559,#1126);
#813=LINE('',#7561,#1127);
#814=LINE('',#7563,#1128);
#815=LINE('',#7564,#1129);
#816=LINE('',#7570,#1130);
#817=LINE('',#7572,#1131);
#818=LINE('',#7573,#1132);
#819=LINE('',#7577,#1133);
#820=LINE('',#7578,#1134);
#821=LINE('',#7579,#1135);
#822=LINE('',#7582,#1136);
#823=LINE('',#7584,#1137);
#824=LINE('',#7585,#1138);
#825=LINE('',#7589,#1139);
#826=LINE('',#7590,#1140);
#827=LINE('',#7591,#1141);
#828=LINE('',#7593,#1142);
#829=LINE('',#7596,#1143);
#830=LINE('',#7598,#1144);
#831=LINE('',#7599,#1145);
#832=LINE('',#7603,#1146);
#833=LINE('',#7604,#1147);
#834=LINE('',#7605,#1148);
#835=LINE('',#7607,#1149);
#836=LINE('',#7610,#1150);
#837=LINE('',#7612,#1151);
#838=LINE('',#7613,#1152);
#839=LINE('',#7617,#1153);
#840=LINE('',#7618,#1154);
#841=LINE('',#7619,#1155);
#842=LINE('',#7621,#1156);
#843=LINE('',#7624,#1157);
#844=LINE('',#7626,#1158);
#845=LINE('',#7627,#1159);
#846=LINE('',#7631,#1160);
#847=LINE('',#7632,#1161);
#848=LINE('',#7633,#1162);
#849=LINE('',#7636,#1163);
#850=LINE('',#7638,#1164);
#851=LINE('',#7639,#1165);
#852=LINE('',#7643,#1166);
#853=LINE('',#7644,#1167);
#854=LINE('',#7645,#1168);
#855=LINE('',#7647,#1169);
#856=LINE('',#7649,#1170);
#857=LINE('',#7652,#1171);
#858=LINE('',#7653,#1172);
#859=LINE('',#7656,#1173);
#860=LINE('',#7657,#1174);
#861=LINE('',#7659,#1175);
#862=LINE('',#7661,#1176);
#863=LINE('',#7663,#1177);
#864=LINE('',#7665,#1178);
#865=LINE('',#7667,#1179);
#866=LINE('',#7669,#1180);
#867=LINE('',#7671,#1181);
#868=LINE('',#7673,#1182);
#869=LINE('',#7675,#1183);
#870=LINE('',#7676,#1184);
#871=LINE('',#7677,#1185);
#872=LINE('',#7689,#1186);
#873=LINE('',#7693,#1187);
#874=LINE('',#7697,#1188);
#875=LINE('',#7701,#1189);
#876=LINE('',#7706,#1190);
#877=LINE('',#7707,#1191);
#878=LINE('',#7708,#1192);
#879=LINE('',#7711,#1193);
#880=LINE('',#7712,#1194);
#881=LINE('',#7715,#1195);
#882=LINE('',#7716,#1196);
#883=LINE('',#7725,#1197);
#884=LINE('',#7726,#1198);
#885=LINE('',#7729,#1199);
#886=LINE('',#7730,#1200);
#887=LINE('',#7732,#1201);
#888=VECTOR('',#3976,10.);
#889=VECTOR('',#3977,10.);
#890=VECTOR('',#3978,10.);
#891=VECTOR('',#3979,10.);
#892=VECTOR('',#3980,10.);
#893=VECTOR('',#3981,10.);
#894=VECTOR('',#3982,10.);
#895=VECTOR('',#3983,10.);
#896=VECTOR('',#3984,10.);
#897=VECTOR('',#3985,10.);
#898=VECTOR('',#3986,10.);
#899=VECTOR('',#3987,10.);
#900=VECTOR('',#3988,10.);
#901=VECTOR('',#3989,10.);
#902=VECTOR('',#3990,10.);
#903=VECTOR('',#3993,10.);
#904=VECTOR('',#3994,10.);
#905=VECTOR('',#3995,10.);
#906=VECTOR('',#3996,10.);
#907=VECTOR('',#3997,10.);
#908=VECTOR('',#3998,10.);
#909=VECTOR('',#3999,10.);
#910=VECTOR('',#4000,10.);
#911=VECTOR('',#4001,10.);
#912=VECTOR('',#4002,10.);
#913=VECTOR('',#4003,10.);
#914=VECTOR('',#4004,10.);
#915=VECTOR('',#4005,10.);
#916=VECTOR('',#4006,10.);
#917=VECTOR('',#4007,10.);
#918=VECTOR('',#4008,10.);
#919=VECTOR('',#4009,10.);
#920=VECTOR('',#4010,10.);
#921=VECTOR('',#4011,10.);
#922=VECTOR('',#4014,10.);
#923=VECTOR('',#4015,10.);
#924=VECTOR('',#4016,10.);
#925=VECTOR('',#4021,10.);
#926=VECTOR('',#4022,10.);
#927=VECTOR('',#4023,10.);
#928=VECTOR('',#4024,10.);
#929=VECTOR('',#4027,10.);
#930=VECTOR('',#4028,10.);
#931=VECTOR('',#4029,10.);
#932=VECTOR('',#4032,10.);
#933=VECTOR('',#4033,10.);
#934=VECTOR('',#4034,10.);
#935=VECTOR('',#4037,10.);
#936=VECTOR('',#4038,10.);
#937=VECTOR('',#4039,10.);
#938=VECTOR('',#4042,10.);
#939=VECTOR('',#4043,10.);
#940=VECTOR('',#4044,10.);
#941=VECTOR('',#4047,10.);
#942=VECTOR('',#4048,10.);
#943=VECTOR('',#4053,10.);
#944=VECTOR('',#4054,10.);
#945=VECTOR('',#4055,10.);
#946=VECTOR('',#4056,10.);
#947=VECTOR('',#4059,10.);
#948=VECTOR('',#4060,10.);
#949=VECTOR('',#4061,10.);
#950=VECTOR('',#4064,10.);
#951=VECTOR('',#4065,10.);
#952=VECTOR('',#4066,10.);
#953=VECTOR('',#4069,10.);
#954=VECTOR('',#4070,10.);
#955=VECTOR('',#4073,10.);
#956=VECTOR('',#4074,10.);
#957=VECTOR('',#4075,10.);
#958=VECTOR('',#4076,10.);
#959=VECTOR('',#4077,10.);
#960=VECTOR('',#4078,10.);
#961=VECTOR('',#4079,10.);
#962=VECTOR('',#4080,10.);
#963=VECTOR('',#4081,10.);
#964=VECTOR('',#4082,10.);
#965=VECTOR('',#4085,10.);
#966=VECTOR('',#4086,10.);
#967=VECTOR('',#4089,10.);
#968=VECTOR('',#4090,10.);
#969=VECTOR('',#4091,10.);
#970=VECTOR('',#4092,10.);
#971=VECTOR('',#4093,10.);
#972=VECTOR('',#4094,10.);
#973=VECTOR('',#4097,10.);
#974=VECTOR('',#4098,10.);
#975=VECTOR('',#4099,10.);
#976=VECTOR('',#4100,10.);
#977=VECTOR('',#4101,10.);
#978=VECTOR('',#4102,10.);
#979=VECTOR('',#4103,10.);
#980=VECTOR('',#4104,10.);
#981=VECTOR('',#4105,10.);
#982=VECTOR('',#4106,10.);
#983=VECTOR('',#4109,10.);
#984=VECTOR('',#4110,10.);
#985=VECTOR('',#4111,10.);
#986=VECTOR('',#4112,10.);
#987=VECTOR('',#4113,10.);
#988=VECTOR('',#4114,10.);
#989=VECTOR('',#4115,10.);
#990=VECTOR('',#4116,10.);
#991=VECTOR('',#4117,10.);
#992=VECTOR('',#4118,10.);
#993=VECTOR('',#4119,10.);
#994=VECTOR('',#4120,10.);
#995=VECTOR('',#4121,10.);
#996=VECTOR('',#4122,10.);
#997=VECTOR('',#4123,10.);
#998=VECTOR('',#4124,10.);
#999=VECTOR('',#4125,10.);
#1000=VECTOR('',#4130,10.);
#1001=VECTOR('',#4131,10.);
#1002=VECTOR('',#4132,10.);
#1003=VECTOR('',#4133,10.);
#1004=VECTOR('',#4134,10.);
#1005=VECTOR('',#4135,10.);
#1006=VECTOR('',#4136,10.);
#1007=VECTOR('',#4137,10.);
#1008=VECTOR('',#4138,10.);
#1009=VECTOR('',#4141,10.);
#1010=VECTOR('',#4142,10.);
#1011=VECTOR('',#4143,10.);
#1012=VECTOR('',#4146,10.);
#1013=VECTOR('',#4147,10.);
#1014=VECTOR('',#4150,10.);
#1015=VECTOR('',#4151,10.);
#1016=VECTOR('',#4152,10.);
#1017=VECTOR('',#4153,10.);
#1018=VECTOR('',#4156,10.);
#1019=VECTOR('',#4157,10.);
#1020=VECTOR('',#4158,10.);
#1021=VECTOR('',#4159,10.);
#1022=VECTOR('',#4160,10.);
#1023=VECTOR('',#4161,10.);
#1024=VECTOR('',#4162,10.);
#1025=VECTOR('',#4163,10.);
#1026=VECTOR('',#4164,10.);
#1027=VECTOR('',#4167,10.);
#1028=VECTOR('',#4168,10.);
#1029=VECTOR('',#4169,10.);
#1030=VECTOR('',#4172,10.);
#1031=VECTOR('',#4173,10.);
#1032=VECTOR('',#4174,10.);
#1033=VECTOR('',#4177,10.);
#1034=VECTOR('',#4178,10.);
#1035=VECTOR('',#4181,10.);
#1036=VECTOR('',#4182,10.);
#1037=VECTOR('',#4183,10.);
#1038=VECTOR('',#4184,10.);
#1039=VECTOR('',#4185,10.);
#1040=VECTOR('',#4186,10.);
#1041=VECTOR('',#4187,10.);
#1042=VECTOR('',#4188,10.);
#1043=VECTOR('',#4191,10.);
#1044=VECTOR('',#4192,10.);
#1045=VECTOR('',#4193,10.);
#1046=VECTOR('',#4194,10.);
#1047=VECTOR('',#4197,10.);
#1048=VECTOR('',#4198,10.);
#1049=VECTOR('',#4199,10.);
#1050=VECTOR('',#4202,10.);
#1051=VECTOR('',#4203,10.);
#1052=VECTOR('',#4204,10.);
#1053=VECTOR('',#4205,10.);
#1054=VECTOR('',#4206,10.);
#1055=VECTOR('',#4207,10.);
#1056=VECTOR('',#4208,10.);
#1057=VECTOR('',#4209,10.);
#1058=VECTOR('',#4210,10.);
#1059=VECTOR('',#4211,10.);
#1060=VECTOR('',#4212,10.);
#1061=VECTOR('',#4213,10.);
#1062=VECTOR('',#4216,10.);
#1063=VECTOR('',#4217,10.);
#1064=VECTOR('',#4218,10.);
#1065=VECTOR('',#4221,10.);
#1066=VECTOR('',#4222,10.);
#1067=VECTOR('',#4227,10.);
#1068=VECTOR('',#4228,10.);
#1069=VECTOR('',#4229,10.);
#1070=VECTOR('',#4230,10.);
#1071=VECTOR('',#4233,10.);
#1072=VECTOR('',#4234,10.);
#1073=VECTOR('',#4235,10.);
#1074=VECTOR('',#4238,10.);
#1075=VECTOR('',#4239,10.);
#1076=VECTOR('',#4240,10.);
#1077=VECTOR('',#4241,10.);
#1078=VECTOR('',#4242,10.);
#1079=VECTOR('',#4243,10.);
#1080=VECTOR('',#4244,10.);
#1081=VECTOR('',#4245,10.);
#1082=VECTOR('',#4246,10.);
#1083=VECTOR('',#4249,10.);
#1084=VECTOR('',#4250,10.);
#1085=VECTOR('',#4251,10.);
#1086=VECTOR('',#4254,10.);
#1087=VECTOR('',#4255,10.);
#1088=VECTOR('',#4256,10.);
#1089=VECTOR('',#4259,10.);
#1090=VECTOR('',#4260,10.);
#1091=VECTOR('',#4261,10.);
#1092=VECTOR('',#4262,10.);
#1093=VECTOR('',#4263,10.);
#1094=VECTOR('',#4264,10.);
#1095=VECTOR('',#4265,10.);
#1096=VECTOR('',#4266,10.);
#1097=VECTOR('',#4269,10.);
#1098=VECTOR('',#4270,10.);
#1099=VECTOR('',#4271,10.);
#1100=VECTOR('',#4274,10.);
#1101=VECTOR('',#4275,10.);
#1102=VECTOR('',#4278,10.);
#1103=VECTOR('',#4279,10.);
#1104=VECTOR('',#4280,10.);
#1105=VECTOR('',#4281,10.);
#1106=VECTOR('',#4282,10.);
#1107=VECTOR('',#4283,10.);
#1108=VECTOR('',#4284,10.);
#1109=VECTOR('',#4285,10.);
#1110=VECTOR('',#4286,10.);
#1111=VECTOR('',#4287,10.);
#1112=VECTOR('',#4288,10.);
#1113=VECTOR('',#4289,10.);
#1114=VECTOR('',#4290,10.);
#1115=VECTOR('',#4291,10.);
#1116=VECTOR('',#4292,10.);
#1117=VECTOR('',#4293,10.);
#1118=VECTOR('',#4294,10.);
#1119=VECTOR('',#4295,10.);
#1120=VECTOR('',#4296,10.);
#1121=VECTOR('',#4297,10.);
#1122=VECTOR('',#4302,10.);
#1123=VECTOR('',#4303,10.);
#1124=VECTOR('',#4304,10.);
#1125=VECTOR('',#4305,10.);
#1126=VECTOR('',#4306,10.);
#1127=VECTOR('',#4307,10.);
#1128=VECTOR('',#4308,10.);
#1129=VECTOR('',#4309,10.);
#1130=VECTOR('',#4318,10.);
#1131=VECTOR('',#4319,10.);
#1132=VECTOR('',#4320,10.);
#1133=VECTOR('',#4323,10.);
#1134=VECTOR('',#4324,10.);
#1135=VECTOR('',#4325,10.);
#1136=VECTOR('',#4328,10.);
#1137=VECTOR('',#4329,10.);
#1138=VECTOR('',#4330,10.);
#1139=VECTOR('',#4333,10.);
#1140=VECTOR('',#4334,10.);
#1141=VECTOR('',#4335,10.);
#1142=VECTOR('',#4338,10.);
#1143=VECTOR('',#4341,10.);
#1144=VECTOR('',#4342,10.);
#1145=VECTOR('',#4343,10.);
#1146=VECTOR('',#4346,10.);
#1147=VECTOR('',#4347,10.);
#1148=VECTOR('',#4348,10.);
#1149=VECTOR('',#4351,10.);
#1150=VECTOR('',#4354,10.);
#1151=VECTOR('',#4355,10.);
#1152=VECTOR('',#4356,10.);
#1153=VECTOR('',#4359,10.);
#1154=VECTOR('',#4360,10.);
#1155=VECTOR('',#4361,10.);
#1156=VECTOR('',#4364,10.);
#1157=VECTOR('',#4367,10.);
#1158=VECTOR('',#4368,10.);
#1159=VECTOR('',#4369,10.);
#1160=VECTOR('',#4372,10.);
#1161=VECTOR('',#4373,10.);
#1162=VECTOR('',#4374,10.);
#1163=VECTOR('',#4377,10.);
#1164=VECTOR('',#4378,10.);
#1165=VECTOR('',#4379,10.);
#1166=VECTOR('',#4382,10.);
#1167=VECTOR('',#4383,10.);
#1168=VECTOR('',#4384,10.);
#1169=VECTOR('',#4387,10.);
#1170=VECTOR('',#4390,10.);
#1171=VECTOR('',#4393,10.);
#1172=VECTOR('',#4394,10.);
#1173=VECTOR('',#4397,10.);
#1174=VECTOR('',#4398,10.);
#1175=VECTOR('',#4401,10.);
#1176=VECTOR('',#4404,10.);
#1177=VECTOR('',#4407,10.);
#1178=VECTOR('',#4410,10.);
#1179=VECTOR('',#4413,10.);
#1180=VECTOR('',#4414,10.);
#1181=VECTOR('',#4415,10.);
#1182=VECTOR('',#4416,10.);
#1183=VECTOR('',#4417,10.);
#1184=VECTOR('',#4418,10.);
#1185=VECTOR('',#4419,10.);
#1186=VECTOR('',#4432,1.7);
#1187=VECTOR('',#4437,1.7);
#1188=VECTOR('',#4442,1.7);
#1189=VECTOR('',#4447,1.7);
#1190=VECTOR('',#4452,10.);
#1191=VECTOR('',#4453,10.);
#1192=VECTOR('',#4454,10.);
#1193=VECTOR('',#4457,10.);
#1194=VECTOR('',#4458,10.);
#1195=VECTOR('',#4461,10.);
#1196=VECTOR('',#4462,10.);
#1197=VECTOR('',#4477,10.);
#1198=VECTOR('',#4478,10.);
#1199=VECTOR('',#4481,10.);
#1200=VECTOR('',#4482,10.);
#1201=VECTOR('',#4485,10.);
#1202=B_SPLINE_CURVE_WITH_KNOTS('',3,(#4501,#4502,#4503,#4504,#4505),
 .UNSPECIFIED.,.F.,.F.,(4,1,4),(0.,0.0501058864809835,0.0904680334386425),
 .UNSPECIFIED.);
#1203=B_SPLINE_CURVE_WITH_KNOTS('',3,(#4509,#4510,#4511,#4512,#4513),
 .UNSPECIFIED.,.F.,.F.,(4,1,4),(0.,0.0501058864809835,0.0904680334386425),
 .UNSPECIFIED.);
#1204=B_SPLINE_CURVE_WITH_KNOTS('',3,(#4526,#4527,#4528,#4529,#4530),
 .UNSPECIFIED.,.F.,.F.,(4,1,4),(0.,0.0301307856339455,0.0625994919518499),
 .UNSPECIFIED.);
#1205=B_SPLINE_CURVE_WITH_KNOTS('',3,(#4533,#4534,#4535,#4536,#4537),
 .UNSPECIFIED.,.F.,.F.,(4,1,4),(0.,0.0301307856339455,0.0625994919518499),
 .UNSPECIFIED.);
#1206=B_SPLINE_CURVE_WITH_KNOTS('',3,(#4549,#4550,#4551,#4552,#4553),
 .UNSPECIFIED.,.F.,.F.,(4,1,4),(0.,0.0260030304018247,0.0538159620328232),
 .UNSPECIFIED.);
#1207=B_SPLINE_CURVE_WITH_KNOTS('',3,(#4556,#4557,#4558,#4559,#4560),
 .UNSPECIFIED.,.F.,.F.,(4,1,4),(0.,0.0260030304018247,0.0538159620328232),
 .UNSPECIFIED.);
#1208=B_SPLINE_CURVE_WITH_KNOTS('',3,(#4572,#4573,#4574,#4575,#4576),
 .UNSPECIFIED.,.F.,.F.,(4,1,4),(0.,0.0241078976766233,0.0489582005537831),
 .UNSPECIFIED.);
#1209=B_SPLINE_CURVE_WITH_KNOTS('',3,(#4579,#4580,#4581,#4582,#4583),
 .UNSPECIFIED.,.F.,.F.,(4,1,4),(0.,0.0241078976766233,0.0489582005537831),
 .UNSPECIFIED.);
#1210=B_SPLINE_CURVE_WITH_KNOTS('',3,(#4595,#4596,#4597,#4598,#4599),
 .UNSPECIFIED.,.F.,.F.,(4,1,4),(0.,0.0209052959766831,0.0441470412150363),
 .UNSPECIFIED.);
#1211=B_SPLINE_CURVE_WITH_KNOTS('',3,(#4602,#4603,#4604,#4605,#4606),
 .UNSPECIFIED.,.F.,.F.,(4,1,4),(0.,0.0209052959766831,0.0441470412150363),
 .UNSPECIFIED.);
#1212=B_SPLINE_CURVE_WITH_KNOTS('',3,(#4618,#4619,#4620,#4621,#4622),
 .UNSPECIFIED.,.F.,.F.,(4,1,4),(0.,0.0213616890335782,0.0417757287399357),
 .UNSPECIFIED.);
#1213=B_SPLINE_CURVE_WITH_KNOTS('',3,(#4625,#4626,#4627,#4628,#4629),
 .UNSPECIFIED.,.F.,.F.,(4,1,4),(0.,0.0213616890335782,0.0417757287399357),
 .UNSPECIFIED.);
#1214=B_SPLINE_CURVE_WITH_KNOTS('',3,(#4641,#4642,#4643,#4644,#4645),
 .UNSPECIFIED.,.F.,.F.,(4,1,4),(0.,0.0460101143249325,0.076236819793081),
 .UNSPECIFIED.);
#1215=B_SPLINE_CURVE_WITH_KNOTS('',3,(#4648,#4649,#4650,#4651,#4652),
 .UNSPECIFIED.,.F.,.F.,(4,1,4),(0.,0.0460101143249325,0.076236819793081),
 .UNSPECIFIED.);
#1216=B_SPLINE_CURVE_WITH_KNOTS('',3,(#4664,#4665,#4666,#4667,#4668),
 .UNSPECIFIED.,.F.,.F.,(4,1,4),(0.,0.0152108666071834,0.0451665428233868),
 .UNSPECIFIED.);
#1217=B_SPLINE_CURVE_WITH_KNOTS('',3,(#4671,#4672,#4673,#4674,#4675),
 .UNSPECIFIED.,.F.,.F.,(4,1,4),(0.,0.0152108666071834,0.0451665428233868),
 .UNSPECIFIED.);
#1218=B_SPLINE_CURVE_WITH_KNOTS('',3,(#4687,#4688,#4689,#4690,#4691),
 .UNSPECIFIED.,.F.,.F.,(4,1,4),(0.,0.0105686171838878,0.023139975950417),
 .UNSPECIFIED.);
#1219=B_SPLINE_CURVE_WITH_KNOTS('',3,(#4694,#4695,#4696,#4697,#4698),
 .UNSPECIFIED.,.F.,.F.,(4,1,4),(0.,0.0105686171838878,0.023139975950417),
 .UNSPECIFIED.);
#1220=B_SPLINE_CURVE_WITH_KNOTS('',3,(#4710,#4711,#4712,#4713,#4714),
 .UNSPECIFIED.,.F.,.F.,(4,1,4),(0.,0.00919558016653783,0.0184777879050703),
 .UNSPECIFIED.);
#1221=B_SPLINE_CURVE_WITH_KNOTS('',3,(#4717,#4718,#4719,#4720,#4721),
 .UNSPECIFIED.,.F.,.F.,(4,1,4),(0.,0.00919558016653783,0.0184777879050703),
 .UNSPECIFIED.);
#1222=B_SPLINE_CURVE_WITH_KNOTS('',3,(#4733,#4734,#4735,#4736,#4737),
 .UNSPECIFIED.,.F.,.F.,(4,1,4),(0.,0.0162806731132211,0.0307900855289827),
 .UNSPECIFIED.);
#1223=B_SPLINE_CURVE_WITH_KNOTS('',3,(#4740,#4741,#4742,#4743,#4744),
 .UNSPECIFIED.,.F.,.F.,(4,1,4),(0.,0.0162806731132211,0.0307900855289827),
 .UNSPECIFIED.);
#1224=B_SPLINE_CURVE_WITH_KNOTS('',3,(#4756,#4757,#4758,#4759,#4760),
 .UNSPECIFIED.,.F.,.F.,(4,1,4),(0.,0.0291250401736118,0.0501736983204275),
 .UNSPECIFIED.);
#1225=B_SPLINE_CURVE_WITH_KNOTS('',3,(#4763,#4764,#4765,#4766,#4767),
 .UNSPECIFIED.,.F.,.F.,(4,1,4),(0.,0.0291250401736118,0.0501736983204275),
 .UNSPECIFIED.);
#1226=B_SPLINE_CURVE_WITH_KNOTS('',3,(#4779,#4780,#4781,#4782,#4783),
 .UNSPECIFIED.,.F.,.F.,(4,1,4),(0.,0.0211404760539032,0.0467427714903001),
 .UNSPECIFIED.);
#1227=B_SPLINE_CURVE_WITH_KNOTS('',3,(#4786,#4787,#4788,#4789,#4790),
 .UNSPECIFIED.,.F.,.F.,(4,1,4),(0.,0.0211404760539032,0.0467427714903001),
 .UNSPECIFIED.);
#1228=B_SPLINE_CURVE_WITH_KNOTS('',3,(#4802,#4803,#4804,#4805,#4806),
 .UNSPECIFIED.,.F.,.F.,(4,1,4),(0.,0.0209143613458219,0.0404998938787773),
 .UNSPECIFIED.);
#1229=B_SPLINE_CURVE_WITH_KNOTS('',3,(#4809,#4810,#4811,#4812,#4813),
 .UNSPECIFIED.,.F.,.F.,(4,1,4),(0.,0.0209143613458219,0.0404998938787773),
 .UNSPECIFIED.);
#1230=B_SPLINE_CURVE_WITH_KNOTS('',3,(#4831,#4832,#4833,#4834,#4835),
 .UNSPECIFIED.,.F.,.F.,(4,1,4),(0.,0.0221833495502129,0.0482907883404929),
 .UNSPECIFIED.);
#1231=B_SPLINE_CURVE_WITH_KNOTS('',3,(#4838,#4839,#4840,#4841,#4842),
 .UNSPECIFIED.,.F.,.F.,(4,1,4),(0.,0.0221833495502129,0.0482907883404929),
 .UNSPECIFIED.);
#1232=B_SPLINE_CURVE_WITH_KNOTS('',3,(#4854,#4855,#4856,#4857,#4858),
 .UNSPECIFIED.,.F.,.F.,(4,1,4),(0.,0.025214992964978,0.0469245392552442),
 .UNSPECIFIED.);
#1233=B_SPLINE_CURVE_WITH_KNOTS('',3,(#4861,#4862,#4863,#4864,#4865),
 .UNSPECIFIED.,.F.,.F.,(4,1,4),(0.,0.025214992964978,0.0469245392552442),
 .UNSPECIFIED.);
#1234=B_SPLINE_CURVE_WITH_KNOTS('',3,(#4877,#4878,#4879,#4880,#4881),
 .UNSPECIFIED.,.F.,.F.,(4,1,4),(0.,0.0321199412687051,0.0609422680653401),
 .UNSPECIFIED.);
#1235=B_SPLINE_CURVE_WITH_KNOTS('',3,(#4884,#4885,#4886,#4887,#4888),
 .UNSPECIFIED.,.F.,.F.,(4,1,4),(0.,0.0321199412687051,0.0609422680653401),
 .UNSPECIFIED.);
#1236=B_SPLINE_CURVE_WITH_KNOTS('',3,(#4900,#4901,#4902,#4903,#4904),
 .UNSPECIFIED.,.F.,.F.,(4,1,4),(0.,0.0209647837102618,0.0429442227776647),
 .UNSPECIFIED.);
#1237=B_SPLINE_CURVE_WITH_KNOTS('',3,(#4907,#4908,#4909,#4910,#4911),
 .UNSPECIFIED.,.F.,.F.,(4,1,4),(0.,0.0209647837102618,0.0429442227776647),
 .UNSPECIFIED.);
#1238=B_SPLINE_CURVE_WITH_KNOTS('',3,(#4923,#4924,#4925,#4926,#4927),
 .UNSPECIFIED.,.F.,.F.,(4,1,4),(0.,0.0156313724987349,0.0344932690478314),
 .UNSPECIFIED.);
#1239=B_SPLINE_CURVE_WITH_KNOTS('',3,(#4930,#4931,#4932,#4933,#4934),
 .UNSPECIFIED.,.F.,.F.,(4,1,4),(0.,0.0156313724987349,0.0344932690478314),
 .UNSPECIFIED.);
#1240=B_SPLINE_CURVE_WITH_KNOTS('',3,(#4946,#4947,#4948,#4949,#4950),
 .UNSPECIFIED.,.F.,.F.,(4,1,4),(0.,0.018382590343275,0.036784973341367),
 .UNSPECIFIED.);
#1241=B_SPLINE_CURVE_WITH_KNOTS('',3,(#4953,#4954,#4955,#4956,#4957),
 .UNSPECIFIED.,.F.,.F.,(4,1,4),(0.,0.018382590343275,0.036784973341367),
 .UNSPECIFIED.);
#1242=B_SPLINE_CURVE_WITH_KNOTS('',3,(#4969,#4970,#4971,#4972,#4973),
 .UNSPECIFIED.,.F.,.F.,(4,1,4),(0.,0.0187875120197484,0.0372506863393127),
 .UNSPECIFIED.);
#1243=B_SPLINE_CURVE_WITH_KNOTS('',3,(#4976,#4977,#4978,#4979,#4980),
 .UNSPECIFIED.,.F.,.F.,(4,1,4),(0.,0.0187875120197484,0.0372506863393127),
 .UNSPECIFIED.);
#1244=B_SPLINE_CURVE_WITH_KNOTS('',3,(#4992,#4993,#4994,#4995,#4996),
 .UNSPECIFIED.,.F.,.F.,(4,1,4),(0.,0.0202069720883615,0.0407459578467252),
 .UNSPECIFIED.);
#1245=B_SPLINE_CURVE_WITH_KNOTS('',3,(#4999,#5000,#5001,#5002,#5003),
 .UNSPECIFIED.,.F.,.F.,(4,1,4),(0.,0.0202069720883615,0.0407459578467252),
 .UNSPECIFIED.);
#1246=B_SPLINE_CURVE_WITH_KNOTS('',3,(#5015,#5016,#5017,#5018,#5019),
 .UNSPECIFIED.,.F.,.F.,(4,1,4),(0.,0.0218533230689566,0.0424220811466384),
 .UNSPECIFIED.);
#1247=B_SPLINE_CURVE_WITH_KNOTS('',3,(#5022,#5023,#5024,#5025,#5026),
 .UNSPECIFIED.,.F.,.F.,(4,1,4),(0.,0.0218533230689566,0.0424220811466384),
 .UNSPECIFIED.);
#1248=B_SPLINE_CURVE_WITH_KNOTS('',3,(#5038,#5039,#5040,#5041,#5042),
 .UNSPECIFIED.,.F.,.F.,(4,1,4),(0.,0.047473035042093,0.0785975720250917),
 .UNSPECIFIED.);
#1249=B_SPLINE_CURVE_WITH_KNOTS('',3,(#5045,#5046,#5047,#5048,#5049),
 .UNSPECIFIED.,.F.,.F.,(4,1,4),(0.,0.047473035042093,0.0785975720250917),
 .UNSPECIFIED.);
#1250=B_SPLINE_CURVE_WITH_KNOTS('',3,(#5061,#5062,#5063,#5064,#5065),
 .UNSPECIFIED.,.F.,.F.,(4,1,4),(0.,0.0191050901587307,0.052986234526247),
 .UNSPECIFIED.);
#1251=B_SPLINE_CURVE_WITH_KNOTS('',3,(#5068,#5069,#5070,#5071,#5072),
 .UNSPECIFIED.,.F.,.F.,(4,1,4),(0.,0.0191050901587307,0.052986234526247),
 .UNSPECIFIED.);
#1252=B_SPLINE_CURVE_WITH_KNOTS('',3,(#5084,#5085,#5086,#5087,#5088),
 .UNSPECIFIED.,.F.,.F.,(4,1,4),(0.,0.0153035635226869,0.0309831716238995),
 .UNSPECIFIED.);
#1253=B_SPLINE_CURVE_WITH_KNOTS('',3,(#5091,#5092,#5093,#5094,#5095),
 .UNSPECIFIED.,.F.,.F.,(4,1,4),(0.,0.0153035635226869,0.0309831716238995),
 .UNSPECIFIED.);
#1254=B_SPLINE_CURVE_WITH_KNOTS('',3,(#5107,#5108,#5109,#5110,#5111),
 .UNSPECIFIED.,.F.,.F.,(4,1,4),(0.,0.0193633275006722,0.0371994574720609),
 .UNSPECIFIED.);
#1255=B_SPLINE_CURVE_WITH_KNOTS('',3,(#5114,#5115,#5116,#5117,#5118),
 .UNSPECIFIED.,.F.,.F.,(4,1,4),(0.,0.0193633275006722,0.0371994574720609),
 .UNSPECIFIED.);
#1256=B_SPLINE_CURVE_WITH_KNOTS('',3,(#5130,#5131,#5132,#5133,#5134),
 .UNSPECIFIED.,.F.,.F.,(4,1,4),(0.,0.0296686044709656,0.0528377063845328),
 .UNSPECIFIED.);
#1257=B_SPLINE_CURVE_WITH_KNOTS('',3,(#5137,#5138,#5139,#5140,#5141),
 .UNSPECIFIED.,.F.,.F.,(4,1,4),(0.,0.0296686044709656,0.0528377063845328),
 .UNSPECIFIED.);
#1258=B_SPLINE_CURVE_WITH_KNOTS('',3,(#5153,#5154,#5155,#5156,#5157),
 .UNSPECIFIED.,.F.,.F.,(4,1,4),(0.,0.0252621646999636,0.0553574748723738),
 .UNSPECIFIED.);
#1259=B_SPLINE_CURVE_WITH_KNOTS('',3,(#5160,#5161,#5162,#5163,#5164),
 .UNSPECIFIED.,.F.,.F.,(4,1,4),(0.,0.0252621646999636,0.0553574748723738),
 .UNSPECIFIED.);
#1260=B_SPLINE_CURVE_WITH_KNOTS('',3,(#5176,#5177,#5178,#5179,#5180),
 .UNSPECIFIED.,.F.,.F.,(4,1,4),(0.,0.0269217606317888,0.0511256612240814),
 .UNSPECIFIED.);
#1261=B_SPLINE_CURVE_WITH_KNOTS('',3,(#5183,#5184,#5185,#5186,#5187),
 .UNSPECIFIED.,.F.,.F.,(4,1,4),(0.,0.0269217606317888,0.0511256612240814),
 .UNSPECIFIED.);
#1262=B_SPLINE_CURVE_WITH_KNOTS('',3,(#5204,#5205,#5206,#5207,#5208),
 .UNSPECIFIED.,.F.,.F.,(4,1,4),(0.,0.037900157288856,0.0805564343177688),
 .UNSPECIFIED.);
#1263=B_SPLINE_CURVE_WITH_KNOTS('',3,(#5209,#5210,#5211,#5212,#5213),
 .UNSPECIFIED.,.F.,.F.,(4,1,4),(0.,0.037900157288856,0.0805564343177688),
 .UNSPECIFIED.);
#1264=B_SPLINE_CURVE_WITH_KNOTS('',3,(#5289,#5290,#5291,#5292,#5293),
 .UNSPECIFIED.,.F.,.F.,(4,1,4),(0.,0.0214381102141819,0.0500195430024939),
 .UNSPECIFIED.);
#1265=B_SPLINE_CURVE_WITH_KNOTS('',3,(#5297,#5298,#5299,#5300,#5301),
 .UNSPECIFIED.,.F.,.F.,(4,1,4),(0.,0.0214381102141819,0.0500195430024939),
 .UNSPECIFIED.);
#1266=B_SPLINE_CURVE_WITH_KNOTS('',3,(#5314,#5315,#5316,#5317,#5318),
 .UNSPECIFIED.,.F.,.F.,(4,1,4),(0.,0.0241555052698486,0.0475706624012874),
 .UNSPECIFIED.);
#1267=B_SPLINE_CURVE_WITH_KNOTS('',3,(#5321,#5322,#5323,#5324,#5325),
 .UNSPECIFIED.,.F.,.F.,(4,1,4),(0.,0.0241555052698486,0.0475706624012874),
 .UNSPECIFIED.);
#1268=B_SPLINE_CURVE_WITH_KNOTS('',3,(#5337,#5338,#5339,#5340,#5341),
 .UNSPECIFIED.,.F.,.F.,(4,1,4),(0.,0.0269867394455824,0.0524220547425963),
 .UNSPECIFIED.);
#1269=B_SPLINE_CURVE_WITH_KNOTS('',3,(#5344,#5345,#5346,#5347,#5348),
 .UNSPECIFIED.,.F.,.F.,(4,1,4),(0.,0.0269867394455824,0.0524220547425963),
 .UNSPECIFIED.);
#1270=B_SPLINE_CURVE_WITH_KNOTS('',3,(#5360,#5361,#5362,#5363,#5364),
 .UNSPECIFIED.,.F.,.F.,(4,1,4),(0.,0.0207829260441035,0.0461992436822509),
 .UNSPECIFIED.);
#1271=B_SPLINE_CURVE_WITH_KNOTS('',3,(#5367,#5368,#5369,#5370,#5371),
 .UNSPECIFIED.,.F.,.F.,(4,1,4),(0.,0.0207829260441035,0.0461992436822509),
 .UNSPECIFIED.);
#1272=B_SPLINE_CURVE_WITH_KNOTS('',3,(#5383,#5384,#5385,#5386,#5387),
 .UNSPECIFIED.,.F.,.F.,(4,1,4),(0.,0.0183879696150916,0.0368669259080695),
 .UNSPECIFIED.);
#1273=B_SPLINE_CURVE_WITH_KNOTS('',3,(#5390,#5391,#5392,#5393,#5394),
 .UNSPECIFIED.,.F.,.F.,(4,1,4),(0.,0.0183879696150916,0.0368669259080695),
 .UNSPECIFIED.);
#1274=B_SPLINE_CURVE_WITH_KNOTS('',3,(#5406,#5407,#5408,#5409,#5410),
 .UNSPECIFIED.,.F.,.F.,(4,1,4),(0.,0.0122082228842639,0.0245706273825149),
 .UNSPECIFIED.);
#1275=B_SPLINE_CURVE_WITH_KNOTS('',3,(#5413,#5414,#5415,#5416,#5417),
 .UNSPECIFIED.,.F.,.F.,(4,1,4),(0.,0.0122082228842639,0.0245706273825149),
 .UNSPECIFIED.);
#1276=B_SPLINE_CURVE_WITH_KNOTS('',3,(#5429,#5430,#5431,#5432,#5433),
 .UNSPECIFIED.,.F.,.F.,(4,1,4),(0.,0.0129911934369932,0.0253829049875095),
 .UNSPECIFIED.);
#1277=B_SPLINE_CURVE_WITH_KNOTS('',3,(#5436,#5437,#5438,#5439,#5440),
 .UNSPECIFIED.,.F.,.F.,(4,1,4),(0.,0.0129911934369932,0.0253829049875095),
 .UNSPECIFIED.);
#1278=B_SPLINE_CURVE_WITH_KNOTS('',3,(#5452,#5453,#5454,#5455,#5456),
 .UNSPECIFIED.,.F.,.F.,(4,1,4),(0.,0.0262655038353866,0.0440239899229426),
 .UNSPECIFIED.);
#1279=B_SPLINE_CURVE_WITH_KNOTS('',3,(#5459,#5460,#5461,#5462,#5463),
 .UNSPECIFIED.,.F.,.F.,(4,1,4),(0.,0.0262655038353866,0.0440239899229426),
 .UNSPECIFIED.);
#1280=B_SPLINE_CURVE_WITH_KNOTS('',3,(#5475,#5476,#5477,#5478,#5479),
 .UNSPECIFIED.,.F.,.F.,(4,1,4),(0.,0.0349157223225691,0.0824679749219661),
 .UNSPECIFIED.);
#1281=B_SPLINE_CURVE_WITH_KNOTS('',3,(#5482,#5483,#5484,#5485,#5486),
 .UNSPECIFIED.,.F.,.F.,(4,1,4),(0.,0.0349157223225691,0.0824679749219661),
 .UNSPECIFIED.);
#1282=B_SPLINE_CURVE_WITH_KNOTS('',3,(#5510,#5511,#5512,#5513,#5514),
 .UNSPECIFIED.,.F.,.F.,(4,1,4),(0.,0.0183735155814206,0.0370708052612177),
 .UNSPECIFIED.);
#1283=B_SPLINE_CURVE_WITH_KNOTS('',3,(#5517,#5518,#5519,#5520,#5521),
 .UNSPECIFIED.,.F.,.F.,(4,1,4),(0.,0.0183735155814206,0.0370708052612177),
 .UNSPECIFIED.);
#1284=B_SPLINE_CURVE_WITH_KNOTS('',3,(#5533,#5534,#5535,#5536,#5537),
 .UNSPECIFIED.,.F.,.F.,(4,1,4),(0.,0.0559059575942002,0.086725833700376),
 .UNSPECIFIED.);
#1285=B_SPLINE_CURVE_WITH_KNOTS('',3,(#5540,#5541,#5542,#5543,#5544),
 .UNSPECIFIED.,.F.,.F.,(4,1,4),(0.,0.0559059575942002,0.086725833700376),
 .UNSPECIFIED.);
#1286=B_SPLINE_CURVE_WITH_KNOTS('',3,(#5562,#5563,#5564,#5565,#5566),
 .UNSPECIFIED.,.F.,.F.,(4,1,4),(0.,0.017695038819937,0.0453962468666059),
 .UNSPECIFIED.);
#1287=B_SPLINE_CURVE_WITH_KNOTS('',3,(#5569,#5570,#5571,#5572,#5573),
 .UNSPECIFIED.,.F.,.F.,(4,1,4),(0.,0.017695038819937,0.0453962468666059),
 .UNSPECIFIED.);
#1288=B_SPLINE_CURVE_WITH_KNOTS('',3,(#5585,#5586,#5587,#5588,#5589),
 .UNSPECIFIED.,.F.,.F.,(4,1,4),(0.,0.0176137902064585,0.0370171474367986),
 .UNSPECIFIED.);
#1289=B_SPLINE_CURVE_WITH_KNOTS('',3,(#5592,#5593,#5594,#5595,#5596),
 .UNSPECIFIED.,.F.,.F.,(4,1,4),(0.,0.0176137902064585,0.0370171474367986),
 .UNSPECIFIED.);
#1290=B_SPLINE_CURVE_WITH_KNOTS('',3,(#5608,#5609,#5610,#5611,#5612),
 .UNSPECIFIED.,.F.,.F.,(4,1,4),(0.,0.022407200494803,0.0409041839385696),
 .UNSPECIFIED.);
#1291=B_SPLINE_CURVE_WITH_KNOTS('',3,(#5615,#5616,#5617,#5618,#5619),
 .UNSPECIFIED.,.F.,.F.,(4,1,4),(0.,0.022407200494803,0.0409041839385696),
 .UNSPECIFIED.);
#1292=B_SPLINE_CURVE_WITH_KNOTS('',3,(#5631,#5632,#5633,#5634,#5635),
 .UNSPECIFIED.,.F.,.F.,(4,1,4),(0.,0.0336997098033708,0.0611630121646987),
 .UNSPECIFIED.);
#1293=B_SPLINE_CURVE_WITH_KNOTS('',3,(#5638,#5639,#5640,#5641,#5642),
 .UNSPECIFIED.,.F.,.F.,(4,1,4),(0.,0.0336997098033708,0.0611630121646987),
 .UNSPECIFIED.);
#1294=B_SPLINE_CURVE_WITH_KNOTS('',3,(#5654,#5655,#5656,#5657,#5658),
 .UNSPECIFIED.,.F.,.F.,(4,1,4),(0.,0.0315742464464931,0.0667969207373995),
 .UNSPECIFIED.);
#1295=B_SPLINE_CURVE_WITH_KNOTS('',3,(#5661,#5662,#5663,#5664,#5665),
 .UNSPECIFIED.,.F.,.F.,(4,1,4),(0.,0.0315742464464931,0.0667969207373995),
 .UNSPECIFIED.);
#1296=B_SPLINE_CURVE_WITH_KNOTS('',3,(#5677,#5678,#5679,#5680,#5681),
 .UNSPECIFIED.,.F.,.F.,(4,1,4),(0.,0.0248650979909218,0.0528085275060579),
 .UNSPECIFIED.);
#1297=B_SPLINE_CURVE_WITH_KNOTS('',3,(#5684,#5685,#5686,#5687,#5688),
 .UNSPECIFIED.,.F.,.F.,(4,1,4),(0.,0.0248650979909218,0.0528085275060579),
 .UNSPECIFIED.);
#1298=B_SPLINE_CURVE_WITH_KNOTS('',3,(#5700,#5701,#5702,#5703,#5704),
 .UNSPECIFIED.,.F.,.F.,(4,1,4),(0.,0.0291805255375751,0.0546197139369148),
 .UNSPECIFIED.);
#1299=B_SPLINE_CURVE_WITH_KNOTS('',3,(#5707,#5708,#5709,#5710,#5711),
 .UNSPECIFIED.,.F.,.F.,(4,1,4),(0.,0.0291805255375751,0.0546197139369148),
 .UNSPECIFIED.);
#1300=B_SPLINE_CURVE_WITH_KNOTS('',3,(#5729,#5730,#5731,#5732,#5733),
 .UNSPECIFIED.,.F.,.F.,(4,1,4),(0.,0.0221111689534247,0.0501389839538169),
 .UNSPECIFIED.);
#1301=B_SPLINE_CURVE_WITH_KNOTS('',3,(#5736,#5737,#5738,#5739,#5740),
 .UNSPECIFIED.,.F.,.F.,(4,1,4),(0.,0.0221111689534247,0.0501389839538169),
 .UNSPECIFIED.);
#1302=B_SPLINE_CURVE_WITH_KNOTS('',3,(#5752,#5753,#5754,#5755,#5756),
 .UNSPECIFIED.,.F.,.F.,(4,1,4),(0.,0.0302685536920279,0.0531980550078259),
 .UNSPECIFIED.);
#1303=B_SPLINE_CURVE_WITH_KNOTS('',3,(#5759,#5760,#5761,#5762,#5763),
 .UNSPECIFIED.,.F.,.F.,(4,1,4),(0.,0.0302685536920279,0.0531980550078259),
 .UNSPECIFIED.);
#1304=B_SPLINE_CURVE_WITH_KNOTS('',3,(#5775,#5776,#5777,#5778,#5779),
 .UNSPECIFIED.,.F.,.F.,(4,1,4),(0.,0.0265187098242649,0.0593211525326363),
 .UNSPECIFIED.);
#1305=B_SPLINE_CURVE_WITH_KNOTS('',3,(#5782,#5783,#5784,#5785,#5786),
 .UNSPECIFIED.,.F.,.F.,(4,1,4),(0.,0.0265187098242649,0.0593211525326363),
 .UNSPECIFIED.);
#1306=B_SPLINE_CURVE_WITH_KNOTS('',3,(#5798,#5799,#5800,#5801,#5802),
 .UNSPECIFIED.,.F.,.F.,(4,1,4),(0.,0.0258152494808685,0.0455185109411212),
 .UNSPECIFIED.);
#1307=B_SPLINE_CURVE_WITH_KNOTS('',3,(#5805,#5806,#5807,#5808,#5809),
 .UNSPECIFIED.,.F.,.F.,(4,1,4),(0.,0.0258152494808685,0.0455185109411212),
 .UNSPECIFIED.);
#1308=B_SPLINE_CURVE_WITH_KNOTS('',3,(#5821,#5822,#5823,#5824,#5825),
 .UNSPECIFIED.,.F.,.F.,(4,1,4),(0.,0.00825623113698721,0.0128270451272029),
 .UNSPECIFIED.);
#1309=B_SPLINE_CURVE_WITH_KNOTS('',3,(#5828,#5829,#5830,#5831,#5832),
 .UNSPECIFIED.,.F.,.F.,(4,1,4),(0.,0.00825623113698721,0.0128270451272029),
 .UNSPECIFIED.);
#1310=B_SPLINE_CURVE_WITH_KNOTS('',3,(#5844,#5845,#5846,#5847,#5848),
 .UNSPECIFIED.,.F.,.F.,(4,1,4),(0.,0.0522193110404341,0.089311455348097),
 .UNSPECIFIED.);
#1311=B_SPLINE_CURVE_WITH_KNOTS('',3,(#5851,#5852,#5853,#5854,#5855),
 .UNSPECIFIED.,.F.,.F.,(4,1,4),(0.,0.0522193110404341,0.089311455348097),
 .UNSPECIFIED.);
#1312=B_SPLINE_CURVE_WITH_KNOTS('',3,(#5867,#5868,#5869,#5870,#5871),
 .UNSPECIFIED.,.F.,.F.,(4,1,4),(0.,0.018528515274044,0.0442949145813921),
 .UNSPECIFIED.);
#1313=B_SPLINE_CURVE_WITH_KNOTS('',3,(#5874,#5875,#5876,#5877,#5878),
 .UNSPECIFIED.,.F.,.F.,(4,1,4),(0.,0.018528515274044,0.0442949145813921),
 .UNSPECIFIED.);
#1314=B_SPLINE_CURVE_WITH_KNOTS('',3,(#5890,#5891,#5892,#5893,#5894),
 .UNSPECIFIED.,.F.,.F.,(4,1,4),(0.,0.0191178221120879,0.038958576710533),
 .UNSPECIFIED.);
#1315=B_SPLINE_CURVE_WITH_KNOTS('',3,(#5897,#5898,#5899,#5900,#5901),
 .UNSPECIFIED.,.F.,.F.,(4,1,4),(0.,0.0191178221120879,0.038958576710533),
 .UNSPECIFIED.);
#1316=B_SPLINE_CURVE_WITH_KNOTS('',3,(#5913,#5914,#5915,#5916,#5917),
 .UNSPECIFIED.,.F.,.F.,(4,1,4),(0.,0.0194079520267744,0.038238427823478),
 .UNSPECIFIED.);
#1317=B_SPLINE_CURVE_WITH_KNOTS('',3,(#5920,#5921,#5922,#5923,#5924),
 .UNSPECIFIED.,.F.,.F.,(4,1,4),(0.,0.0194079520267744,0.038238427823478),
 .UNSPECIFIED.);
#1318=B_SPLINE_CURVE_WITH_KNOTS('',3,(#5936,#5937,#5938,#5939,#5940),
 .UNSPECIFIED.,.F.,.F.,(4,1,4),(0.,0.0205050256084784,0.0403986886735882),
 .UNSPECIFIED.);
#1319=B_SPLINE_CURVE_WITH_KNOTS('',3,(#5943,#5944,#5945,#5946,#5947),
 .UNSPECIFIED.,.F.,.F.,(4,1,4),(0.,0.0205050256084784,0.0403986886735882),
 .UNSPECIFIED.);
#1320=B_SPLINE_CURVE_WITH_KNOTS('',3,(#5959,#5960,#5961,#5962,#5963),
 .UNSPECIFIED.,.F.,.F.,(4,1,4),(0.,0.0328013472759324,0.0664667236473917),
 .UNSPECIFIED.);
#1321=B_SPLINE_CURVE_WITH_KNOTS('',3,(#5966,#5967,#5968,#5969,#5970),
 .UNSPECIFIED.,.F.,.F.,(4,1,4),(0.,0.0328013472759324,0.0664667236473917),
 .UNSPECIFIED.);
#1322=B_SPLINE_CURVE_WITH_KNOTS('',3,(#5982,#5983,#5984,#5985,#5986),
 .UNSPECIFIED.,.F.,.F.,(4,1,4),(0.,0.0426246962429531,0.078372433739377),
 .UNSPECIFIED.);
#1323=B_SPLINE_CURVE_WITH_KNOTS('',3,(#5989,#5990,#5991,#5992,#5993),
 .UNSPECIFIED.,.F.,.F.,(4,1,4),(0.,0.0426246962429531,0.078372433739377),
 .UNSPECIFIED.);
#1324=B_SPLINE_CURVE_WITH_KNOTS('',3,(#6005,#6006,#6007,#6008,#6009),
 .UNSPECIFIED.,.F.,.F.,(4,1,4),(0.,0.0271224259273493,0.0552253256778374),
 .UNSPECIFIED.);
#1325=B_SPLINE_CURVE_WITH_KNOTS('',3,(#6012,#6013,#6014,#6015,#6016),
 .UNSPECIFIED.,.F.,.F.,(4,1,4),(0.,0.0271224259273493,0.0552253256778374),
 .UNSPECIFIED.);
#1326=B_SPLINE_CURVE_WITH_KNOTS('',3,(#6028,#6029,#6030,#6031,#6032),
 .UNSPECIFIED.,.F.,.F.,(4,1,4),(0.,0.033288643294749,0.0621166830882631),
 .UNSPECIFIED.);
#1327=B_SPLINE_CURVE_WITH_KNOTS('',3,(#6035,#6036,#6037,#6038,#6039),
 .UNSPECIFIED.,.F.,.F.,(4,1,4),(0.,0.033288643294749,0.0621166830882631),
 .UNSPECIFIED.);
#1328=B_SPLINE_CURVE_WITH_KNOTS('',3,(#6050,#6051,#6052,#6053,#6054),
 .UNSPECIFIED.,.F.,.F.,(4,1,4),(0.,0.0177239235351617,0.037217141494298),
 .UNSPECIFIED.);
#1329=B_SPLINE_CURVE_WITH_KNOTS('',3,(#6055,#6056,#6057,#6058,#6059),
 .UNSPECIFIED.,.F.,.F.,(4,1,4),(0.,0.0177239235351617,0.037217141494298),
 .UNSPECIFIED.);
#1330=B_SPLINE_CURVE_WITH_KNOTS('',3,(#6081,#6082,#6083,#6084,#6085),
 .UNSPECIFIED.,.F.,.F.,(4,1,4),(0.,0.019216437073666,0.0495841262163778),
 .UNSPECIFIED.);
#1331=B_SPLINE_CURVE_WITH_KNOTS('',3,(#6088,#6089,#6090,#6091,#6092),
 .UNSPECIFIED.,.F.,.F.,(4,1,4),(0.,0.019216437073666,0.0495841262163778),
 .UNSPECIFIED.);
#1332=B_SPLINE_CURVE_WITH_KNOTS('',3,(#6104,#6105,#6106,#6107,#6108),
 .UNSPECIFIED.,.F.,.F.,(4,1,4),(0.,0.0208854194430583,0.041559942249103),
 .UNSPECIFIED.);
#1333=B_SPLINE_CURVE_WITH_KNOTS('',3,(#6111,#6112,#6113,#6114,#6115),
 .UNSPECIFIED.,.F.,.F.,(4,1,4),(0.,0.0208854194430583,0.041559942249103),
 .UNSPECIFIED.);
#1334=B_SPLINE_CURVE_WITH_KNOTS('',3,(#6127,#6128,#6129,#6130,#6131),
 .UNSPECIFIED.,.F.,.F.,(4,1,4),(0.,0.0235095886720967,0.0453688502518991),
 .UNSPECIFIED.);
#1335=B_SPLINE_CURVE_WITH_KNOTS('',3,(#6134,#6135,#6136,#6137,#6138),
 .UNSPECIFIED.,.F.,.F.,(4,1,4),(0.,0.0235095886720967,0.0453688502518991),
 .UNSPECIFIED.);
#1336=B_SPLINE_CURVE_WITH_KNOTS('',3,(#6150,#6151,#6152,#6153,#6154),
 .UNSPECIFIED.,.F.,.F.,(4,1,4),(0.,0.0281031249256627,0.0593355193744301),
 .UNSPECIFIED.);
#1337=B_SPLINE_CURVE_WITH_KNOTS('',3,(#6157,#6158,#6159,#6160,#6161),
 .UNSPECIFIED.,.F.,.F.,(4,1,4),(0.,0.0281031249256627,0.0593355193744301),
 .UNSPECIFIED.);
#1338=B_SPLINE_CURVE_WITH_KNOTS('',3,(#6173,#6174,#6175,#6176,#6177),
 .UNSPECIFIED.,.F.,.F.,(4,1,4),(0.,0.0441199400595291,0.0764563828566252),
 .UNSPECIFIED.);
#1339=B_SPLINE_CURVE_WITH_KNOTS('',3,(#6180,#6181,#6182,#6183,#6184),
 .UNSPECIFIED.,.F.,.F.,(4,1,4),(0.,0.0441199400595291,0.0764563828566252),
 .UNSPECIFIED.);
#1340=B_SPLINE_CURVE_WITH_KNOTS('',3,(#6220,#6221,#6222,#6223,#6224),
 .UNSPECIFIED.,.F.,.F.,(4,1,4),(0.,0.0527120008187687,0.12501359196536),
 .UNSPECIFIED.);
#1341=B_SPLINE_CURVE_WITH_KNOTS('',3,(#6227,#6228,#6229,#6230,#6231),
 .UNSPECIFIED.,.F.,.F.,(4,1,4),(0.,0.0527120008187687,0.12501359196536),
 .UNSPECIFIED.);
#1342=B_SPLINE_CURVE_WITH_KNOTS('',3,(#6243,#6244,#6245,#6246,#6247),
 .UNSPECIFIED.,.F.,.F.,(4,1,4),(0.,0.0477953073089095,0.0939915984397311),
 .UNSPECIFIED.);
#1343=B_SPLINE_CURVE_WITH_KNOTS('',3,(#6250,#6251,#6252,#6253,#6254),
 .UNSPECIFIED.,.F.,.F.,(4,1,4),(0.,0.0477953073089095,0.0939915984397311),
 .UNSPECIFIED.);
#1344=B_SPLINE_CURVE_WITH_KNOTS('',3,(#6266,#6267,#6268,#6269,#6270),
 .UNSPECIFIED.,.F.,.F.,(4,1,4),(0.,0.0276027084702946,0.0562767929712902),
 .UNSPECIFIED.);
#1345=B_SPLINE_CURVE_WITH_KNOTS('',3,(#6273,#6274,#6275,#6276,#6277),
 .UNSPECIFIED.,.F.,.F.,(4,1,4),(0.,0.0276027084702946,0.0562767929712902),
 .UNSPECIFIED.);
#1346=B_SPLINE_CURVE_WITH_KNOTS('',3,(#6289,#6290,#6291,#6292,#6293),
 .UNSPECIFIED.,.F.,.F.,(4,1,4),(0.,0.0244273245417344,0.0506067048245201),
 .UNSPECIFIED.);
#1347=B_SPLINE_CURVE_WITH_KNOTS('',3,(#6296,#6297,#6298,#6299,#6300),
 .UNSPECIFIED.,.F.,.F.,(4,1,4),(0.,0.0244273245417344,0.0506067048245201),
 .UNSPECIFIED.);
#1348=B_SPLINE_CURVE_WITH_KNOTS('',3,(#6312,#6313,#6314,#6315,#6316),
 .UNSPECIFIED.,.F.,.F.,(4,1,4),(0.,0.0280028704632078,0.0531269574497465),
 .UNSPECIFIED.);
#1349=B_SPLINE_CURVE_WITH_KNOTS('',3,(#6319,#6320,#6321,#6322,#6323),
 .UNSPECIFIED.,.F.,.F.,(4,1,4),(0.,0.0280028704632078,0.0531269574497465),
 .UNSPECIFIED.);
#1350=B_SPLINE_CURVE_WITH_KNOTS('',3,(#6335,#6336,#6337,#6338,#6339),
 .UNSPECIFIED.,.F.,.F.,(4,1,4),(0.,0.0351426443779997,0.061017925594712),
 .UNSPECIFIED.);
#1351=B_SPLINE_CURVE_WITH_KNOTS('',3,(#6342,#6343,#6344,#6345,#6346),
 .UNSPECIFIED.,.F.,.F.,(4,1,4),(0.,0.0351426443779997,0.061017925594712),
 .UNSPECIFIED.);
#1352=B_SPLINE_CURVE_WITH_KNOTS('',3,(#6375,#6376,#6377,#6378,#6379),
 .UNSPECIFIED.,.F.,.F.,(4,1,4),(0.,0.0307822783351084,0.0625666830927302),
 .UNSPECIFIED.);
#1353=B_SPLINE_CURVE_WITH_KNOTS('',3,(#6383,#6384,#6385,#6386,#6387),
 .UNSPECIFIED.,.F.,.F.,(4,1,4),(0.,0.0307822783351084,0.0625666830927302),
 .UNSPECIFIED.);
#1354=B_SPLINE_CURVE_WITH_KNOTS('',3,(#6400,#6401,#6402,#6403,#6404),
 .UNSPECIFIED.,.F.,.F.,(4,1,4),(0.,0.0330154557025875,0.0646895664016476),
 .UNSPECIFIED.);
#1355=B_SPLINE_CURVE_WITH_KNOTS('',3,(#6407,#6408,#6409,#6410,#6411),
 .UNSPECIFIED.,.F.,.F.,(4,1,4),(0.,0.0330154557025875,0.0646895664016476),
 .UNSPECIFIED.);
#1356=B_SPLINE_CURVE_WITH_KNOTS('',3,(#6423,#6424,#6425,#6426,#6427),
 .UNSPECIFIED.,.F.,.F.,(4,1,4),(0.,0.0518862200258535,0.0915482833461465),
 .UNSPECIFIED.);
#1357=B_SPLINE_CURVE_WITH_KNOTS('',3,(#6430,#6431,#6432,#6433,#6434),
 .UNSPECIFIED.,.F.,.F.,(4,1,4),(0.,0.0518862200258535,0.0915482833461465),
 .UNSPECIFIED.);
#1358=B_SPLINE_CURVE_WITH_KNOTS('',3,(#6446,#6447,#6448,#6449,#6450),
 .UNSPECIFIED.,.F.,.F.,(4,1,4),(0.,0.0372939488484093,0.0847298548205419),
 .UNSPECIFIED.);
#1359=B_SPLINE_CURVE_WITH_KNOTS('',3,(#6453,#6454,#6455,#6456,#6457),
 .UNSPECIFIED.,.F.,.F.,(4,1,4),(0.,0.0372939488484093,0.0847298548205419),
 .UNSPECIFIED.);
#1360=B_SPLINE_CURVE_WITH_KNOTS('',3,(#6469,#6470,#6471,#6472,#6473),
 .UNSPECIFIED.,.F.,.F.,(4,1,4),(0.,0.0304936318271305,0.0622987935456008),
 .UNSPECIFIED.);
#1361=B_SPLINE_CURVE_WITH_KNOTS('',3,(#6476,#6477,#6478,#6479,#6480),
 .UNSPECIFIED.,.F.,.F.,(4,1,4),(0.,0.0304936318271305,0.0622987935456008),
 .UNSPECIFIED.);
#1362=B_SPLINE_CURVE_WITH_KNOTS('',3,(#6492,#6493,#6494,#6495,#6496),
 .UNSPECIFIED.,.F.,.F.,(4,1,4),(0.,0.0328863601209725,0.0634813805561939),
 .UNSPECIFIED.);
#1363=B_SPLINE_CURVE_WITH_KNOTS('',3,(#6499,#6500,#6501,#6502,#6503),
 .UNSPECIFIED.,.F.,.F.,(4,1,4),(0.,0.0328863601209725,0.0634813805561939),
 .UNSPECIFIED.);
#1364=B_SPLINE_CURVE_WITH_KNOTS('',3,(#6515,#6516,#6517,#6518,#6519),
 .UNSPECIFIED.,.F.,.F.,(4,1,4),(0.,0.0489881713041644,0.0877923989837148),
 .UNSPECIFIED.);
#1365=B_SPLINE_CURVE_WITH_KNOTS('',3,(#6522,#6523,#6524,#6525,#6526),
 .UNSPECIFIED.,.F.,.F.,(4,1,4),(0.,0.0489881713041644,0.0877923989837148),
 .UNSPECIFIED.);
#1366=B_SPLINE_CURVE_WITH_KNOTS('',3,(#6537,#6538,#6539,#6540,#6541),
 .UNSPECIFIED.,.F.,.F.,(4,1,4),(0.,0.0381837536149982,0.088348783271788),
 .UNSPECIFIED.);
#1367=B_SPLINE_CURVE_WITH_KNOTS('',3,(#6542,#6543,#6544,#6545,#6546),
 .UNSPECIFIED.,.F.,.F.,(4,1,4),(0.,0.0381837536149982,0.088348783271788),
 .UNSPECIFIED.);
#1368=B_SPLINE_CURVE_WITH_KNOTS('',3,(#6579,#6580,#6581,#6582,#6583),
 .UNSPECIFIED.,.F.,.F.,(4,1,4),(0.,0.0224964544323122,0.0442943693645618),
 .UNSPECIFIED.);
#1369=B_SPLINE_CURVE_WITH_KNOTS('',3,(#6586,#6587,#6588,#6589,#6590),
 .UNSPECIFIED.,.F.,.F.,(4,1,4),(0.,0.0224964544323122,0.0442943693645618),
 .UNSPECIFIED.);
#1370=B_SPLINE_CURVE_WITH_KNOTS('',3,(#6602,#6603,#6604,#6605,#6606),
 .UNSPECIFIED.,.F.,.F.,(4,1,4),(0.,0.0249148363113454,0.0483272067759334),
 .UNSPECIFIED.);
#1371=B_SPLINE_CURVE_WITH_KNOTS('',3,(#6609,#6610,#6611,#6612,#6613),
 .UNSPECIFIED.,.F.,.F.,(4,1,4),(0.,0.0249148363113454,0.0483272067759334),
 .UNSPECIFIED.);
#1372=B_SPLINE_CURVE_WITH_KNOTS('',3,(#6625,#6626,#6627,#6628,#6629),
 .UNSPECIFIED.,.F.,.F.,(4,1,4),(0.,0.033725854882732,0.0680877937068713),
 .UNSPECIFIED.);
#1373=B_SPLINE_CURVE_WITH_KNOTS('',3,(#6632,#6633,#6634,#6635,#6636),
 .UNSPECIFIED.,.F.,.F.,(4,1,4),(0.,0.033725854882732,0.0680877937068713),
 .UNSPECIFIED.);
#1374=B_SPLINE_CURVE_WITH_KNOTS('',3,(#6648,#6649,#6650,#6651,#6652),
 .UNSPECIFIED.,.F.,.F.,(4,1,4),(0.,0.0360647515882229,0.07023049840943),
 .UNSPECIFIED.);
#1375=B_SPLINE_CURVE_WITH_KNOTS('',3,(#6655,#6656,#6657,#6658,#6659),
 .UNSPECIFIED.,.F.,.F.,(4,1,4),(0.,0.0360647515882229,0.07023049840943),
 .UNSPECIFIED.);
#1376=B_SPLINE_CURVE_WITH_KNOTS('',3,(#6671,#6672,#6673,#6674,#6675),
 .UNSPECIFIED.,.F.,.F.,(4,1,4),(0.,0.0415287194445867,0.0804182110404018),
 .UNSPECIFIED.);
#1377=B_SPLINE_CURVE_WITH_KNOTS('',3,(#6678,#6679,#6680,#6681,#6682),
 .UNSPECIFIED.,.F.,.F.,(4,1,4),(0.,0.0415287194445867,0.0804182110404018),
 .UNSPECIFIED.);
#1378=B_SPLINE_CURVE_WITH_KNOTS('',3,(#6694,#6695,#6696,#6697,#6698),
 .UNSPECIFIED.,.F.,.F.,(4,1,4),(0.,0.0386990901590789,0.0808053898153938),
 .UNSPECIFIED.);
#1379=B_SPLINE_CURVE_WITH_KNOTS('',3,(#6701,#6702,#6703,#6704,#6705),
 .UNSPECIFIED.,.F.,.F.,(4,1,4),(0.,0.0386990901590789,0.0808053898153938),
 .UNSPECIFIED.);
#1380=B_SPLINE_CURVE_WITH_KNOTS('',3,(#6717,#6718,#6719,#6720,#6721),
 .UNSPECIFIED.,.F.,.F.,(4,1,4),(0.,0.0344755818997617,0.0704985902315363),
 .UNSPECIFIED.);
#1381=B_SPLINE_CURVE_WITH_KNOTS('',3,(#6724,#6725,#6726,#6727,#6728),
 .UNSPECIFIED.,.F.,.F.,(4,1,4),(0.,0.0344755818997617,0.0704985902315363),
 .UNSPECIFIED.);
#1382=B_SPLINE_CURVE_WITH_KNOTS('',3,(#6740,#6741,#6742,#6743,#6744),
 .UNSPECIFIED.,.F.,.F.,(4,1,4),(0.,0.0335949750116038,0.0672524568665069),
 .UNSPECIFIED.);
#1383=B_SPLINE_CURVE_WITH_KNOTS('',3,(#6747,#6748,#6749,#6750,#6751),
 .UNSPECIFIED.,.F.,.F.,(4,1,4),(0.,0.0335949750116038,0.0672524568665069),
 .UNSPECIFIED.);
#1384=B_SPLINE_CURVE_WITH_KNOTS('',3,(#6763,#6764,#6765,#6766,#6767),
 .UNSPECIFIED.,.F.,.F.,(4,1,4),(0.,0.0469470176578821,0.0951654330530856),
 .UNSPECIFIED.);
#1385=B_SPLINE_CURVE_WITH_KNOTS('',3,(#6770,#6771,#6772,#6773,#6774),
 .UNSPECIFIED.,.F.,.F.,(4,1,4),(0.,0.0469470176578821,0.0951654330530856),
 .UNSPECIFIED.);
#1386=B_SPLINE_CURVE_WITH_KNOTS('',3,(#6817,#6818,#6819,#6820,#6821),
 .UNSPECIFIED.,.F.,.F.,(4,1,4),(0.,0.0246589750088163,0.0574288044240876),
 .UNSPECIFIED.);
#1387=B_SPLINE_CURVE_WITH_KNOTS('',3,(#6824,#6825,#6826,#6827,#6828),
 .UNSPECIFIED.,.F.,.F.,(4,1,4),(0.,0.0246589750088163,0.0574288044240876),
 .UNSPECIFIED.);
#1388=B_SPLINE_CURVE_WITH_KNOTS('',3,(#6840,#6841,#6842,#6843,#6844),
 .UNSPECIFIED.,.F.,.F.,(4,1,4),(0.,0.0212690874836977,0.0418436563418107),
 .UNSPECIFIED.);
#1389=B_SPLINE_CURVE_WITH_KNOTS('',3,(#6847,#6848,#6849,#6850,#6851),
 .UNSPECIFIED.,.F.,.F.,(4,1,4),(0.,0.0212690874836977,0.0418436563418107),
 .UNSPECIFIED.);
#1390=B_SPLINE_CURVE_WITH_KNOTS('',3,(#6863,#6864,#6865,#6866,#6867),
 .UNSPECIFIED.,.F.,.F.,(4,1,4),(0.,0.0216051326258258,0.0433837499644386),
 .UNSPECIFIED.);
#1391=B_SPLINE_CURVE_WITH_KNOTS('',3,(#6870,#6871,#6872,#6873,#6874),
 .UNSPECIFIED.,.F.,.F.,(4,1,4),(0.,0.0216051326258258,0.0433837499644386),
 .UNSPECIFIED.);
#1392=B_SPLINE_CURVE_WITH_KNOTS('',3,(#6886,#6887,#6888,#6889,#6890),
 .UNSPECIFIED.,.F.,.F.,(4,1,4),(0.,0.0187155130803987,0.0392297795322478),
 .UNSPECIFIED.);
#1393=B_SPLINE_CURVE_WITH_KNOTS('',3,(#6893,#6894,#6895,#6896,#6897),
 .UNSPECIFIED.,.F.,.F.,(4,1,4),(0.,0.0187155130803987,0.0392297795322478),
 .UNSPECIFIED.);
#1394=B_SPLINE_CURVE_WITH_KNOTS('',3,(#6909,#6910,#6911,#6912,#6913),
 .UNSPECIFIED.,.F.,.F.,(4,1,4),(0.,0.018742874225806,0.03681343711012),
 .UNSPECIFIED.);
#1395=B_SPLINE_CURVE_WITH_KNOTS('',3,(#6916,#6917,#6918,#6919,#6920),
 .UNSPECIFIED.,.F.,.F.,(4,1,4),(0.,0.018742874225806,0.03681343711012),
 .UNSPECIFIED.);
#1396=B_SPLINE_CURVE_WITH_KNOTS('',3,(#6932,#6933,#6934,#6935,#6936),
 .UNSPECIFIED.,.F.,.F.,(4,1,4),(0.,0.0322052048541887,0.0519789644336261),
 .UNSPECIFIED.);
#1397=B_SPLINE_CURVE_WITH_KNOTS('',3,(#6939,#6940,#6941,#6942,#6943),
 .UNSPECIFIED.,.F.,.F.,(4,1,4),(0.,0.0322052048541887,0.0519789644336261),
 .UNSPECIFIED.);
#1398=B_SPLINE_CURVE_WITH_KNOTS('',3,(#6973,#6974,#6975,#6976,#6977),
 .UNSPECIFIED.,.F.,.F.,(4,1,4),(0.,0.0188252960559579,0.0459844468905975),
 .UNSPECIFIED.);
#1399=B_SPLINE_CURVE_WITH_KNOTS('',3,(#6980,#6981,#6982,#6983,#6984),
 .UNSPECIFIED.,.F.,.F.,(4,1,4),(0.,0.0188252960559579,0.0459844468905975),
 .UNSPECIFIED.);
#1400=B_SPLINE_CURVE_WITH_KNOTS('',3,(#6996,#6997,#6998,#6999,#7000),
 .UNSPECIFIED.,.F.,.F.,(4,1,4),(0.,0.0189155662877464,0.0396761454415789),
 .UNSPECIFIED.);
#1401=B_SPLINE_CURVE_WITH_KNOTS('',3,(#7003,#7004,#7005,#7006,#7007),
 .UNSPECIFIED.,.F.,.F.,(4,1,4),(0.,0.0189155662877464,0.0396761454415789),
 .UNSPECIFIED.);
#1402=B_SPLINE_CURVE_WITH_KNOTS('',3,(#7019,#7020,#7021,#7022,#7023),
 .UNSPECIFIED.,.F.,.F.,(4,1,4),(0.,0.0223194403300612,0.0415888681622462),
 .UNSPECIFIED.);
#1403=B_SPLINE_CURVE_WITH_KNOTS('',3,(#7026,#7027,#7028,#7029,#7030),
 .UNSPECIFIED.,.F.,.F.,(4,1,4),(0.,0.0223194403300612,0.0415888681622462),
 .UNSPECIFIED.);
#1404=B_SPLINE_CURVE_WITH_KNOTS('',3,(#7042,#7043,#7044,#7045,#7046),
 .UNSPECIFIED.,.F.,.F.,(4,1,4),(0.,0.0249166624804382,0.0491534574767369),
 .UNSPECIFIED.);
#1405=B_SPLINE_CURVE_WITH_KNOTS('',3,(#7049,#7050,#7051,#7052,#7053),
 .UNSPECIFIED.,.F.,.F.,(4,1,4),(0.,0.0249166624804382,0.0491534574767369),
 .UNSPECIFIED.);
#1406=B_SPLINE_CURVE_WITH_KNOTS('',3,(#7065,#7066,#7067,#7068,#7069),
 .UNSPECIFIED.,.F.,.F.,(4,1,4),(0.,0.0543062821923386,0.107781328193758),
 .UNSPECIFIED.);
#1407=B_SPLINE_CURVE_WITH_KNOTS('',3,(#7072,#7073,#7074,#7075,#7076),
 .UNSPECIFIED.,.F.,.F.,(4,1,4),(0.,0.0543062821923386,0.107781328193758),
 .UNSPECIFIED.);
#1408=B_SPLINE_CURVE_WITH_KNOTS('',3,(#7099,#7100,#7101,#7102,#7103),
 .UNSPECIFIED.,.F.,.F.,(4,1,4),(0.,0.0531685764836824,0.10621046939181),
 .UNSPECIFIED.);
#1409=B_SPLINE_CURVE_WITH_KNOTS('',3,(#7107,#7108,#7109,#7110,#7111),
 .UNSPECIFIED.,.F.,.F.,(4,1,4),(0.,0.0531685764836824,0.10621046939181),
 .UNSPECIFIED.);
#1410=B_SPLINE_CURVE_WITH_KNOTS('',3,(#7124,#7125,#7126,#7127,#7128),
 .UNSPECIFIED.,.F.,.F.,(4,1,4),(0.,0.0369327097041394,0.0748847276623235),
 .UNSPECIFIED.);
#1411=B_SPLINE_CURVE_WITH_KNOTS('',3,(#7131,#7132,#7133,#7134,#7135),
 .UNSPECIFIED.,.F.,.F.,(4,1,4),(0.,0.0369327097041394,0.0748847276623235),
 .UNSPECIFIED.);
#1412=B_SPLINE_CURVE_WITH_KNOTS('',3,(#7147,#7148,#7149,#7150,#7151),
 .UNSPECIFIED.,.F.,.F.,(4,1,4),(0.,0.0381918866435196,0.0751413393390444),
 .UNSPECIFIED.);
#1413=B_SPLINE_CURVE_WITH_KNOTS('',3,(#7154,#7155,#7156,#7157,#7158),
 .UNSPECIFIED.,.F.,.F.,(4,1,4),(0.,0.0381918866435196,0.0751413393390444),
 .UNSPECIFIED.);
#1414=B_SPLINE_CURVE_WITH_KNOTS('',3,(#7170,#7171,#7172,#7173,#7174),
 .UNSPECIFIED.,.F.,.F.,(4,1,4),(0.,0.0459224796618699,0.0873452682717938),
 .UNSPECIFIED.);
#1415=B_SPLINE_CURVE_WITH_KNOTS('',3,(#7177,#7178,#7179,#7180,#7181),
 .UNSPECIFIED.,.F.,.F.,(4,1,4),(0.,0.0459224796618699,0.0873452682717938),
 .UNSPECIFIED.);
#1416=B_SPLINE_CURVE_WITH_KNOTS('',3,(#7193,#7194,#7195,#7196,#7197),
 .UNSPECIFIED.,.F.,.F.,(4,1,4),(0.,0.058489235375737,0.127584213929608),
 .UNSPECIFIED.);
#1417=B_SPLINE_CURVE_WITH_KNOTS('',3,(#7200,#7201,#7202,#7203,#7204),
 .UNSPECIFIED.,.F.,.F.,(4,1,4),(0.,0.058489235375737,0.127584213929608),
 .UNSPECIFIED.);
#1418=B_SPLINE_CURVE_WITH_KNOTS('',3,(#7216,#7217,#7218,#7219,#7220),
 .UNSPECIFIED.,.F.,.F.,(4,1,4),(0.,0.0554716864105456,0.109508008761733),
 .UNSPECIFIED.);
#1419=B_SPLINE_CURVE_WITH_KNOTS('',3,(#7223,#7224,#7225,#7226,#7227),
 .UNSPECIFIED.,.F.,.F.,(4,1,4),(0.,0.0554716864105456,0.109508008761733),
 .UNSPECIFIED.);
#1420=B_SPLINE_CURVE_WITH_KNOTS('',3,(#7239,#7240,#7241,#7242,#7243),
 .UNSPECIFIED.,.F.,.F.,(4,1,4),(0.,0.0538022229419613,0.108517770535321),
 .UNSPECIFIED.);
#1421=B_SPLINE_CURVE_WITH_KNOTS('',3,(#7246,#7247,#7248,#7249,#7250),
 .UNSPECIFIED.,.F.,.F.,(4,1,4),(0.,0.0538022229419613,0.108517770535321),
 .UNSPECIFIED.);
#1422=B_SPLINE_CURVE_WITH_KNOTS('',3,(#7262,#7263,#7264,#7265,#7266),
 .UNSPECIFIED.,.F.,.F.,(4,1,4),(0.,0.065358501620706,0.122623295377612),
 .UNSPECIFIED.);
#1423=B_SPLINE_CURVE_WITH_KNOTS('',3,(#7269,#7270,#7271,#7272,#7273),
 .UNSPECIFIED.,.F.,.F.,(4,1,4),(0.,0.065358501620706,0.122623295377612),
 .UNSPECIFIED.);
#1424=B_SPLINE_CURVE_WITH_KNOTS('',3,(#7284,#7285,#7286,#7287,#7288),
 .UNSPECIFIED.,.F.,.F.,(4,1,4),(0.,0.0598273593520951,0.137874950974825),
 .UNSPECIFIED.);
#1425=B_SPLINE_CURVE_WITH_KNOTS('',3,(#7289,#7290,#7291,#7292,#7293),
 .UNSPECIFIED.,.F.,.F.,(4,1,4),(0.,0.0598273593520951,0.137874950974825),
 .UNSPECIFIED.);
#1426=B_SPLINE_CURVE_WITH_KNOTS('',3,(#7306,#7307,#7308,#7309,#7310),
 .UNSPECIFIED.,.F.,.F.,(4,1,4),(0.,0.050682568289843,0.101517605185041),
 .UNSPECIFIED.);
#1427=B_SPLINE_CURVE_WITH_KNOTS('',3,(#7314,#7315,#7316,#7317,#7318),
 .UNSPECIFIED.,.F.,.F.,(4,1,4),(0.,0.050682568289843,0.101517605185041),
 .UNSPECIFIED.);
#1428=B_SPLINE_CURVE_WITH_KNOTS('',3,(#7331,#7332,#7333,#7334,#7335),
 .UNSPECIFIED.,.F.,.F.,(4,1,4),(0.,0.0539121413523234,0.105610781513174),
 .UNSPECIFIED.);
#1429=B_SPLINE_CURVE_WITH_KNOTS('',3,(#7338,#7339,#7340,#7341,#7342),
 .UNSPECIFIED.,.F.,.F.,(4,1,4),(0.,0.0539121413523234,0.105610781513174),
 .UNSPECIFIED.);
#1430=B_SPLINE_CURVE_WITH_KNOTS('',3,(#7354,#7355,#7356,#7357,#7358),
 .UNSPECIFIED.,.F.,.F.,(4,1,4),(0.,0.0503255368792334,0.10104370277379),
 .UNSPECIFIED.);
#1431=B_SPLINE_CURVE_WITH_KNOTS('',3,(#7361,#7362,#7363,#7364,#7365),
 .UNSPECIFIED.,.F.,.F.,(4,1,4),(0.,0.0503255368792334,0.10104370277379),
 .UNSPECIFIED.);
#1432=B_SPLINE_CURVE_WITH_KNOTS('',3,(#7377,#7378,#7379,#7380,#7381),
 .UNSPECIFIED.,.F.,.F.,(4,1,4),(0.,0.0515794049342273,0.101820402282571),
 .UNSPECIFIED.);
#1433=B_SPLINE_CURVE_WITH_KNOTS('',3,(#7384,#7385,#7386,#7387,#7388),
 .UNSPECIFIED.,.F.,.F.,(4,1,4),(0.,0.0515794049342273,0.101820402282571),
 .UNSPECIFIED.);
#1434=B_SPLINE_CURVE_WITH_KNOTS('',3,(#7400,#7401,#7402,#7403,#7404),
 .UNSPECIFIED.,.F.,.F.,(4,1,4),(0.,0.0579658530140974,0.11240380573104),
 .UNSPECIFIED.);
#1435=B_SPLINE_CURVE_WITH_KNOTS('',3,(#7407,#7408,#7409,#7410,#7411),
 .UNSPECIFIED.,.F.,.F.,(4,1,4),(0.,0.0579658530140974,0.11240380573104),
 .UNSPECIFIED.);
#1436=B_SPLINE_CURVE_WITH_KNOTS('',3,(#7423,#7424,#7425,#7426,#7427),
 .UNSPECIFIED.,.F.,.F.,(4,1,4),(0.,0.0534561327589062,0.110609802981519),
 .UNSPECIFIED.);
#1437=B_SPLINE_CURVE_WITH_KNOTS('',3,(#7430,#7431,#7432,#7433,#7434),
 .UNSPECIFIED.,.F.,.F.,(4,1,4),(0.,0.0534561327589062,0.110609802981519),
 .UNSPECIFIED.);
#1438=B_SPLINE_CURVE_WITH_KNOTS('',3,(#7446,#7447,#7448,#7449,#7450),
 .UNSPECIFIED.,.F.,.F.,(4,1,4),(0.,0.0503949783903138,0.101316944815853),
 .UNSPECIFIED.);
#1439=B_SPLINE_CURVE_WITH_KNOTS('',3,(#7453,#7454,#7455,#7456,#7457),
 .UNSPECIFIED.,.F.,.F.,(4,1,4),(0.,0.0503949783903138,0.101316944815853),
 .UNSPECIFIED.);
#1440=B_SPLINE_CURVE_WITH_KNOTS('',3,(#7469,#7470,#7471,#7472,#7473),
 .UNSPECIFIED.,.F.,.F.,(4,1,4),(0.,0.0530743574598029,0.104281459805922),
 .UNSPECIFIED.);
#1441=B_SPLINE_CURVE_WITH_KNOTS('',3,(#7476,#7477,#7478,#7479,#7480),
 .UNSPECIFIED.,.F.,.F.,(4,1,4),(0.,0.0530743574598029,0.104281459805922),
 .UNSPECIFIED.);
#1442=B_SPLINE_CURVE_WITH_KNOTS('',3,(#7492,#7493,#7494,#7495,#7496),
 .UNSPECIFIED.,.F.,.F.,(4,1,4),(0.,0.0744171638784141,0.152505759248252),
 .UNSPECIFIED.);
#1443=B_SPLINE_CURVE_WITH_KNOTS('',3,(#7499,#7500,#7501,#7502,#7503),
 .UNSPECIFIED.,.F.,.F.,(4,1,4),(0.,0.0744171638784141,0.152505759248252),
 .UNSPECIFIED.);
#1444=B_SPLINE_CURVE_WITH_KNOTS('',3,(#7515,#7516,#7517,#7518,#7519),
 .UNSPECIFIED.,.F.,.F.,(4,1,4),(0.,0.0897800379015889,0.168001577637219),
 .UNSPECIFIED.);
#1445=B_SPLINE_CURVE_WITH_KNOTS('',3,(#7522,#7523,#7524,#7525,#7526),
 .UNSPECIFIED.,.F.,.F.,(4,1,4),(0.,0.0897800379015889,0.168001577637219),
 .UNSPECIFIED.);
#1446=B_SPLINE_CURVE_WITH_KNOTS('',3,(#7537,#7538,#7539,#7540,#7541),
 .UNSPECIFIED.,.F.,.F.,(4,1,4),(0.,0.0515197903310221,0.103134873158703),
 .UNSPECIFIED.);
#1447=B_SPLINE_CURVE_WITH_KNOTS('',3,(#7542,#7543,#7544,#7545,#7546),
 .UNSPECIFIED.,.F.,.F.,(4,1,4),(0.,0.0515197903310221,0.103134873158703),
 .UNSPECIFIED.);
#1448=VERTEX_POINT('',#4499);
#1449=VERTEX_POINT('',#4500);
#1450=VERTEX_POINT('',#4506);
#1451=VERTEX_POINT('',#4508);
#1452=VERTEX_POINT('',#4525);
#1453=VERTEX_POINT('',#4531);
#1454=VERTEX_POINT('',#4548);
#1455=VERTEX_POINT('',#4554);
#1456=VERTEX_POINT('',#4571);
#1457=VERTEX_POINT('',#4577);
#1458=VERTEX_POINT('',#4594);
#1459=VERTEX_POINT('',#4600);
#1460=VERTEX_POINT('',#4617);
#1461=VERTEX_POINT('',#4623);
#1462=VERTEX_POINT('',#4640);
#1463=VERTEX_POINT('',#4646);
#1464=VERTEX_POINT('',#4663);
#1465=VERTEX_POINT('',#4669);
#1466=VERTEX_POINT('',#4686);
#1467=VERTEX_POINT('',#4692);
#1468=VERTEX_POINT('',#4709);
#1469=VERTEX_POINT('',#4715);
#1470=VERTEX_POINT('',#4732);
#1471=VERTEX_POINT('',#4738);
#1472=VERTEX_POINT('',#4755);
#1473=VERTEX_POINT('',#4761);
#1474=VERTEX_POINT('',#4778);
#1475=VERTEX_POINT('',#4784);
#1476=VERTEX_POINT('',#4801);
#1477=VERTEX_POINT('',#4807);
#1478=VERTEX_POINT('',#4815);
#1479=VERTEX_POINT('',#4817);
#1480=VERTEX_POINT('',#4830);
#1481=VERTEX_POINT('',#4836);
#1482=VERTEX_POINT('',#4853);
#1483=VERTEX_POINT('',#4859);
#1484=VERTEX_POINT('',#4876);
#1485=VERTEX_POINT('',#4882);
#1486=VERTEX_POINT('',#4899);
#1487=VERTEX_POINT('',#4905);
#1488=VERTEX_POINT('',#4922);
#1489=VERTEX_POINT('',#4928);
#1490=VERTEX_POINT('',#4945);
#1491=VERTEX_POINT('',#4951);
#1492=VERTEX_POINT('',#4968);
#1493=VERTEX_POINT('',#4974);
#1494=VERTEX_POINT('',#4991);
#1495=VERTEX_POINT('',#4997);
#1496=VERTEX_POINT('',#5014);
#1497=VERTEX_POINT('',#5020);
#1498=VERTEX_POINT('',#5037);
#1499=VERTEX_POINT('',#5043);
#1500=VERTEX_POINT('',#5060);
#1501=VERTEX_POINT('',#5066);
#1502=VERTEX_POINT('',#5083);
#1503=VERTEX_POINT('',#5089);
#1504=VERTEX_POINT('',#5106);
#1505=VERTEX_POINT('',#5112);
#1506=VERTEX_POINT('',#5129);
#1507=VERTEX_POINT('',#5135);
#1508=VERTEX_POINT('',#5152);
#1509=VERTEX_POINT('',#5158);
#1510=VERTEX_POINT('',#5175);
#1511=VERTEX_POINT('',#5181);
#1512=VERTEX_POINT('',#5189);
#1513=VERTEX_POINT('',#5191);
#1514=VERTEX_POINT('',#5216);
#1515=VERTEX_POINT('',#5217);
#1516=VERTEX_POINT('',#5219);
#1517=VERTEX_POINT('',#5221);
#1518=VERTEX_POINT('',#5225);
#1519=VERTEX_POINT('',#5227);
#1520=VERTEX_POINT('',#5231);
#1521=VERTEX_POINT('',#5233);
#1522=VERTEX_POINT('',#5237);
#1523=VERTEX_POINT('',#5239);
#1524=VERTEX_POINT('',#5243);
#1525=VERTEX_POINT('',#5245);
#1526=VERTEX_POINT('',#5253);
#1527=VERTEX_POINT('',#5254);
#1528=VERTEX_POINT('',#5256);
#1529=VERTEX_POINT('',#5258);
#1530=VERTEX_POINT('',#5262);
#1531=VERTEX_POINT('',#5264);
#1532=VERTEX_POINT('',#5268);
#1533=VERTEX_POINT('',#5270);
#1534=VERTEX_POINT('',#5287);
#1535=VERTEX_POINT('',#5288);
#1536=VERTEX_POINT('',#5294);
#1537=VERTEX_POINT('',#5296);
#1538=VERTEX_POINT('',#5313);
#1539=VERTEX_POINT('',#5319);
#1540=VERTEX_POINT('',#5336);
#1541=VERTEX_POINT('',#5342);
#1542=VERTEX_POINT('',#5359);
#1543=VERTEX_POINT('',#5365);
#1544=VERTEX_POINT('',#5382);
#1545=VERTEX_POINT('',#5388);
#1546=VERTEX_POINT('',#5405);
#1547=VERTEX_POINT('',#5411);
#1548=VERTEX_POINT('',#5428);
#1549=VERTEX_POINT('',#5434);
#1550=VERTEX_POINT('',#5451);
#1551=VERTEX_POINT('',#5457);
#1552=VERTEX_POINT('',#5474);
#1553=VERTEX_POINT('',#5480);
#1554=VERTEX_POINT('',#5491);
#1555=VERTEX_POINT('',#5492);
#1556=VERTEX_POINT('',#5494);
#1557=VERTEX_POINT('',#5496);
#1558=VERTEX_POINT('',#5509);
#1559=VERTEX_POINT('',#5515);
#1560=VERTEX_POINT('',#5532);
#1561=VERTEX_POINT('',#5538);
#1562=VERTEX_POINT('',#5546);
#1563=VERTEX_POINT('',#5548);
#1564=VERTEX_POINT('',#5561);
#1565=VERTEX_POINT('',#5567);
#1566=VERTEX_POINT('',#5584);
#1567=VERTEX_POINT('',#5590);
#1568=VERTEX_POINT('',#5607);
#1569=VERTEX_POINT('',#5613);
#1570=VERTEX_POINT('',#5630);
#1571=VERTEX_POINT('',#5636);
#1572=VERTEX_POINT('',#5653);
#1573=VERTEX_POINT('',#5659);
#1574=VERTEX_POINT('',#5676);
#1575=VERTEX_POINT('',#5682);
#1576=VERTEX_POINT('',#5699);
#1577=VERTEX_POINT('',#5705);
#1578=VERTEX_POINT('',#5713);
#1579=VERTEX_POINT('',#5715);
#1580=VERTEX_POINT('',#5728);
#1581=VERTEX_POINT('',#5734);
#1582=VERTEX_POINT('',#5751);
#1583=VERTEX_POINT('',#5757);
#1584=VERTEX_POINT('',#5774);
#1585=VERTEX_POINT('',#5780);
#1586=VERTEX_POINT('',#5797);
#1587=VERTEX_POINT('',#5803);
#1588=VERTEX_POINT('',#5820);
#1589=VERTEX_POINT('',#5826);
#1590=VERTEX_POINT('',#5843);
#1591=VERTEX_POINT('',#5849);
#1592=VERTEX_POINT('',#5866);
#1593=VERTEX_POINT('',#5872);
#1594=VERTEX_POINT('',#5889);
#1595=VERTEX_POINT('',#5895);
#1596=VERTEX_POINT('',#5912);
#1597=VERTEX_POINT('',#5918);
#1598=VERTEX_POINT('',#5935);
#1599=VERTEX_POINT('',#5941);
#1600=VERTEX_POINT('',#5958);
#1601=VERTEX_POINT('',#5964);
#1602=VERTEX_POINT('',#5981);
#1603=VERTEX_POINT('',#5987);
#1604=VERTEX_POINT('',#6004);
#1605=VERTEX_POINT('',#6010);
#1606=VERTEX_POINT('',#6027);
#1607=VERTEX_POINT('',#6033);
#1608=VERTEX_POINT('',#6062);
#1609=VERTEX_POINT('',#6063);
#1610=VERTEX_POINT('',#6065);
#1611=VERTEX_POINT('',#6067);
#1612=VERTEX_POINT('',#6080);
#1613=VERTEX_POINT('',#6086);
#1614=VERTEX_POINT('',#6103);
#1615=VERTEX_POINT('',#6109);
#1616=VERTEX_POINT('',#6126);
#1617=VERTEX_POINT('',#6132);
#1618=VERTEX_POINT('',#6149);
#1619=VERTEX_POINT('',#6155);
#1620=VERTEX_POINT('',#6172);
#1621=VERTEX_POINT('',#6178);
#1622=VERTEX_POINT('',#6186);
#1623=VERTEX_POINT('',#6188);
#1624=VERTEX_POINT('',#6195);
#1625=VERTEX_POINT('',#6196);
#1626=VERTEX_POINT('',#6198);
#1627=VERTEX_POINT('',#6200);
#1628=VERTEX_POINT('',#6204);
#1629=VERTEX_POINT('',#6206);
#1630=VERTEX_POINT('',#6219);
#1631=VERTEX_POINT('',#6225);
#1632=VERTEX_POINT('',#6242);
#1633=VERTEX_POINT('',#6248);
#1634=VERTEX_POINT('',#6265);
#1635=VERTEX_POINT('',#6271);
#1636=VERTEX_POINT('',#6288);
#1637=VERTEX_POINT('',#6294);
#1638=VERTEX_POINT('',#6311);
#1639=VERTEX_POINT('',#6317);
#1640=VERTEX_POINT('',#6334);
#1641=VERTEX_POINT('',#6340);
#1642=VERTEX_POINT('',#6348);
#1643=VERTEX_POINT('',#6350);
#1644=VERTEX_POINT('',#6354);
#1645=VERTEX_POINT('',#6356);
#1646=VERTEX_POINT('',#6373);
#1647=VERTEX_POINT('',#6374);
#1648=VERTEX_POINT('',#6380);
#1649=VERTEX_POINT('',#6382);
#1650=VERTEX_POINT('',#6399);
#1651=VERTEX_POINT('',#6405);
#1652=VERTEX_POINT('',#6422);
#1653=VERTEX_POINT('',#6428);
#1654=VERTEX_POINT('',#6445);
#1655=VERTEX_POINT('',#6451);
#1656=VERTEX_POINT('',#6468);
#1657=VERTEX_POINT('',#6474);
#1658=VERTEX_POINT('',#6491);
#1659=VERTEX_POINT('',#6497);
#1660=VERTEX_POINT('',#6514);
#1661=VERTEX_POINT('',#6520);
#1662=VERTEX_POINT('',#6548);
#1663=VERTEX_POINT('',#6549);
#1664=VERTEX_POINT('',#6551);
#1665=VERTEX_POINT('',#6553);
#1666=VERTEX_POINT('',#6557);
#1667=VERTEX_POINT('',#6559);
#1668=VERTEX_POINT('',#6563);
#1669=VERTEX_POINT('',#6565);
#1670=VERTEX_POINT('',#6578);
#1671=VERTEX_POINT('',#6584);
#1672=VERTEX_POINT('',#6601);
#1673=VERTEX_POINT('',#6607);
#1674=VERTEX_POINT('',#6624);
#1675=VERTEX_POINT('',#6630);
#1676=VERTEX_POINT('',#6647);
#1677=VERTEX_POINT('',#6653);
#1678=VERTEX_POINT('',#6670);
#1679=VERTEX_POINT('',#6676);
#1680=VERTEX_POINT('',#6693);
#1681=VERTEX_POINT('',#6699);
#1682=VERTEX_POINT('',#6716);
#1683=VERTEX_POINT('',#6722);
#1684=VERTEX_POINT('',#6739);
#1685=VERTEX_POINT('',#6745);
#1686=VERTEX_POINT('',#6762);
#1687=VERTEX_POINT('',#6768);
#1688=VERTEX_POINT('',#6776);
#1689=VERTEX_POINT('',#6778);
#1690=VERTEX_POINT('',#6786);
#1691=VERTEX_POINT('',#6787);
#1692=VERTEX_POINT('',#6789);
#1693=VERTEX_POINT('',#6791);
#1694=VERTEX_POINT('',#6795);
#1695=VERTEX_POINT('',#6797);
#1696=VERTEX_POINT('',#6801);
#1697=VERTEX_POINT('',#6803);
#1698=VERTEX_POINT('',#6816);
#1699=VERTEX_POINT('',#6822);
#1700=VERTEX_POINT('',#6839);
#1701=VERTEX_POINT('',#6845);
#1702=VERTEX_POINT('',#6862);
#1703=VERTEX_POINT('',#6868);
#1704=VERTEX_POINT('',#6885);
#1705=VERTEX_POINT('',#6891);
#1706=VERTEX_POINT('',#6908);
#1707=VERTEX_POINT('',#6914);
#1708=VERTEX_POINT('',#6931);
#1709=VERTEX_POINT('',#6937);
#1710=VERTEX_POINT('',#6945);
#1711=VERTEX_POINT('',#6947);
#1712=VERTEX_POINT('',#6951);
#1713=VERTEX_POINT('',#6953);
#1714=VERTEX_POINT('',#6957);
#1715=VERTEX_POINT('',#6959);
#1716=VERTEX_POINT('',#6972);
#1717=VERTEX_POINT('',#6978);
#1718=VERTEX_POINT('',#6995);
#1719=VERTEX_POINT('',#7001);
#1720=VERTEX_POINT('',#7018);
#1721=VERTEX_POINT('',#7024);
#1722=VERTEX_POINT('',#7041);
#1723=VERTEX_POINT('',#7047);
#1724=VERTEX_POINT('',#7064);
#1725=VERTEX_POINT('',#7070);
#1726=VERTEX_POINT('',#7078);
#1727=VERTEX_POINT('',#7080);
#1728=VERTEX_POINT('',#7097);
#1729=VERTEX_POINT('',#7098);
#1730=VERTEX_POINT('',#7104);
#1731=VERTEX_POINT('',#7106);
#1732=VERTEX_POINT('',#7123);
#1733=VERTEX_POINT('',#7129);
#1734=VERTEX_POINT('',#7146);
#1735=VERTEX_POINT('',#7152);
#1736=VERTEX_POINT('',#7169);
#1737=VERTEX_POINT('',#7175);
#1738=VERTEX_POINT('',#7192);
#1739=VERTEX_POINT('',#7198);
#1740=VERTEX_POINT('',#7215);
#1741=VERTEX_POINT('',#7221);
#1742=VERTEX_POINT('',#7238);
#1743=VERTEX_POINT('',#7244);
#1744=VERTEX_POINT('',#7261);
#1745=VERTEX_POINT('',#7267);
#1746=VERTEX_POINT('',#7304);
#1747=VERTEX_POINT('',#7305);
#1748=VERTEX_POINT('',#7311);
#1749=VERTEX_POINT('',#7313);
#1750=VERTEX_POINT('',#7330);
#1751=VERTEX_POINT('',#7336);
#1752=VERTEX_POINT('',#7353);
#1753=VERTEX_POINT('',#7359);
#1754=VERTEX_POINT('',#7376);
#1755=VERTEX_POINT('',#7382);
#1756=VERTEX_POINT('',#7399);
#1757=VERTEX_POINT('',#7405);
#1758=VERTEX_POINT('',#7422);
#1759=VERTEX_POINT('',#7428);
#1760=VERTEX_POINT('',#7445);
#1761=VERTEX_POINT('',#7451);
#1762=VERTEX_POINT('',#7468);
#1763=VERTEX_POINT('',#7474);
#1764=VERTEX_POINT('',#7491);
#1765=VERTEX_POINT('',#7497);
#1766=VERTEX_POINT('',#7514);
#1767=VERTEX_POINT('',#7520);
#1768=VERTEX_POINT('',#7549);
#1769=VERTEX_POINT('',#7550);
#1770=VERTEX_POINT('',#7552);
#1771=VERTEX_POINT('',#7554);
#1772=VERTEX_POINT('',#7556);
#1773=VERTEX_POINT('',#7558);
#1774=VERTEX_POINT('',#7560);
#1775=VERTEX_POINT('',#7562);
#1776=VERTEX_POINT('',#7569);
#1777=VERTEX_POINT('',#7571);
#1778=VERTEX_POINT('',#7575);
#1779=VERTEX_POINT('',#7576);
#1780=VERTEX_POINT('',#7581);
#1781=VERTEX_POINT('',#7583);
#1782=VERTEX_POINT('',#7587);
#1783=VERTEX_POINT('',#7588);
#1784=VERTEX_POINT('',#7595);
#1785=VERTEX_POINT('',#7597);
#1786=VERTEX_POINT('',#7601);
#1787=VERTEX_POINT('',#7602);
#1788=VERTEX_POINT('',#7609);
#1789=VERTEX_POINT('',#7611);
#1790=VERTEX_POINT('',#7615);
#1791=VERTEX_POINT('',#7616);
#1792=VERTEX_POINT('',#7623);
#1793=VERTEX_POINT('',#7625);
#1794=VERTEX_POINT('',#7629);
#1795=VERTEX_POINT('',#7630);
#1796=VERTEX_POINT('',#7635);
#1797=VERTEX_POINT('',#7637);
#1798=VERTEX_POINT('',#7641);
#1799=VERTEX_POINT('',#7642);
#1800=VERTEX_POINT('',#7651);
#1801=VERTEX_POINT('',#7655);
#1802=VERTEX_POINT('',#7668);
#1803=VERTEX_POINT('',#7670);
#1804=VERTEX_POINT('',#7672);
#1805=VERTEX_POINT('',#7674);
#1806=VERTEX_POINT('',#7678);
#1807=VERTEX_POINT('',#7680);
#1808=VERTEX_POINT('',#7682);
#1809=VERTEX_POINT('',#7684);
#1810=VERTEX_POINT('',#7688);
#1811=VERTEX_POINT('',#7692);
#1812=VERTEX_POINT('',#7696);
#1813=VERTEX_POINT('',#7700);
#1814=VERTEX_POINT('',#7704);
#1815=VERTEX_POINT('',#7705);
#1816=VERTEX_POINT('',#7710);
#1817=VERTEX_POINT('',#7714);
#1818=VERTEX_POINT('',#7724);
#1819=VERTEX_POINT('',#7728);
#1820=EDGE_CURVE('',#1448,#1449,#1202,.T.);
#1821=EDGE_CURVE('',#1448,#1450,#574,.T.);
#1822=EDGE_CURVE('',#1450,#1451,#1203,.T.);
#1823=EDGE_CURVE('',#1449,#1451,#575,.T.);
#1824=EDGE_CURVE('',#1452,#1448,#1204,.T.);
#1825=EDGE_CURVE('',#1452,#1453,#576,.T.);
#1826=EDGE_CURVE('',#1453,#1450,#1205,.T.);
#1827=EDGE_CURVE('',#1454,#1452,#1206,.T.);
#1828=EDGE_CURVE('',#1454,#1455,#577,.T.);
#1829=EDGE_CURVE('',#1455,#1453,#1207,.T.);
#1830=EDGE_CURVE('',#1456,#1454,#1208,.T.);
#1831=EDGE_CURVE('',#1456,#1457,#578,.T.);
#1832=EDGE_CURVE('',#1457,#1455,#1209,.T.);
#1833=EDGE_CURVE('',#1458,#1456,#1210,.T.);
#1834=EDGE_CURVE('',#1458,#1459,#579,.T.);
#1835=EDGE_CURVE('',#1459,#1457,#1211,.T.);
#1836=EDGE_CURVE('',#1460,#1458,#1212,.T.);
#1837=EDGE_CURVE('',#1460,#1461,#580,.T.);
#1838=EDGE_CURVE('',#1461,#1459,#1213,.T.);
#1839=EDGE_CURVE('',#1462,#1460,#1214,.T.);
#1840=EDGE_CURVE('',#1462,#1463,#581,.T.);
#1841=EDGE_CURVE('',#1463,#1461,#1215,.T.);
#1842=EDGE_CURVE('',#1464,#1462,#1216,.T.);
#1843=EDGE_CURVE('',#1464,#1465,#582,.T.);
#1844=EDGE_CURVE('',#1465,#1463,#1217,.T.);
#1845=EDGE_CURVE('',#1466,#1464,#1218,.T.);
#1846=EDGE_CURVE('',#1466,#1467,#583,.T.);
#1847=EDGE_CURVE('',#1467,#1465,#1219,.T.);
#1848=EDGE_CURVE('',#1468,#1466,#1220,.T.);
#1849=EDGE_CURVE('',#1468,#1469,#584,.T.);
#1850=EDGE_CURVE('',#1469,#1467,#1221,.T.);
#1851=EDGE_CURVE('',#1470,#1468,#1222,.T.);
#1852=EDGE_CURVE('',#1470,#1471,#585,.T.);
#1853=EDGE_CURVE('',#1471,#1469,#1223,.T.);
#1854=EDGE_CURVE('',#1472,#1470,#1224,.T.);
#1855=EDGE_CURVE('',#1472,#1473,#586,.T.);
#1856=EDGE_CURVE('',#1473,#1471,#1225,.T.);
#1857=EDGE_CURVE('',#1474,#1472,#1226,.T.);
#1858=EDGE_CURVE('',#1474,#1475,#587,.T.);
#1859=EDGE_CURVE('',#1475,#1473,#1227,.T.);
#1860=EDGE_CURVE('',#1476,#1474,#1228,.T.);
#1861=EDGE_CURVE('',#1476,#1477,#588,.T.);
#1862=EDGE_CURVE('',#1477,#1475,#1229,.T.);
#1863=EDGE_CURVE('',#1478,#1476,#589,.T.);
#1864=EDGE_CURVE('',#1478,#1479,#590,.T.);
#1865=EDGE_CURVE('',#1479,#1477,#591,.T.);
#1866=EDGE_CURVE('',#1480,#1478,#1230,.T.);
#1867=EDGE_CURVE('',#1480,#1481,#592,.T.);
#1868=EDGE_CURVE('',#1481,#1479,#1231,.T.);
#1869=EDGE_CURVE('',#1482,#1480,#1232,.T.);
#1870=EDGE_CURVE('',#1482,#1483,#593,.T.);
#1871=EDGE_CURVE('',#1483,#1481,#1233,.T.);
#1872=EDGE_CURVE('',#1484,#1482,#1234,.T.);
#1873=EDGE_CURVE('',#1484,#1485,#594,.T.);
#1874=EDGE_CURVE('',#1485,#1483,#1235,.T.);
#1875=EDGE_CURVE('',#1486,#1484,#1236,.T.);
#1876=EDGE_CURVE('',#1486,#1487,#595,.T.);
#1877=EDGE_CURVE('',#1487,#1485,#1237,.T.);
#1878=EDGE_CURVE('',#1488,#1486,#1238,.T.);
#1879=EDGE_CURVE('',#1488,#1489,#596,.T.);
#1880=EDGE_CURVE('',#1489,#1487,#1239,.T.);
#1881=EDGE_CURVE('',#1490,#1488,#1240,.T.);
#1882=EDGE_CURVE('',#1490,#1491,#597,.T.);
#1883=EDGE_CURVE('',#1491,#1489,#1241,.T.);
#1884=EDGE_CURVE('',#1492,#1490,#1242,.T.);
#1885=EDGE_CURVE('',#1492,#1493,#598,.T.);
#1886=EDGE_CURVE('',#1493,#1491,#1243,.T.);
#1887=EDGE_CURVE('',#1494,#1492,#1244,.T.);
#1888=EDGE_CURVE('',#1494,#1495,#599,.T.);
#1889=EDGE_CURVE('',#1495,#1493,#1245,.T.);
#1890=EDGE_CURVE('',#1496,#1494,#1246,.T.);
#1891=EDGE_CURVE('',#1496,#1497,#600,.T.);
#1892=EDGE_CURVE('',#1497,#1495,#1247,.T.);
#1893=EDGE_CURVE('',#1498,#1496,#1248,.T.);
#1894=EDGE_CURVE('',#1498,#1499,#601,.T.);
#1895=EDGE_CURVE('',#1499,#1497,#1249,.T.);
#1896=EDGE_CURVE('',#1500,#1498,#1250,.T.);
#1897=EDGE_CURVE('',#1500,#1501,#602,.T.);
#1898=EDGE_CURVE('',#1501,#1499,#1251,.T.);
#1899=EDGE_CURVE('',#1502,#1500,#1252,.T.);
#1900=EDGE_CURVE('',#1502,#1503,#603,.T.);
#1901=EDGE_CURVE('',#1503,#1501,#1253,.T.);
#1902=EDGE_CURVE('',#1504,#1502,#1254,.T.);
#1903=EDGE_CURVE('',#1504,#1505,#604,.T.);
#1904=EDGE_CURVE('',#1505,#1503,#1255,.T.);
#1905=EDGE_CURVE('',#1506,#1504,#1256,.T.);
#1906=EDGE_CURVE('',#1506,#1507,#605,.T.);
#1907=EDGE_CURVE('',#1507,#1505,#1257,.T.);
#1908=EDGE_CURVE('',#1508,#1506,#1258,.T.);
#1909=EDGE_CURVE('',#1508,#1509,#606,.T.);
#1910=EDGE_CURVE('',#1509,#1507,#1259,.T.);
#1911=EDGE_CURVE('',#1510,#1508,#1260,.T.);
#1912=EDGE_CURVE('',#1510,#1511,#607,.T.);
#1913=EDGE_CURVE('',#1511,#1509,#1261,.T.);
#1914=EDGE_CURVE('',#1512,#1510,#608,.T.);
#1915=EDGE_CURVE('',#1512,#1513,#609,.T.);
#1916=EDGE_CURVE('',#1513,#1511,#610,.T.);
#1917=EDGE_CURVE('',#1449,#1512,#1262,.T.);
#1918=EDGE_CURVE('',#1451,#1513,#1263,.T.);
#1919=EDGE_CURVE('',#1514,#1515,#611,.T.);
#1920=EDGE_CURVE('',#1514,#1516,#612,.T.);
#1921=EDGE_CURVE('',#1516,#1517,#613,.T.);
#1922=EDGE_CURVE('',#1515,#1517,#614,.T.);
#1923=EDGE_CURVE('',#1518,#1514,#615,.T.);
#1924=EDGE_CURVE('',#1518,#1519,#616,.T.);
#1925=EDGE_CURVE('',#1519,#1516,#617,.T.);
#1926=EDGE_CURVE('',#1520,#1518,#618,.T.);
#1927=EDGE_CURVE('',#1520,#1521,#619,.T.);
#1928=EDGE_CURVE('',#1521,#1519,#620,.T.);
#1929=EDGE_CURVE('',#1522,#1520,#621,.T.);
#1930=EDGE_CURVE('',#1522,#1523,#622,.T.);
#1931=EDGE_CURVE('',#1523,#1521,#623,.T.);
#1932=EDGE_CURVE('',#1524,#1522,#624,.T.);
#1933=EDGE_CURVE('',#1524,#1525,#625,.T.);
#1934=EDGE_CURVE('',#1525,#1523,#626,.T.);
#1935=EDGE_CURVE('',#1515,#1524,#627,.T.);
#1936=EDGE_CURVE('',#1517,#1525,#628,.T.);
#1937=EDGE_CURVE('',#1526,#1527,#629,.T.);
#1938=EDGE_CURVE('',#1526,#1528,#630,.T.);
#1939=EDGE_CURVE('',#1528,#1529,#631,.T.);
#1940=EDGE_CURVE('',#1527,#1529,#632,.T.);
#1941=EDGE_CURVE('',#1530,#1526,#633,.T.);
#1942=EDGE_CURVE('',#1530,#1531,#634,.T.);
#1943=EDGE_CURVE('',#1531,#1528,#635,.T.);
#1944=EDGE_CURVE('',#1532,#1530,#636,.T.);
#1945=EDGE_CURVE('',#1532,#1533,#637,.T.);
#1946=EDGE_CURVE('',#1533,#1531,#638,.T.);
#1947=EDGE_CURVE('',#1527,#1532,#639,.T.);
#1948=EDGE_CURVE('',#1529,#1533,#640,.T.);
#1949=EDGE_CURVE('',#1534,#1535,#1264,.T.);
#1950=EDGE_CURVE('',#1534,#1536,#641,.T.);
#1951=EDGE_CURVE('',#1536,#1537,#1265,.T.);
#1952=EDGE_CURVE('',#1535,#1537,#642,.T.);
#1953=EDGE_CURVE('',#1538,#1534,#1266,.T.);
#1954=EDGE_CURVE('',#1538,#1539,#643,.T.);
#1955=EDGE_CURVE('',#1539,#1536,#1267,.T.);
#1956=EDGE_CURVE('',#1540,#1538,#1268,.T.);
#1957=EDGE_CURVE('',#1540,#1541,#644,.T.);
#1958=EDGE_CURVE('',#1541,#1539,#1269,.T.);
#1959=EDGE_CURVE('',#1542,#1540,#1270,.T.);
#1960=EDGE_CURVE('',#1542,#1543,#645,.T.);
#1961=EDGE_CURVE('',#1543,#1541,#1271,.T.);
#1962=EDGE_CURVE('',#1544,#1542,#1272,.T.);
#1963=EDGE_CURVE('',#1544,#1545,#646,.T.);
#1964=EDGE_CURVE('',#1545,#1543,#1273,.T.);
#1965=EDGE_CURVE('',#1546,#1544,#1274,.T.);
#1966=EDGE_CURVE('',#1546,#1547,#647,.T.);
#1967=EDGE_CURVE('',#1547,#1545,#1275,.T.);
#1968=EDGE_CURVE('',#1548,#1546,#1276,.T.);
#1969=EDGE_CURVE('',#1548,#1549,#648,.T.);
#1970=EDGE_CURVE('',#1549,#1547,#1277,.T.);
#1971=EDGE_CURVE('',#1550,#1548,#1278,.T.);
#1972=EDGE_CURVE('',#1550,#1551,#649,.T.);
#1973=EDGE_CURVE('',#1551,#1549,#1279,.T.);
#1974=EDGE_CURVE('',#1552,#1550,#1280,.T.);
#1975=EDGE_CURVE('',#1552,#1553,#650,.T.);
#1976=EDGE_CURVE('',#1553,#1551,#1281,.T.);
#1977=EDGE_CURVE('',#1535,#1552,#651,.T.);
#1978=EDGE_CURVE('',#1537,#1553,#652,.T.);
#1979=EDGE_CURVE('',#1554,#1555,#653,.T.);
#1980=EDGE_CURVE('',#1554,#1556,#654,.T.);
#1981=EDGE_CURVE('',#1556,#1557,#655,.T.);
#1982=EDGE_CURVE('',#1555,#1557,#656,.T.);
#1983=EDGE_CURVE('',#1558,#1554,#1282,.T.);
#1984=EDGE_CURVE('',#1558,#1559,#657,.T.);
#1985=EDGE_CURVE('',#1559,#1556,#1283,.T.);
#1986=EDGE_CURVE('',#1560,#1558,#1284,.T.);
#1987=EDGE_CURVE('',#1560,#1561,#658,.T.);
#1988=EDGE_CURVE('',#1561,#1559,#1285,.T.);
#1989=EDGE_CURVE('',#1562,#1560,#659,.T.);
#1990=EDGE_CURVE('',#1562,#1563,#660,.T.);
#1991=EDGE_CURVE('',#1563,#1561,#661,.T.);
#1992=EDGE_CURVE('',#1564,#1562,#1286,.T.);
#1993=EDGE_CURVE('',#1564,#1565,#662,.T.);
#1994=EDGE_CURVE('',#1565,#1563,#1287,.T.);
#1995=EDGE_CURVE('',#1566,#1564,#1288,.T.);
#1996=EDGE_CURVE('',#1566,#1567,#663,.T.);
#1997=EDGE_CURVE('',#1567,#1565,#1289,.T.);
#1998=EDGE_CURVE('',#1568,#1566,#1290,.T.);
#1999=EDGE_CURVE('',#1568,#1569,#664,.T.);
#2000=EDGE_CURVE('',#1569,#1567,#1291,.T.);
#2001=EDGE_CURVE('',#1570,#1568,#1292,.T.);
#2002=EDGE_CURVE('',#1570,#1571,#665,.T.);
#2003=EDGE_CURVE('',#1571,#1569,#1293,.T.);
#2004=EDGE_CURVE('',#1572,#1570,#1294,.T.);
#2005=EDGE_CURVE('',#1572,#1573,#666,.T.);
#2006=EDGE_CURVE('',#1573,#1571,#1295,.T.);
#2007=EDGE_CURVE('',#1574,#1572,#1296,.T.);
#2008=EDGE_CURVE('',#1574,#1575,#667,.T.);
#2009=EDGE_CURVE('',#1575,#1573,#1297,.T.);
#2010=EDGE_CURVE('',#1576,#1574,#1298,.T.);
#2011=EDGE_CURVE('',#1576,#1577,#668,.T.);
#2012=EDGE_CURVE('',#1577,#1575,#1299,.T.);
#2013=EDGE_CURVE('',#1578,#1576,#669,.T.);
#2014=EDGE_CURVE('',#1578,#1579,#670,.T.);
#2015=EDGE_CURVE('',#1579,#1577,#671,.T.);
#2016=EDGE_CURVE('',#1580,#1578,#1300,.T.);
#2017=EDGE_CURVE('',#1580,#1581,#672,.T.);
#2018=EDGE_CURVE('',#1581,#1579,#1301,.T.);
#2019=EDGE_CURVE('',#1582,#1580,#1302,.T.);
#2020=EDGE_CURVE('',#1582,#1583,#673,.T.);
#2021=EDGE_CURVE('',#1583,#1581,#1303,.T.);
#2022=EDGE_CURVE('',#1584,#1582,#1304,.T.);
#2023=EDGE_CURVE('',#1584,#1585,#674,.T.);
#2024=EDGE_CURVE('',#1585,#1583,#1305,.T.);
#2025=EDGE_CURVE('',#1586,#1584,#1306,.T.);
#2026=EDGE_CURVE('',#1586,#1587,#675,.T.);
#2027=EDGE_CURVE('',#1587,#1585,#1307,.T.);
#2028=EDGE_CURVE('',#1588,#1586,#1308,.T.);
#2029=EDGE_CURVE('',#1588,#1589,#676,.T.);
#2030=EDGE_CURVE('',#1589,#1587,#1309,.T.);
#2031=EDGE_CURVE('',#1590,#1588,#1310,.T.);
#2032=EDGE_CURVE('',#1590,#1591,#677,.T.);
#2033=EDGE_CURVE('',#1591,#1589,#1311,.T.);
#2034=EDGE_CURVE('',#1592,#1590,#1312,.T.);
#2035=EDGE_CURVE('',#1592,#1593,#678,.T.);
#2036=EDGE_CURVE('',#1593,#1591,#1313,.T.);
#2037=EDGE_CURVE('',#1594,#1592,#1314,.T.);
#2038=EDGE_CURVE('',#1594,#1595,#679,.T.);
#2039=EDGE_CURVE('',#1595,#1593,#1315,.T.);
#2040=EDGE_CURVE('',#1596,#1594,#1316,.T.);
#2041=EDGE_CURVE('',#1596,#1597,#680,.T.);
#2042=EDGE_CURVE('',#1597,#1595,#1317,.T.);
#2043=EDGE_CURVE('',#1598,#1596,#1318,.T.);
#2044=EDGE_CURVE('',#1598,#1599,#681,.T.);
#2045=EDGE_CURVE('',#1599,#1597,#1319,.T.);
#2046=EDGE_CURVE('',#1600,#1598,#1320,.T.);
#2047=EDGE_CURVE('',#1600,#1601,#682,.T.);
#2048=EDGE_CURVE('',#1601,#1599,#1321,.T.);
#2049=EDGE_CURVE('',#1602,#1600,#1322,.T.);
#2050=EDGE_CURVE('',#1602,#1603,#683,.T.);
#2051=EDGE_CURVE('',#1603,#1601,#1323,.T.);
#2052=EDGE_CURVE('',#1604,#1602,#1324,.T.);
#2053=EDGE_CURVE('',#1604,#1605,#684,.T.);
#2054=EDGE_CURVE('',#1605,#1603,#1325,.T.);
#2055=EDGE_CURVE('',#1606,#1604,#1326,.T.);
#2056=EDGE_CURVE('',#1606,#1607,#685,.T.);
#2057=EDGE_CURVE('',#1607,#1605,#1327,.T.);
#2058=EDGE_CURVE('',#1555,#1606,#1328,.T.);
#2059=EDGE_CURVE('',#1557,#1607,#1329,.T.);
#2060=EDGE_CURVE('',#1608,#1609,#686,.T.);
#2061=EDGE_CURVE('',#1608,#1610,#687,.T.);
#2062=EDGE_CURVE('',#1610,#1611,#688,.T.);
#2063=EDGE_CURVE('',#1609,#1611,#689,.T.);
#2064=EDGE_CURVE('',#1612,#1608,#1330,.T.);
#2065=EDGE_CURVE('',#1612,#1613,#690,.T.);
#2066=EDGE_CURVE('',#1613,#1610,#1331,.T.);
#2067=EDGE_CURVE('',#1614,#1612,#1332,.T.);
#2068=EDGE_CURVE('',#1614,#1615,#691,.T.);
#2069=EDGE_CURVE('',#1615,#1613,#1333,.T.);
#2070=EDGE_CURVE('',#1616,#1614,#1334,.T.);
#2071=EDGE_CURVE('',#1616,#1617,#692,.T.);
#2072=EDGE_CURVE('',#1617,#1615,#1335,.T.);
#2073=EDGE_CURVE('',#1618,#1616,#1336,.T.);
#2074=EDGE_CURVE('',#1618,#1619,#693,.T.);
#2075=EDGE_CURVE('',#1619,#1617,#1337,.T.);
#2076=EDGE_CURVE('',#1620,#1618,#1338,.T.);
#2077=EDGE_CURVE('',#1620,#1621,#694,.T.);
#2078=EDGE_CURVE('',#1621,#1619,#1339,.T.);
#2079=EDGE_CURVE('',#1622,#1620,#695,.T.);
#2080=EDGE_CURVE('',#1622,#1623,#696,.T.);
#2081=EDGE_CURVE('',#1623,#1621,#697,.T.);
#2082=EDGE_CURVE('',#1609,#1622,#698,.T.);
#2083=EDGE_CURVE('',#1611,#1623,#699,.T.);
#2084=EDGE_CURVE('',#1624,#1625,#700,.T.);
#2085=EDGE_CURVE('',#1624,#1626,#701,.T.);
#2086=EDGE_CURVE('',#1626,#1627,#702,.T.);
#2087=EDGE_CURVE('',#1625,#1627,#703,.T.);
#2088=EDGE_CURVE('',#1628,#1624,#704,.T.);
#2089=EDGE_CURVE('',#1628,#1629,#705,.T.);
#2090=EDGE_CURVE('',#1629,#1626,#706,.T.);
#2091=EDGE_CURVE('',#1630,#1628,#1340,.T.);
#2092=EDGE_CURVE('',#1630,#1631,#707,.T.);
#2093=EDGE_CURVE('',#1631,#1629,#1341,.T.);
#2094=EDGE_CURVE('',#1632,#1630,#1342,.T.);
#2095=EDGE_CURVE('',#1632,#1633,#708,.T.);
#2096=EDGE_CURVE('',#1633,#1631,#1343,.T.);
#2097=EDGE_CURVE('',#1634,#1632,#1344,.T.);
#2098=EDGE_CURVE('',#1634,#1635,#709,.T.);
#2099=EDGE_CURVE('',#1635,#1633,#1345,.T.);
#2100=EDGE_CURVE('',#1636,#1634,#1346,.T.);
#2101=EDGE_CURVE('',#1636,#1637,#710,.T.);
#2102=EDGE_CURVE('',#1637,#1635,#1347,.T.);
#2103=EDGE_CURVE('',#1638,#1636,#1348,.T.);
#2104=EDGE_CURVE('',#1638,#1639,#711,.T.);
#2105=EDGE_CURVE('',#1639,#1637,#1349,.T.);
#2106=EDGE_CURVE('',#1640,#1638,#1350,.T.);
#2107=EDGE_CURVE('',#1640,#1641,#712,.T.);
#2108=EDGE_CURVE('',#1641,#1639,#1351,.T.);
#2109=EDGE_CURVE('',#1642,#1640,#713,.T.);
#2110=EDGE_CURVE('',#1642,#1643,#714,.T.);
#2111=EDGE_CURVE('',#1643,#1641,#715,.T.);
#2112=EDGE_CURVE('',#1644,#1642,#716,.T.);
#2113=EDGE_CURVE('',#1644,#1645,#717,.T.);
#2114=EDGE_CURVE('',#1645,#1643,#718,.T.);
#2115=EDGE_CURVE('',#1625,#1644,#719,.T.);
#2116=EDGE_CURVE('',#1627,#1645,#720,.T.);
#2117=EDGE_CURVE('',#1646,#1647,#1352,.T.);
#2118=EDGE_CURVE('',#1646,#1648,#721,.T.);
#2119=EDGE_CURVE('',#1648,#1649,#1353,.T.);
#2120=EDGE_CURVE('',#1647,#1649,#722,.T.);
#2121=EDGE_CURVE('',#1650,#1646,#1354,.T.);
#2122=EDGE_CURVE('',#1650,#1651,#723,.T.);
#2123=EDGE_CURVE('',#1651,#1648,#1355,.T.);
#2124=EDGE_CURVE('',#1652,#1650,#1356,.T.);
#2125=EDGE_CURVE('',#1652,#1653,#724,.T.);
#2126=EDGE_CURVE('',#1653,#1651,#1357,.T.);
#2127=EDGE_CURVE('',#1654,#1652,#1358,.T.);
#2128=EDGE_CURVE('',#1654,#1655,#725,.T.);
#2129=EDGE_CURVE('',#1655,#1653,#1359,.T.);
#2130=EDGE_CURVE('',#1656,#1654,#1360,.T.);
#2131=EDGE_CURVE('',#1656,#1657,#726,.T.);
#2132=EDGE_CURVE('',#1657,#1655,#1361,.T.);
#2133=EDGE_CURVE('',#1658,#1656,#1362,.T.);
#2134=EDGE_CURVE('',#1658,#1659,#727,.T.);
#2135=EDGE_CURVE('',#1659,#1657,#1363,.T.);
#2136=EDGE_CURVE('',#1660,#1658,#1364,.T.);
#2137=EDGE_CURVE('',#1660,#1661,#728,.T.);
#2138=EDGE_CURVE('',#1661,#1659,#1365,.T.);
#2139=EDGE_CURVE('',#1647,#1660,#1366,.T.);
#2140=EDGE_CURVE('',#1649,#1661,#1367,.T.);
#2141=EDGE_CURVE('',#1662,#1663,#729,.T.);
#2142=EDGE_CURVE('',#1662,#1664,#730,.T.);
#2143=EDGE_CURVE('',#1664,#1665,#731,.T.);
#2144=EDGE_CURVE('',#1663,#1665,#732,.T.);
#2145=EDGE_CURVE('',#1666,#1662,#733,.T.);
#2146=EDGE_CURVE('',#1666,#1667,#734,.T.);
#2147=EDGE_CURVE('',#1667,#1664,#735,.T.);
#2148=EDGE_CURVE('',#1668,#1666,#736,.T.);
#2149=EDGE_CURVE('',#1668,#1669,#737,.T.);
#2150=EDGE_CURVE('',#1669,#1667,#738,.T.);
#2151=EDGE_CURVE('',#1670,#1668,#1368,.T.);
#2152=EDGE_CURVE('',#1670,#1671,#739,.T.);
#2153=EDGE_CURVE('',#1671,#1669,#1369,.T.);
#2154=EDGE_CURVE('',#1672,#1670,#1370,.T.);
#2155=EDGE_CURVE('',#1672,#1673,#740,.T.);
#2156=EDGE_CURVE('',#1673,#1671,#1371,.T.);
#2157=EDGE_CURVE('',#1674,#1672,#1372,.T.);
#2158=EDGE_CURVE('',#1674,#1675,#741,.T.);
#2159=EDGE_CURVE('',#1675,#1673,#1373,.T.);
#2160=EDGE_CURVE('',#1676,#1674,#1374,.T.);
#2161=EDGE_CURVE('',#1676,#1677,#742,.T.);
#2162=EDGE_CURVE('',#1677,#1675,#1375,.T.);
#2163=EDGE_CURVE('',#1678,#1676,#1376,.T.);
#2164=EDGE_CURVE('',#1678,#1679,#743,.T.);
#2165=EDGE_CURVE('',#1679,#1677,#1377,.T.);
#2166=EDGE_CURVE('',#1680,#1678,#1378,.T.);
#2167=EDGE_CURVE('',#1680,#1681,#744,.T.);
#2168=EDGE_CURVE('',#1681,#1679,#1379,.T.);
#2169=EDGE_CURVE('',#1682,#1680,#1380,.T.);
#2170=EDGE_CURVE('',#1682,#1683,#745,.T.);
#2171=EDGE_CURVE('',#1683,#1681,#1381,.T.);
#2172=EDGE_CURVE('',#1684,#1682,#1382,.T.);
#2173=EDGE_CURVE('',#1684,#1685,#746,.T.);
#2174=EDGE_CURVE('',#1685,#1683,#1383,.T.);
#2175=EDGE_CURVE('',#1686,#1684,#1384,.T.);
#2176=EDGE_CURVE('',#1686,#1687,#747,.T.);
#2177=EDGE_CURVE('',#1687,#1685,#1385,.T.);
#2178=EDGE_CURVE('',#1688,#1686,#748,.T.);
#2179=EDGE_CURVE('',#1688,#1689,#749,.T.);
#2180=EDGE_CURVE('',#1689,#1687,#750,.T.);
#2181=EDGE_CURVE('',#1663,#1688,#751,.T.);
#2182=EDGE_CURVE('',#1665,#1689,#752,.T.);
#2183=EDGE_CURVE('',#1690,#1691,#753,.T.);
#2184=EDGE_CURVE('',#1690,#1692,#754,.T.);
#2185=EDGE_CURVE('',#1692,#1693,#755,.T.);
#2186=EDGE_CURVE('',#1691,#1693,#756,.T.);
#2187=EDGE_CURVE('',#1694,#1690,#757,.T.);
#2188=EDGE_CURVE('',#1694,#1695,#758,.T.);
#2189=EDGE_CURVE('',#1695,#1692,#759,.T.);
#2190=EDGE_CURVE('',#1696,#1694,#760,.T.);
#2191=EDGE_CURVE('',#1696,#1697,#761,.T.);
#2192=EDGE_CURVE('',#1697,#1695,#762,.T.);
#2193=EDGE_CURVE('',#1698,#1696,#1386,.T.);
#2194=EDGE_CURVE('',#1698,#1699,#763,.T.);
#2195=EDGE_CURVE('',#1699,#1697,#1387,.T.);
#2196=EDGE_CURVE('',#1700,#1698,#1388,.T.);
#2197=EDGE_CURVE('',#1700,#1701,#764,.T.);
#2198=EDGE_CURVE('',#1701,#1699,#1389,.T.);
#2199=EDGE_CURVE('',#1702,#1700,#1390,.T.);
#2200=EDGE_CURVE('',#1702,#1703,#765,.T.);
#2201=EDGE_CURVE('',#1703,#1701,#1391,.T.);
#2202=EDGE_CURVE('',#1704,#1702,#1392,.T.);
#2203=EDGE_CURVE('',#1704,#1705,#766,.T.);
#2204=EDGE_CURVE('',#1705,#1703,#1393,.T.);
#2205=EDGE_CURVE('',#1706,#1704,#1394,.T.);
#2206=EDGE_CURVE('',#1706,#1707,#767,.T.);
#2207=EDGE_CURVE('',#1707,#1705,#1395,.T.);
#2208=EDGE_CURVE('',#1708,#1706,#1396,.T.);
#2209=EDGE_CURVE('',#1708,#1709,#768,.T.);
#2210=EDGE_CURVE('',#1709,#1707,#1397,.T.);
#2211=EDGE_CURVE('',#1710,#1708,#769,.T.);
#2212=EDGE_CURVE('',#1710,#1711,#770,.T.);
#2213=EDGE_CURVE('',#1711,#1709,#771,.T.);
#2214=EDGE_CURVE('',#1712,#1710,#772,.T.);
#2215=EDGE_CURVE('',#1712,#1713,#773,.T.);
#2216=EDGE_CURVE('',#1713,#1711,#774,.T.);
#2217=EDGE_CURVE('',#1714,#1712,#775,.T.);
#2218=EDGE_CURVE('',#1714,#1715,#776,.T.);
#2219=EDGE_CURVE('',#1715,#1713,#777,.T.);
#2220=EDGE_CURVE('',#1716,#1714,#1398,.T.);
#2221=EDGE_CURVE('',#1716,#1717,#778,.T.);
#2222=EDGE_CURVE('',#1717,#1715,#1399,.T.);
#2223=EDGE_CURVE('',#1718,#1716,#1400,.T.);
#2224=EDGE_CURVE('',#1718,#1719,#779,.T.);
#2225=EDGE_CURVE('',#1719,#1717,#1401,.T.);
#2226=EDGE_CURVE('',#1720,#1718,#1402,.T.);
#2227=EDGE_CURVE('',#1720,#1721,#780,.T.);
#2228=EDGE_CURVE('',#1721,#1719,#1403,.T.);
#2229=EDGE_CURVE('',#1722,#1720,#1404,.T.);
#2230=EDGE_CURVE('',#1722,#1723,#781,.T.);
#2231=EDGE_CURVE('',#1723,#1721,#1405,.T.);
#2232=EDGE_CURVE('',#1724,#1722,#1406,.T.);
#2233=EDGE_CURVE('',#1724,#1725,#782,.T.);
#2234=EDGE_CURVE('',#1725,#1723,#1407,.T.);
#2235=EDGE_CURVE('',#1726,#1724,#783,.T.);
#2236=EDGE_CURVE('',#1726,#1727,#784,.T.);
#2237=EDGE_CURVE('',#1727,#1725,#785,.T.);
#2238=EDGE_CURVE('',#1691,#1726,#786,.T.);
#2239=EDGE_CURVE('',#1693,#1727,#787,.T.);
#2240=EDGE_CURVE('',#1728,#1729,#1408,.T.);
#2241=EDGE_CURVE('',#1728,#1730,#788,.T.);
#2242=EDGE_CURVE('',#1730,#1731,#1409,.T.);
#2243=EDGE_CURVE('',#1729,#1731,#789,.T.);
#2244=EDGE_CURVE('',#1732,#1728,#1410,.T.);
#2245=EDGE_CURVE('',#1732,#1733,#790,.T.);
#2246=EDGE_CURVE('',#1733,#1730,#1411,.T.);
#2247=EDGE_CURVE('',#1734,#1732,#1412,.T.);
#2248=EDGE_CURVE('',#1734,#1735,#791,.T.);
#2249=EDGE_CURVE('',#1735,#1733,#1413,.T.);
#2250=EDGE_CURVE('',#1736,#1734,#1414,.T.);
#2251=EDGE_CURVE('',#1736,#1737,#792,.T.);
#2252=EDGE_CURVE('',#1737,#1735,#1415,.T.);
#2253=EDGE_CURVE('',#1738,#1736,#1416,.T.);
#2254=EDGE_CURVE('',#1738,#1739,#793,.T.);
#2255=EDGE_CURVE('',#1739,#1737,#1417,.T.);
#2256=EDGE_CURVE('',#1740,#1738,#1418,.T.);
#2257=EDGE_CURVE('',#1740,#1741,#794,.T.);
#2258=EDGE_CURVE('',#1741,#1739,#1419,.T.);
#2259=EDGE_CURVE('',#1742,#1740,#1420,.T.);
#2260=EDGE_CURVE('',#1742,#1743,#795,.T.);
#2261=EDGE_CURVE('',#1743,#1741,#1421,.T.);
#2262=EDGE_CURVE('',#1744,#1742,#1422,.T.);
#2263=EDGE_CURVE('',#1744,#1745,#796,.T.);
#2264=EDGE_CURVE('',#1745,#1743,#1423,.T.);
#2265=EDGE_CURVE('',#1729,#1744,#1424,.T.);
#2266=EDGE_CURVE('',#1731,#1745,#1425,.T.);
#2267=EDGE_CURVE('',#1746,#1747,#1426,.T.);
#2268=EDGE_CURVE('',#1746,#1748,#797,.T.);
#2269=EDGE_CURVE('',#1748,#1749,#1427,.T.);
#2270=EDGE_CURVE('',#1747,#1749,#798,.T.);
#2271=EDGE_CURVE('',#1750,#1746,#1428,.T.);
#2272=EDGE_CURVE('',#1750,#1751,#799,.T.);
#2273=EDGE_CURVE('',#1751,#1748,#1429,.T.);
#2274=EDGE_CURVE('',#1752,#1750,#1430,.T.);
#2275=EDGE_CURVE('',#1752,#1753,#800,.T.);
#2276=EDGE_CURVE('',#1753,#1751,#1431,.T.);
#2277=EDGE_CURVE('',#1754,#1752,#1432,.T.);
#2278=EDGE_CURVE('',#1754,#1755,#801,.T.);
#2279=EDGE_CURVE('',#1755,#1753,#1433,.T.);
#2280=EDGE_CURVE('',#1756,#1754,#1434,.T.);
#2281=EDGE_CURVE('',#1756,#1757,#802,.T.);
#2282=EDGE_CURVE('',#1757,#1755,#1435,.T.);
#2283=EDGE_CURVE('',#1758,#1756,#1436,.T.);
#2284=EDGE_CURVE('',#1758,#1759,#803,.T.);
#2285=EDGE_CURVE('',#1759,#1757,#1437,.T.);
#2286=EDGE_CURVE('',#1760,#1758,#1438,.T.);
#2287=EDGE_CURVE('',#1760,#1761,#804,.T.);
#2288=EDGE_CURVE('',#1761,#1759,#1439,.T.);
#2289=EDGE_CURVE('',#1762,#1760,#1440,.T.);
#2290=EDGE_CURVE('',#1762,#1763,#805,.T.);
#2291=EDGE_CURVE('',#1763,#1761,#1441,.T.);
#2292=EDGE_CURVE('',#1764,#1762,#1442,.T.);
#2293=EDGE_CURVE('',#1764,#1765,#806,.T.);
#2294=EDGE_CURVE('',#1765,#1763,#1443,.T.);
#2295=EDGE_CURVE('',#1766,#1764,#1444,.T.);
#2296=EDGE_CURVE('',#1766,#1767,#807,.T.);
#2297=EDGE_CURVE('',#1767,#1765,#1445,.T.);
#2298=EDGE_CURVE('',#1747,#1766,#1446,.T.);
#2299=EDGE_CURVE('',#1749,#1767,#1447,.T.);
#2300=EDGE_CURVE('',#1768,#1769,#808,.T.);
#2301=EDGE_CURVE('',#1770,#1768,#809,.T.);
#2302=EDGE_CURVE('',#1771,#1770,#810,.T.);
#2303=EDGE_CURVE('',#1772,#1771,#811,.T.);
#2304=EDGE_CURVE('',#1773,#1772,#812,.T.);
#2305=EDGE_CURVE('',#1774,#1773,#813,.T.);
#2306=EDGE_CURVE('',#1775,#1774,#814,.T.);
#2307=EDGE_CURVE('',#1769,#1775,#815,.T.);
#2308=EDGE_CURVE('',#1776,#1768,#816,.T.);
#2309=EDGE_CURVE('',#1777,#1776,#817,.T.);
#2310=EDGE_CURVE('',#1768,#1777,#818,.T.);
#2311=EDGE_CURVE('',#1778,#1779,#819,.T.);
#2312=EDGE_CURVE('',#1779,#1777,#820,.T.);
#2313=EDGE_CURVE('',#1776,#1778,#821,.T.);
#2314=EDGE_CURVE('',#1780,#1769,#822,.T.);
#2315=EDGE_CURVE('',#1781,#1780,#823,.T.);
#2316=EDGE_CURVE('',#1769,#1781,#824,.T.);
#2317=EDGE_CURVE('',#1782,#1783,#825,.T.);
#2318=EDGE_CURVE('',#1783,#1781,#826,.T.);
#2319=EDGE_CURVE('',#1780,#1782,#827,.T.);
#2320=EDGE_CURVE('',#1781,#1776,#828,.T.);
#2321=EDGE_CURVE('',#1784,#1775,#829,.T.);
#2322=EDGE_CURVE('',#1785,#1784,#830,.T.);
#2323=EDGE_CURVE('',#1775,#1785,#831,.T.);
#2324=EDGE_CURVE('',#1786,#1787,#832,.T.);
#2325=EDGE_CURVE('',#1787,#1785,#833,.T.);
#2326=EDGE_CURVE('',#1784,#1786,#834,.T.);
#2327=EDGE_CURVE('',#1785,#1780,#835,.T.);
#2328=EDGE_CURVE('',#1788,#1774,#836,.T.);
#2329=EDGE_CURVE('',#1789,#1788,#837,.T.);
#2330=EDGE_CURVE('',#1774,#1789,#838,.T.);
#2331=EDGE_CURVE('',#1790,#1791,#839,.T.);
#2332=EDGE_CURVE('',#1791,#1789,#840,.T.);
#2333=EDGE_CURVE('',#1788,#1790,#841,.T.);
#2334=EDGE_CURVE('',#1789,#1784,#842,.T.);
#2335=EDGE_CURVE('',#1792,#1772,#843,.T.);
#2336=EDGE_CURVE('',#1793,#1792,#844,.T.);
#2337=EDGE_CURVE('',#1772,#1793,#845,.T.);
#2338=EDGE_CURVE('',#1794,#1795,#846,.T.);
#2339=EDGE_CURVE('',#1795,#1793,#847,.T.);
#2340=EDGE_CURVE('',#1792,#1794,#848,.T.);
#2341=EDGE_CURVE('',#1796,#1773,#849,.T.);
#2342=EDGE_CURVE('',#1797,#1796,#850,.T.);
#2343=EDGE_CURVE('',#1773,#1797,#851,.T.);
#2344=EDGE_CURVE('',#1798,#1799,#852,.T.);
#2345=EDGE_CURVE('',#1799,#1797,#853,.T.);
#2346=EDGE_CURVE('',#1796,#1798,#854,.T.);
#2347=EDGE_CURVE('',#1797,#1788,#855,.T.);
#2348=EDGE_CURVE('',#1793,#1796,#856,.T.);
#2349=EDGE_CURVE('',#1800,#1792,#857,.T.);
#2350=EDGE_CURVE('',#1771,#1800,#858,.T.);
#2351=EDGE_CURVE('',#1801,#1800,#859,.T.);
#2352=EDGE_CURVE('',#1770,#1801,#860,.T.);
#2353=EDGE_CURVE('',#1777,#1801,#861,.T.);
#2354=EDGE_CURVE('',#1782,#1787,#862,.T.);
#2355=EDGE_CURVE('',#1786,#1791,#863,.T.);
#2356=EDGE_CURVE('',#1790,#1799,#864,.T.);
#2357=EDGE_CURVE('',#1798,#1795,#865,.T.);
#2358=EDGE_CURVE('',#1794,#1802,#866,.T.);
#2359=EDGE_CURVE('',#1802,#1803,#867,.T.);
#2360=EDGE_CURVE('',#1803,#1804,#868,.T.);
#2361=EDGE_CURVE('',#1804,#1805,#869,.T.);
#2362=EDGE_CURVE('',#1805,#1779,#870,.T.);
#2363=EDGE_CURVE('',#1778,#1783,#871,.T.);
#2364=EDGE_CURVE('',#1806,#1806,#19,.T.);
#2365=EDGE_CURVE('',#1807,#1807,#20,.T.);
#2366=EDGE_CURVE('',#1808,#1808,#21,.T.);
#2367=EDGE_CURVE('',#1809,#1809,#22,.T.);
#2368=EDGE_CURVE('',#1806,#1810,#872,.T.);
#2369=EDGE_CURVE('',#1810,#1810,#23,.T.);
#2370=EDGE_CURVE('',#1807,#1811,#873,.T.);
#2371=EDGE_CURVE('',#1811,#1811,#24,.T.);
#2372=EDGE_CURVE('',#1808,#1812,#874,.T.);
#2373=EDGE_CURVE('',#1812,#1812,#25,.T.);
#2374=EDGE_CURVE('',#1809,#1813,#875,.T.);
#2375=EDGE_CURVE('',#1813,#1813,#26,.T.);
#2376=EDGE_CURVE('',#1814,#1815,#876,.T.);
#2377=EDGE_CURVE('',#1814,#1805,#877,.T.);
#2378=EDGE_CURVE('',#1815,#1804,#878,.T.);
#2379=EDGE_CURVE('',#1815,#1816,#879,.T.);
#2380=EDGE_CURVE('',#1816,#1803,#880,.T.);
#2381=EDGE_CURVE('',#1816,#1817,#881,.T.);
#2382=EDGE_CURVE('',#1817,#1802,#882,.T.);
#2383=EDGE_CURVE('',#1818,#1800,#883,.T.);
#2384=EDGE_CURVE('',#1817,#1818,#884,.T.);
#2385=EDGE_CURVE('',#1819,#1801,#885,.T.);
#2386=EDGE_CURVE('',#1819,#1818,#886,.T.);
#2387=EDGE_CURVE('',#1814,#1819,#887,.T.);
#2388=ORIENTED_EDGE('',*,*,#1820,.F.);
#2389=ORIENTED_EDGE('',*,*,#1821,.T.);
#2390=ORIENTED_EDGE('',*,*,#1822,.T.);
#2391=ORIENTED_EDGE('',*,*,#1823,.F.);
#2392=ORIENTED_EDGE('',*,*,#1824,.F.);
#2393=ORIENTED_EDGE('',*,*,#1825,.T.);
#2394=ORIENTED_EDGE('',*,*,#1826,.T.);
#2395=ORIENTED_EDGE('',*,*,#1821,.F.);
#2396=ORIENTED_EDGE('',*,*,#1827,.F.);
#2397=ORIENTED_EDGE('',*,*,#1828,.T.);
#2398=ORIENTED_EDGE('',*,*,#1829,.T.);
#2399=ORIENTED_EDGE('',*,*,#1825,.F.);
#2400=ORIENTED_EDGE('',*,*,#1830,.F.);
#2401=ORIENTED_EDGE('',*,*,#1831,.T.);
#2402=ORIENTED_EDGE('',*,*,#1832,.T.);
#2403=ORIENTED_EDGE('',*,*,#1828,.F.);
#2404=ORIENTED_EDGE('',*,*,#1833,.F.);
#2405=ORIENTED_EDGE('',*,*,#1834,.T.);
#2406=ORIENTED_EDGE('',*,*,#1835,.T.);
#2407=ORIENTED_EDGE('',*,*,#1831,.F.);
#2408=ORIENTED_EDGE('',*,*,#1836,.F.);
#2409=ORIENTED_EDGE('',*,*,#1837,.T.);
#2410=ORIENTED_EDGE('',*,*,#1838,.T.);
#2411=ORIENTED_EDGE('',*,*,#1834,.F.);
#2412=ORIENTED_EDGE('',*,*,#1839,.F.);
#2413=ORIENTED_EDGE('',*,*,#1840,.T.);
#2414=ORIENTED_EDGE('',*,*,#1841,.T.);
#2415=ORIENTED_EDGE('',*,*,#1837,.F.);
#2416=ORIENTED_EDGE('',*,*,#1842,.F.);
#2417=ORIENTED_EDGE('',*,*,#1843,.T.);
#2418=ORIENTED_EDGE('',*,*,#1844,.T.);
#2419=ORIENTED_EDGE('',*,*,#1840,.F.);
#2420=ORIENTED_EDGE('',*,*,#1845,.F.);
#2421=ORIENTED_EDGE('',*,*,#1846,.T.);
#2422=ORIENTED_EDGE('',*,*,#1847,.T.);
#2423=ORIENTED_EDGE('',*,*,#1843,.F.);
#2424=ORIENTED_EDGE('',*,*,#1848,.F.);
#2425=ORIENTED_EDGE('',*,*,#1849,.T.);
#2426=ORIENTED_EDGE('',*,*,#1850,.T.);
#2427=ORIENTED_EDGE('',*,*,#1846,.F.);
#2428=ORIENTED_EDGE('',*,*,#1851,.F.);
#2429=ORIENTED_EDGE('',*,*,#1852,.T.);
#2430=ORIENTED_EDGE('',*,*,#1853,.T.);
#2431=ORIENTED_EDGE('',*,*,#1849,.F.);
#2432=ORIENTED_EDGE('',*,*,#1854,.F.);
#2433=ORIENTED_EDGE('',*,*,#1855,.T.);
#2434=ORIENTED_EDGE('',*,*,#1856,.T.);
#2435=ORIENTED_EDGE('',*,*,#1852,.F.);
#2436=ORIENTED_EDGE('',*,*,#1857,.F.);
#2437=ORIENTED_EDGE('',*,*,#1858,.T.);
#2438=ORIENTED_EDGE('',*,*,#1859,.T.);
#2439=ORIENTED_EDGE('',*,*,#1855,.F.);
#2440=ORIENTED_EDGE('',*,*,#1860,.F.);
#2441=ORIENTED_EDGE('',*,*,#1861,.T.);
#2442=ORIENTED_EDGE('',*,*,#1862,.T.);
#2443=ORIENTED_EDGE('',*,*,#1858,.F.);
#2444=ORIENTED_EDGE('',*,*,#1863,.F.);
#2445=ORIENTED_EDGE('',*,*,#1864,.T.);
#2446=ORIENTED_EDGE('',*,*,#1865,.T.);
#2447=ORIENTED_EDGE('',*,*,#1861,.F.);
#2448=ORIENTED_EDGE('',*,*,#1866,.F.);
#2449=ORIENTED_EDGE('',*,*,#1867,.T.);
#2450=ORIENTED_EDGE('',*,*,#1868,.T.);
#2451=ORIENTED_EDGE('',*,*,#1864,.F.);
#2452=ORIENTED_EDGE('',*,*,#1869,.F.);
#2453=ORIENTED_EDGE('',*,*,#1870,.T.);
#2454=ORIENTED_EDGE('',*,*,#1871,.T.);
#2455=ORIENTED_EDGE('',*,*,#1867,.F.);
#2456=ORIENTED_EDGE('',*,*,#1872,.F.);
#2457=ORIENTED_EDGE('',*,*,#1873,.T.);
#2458=ORIENTED_EDGE('',*,*,#1874,.T.);
#2459=ORIENTED_EDGE('',*,*,#1870,.F.);
#2460=ORIENTED_EDGE('',*,*,#1875,.F.);
#2461=ORIENTED_EDGE('',*,*,#1876,.T.);
#2462=ORIENTED_EDGE('',*,*,#1877,.T.);
#2463=ORIENTED_EDGE('',*,*,#1873,.F.);
#2464=ORIENTED_EDGE('',*,*,#1878,.F.);
#2465=ORIENTED_EDGE('',*,*,#1879,.T.);
#2466=ORIENTED_EDGE('',*,*,#1880,.T.);
#2467=ORIENTED_EDGE('',*,*,#1876,.F.);
#2468=ORIENTED_EDGE('',*,*,#1881,.F.);
#2469=ORIENTED_EDGE('',*,*,#1882,.T.);
#2470=ORIENTED_EDGE('',*,*,#1883,.T.);
#2471=ORIENTED_EDGE('',*,*,#1879,.F.);
#2472=ORIENTED_EDGE('',*,*,#1884,.F.);
#2473=ORIENTED_EDGE('',*,*,#1885,.T.);
#2474=ORIENTED_EDGE('',*,*,#1886,.T.);
#2475=ORIENTED_EDGE('',*,*,#1882,.F.);
#2476=ORIENTED_EDGE('',*,*,#1887,.F.);
#2477=ORIENTED_EDGE('',*,*,#1888,.T.);
#2478=ORIENTED_EDGE('',*,*,#1889,.T.);
#2479=ORIENTED_EDGE('',*,*,#1885,.F.);
#2480=ORIENTED_EDGE('',*,*,#1890,.F.);
#2481=ORIENTED_EDGE('',*,*,#1891,.T.);
#2482=ORIENTED_EDGE('',*,*,#1892,.T.);
#2483=ORIENTED_EDGE('',*,*,#1888,.F.);
#2484=ORIENTED_EDGE('',*,*,#1893,.F.);
#2485=ORIENTED_EDGE('',*,*,#1894,.T.);
#2486=ORIENTED_EDGE('',*,*,#1895,.T.);
#2487=ORIENTED_EDGE('',*,*,#1891,.F.);
#2488=ORIENTED_EDGE('',*,*,#1896,.F.);
#2489=ORIENTED_EDGE('',*,*,#1897,.T.);
#2490=ORIENTED_EDGE('',*,*,#1898,.T.);
#2491=ORIENTED_EDGE('',*,*,#1894,.F.);
#2492=ORIENTED_EDGE('',*,*,#1899,.F.);
#2493=ORIENTED_EDGE('',*,*,#1900,.T.);
#2494=ORIENTED_EDGE('',*,*,#1901,.T.);
#2495=ORIENTED_EDGE('',*,*,#1897,.F.);
#2496=ORIENTED_EDGE('',*,*,#1902,.F.);
#2497=ORIENTED_EDGE('',*,*,#1903,.T.);
#2498=ORIENTED_EDGE('',*,*,#1904,.T.);
#2499=ORIENTED_EDGE('',*,*,#1900,.F.);
#2500=ORIENTED_EDGE('',*,*,#1905,.F.);
#2501=ORIENTED_EDGE('',*,*,#1906,.T.);
#2502=ORIENTED_EDGE('',*,*,#1907,.T.);
#2503=ORIENTED_EDGE('',*,*,#1903,.F.);
#2504=ORIENTED_EDGE('',*,*,#1908,.F.);
#2505=ORIENTED_EDGE('',*,*,#1909,.T.);
#2506=ORIENTED_EDGE('',*,*,#1910,.T.);
#2507=ORIENTED_EDGE('',*,*,#1906,.F.);
#2508=ORIENTED_EDGE('',*,*,#1911,.F.);
#2509=ORIENTED_EDGE('',*,*,#1912,.T.);
#2510=ORIENTED_EDGE('',*,*,#1913,.T.);
#2511=ORIENTED_EDGE('',*,*,#1909,.F.);
#2512=ORIENTED_EDGE('',*,*,#1914,.F.);
#2513=ORIENTED_EDGE('',*,*,#1915,.T.);
#2514=ORIENTED_EDGE('',*,*,#1916,.T.);
#2515=ORIENTED_EDGE('',*,*,#1912,.F.);
#2516=ORIENTED_EDGE('',*,*,#1917,.F.);
#2517=ORIENTED_EDGE('',*,*,#1823,.T.);
#2518=ORIENTED_EDGE('',*,*,#1918,.T.);
#2519=ORIENTED_EDGE('',*,*,#1915,.F.);
#2520=ORIENTED_EDGE('',*,*,#1918,.F.);
#2521=ORIENTED_EDGE('',*,*,#1822,.F.);
#2522=ORIENTED_EDGE('',*,*,#1826,.F.);
#2523=ORIENTED_EDGE('',*,*,#1829,.F.);
#2524=ORIENTED_EDGE('',*,*,#1832,.F.);
#2525=ORIENTED_EDGE('',*,*,#1835,.F.);
#2526=ORIENTED_EDGE('',*,*,#1838,.F.);
#2527=ORIENTED_EDGE('',*,*,#1841,.F.);
#2528=ORIENTED_EDGE('',*,*,#1844,.F.);
#2529=ORIENTED_EDGE('',*,*,#1847,.F.);
#2530=ORIENTED_EDGE('',*,*,#1850,.F.);
#2531=ORIENTED_EDGE('',*,*,#1853,.F.);
#2532=ORIENTED_EDGE('',*,*,#1856,.F.);
#2533=ORIENTED_EDGE('',*,*,#1859,.F.);
#2534=ORIENTED_EDGE('',*,*,#1862,.F.);
#2535=ORIENTED_EDGE('',*,*,#1865,.F.);
#2536=ORIENTED_EDGE('',*,*,#1868,.F.);
#2537=ORIENTED_EDGE('',*,*,#1871,.F.);
#2538=ORIENTED_EDGE('',*,*,#1874,.F.);
#2539=ORIENTED_EDGE('',*,*,#1877,.F.);
#2540=ORIENTED_EDGE('',*,*,#1880,.F.);
#2541=ORIENTED_EDGE('',*,*,#1883,.F.);
#2542=ORIENTED_EDGE('',*,*,#1886,.F.);
#2543=ORIENTED_EDGE('',*,*,#1889,.F.);
#2544=ORIENTED_EDGE('',*,*,#1892,.F.);
#2545=ORIENTED_EDGE('',*,*,#1895,.F.);
#2546=ORIENTED_EDGE('',*,*,#1898,.F.);
#2547=ORIENTED_EDGE('',*,*,#1901,.F.);
#2548=ORIENTED_EDGE('',*,*,#1904,.F.);
#2549=ORIENTED_EDGE('',*,*,#1907,.F.);
#2550=ORIENTED_EDGE('',*,*,#1910,.F.);
#2551=ORIENTED_EDGE('',*,*,#1913,.F.);
#2552=ORIENTED_EDGE('',*,*,#1916,.F.);
#2553=ORIENTED_EDGE('',*,*,#1919,.F.);
#2554=ORIENTED_EDGE('',*,*,#1920,.T.);
#2555=ORIENTED_EDGE('',*,*,#1921,.T.);
#2556=ORIENTED_EDGE('',*,*,#1922,.F.);
#2557=ORIENTED_EDGE('',*,*,#1923,.F.);
#2558=ORIENTED_EDGE('',*,*,#1924,.T.);
#2559=ORIENTED_EDGE('',*,*,#1925,.T.);
#2560=ORIENTED_EDGE('',*,*,#1920,.F.);
#2561=ORIENTED_EDGE('',*,*,#1926,.F.);
#2562=ORIENTED_EDGE('',*,*,#1927,.T.);
#2563=ORIENTED_EDGE('',*,*,#1928,.T.);
#2564=ORIENTED_EDGE('',*,*,#1924,.F.);
#2565=ORIENTED_EDGE('',*,*,#1929,.F.);
#2566=ORIENTED_EDGE('',*,*,#1930,.T.);
#2567=ORIENTED_EDGE('',*,*,#1931,.T.);
#2568=ORIENTED_EDGE('',*,*,#1927,.F.);
#2569=ORIENTED_EDGE('',*,*,#1932,.F.);
#2570=ORIENTED_EDGE('',*,*,#1933,.T.);
#2571=ORIENTED_EDGE('',*,*,#1934,.T.);
#2572=ORIENTED_EDGE('',*,*,#1930,.F.);
#2573=ORIENTED_EDGE('',*,*,#1935,.F.);
#2574=ORIENTED_EDGE('',*,*,#1922,.T.);
#2575=ORIENTED_EDGE('',*,*,#1936,.T.);
#2576=ORIENTED_EDGE('',*,*,#1933,.F.);
#2577=ORIENTED_EDGE('',*,*,#1936,.F.);
#2578=ORIENTED_EDGE('',*,*,#1921,.F.);
#2579=ORIENTED_EDGE('',*,*,#1925,.F.);
#2580=ORIENTED_EDGE('',*,*,#1928,.F.);
#2581=ORIENTED_EDGE('',*,*,#1931,.F.);
#2582=ORIENTED_EDGE('',*,*,#1934,.F.);
#2583=ORIENTED_EDGE('',*,*,#1937,.F.);
#2584=ORIENTED_EDGE('',*,*,#1938,.T.);
#2585=ORIENTED_EDGE('',*,*,#1939,.T.);
#2586=ORIENTED_EDGE('',*,*,#1940,.F.);
#2587=ORIENTED_EDGE('',*,*,#1941,.F.);
#2588=ORIENTED_EDGE('',*,*,#1942,.T.);
#2589=ORIENTED_EDGE('',*,*,#1943,.T.);
#2590=ORIENTED_EDGE('',*,*,#1938,.F.);
#2591=ORIENTED_EDGE('',*,*,#1944,.F.);
#2592=ORIENTED_EDGE('',*,*,#1945,.T.);
#2593=ORIENTED_EDGE('',*,*,#1946,.T.);
#2594=ORIENTED_EDGE('',*,*,#1942,.F.);
#2595=ORIENTED_EDGE('',*,*,#1947,.F.);
#2596=ORIENTED_EDGE('',*,*,#1940,.T.);
#2597=ORIENTED_EDGE('',*,*,#1948,.T.);
#2598=ORIENTED_EDGE('',*,*,#1945,.F.);
#2599=ORIENTED_EDGE('',*,*,#1948,.F.);
#2600=ORIENTED_EDGE('',*,*,#1939,.F.);
#2601=ORIENTED_EDGE('',*,*,#1943,.F.);
#2602=ORIENTED_EDGE('',*,*,#1946,.F.);
#2603=ORIENTED_EDGE('',*,*,#1949,.F.);
#2604=ORIENTED_EDGE('',*,*,#1950,.T.);
#2605=ORIENTED_EDGE('',*,*,#1951,.T.);
#2606=ORIENTED_EDGE('',*,*,#1952,.F.);
#2607=ORIENTED_EDGE('',*,*,#1953,.F.);
#2608=ORIENTED_EDGE('',*,*,#1954,.T.);
#2609=ORIENTED_EDGE('',*,*,#1955,.T.);
#2610=ORIENTED_EDGE('',*,*,#1950,.F.);
#2611=ORIENTED_EDGE('',*,*,#1956,.F.);
#2612=ORIENTED_EDGE('',*,*,#1957,.T.);
#2613=ORIENTED_EDGE('',*,*,#1958,.T.);
#2614=ORIENTED_EDGE('',*,*,#1954,.F.);
#2615=ORIENTED_EDGE('',*,*,#1959,.F.);
#2616=ORIENTED_EDGE('',*,*,#1960,.T.);
#2617=ORIENTED_EDGE('',*,*,#1961,.T.);
#2618=ORIENTED_EDGE('',*,*,#1957,.F.);
#2619=ORIENTED_EDGE('',*,*,#1962,.F.);
#2620=ORIENTED_EDGE('',*,*,#1963,.T.);
#2621=ORIENTED_EDGE('',*,*,#1964,.T.);
#2622=ORIENTED_EDGE('',*,*,#1960,.F.);
#2623=ORIENTED_EDGE('',*,*,#1965,.F.);
#2624=ORIENTED_EDGE('',*,*,#1966,.T.);
#2625=ORIENTED_EDGE('',*,*,#1967,.T.);
#2626=ORIENTED_EDGE('',*,*,#1963,.F.);
#2627=ORIENTED_EDGE('',*,*,#1968,.F.);
#2628=ORIENTED_EDGE('',*,*,#1969,.T.);
#2629=ORIENTED_EDGE('',*,*,#1970,.T.);
#2630=ORIENTED_EDGE('',*,*,#1966,.F.);
#2631=ORIENTED_EDGE('',*,*,#1971,.F.);
#2632=ORIENTED_EDGE('',*,*,#1972,.T.);
#2633=ORIENTED_EDGE('',*,*,#1973,.T.);
#2634=ORIENTED_EDGE('',*,*,#1969,.F.);
#2635=ORIENTED_EDGE('',*,*,#1974,.F.);
#2636=ORIENTED_EDGE('',*,*,#1975,.T.);
#2637=ORIENTED_EDGE('',*,*,#1976,.T.);
#2638=ORIENTED_EDGE('',*,*,#1972,.F.);
#2639=ORIENTED_EDGE('',*,*,#1977,.F.);
#2640=ORIENTED_EDGE('',*,*,#1952,.T.);
#2641=ORIENTED_EDGE('',*,*,#1978,.T.);
#2642=ORIENTED_EDGE('',*,*,#1975,.F.);
#2643=ORIENTED_EDGE('',*,*,#1979,.F.);
#2644=ORIENTED_EDGE('',*,*,#1980,.T.);
#2645=ORIENTED_EDGE('',*,*,#1981,.T.);
#2646=ORIENTED_EDGE('',*,*,#1982,.F.);
#2647=ORIENTED_EDGE('',*,*,#1983,.F.);
#2648=ORIENTED_EDGE('',*,*,#1984,.T.);
#2649=ORIENTED_EDGE('',*,*,#1985,.T.);
#2650=ORIENTED_EDGE('',*,*,#1980,.F.);
#2651=ORIENTED_EDGE('',*,*,#1986,.F.);
#2652=ORIENTED_EDGE('',*,*,#1987,.T.);
#2653=ORIENTED_EDGE('',*,*,#1988,.T.);
#2654=ORIENTED_EDGE('',*,*,#1984,.F.);
#2655=ORIENTED_EDGE('',*,*,#1989,.F.);
#2656=ORIENTED_EDGE('',*,*,#1990,.T.);
#2657=ORIENTED_EDGE('',*,*,#1991,.T.);
#2658=ORIENTED_EDGE('',*,*,#1987,.F.);
#2659=ORIENTED_EDGE('',*,*,#1992,.F.);
#2660=ORIENTED_EDGE('',*,*,#1993,.T.);
#2661=ORIENTED_EDGE('',*,*,#1994,.T.);
#2662=ORIENTED_EDGE('',*,*,#1990,.F.);
#2663=ORIENTED_EDGE('',*,*,#1995,.F.);
#2664=ORIENTED_EDGE('',*,*,#1996,.T.);
#2665=ORIENTED_EDGE('',*,*,#1997,.T.);
#2666=ORIENTED_EDGE('',*,*,#1993,.F.);
#2667=ORIENTED_EDGE('',*,*,#1998,.F.);
#2668=ORIENTED_EDGE('',*,*,#1999,.T.);
#2669=ORIENTED_EDGE('',*,*,#2000,.T.);
#2670=ORIENTED_EDGE('',*,*,#1996,.F.);
#2671=ORIENTED_EDGE('',*,*,#2001,.F.);
#2672=ORIENTED_EDGE('',*,*,#2002,.T.);
#2673=ORIENTED_EDGE('',*,*,#2003,.T.);
#2674=ORIENTED_EDGE('',*,*,#1999,.F.);
#2675=ORIENTED_EDGE('',*,*,#2004,.F.);
#2676=ORIENTED_EDGE('',*,*,#2005,.T.);
#2677=ORIENTED_EDGE('',*,*,#2006,.T.);
#2678=ORIENTED_EDGE('',*,*,#2002,.F.);
#2679=ORIENTED_EDGE('',*,*,#2007,.F.);
#2680=ORIENTED_EDGE('',*,*,#2008,.T.);
#2681=ORIENTED_EDGE('',*,*,#2009,.T.);
#2682=ORIENTED_EDGE('',*,*,#2005,.F.);
#2683=ORIENTED_EDGE('',*,*,#2010,.F.);
#2684=ORIENTED_EDGE('',*,*,#2011,.T.);
#2685=ORIENTED_EDGE('',*,*,#2012,.T.);
#2686=ORIENTED_EDGE('',*,*,#2008,.F.);
#2687=ORIENTED_EDGE('',*,*,#2013,.F.);
#2688=ORIENTED_EDGE('',*,*,#2014,.T.);
#2689=ORIENTED_EDGE('',*,*,#2015,.T.);
#2690=ORIENTED_EDGE('',*,*,#2011,.F.);
#2691=ORIENTED_EDGE('',*,*,#2016,.F.);
#2692=ORIENTED_EDGE('',*,*,#2017,.T.);
#2693=ORIENTED_EDGE('',*,*,#2018,.T.);
#2694=ORIENTED_EDGE('',*,*,#2014,.F.);
#2695=ORIENTED_EDGE('',*,*,#2019,.F.);
#2696=ORIENTED_EDGE('',*,*,#2020,.T.);
#2697=ORIENTED_EDGE('',*,*,#2021,.T.);
#2698=ORIENTED_EDGE('',*,*,#2017,.F.);
#2699=ORIENTED_EDGE('',*,*,#2022,.F.);
#2700=ORIENTED_EDGE('',*,*,#2023,.T.);
#2701=ORIENTED_EDGE('',*,*,#2024,.T.);
#2702=ORIENTED_EDGE('',*,*,#2020,.F.);
#2703=ORIENTED_EDGE('',*,*,#2025,.F.);
#2704=ORIENTED_EDGE('',*,*,#2026,.T.);
#2705=ORIENTED_EDGE('',*,*,#2027,.T.);
#2706=ORIENTED_EDGE('',*,*,#2023,.F.);
#2707=ORIENTED_EDGE('',*,*,#2028,.F.);
#2708=ORIENTED_EDGE('',*,*,#2029,.T.);
#2709=ORIENTED_EDGE('',*,*,#2030,.T.);
#2710=ORIENTED_EDGE('',*,*,#2026,.F.);
#2711=ORIENTED_EDGE('',*,*,#2031,.F.);
#2712=ORIENTED_EDGE('',*,*,#2032,.T.);
#2713=ORIENTED_EDGE('',*,*,#2033,.T.);
#2714=ORIENTED_EDGE('',*,*,#2029,.F.);
#2715=ORIENTED_EDGE('',*,*,#2034,.F.);
#2716=ORIENTED_EDGE('',*,*,#2035,.T.);
#2717=ORIENTED_EDGE('',*,*,#2036,.T.);
#2718=ORIENTED_EDGE('',*,*,#2032,.F.);
#2719=ORIENTED_EDGE('',*,*,#2037,.F.);
#2720=ORIENTED_EDGE('',*,*,#2038,.T.);
#2721=ORIENTED_EDGE('',*,*,#2039,.T.);
#2722=ORIENTED_EDGE('',*,*,#2035,.F.);
#2723=ORIENTED_EDGE('',*,*,#2040,.F.);
#2724=ORIENTED_EDGE('',*,*,#2041,.T.);
#2725=ORIENTED_EDGE('',*,*,#2042,.T.);
#2726=ORIENTED_EDGE('',*,*,#2038,.F.);
#2727=ORIENTED_EDGE('',*,*,#2043,.F.);
#2728=ORIENTED_EDGE('',*,*,#2044,.T.);
#2729=ORIENTED_EDGE('',*,*,#2045,.T.);
#2730=ORIENTED_EDGE('',*,*,#2041,.F.);
#2731=ORIENTED_EDGE('',*,*,#2046,.F.);
#2732=ORIENTED_EDGE('',*,*,#2047,.T.);
#2733=ORIENTED_EDGE('',*,*,#2048,.T.);
#2734=ORIENTED_EDGE('',*,*,#2044,.F.);
#2735=ORIENTED_EDGE('',*,*,#2049,.F.);
#2736=ORIENTED_EDGE('',*,*,#2050,.T.);
#2737=ORIENTED_EDGE('',*,*,#2051,.T.);
#2738=ORIENTED_EDGE('',*,*,#2047,.F.);
#2739=ORIENTED_EDGE('',*,*,#2052,.F.);
#2740=ORIENTED_EDGE('',*,*,#2053,.T.);
#2741=ORIENTED_EDGE('',*,*,#2054,.T.);
#2742=ORIENTED_EDGE('',*,*,#2050,.F.);
#2743=ORIENTED_EDGE('',*,*,#2055,.F.);
#2744=ORIENTED_EDGE('',*,*,#2056,.T.);
#2745=ORIENTED_EDGE('',*,*,#2057,.T.);
#2746=ORIENTED_EDGE('',*,*,#2053,.F.);
#2747=ORIENTED_EDGE('',*,*,#2058,.F.);
#2748=ORIENTED_EDGE('',*,*,#1982,.T.);
#2749=ORIENTED_EDGE('',*,*,#2059,.T.);
#2750=ORIENTED_EDGE('',*,*,#2056,.F.);
#2751=ORIENTED_EDGE('',*,*,#2059,.F.);
#2752=ORIENTED_EDGE('',*,*,#1981,.F.);
#2753=ORIENTED_EDGE('',*,*,#1985,.F.);
#2754=ORIENTED_EDGE('',*,*,#1988,.F.);
#2755=ORIENTED_EDGE('',*,*,#1991,.F.);
#2756=ORIENTED_EDGE('',*,*,#1994,.F.);
#2757=ORIENTED_EDGE('',*,*,#1997,.F.);
#2758=ORIENTED_EDGE('',*,*,#2000,.F.);
#2759=ORIENTED_EDGE('',*,*,#2003,.F.);
#2760=ORIENTED_EDGE('',*,*,#2006,.F.);
#2761=ORIENTED_EDGE('',*,*,#2009,.F.);
#2762=ORIENTED_EDGE('',*,*,#2012,.F.);
#2763=ORIENTED_EDGE('',*,*,#2015,.F.);
#2764=ORIENTED_EDGE('',*,*,#2018,.F.);
#2765=ORIENTED_EDGE('',*,*,#2021,.F.);
#2766=ORIENTED_EDGE('',*,*,#2024,.F.);
#2767=ORIENTED_EDGE('',*,*,#2027,.F.);
#2768=ORIENTED_EDGE('',*,*,#2030,.F.);
#2769=ORIENTED_EDGE('',*,*,#2033,.F.);
#2770=ORIENTED_EDGE('',*,*,#2036,.F.);
#2771=ORIENTED_EDGE('',*,*,#2039,.F.);
#2772=ORIENTED_EDGE('',*,*,#2042,.F.);
#2773=ORIENTED_EDGE('',*,*,#2045,.F.);
#2774=ORIENTED_EDGE('',*,*,#2048,.F.);
#2775=ORIENTED_EDGE('',*,*,#2051,.F.);
#2776=ORIENTED_EDGE('',*,*,#2054,.F.);
#2777=ORIENTED_EDGE('',*,*,#2057,.F.);
#2778=ORIENTED_EDGE('',*,*,#1978,.F.);
#2779=ORIENTED_EDGE('',*,*,#1951,.F.);
#2780=ORIENTED_EDGE('',*,*,#1955,.F.);
#2781=ORIENTED_EDGE('',*,*,#1958,.F.);
#2782=ORIENTED_EDGE('',*,*,#1961,.F.);
#2783=ORIENTED_EDGE('',*,*,#1964,.F.);
#2784=ORIENTED_EDGE('',*,*,#1967,.F.);
#2785=ORIENTED_EDGE('',*,*,#1970,.F.);
#2786=ORIENTED_EDGE('',*,*,#1973,.F.);
#2787=ORIENTED_EDGE('',*,*,#1976,.F.);
#2788=ORIENTED_EDGE('',*,*,#2060,.F.);
#2789=ORIENTED_EDGE('',*,*,#2061,.T.);
#2790=ORIENTED_EDGE('',*,*,#2062,.T.);
#2791=ORIENTED_EDGE('',*,*,#2063,.F.);
#2792=ORIENTED_EDGE('',*,*,#2064,.F.);
#2793=ORIENTED_EDGE('',*,*,#2065,.T.);
#2794=ORIENTED_EDGE('',*,*,#2066,.T.);
#2795=ORIENTED_EDGE('',*,*,#2061,.F.);
#2796=ORIENTED_EDGE('',*,*,#2067,.F.);
#2797=ORIENTED_EDGE('',*,*,#2068,.T.);
#2798=ORIENTED_EDGE('',*,*,#2069,.T.);
#2799=ORIENTED_EDGE('',*,*,#2065,.F.);
#2800=ORIENTED_EDGE('',*,*,#2070,.F.);
#2801=ORIENTED_EDGE('',*,*,#2071,.T.);
#2802=ORIENTED_EDGE('',*,*,#2072,.T.);
#2803=ORIENTED_EDGE('',*,*,#2068,.F.);
#2804=ORIENTED_EDGE('',*,*,#2073,.F.);
#2805=ORIENTED_EDGE('',*,*,#2074,.T.);
#2806=ORIENTED_EDGE('',*,*,#2075,.T.);
#2807=ORIENTED_EDGE('',*,*,#2071,.F.);
#2808=ORIENTED_EDGE('',*,*,#2076,.F.);
#2809=ORIENTED_EDGE('',*,*,#2077,.T.);
#2810=ORIENTED_EDGE('',*,*,#2078,.T.);
#2811=ORIENTED_EDGE('',*,*,#2074,.F.);
#2812=ORIENTED_EDGE('',*,*,#2079,.F.);
#2813=ORIENTED_EDGE('',*,*,#2080,.T.);
#2814=ORIENTED_EDGE('',*,*,#2081,.T.);
#2815=ORIENTED_EDGE('',*,*,#2077,.F.);
#2816=ORIENTED_EDGE('',*,*,#2082,.F.);
#2817=ORIENTED_EDGE('',*,*,#2063,.T.);
#2818=ORIENTED_EDGE('',*,*,#2083,.T.);
#2819=ORIENTED_EDGE('',*,*,#2080,.F.);
#2820=ORIENTED_EDGE('',*,*,#2084,.F.);
#2821=ORIENTED_EDGE('',*,*,#2085,.T.);
#2822=ORIENTED_EDGE('',*,*,#2086,.T.);
#2823=ORIENTED_EDGE('',*,*,#2087,.F.);
#2824=ORIENTED_EDGE('',*,*,#2088,.F.);
#2825=ORIENTED_EDGE('',*,*,#2089,.T.);
#2826=ORIENTED_EDGE('',*,*,#2090,.T.);
#2827=ORIENTED_EDGE('',*,*,#2085,.F.);
#2828=ORIENTED_EDGE('',*,*,#2091,.F.);
#2829=ORIENTED_EDGE('',*,*,#2092,.T.);
#2830=ORIENTED_EDGE('',*,*,#2093,.T.);
#2831=ORIENTED_EDGE('',*,*,#2089,.F.);
#2832=ORIENTED_EDGE('',*,*,#2094,.F.);
#2833=ORIENTED_EDGE('',*,*,#2095,.T.);
#2834=ORIENTED_EDGE('',*,*,#2096,.T.);
#2835=ORIENTED_EDGE('',*,*,#2092,.F.);
#2836=ORIENTED_EDGE('',*,*,#2097,.F.);
#2837=ORIENTED_EDGE('',*,*,#2098,.T.);
#2838=ORIENTED_EDGE('',*,*,#2099,.T.);
#2839=ORIENTED_EDGE('',*,*,#2095,.F.);
#2840=ORIENTED_EDGE('',*,*,#2100,.F.);
#2841=ORIENTED_EDGE('',*,*,#2101,.T.);
#2842=ORIENTED_EDGE('',*,*,#2102,.T.);
#2843=ORIENTED_EDGE('',*,*,#2098,.F.);
#2844=ORIENTED_EDGE('',*,*,#2103,.F.);
#2845=ORIENTED_EDGE('',*,*,#2104,.T.);
#2846=ORIENTED_EDGE('',*,*,#2105,.T.);
#2847=ORIENTED_EDGE('',*,*,#2101,.F.);
#2848=ORIENTED_EDGE('',*,*,#2106,.F.);
#2849=ORIENTED_EDGE('',*,*,#2107,.T.);
#2850=ORIENTED_EDGE('',*,*,#2108,.T.);
#2851=ORIENTED_EDGE('',*,*,#2104,.F.);
#2852=ORIENTED_EDGE('',*,*,#2109,.F.);
#2853=ORIENTED_EDGE('',*,*,#2110,.T.);
#2854=ORIENTED_EDGE('',*,*,#2111,.T.);
#2855=ORIENTED_EDGE('',*,*,#2107,.F.);
#2856=ORIENTED_EDGE('',*,*,#2112,.F.);
#2857=ORIENTED_EDGE('',*,*,#2113,.T.);
#2858=ORIENTED_EDGE('',*,*,#2114,.T.);
#2859=ORIENTED_EDGE('',*,*,#2110,.F.);
#2860=ORIENTED_EDGE('',*,*,#2115,.F.);
#2861=ORIENTED_EDGE('',*,*,#2087,.T.);
#2862=ORIENTED_EDGE('',*,*,#2116,.T.);
#2863=ORIENTED_EDGE('',*,*,#2113,.F.);
#2864=ORIENTED_EDGE('',*,*,#2116,.F.);
#2865=ORIENTED_EDGE('',*,*,#2086,.F.);
#2866=ORIENTED_EDGE('',*,*,#2090,.F.);
#2867=ORIENTED_EDGE('',*,*,#2093,.F.);
#2868=ORIENTED_EDGE('',*,*,#2096,.F.);
#2869=ORIENTED_EDGE('',*,*,#2099,.F.);
#2870=ORIENTED_EDGE('',*,*,#2102,.F.);
#2871=ORIENTED_EDGE('',*,*,#2105,.F.);
#2872=ORIENTED_EDGE('',*,*,#2108,.F.);
#2873=ORIENTED_EDGE('',*,*,#2111,.F.);
#2874=ORIENTED_EDGE('',*,*,#2114,.F.);
#2875=ORIENTED_EDGE('',*,*,#2083,.F.);
#2876=ORIENTED_EDGE('',*,*,#2062,.F.);
#2877=ORIENTED_EDGE('',*,*,#2066,.F.);
#2878=ORIENTED_EDGE('',*,*,#2069,.F.);
#2879=ORIENTED_EDGE('',*,*,#2072,.F.);
#2880=ORIENTED_EDGE('',*,*,#2075,.F.);
#2881=ORIENTED_EDGE('',*,*,#2078,.F.);
#2882=ORIENTED_EDGE('',*,*,#2081,.F.);
#2883=ORIENTED_EDGE('',*,*,#2117,.F.);
#2884=ORIENTED_EDGE('',*,*,#2118,.T.);
#2885=ORIENTED_EDGE('',*,*,#2119,.T.);
#2886=ORIENTED_EDGE('',*,*,#2120,.F.);
#2887=ORIENTED_EDGE('',*,*,#2121,.F.);
#2888=ORIENTED_EDGE('',*,*,#2122,.T.);
#2889=ORIENTED_EDGE('',*,*,#2123,.T.);
#2890=ORIENTED_EDGE('',*,*,#2118,.F.);
#2891=ORIENTED_EDGE('',*,*,#2124,.F.);
#2892=ORIENTED_EDGE('',*,*,#2125,.T.);
#2893=ORIENTED_EDGE('',*,*,#2126,.T.);
#2894=ORIENTED_EDGE('',*,*,#2122,.F.);
#2895=ORIENTED_EDGE('',*,*,#2127,.F.);
#2896=ORIENTED_EDGE('',*,*,#2128,.T.);
#2897=ORIENTED_EDGE('',*,*,#2129,.T.);
#2898=ORIENTED_EDGE('',*,*,#2125,.F.);
#2899=ORIENTED_EDGE('',*,*,#2130,.F.);
#2900=ORIENTED_EDGE('',*,*,#2131,.T.);
#2901=ORIENTED_EDGE('',*,*,#2132,.T.);
#2902=ORIENTED_EDGE('',*,*,#2128,.F.);
#2903=ORIENTED_EDGE('',*,*,#2133,.F.);
#2904=ORIENTED_EDGE('',*,*,#2134,.T.);
#2905=ORIENTED_EDGE('',*,*,#2135,.T.);
#2906=ORIENTED_EDGE('',*,*,#2131,.F.);
#2907=ORIENTED_EDGE('',*,*,#2136,.F.);
#2908=ORIENTED_EDGE('',*,*,#2137,.T.);
#2909=ORIENTED_EDGE('',*,*,#2138,.T.);
#2910=ORIENTED_EDGE('',*,*,#2134,.F.);
#2911=ORIENTED_EDGE('',*,*,#2139,.F.);
#2912=ORIENTED_EDGE('',*,*,#2120,.T.);
#2913=ORIENTED_EDGE('',*,*,#2140,.T.);
#2914=ORIENTED_EDGE('',*,*,#2137,.F.);
#2915=ORIENTED_EDGE('',*,*,#2141,.F.);
#2916=ORIENTED_EDGE('',*,*,#2142,.T.);
#2917=ORIENTED_EDGE('',*,*,#2143,.T.);
#2918=ORIENTED_EDGE('',*,*,#2144,.F.);
#2919=ORIENTED_EDGE('',*,*,#2145,.F.);
#2920=ORIENTED_EDGE('',*,*,#2146,.T.);
#2921=ORIENTED_EDGE('',*,*,#2147,.T.);
#2922=ORIENTED_EDGE('',*,*,#2142,.F.);
#2923=ORIENTED_EDGE('',*,*,#2148,.F.);
#2924=ORIENTED_EDGE('',*,*,#2149,.T.);
#2925=ORIENTED_EDGE('',*,*,#2150,.T.);
#2926=ORIENTED_EDGE('',*,*,#2146,.F.);
#2927=ORIENTED_EDGE('',*,*,#2151,.F.);
#2928=ORIENTED_EDGE('',*,*,#2152,.T.);
#2929=ORIENTED_EDGE('',*,*,#2153,.T.);
#2930=ORIENTED_EDGE('',*,*,#2149,.F.);
#2931=ORIENTED_EDGE('',*,*,#2154,.F.);
#2932=ORIENTED_EDGE('',*,*,#2155,.T.);
#2933=ORIENTED_EDGE('',*,*,#2156,.T.);
#2934=ORIENTED_EDGE('',*,*,#2152,.F.);
#2935=ORIENTED_EDGE('',*,*,#2157,.F.);
#2936=ORIENTED_EDGE('',*,*,#2158,.T.);
#2937=ORIENTED_EDGE('',*,*,#2159,.T.);
#2938=ORIENTED_EDGE('',*,*,#2155,.F.);
#2939=ORIENTED_EDGE('',*,*,#2160,.F.);
#2940=ORIENTED_EDGE('',*,*,#2161,.T.);
#2941=ORIENTED_EDGE('',*,*,#2162,.T.);
#2942=ORIENTED_EDGE('',*,*,#2158,.F.);
#2943=ORIENTED_EDGE('',*,*,#2163,.F.);
#2944=ORIENTED_EDGE('',*,*,#2164,.T.);
#2945=ORIENTED_EDGE('',*,*,#2165,.T.);
#2946=ORIENTED_EDGE('',*,*,#2161,.F.);
#2947=ORIENTED_EDGE('',*,*,#2166,.F.);
#2948=ORIENTED_EDGE('',*,*,#2167,.T.);
#2949=ORIENTED_EDGE('',*,*,#2168,.T.);
#2950=ORIENTED_EDGE('',*,*,#2164,.F.);
#2951=ORIENTED_EDGE('',*,*,#2169,.F.);
#2952=ORIENTED_EDGE('',*,*,#2170,.T.);
#2953=ORIENTED_EDGE('',*,*,#2171,.T.);
#2954=ORIENTED_EDGE('',*,*,#2167,.F.);
#2955=ORIENTED_EDGE('',*,*,#2172,.F.);
#2956=ORIENTED_EDGE('',*,*,#2173,.T.);
#2957=ORIENTED_EDGE('',*,*,#2174,.T.);
#2958=ORIENTED_EDGE('',*,*,#2170,.F.);
#2959=ORIENTED_EDGE('',*,*,#2175,.F.);
#2960=ORIENTED_EDGE('',*,*,#2176,.T.);
#2961=ORIENTED_EDGE('',*,*,#2177,.T.);
#2962=ORIENTED_EDGE('',*,*,#2173,.F.);
#2963=ORIENTED_EDGE('',*,*,#2178,.F.);
#2964=ORIENTED_EDGE('',*,*,#2179,.T.);
#2965=ORIENTED_EDGE('',*,*,#2180,.T.);
#2966=ORIENTED_EDGE('',*,*,#2176,.F.);
#2967=ORIENTED_EDGE('',*,*,#2181,.F.);
#2968=ORIENTED_EDGE('',*,*,#2144,.T.);
#2969=ORIENTED_EDGE('',*,*,#2182,.T.);
#2970=ORIENTED_EDGE('',*,*,#2179,.F.);
#2971=ORIENTED_EDGE('',*,*,#2182,.F.);
#2972=ORIENTED_EDGE('',*,*,#2143,.F.);
#2973=ORIENTED_EDGE('',*,*,#2147,.F.);
#2974=ORIENTED_EDGE('',*,*,#2150,.F.);
#2975=ORIENTED_EDGE('',*,*,#2153,.F.);
#2976=ORIENTED_EDGE('',*,*,#2156,.F.);
#2977=ORIENTED_EDGE('',*,*,#2159,.F.);
#2978=ORIENTED_EDGE('',*,*,#2162,.F.);
#2979=ORIENTED_EDGE('',*,*,#2165,.F.);
#2980=ORIENTED_EDGE('',*,*,#2168,.F.);
#2981=ORIENTED_EDGE('',*,*,#2171,.F.);
#2982=ORIENTED_EDGE('',*,*,#2174,.F.);
#2983=ORIENTED_EDGE('',*,*,#2177,.F.);
#2984=ORIENTED_EDGE('',*,*,#2180,.F.);
#2985=ORIENTED_EDGE('',*,*,#2140,.F.);
#2986=ORIENTED_EDGE('',*,*,#2119,.F.);
#2987=ORIENTED_EDGE('',*,*,#2123,.F.);
#2988=ORIENTED_EDGE('',*,*,#2126,.F.);
#2989=ORIENTED_EDGE('',*,*,#2129,.F.);
#2990=ORIENTED_EDGE('',*,*,#2132,.F.);
#2991=ORIENTED_EDGE('',*,*,#2135,.F.);
#2992=ORIENTED_EDGE('',*,*,#2138,.F.);
#2993=ORIENTED_EDGE('',*,*,#2183,.F.);
#2994=ORIENTED_EDGE('',*,*,#2184,.T.);
#2995=ORIENTED_EDGE('',*,*,#2185,.T.);
#2996=ORIENTED_EDGE('',*,*,#2186,.F.);
#2997=ORIENTED_EDGE('',*,*,#2187,.F.);
#2998=ORIENTED_EDGE('',*,*,#2188,.T.);
#2999=ORIENTED_EDGE('',*,*,#2189,.T.);
#3000=ORIENTED_EDGE('',*,*,#2184,.F.);
#3001=ORIENTED_EDGE('',*,*,#2190,.F.);
#3002=ORIENTED_EDGE('',*,*,#2191,.T.);
#3003=ORIENTED_EDGE('',*,*,#2192,.T.);
#3004=ORIENTED_EDGE('',*,*,#2188,.F.);
#3005=ORIENTED_EDGE('',*,*,#2193,.F.);
#3006=ORIENTED_EDGE('',*,*,#2194,.T.);
#3007=ORIENTED_EDGE('',*,*,#2195,.T.);
#3008=ORIENTED_EDGE('',*,*,#2191,.F.);
#3009=ORIENTED_EDGE('',*,*,#2196,.F.);
#3010=ORIENTED_EDGE('',*,*,#2197,.T.);
#3011=ORIENTED_EDGE('',*,*,#2198,.T.);
#3012=ORIENTED_EDGE('',*,*,#2194,.F.);
#3013=ORIENTED_EDGE('',*,*,#2199,.F.);
#3014=ORIENTED_EDGE('',*,*,#2200,.T.);
#3015=ORIENTED_EDGE('',*,*,#2201,.T.);
#3016=ORIENTED_EDGE('',*,*,#2197,.F.);
#3017=ORIENTED_EDGE('',*,*,#2202,.F.);
#3018=ORIENTED_EDGE('',*,*,#2203,.T.);
#3019=ORIENTED_EDGE('',*,*,#2204,.T.);
#3020=ORIENTED_EDGE('',*,*,#2200,.F.);
#3021=ORIENTED_EDGE('',*,*,#2205,.F.);
#3022=ORIENTED_EDGE('',*,*,#2206,.T.);
#3023=ORIENTED_EDGE('',*,*,#2207,.T.);
#3024=ORIENTED_EDGE('',*,*,#2203,.F.);
#3025=ORIENTED_EDGE('',*,*,#2208,.F.);
#3026=ORIENTED_EDGE('',*,*,#2209,.T.);
#3027=ORIENTED_EDGE('',*,*,#2210,.T.);
#3028=ORIENTED_EDGE('',*,*,#2206,.F.);
#3029=ORIENTED_EDGE('',*,*,#2211,.F.);
#3030=ORIENTED_EDGE('',*,*,#2212,.T.);
#3031=ORIENTED_EDGE('',*,*,#2213,.T.);
#3032=ORIENTED_EDGE('',*,*,#2209,.F.);
#3033=ORIENTED_EDGE('',*,*,#2214,.F.);
#3034=ORIENTED_EDGE('',*,*,#2215,.T.);
#3035=ORIENTED_EDGE('',*,*,#2216,.T.);
#3036=ORIENTED_EDGE('',*,*,#2212,.F.);
#3037=ORIENTED_EDGE('',*,*,#2217,.F.);
#3038=ORIENTED_EDGE('',*,*,#2218,.T.);
#3039=ORIENTED_EDGE('',*,*,#2219,.T.);
#3040=ORIENTED_EDGE('',*,*,#2215,.F.);
#3041=ORIENTED_EDGE('',*,*,#2220,.F.);
#3042=ORIENTED_EDGE('',*,*,#2221,.T.);
#3043=ORIENTED_EDGE('',*,*,#2222,.T.);
#3044=ORIENTED_EDGE('',*,*,#2218,.F.);
#3045=ORIENTED_EDGE('',*,*,#2223,.F.);
#3046=ORIENTED_EDGE('',*,*,#2224,.T.);
#3047=ORIENTED_EDGE('',*,*,#2225,.T.);
#3048=ORIENTED_EDGE('',*,*,#2221,.F.);
#3049=ORIENTED_EDGE('',*,*,#2226,.F.);
#3050=ORIENTED_EDGE('',*,*,#2227,.T.);
#3051=ORIENTED_EDGE('',*,*,#2228,.T.);
#3052=ORIENTED_EDGE('',*,*,#2224,.F.);
#3053=ORIENTED_EDGE('',*,*,#2229,.F.);
#3054=ORIENTED_EDGE('',*,*,#2230,.T.);
#3055=ORIENTED_EDGE('',*,*,#2231,.T.);
#3056=ORIENTED_EDGE('',*,*,#2227,.F.);
#3057=ORIENTED_EDGE('',*,*,#2232,.F.);
#3058=ORIENTED_EDGE('',*,*,#2233,.T.);
#3059=ORIENTED_EDGE('',*,*,#2234,.T.);
#3060=ORIENTED_EDGE('',*,*,#2230,.F.);
#3061=ORIENTED_EDGE('',*,*,#2235,.F.);
#3062=ORIENTED_EDGE('',*,*,#2236,.T.);
#3063=ORIENTED_EDGE('',*,*,#2237,.T.);
#3064=ORIENTED_EDGE('',*,*,#2233,.F.);
#3065=ORIENTED_EDGE('',*,*,#2238,.F.);
#3066=ORIENTED_EDGE('',*,*,#2186,.T.);
#3067=ORIENTED_EDGE('',*,*,#2239,.T.);
#3068=ORIENTED_EDGE('',*,*,#2236,.F.);
#3069=ORIENTED_EDGE('',*,*,#2239,.F.);
#3070=ORIENTED_EDGE('',*,*,#2185,.F.);
#3071=ORIENTED_EDGE('',*,*,#2189,.F.);
#3072=ORIENTED_EDGE('',*,*,#2192,.F.);
#3073=ORIENTED_EDGE('',*,*,#2195,.F.);
#3074=ORIENTED_EDGE('',*,*,#2198,.F.);
#3075=ORIENTED_EDGE('',*,*,#2201,.F.);
#3076=ORIENTED_EDGE('',*,*,#2204,.F.);
#3077=ORIENTED_EDGE('',*,*,#2207,.F.);
#3078=ORIENTED_EDGE('',*,*,#2210,.F.);
#3079=ORIENTED_EDGE('',*,*,#2213,.F.);
#3080=ORIENTED_EDGE('',*,*,#2216,.F.);
#3081=ORIENTED_EDGE('',*,*,#2219,.F.);
#3082=ORIENTED_EDGE('',*,*,#2222,.F.);
#3083=ORIENTED_EDGE('',*,*,#2225,.F.);
#3084=ORIENTED_EDGE('',*,*,#2228,.F.);
#3085=ORIENTED_EDGE('',*,*,#2231,.F.);
#3086=ORIENTED_EDGE('',*,*,#2234,.F.);
#3087=ORIENTED_EDGE('',*,*,#2237,.F.);
#3088=ORIENTED_EDGE('',*,*,#2240,.F.);
#3089=ORIENTED_EDGE('',*,*,#2241,.T.);
#3090=ORIENTED_EDGE('',*,*,#2242,.T.);
#3091=ORIENTED_EDGE('',*,*,#2243,.F.);
#3092=ORIENTED_EDGE('',*,*,#2244,.F.);
#3093=ORIENTED_EDGE('',*,*,#2245,.T.);
#3094=ORIENTED_EDGE('',*,*,#2246,.T.);
#3095=ORIENTED_EDGE('',*,*,#2241,.F.);
#3096=ORIENTED_EDGE('',*,*,#2247,.F.);
#3097=ORIENTED_EDGE('',*,*,#2248,.T.);
#3098=ORIENTED_EDGE('',*,*,#2249,.T.);
#3099=ORIENTED_EDGE('',*,*,#2245,.F.);
#3100=ORIENTED_EDGE('',*,*,#2250,.F.);
#3101=ORIENTED_EDGE('',*,*,#2251,.T.);
#3102=ORIENTED_EDGE('',*,*,#2252,.T.);
#3103=ORIENTED_EDGE('',*,*,#2248,.F.);
#3104=ORIENTED_EDGE('',*,*,#2253,.F.);
#3105=ORIENTED_EDGE('',*,*,#2254,.T.);
#3106=ORIENTED_EDGE('',*,*,#2255,.T.);
#3107=ORIENTED_EDGE('',*,*,#2251,.F.);
#3108=ORIENTED_EDGE('',*,*,#2256,.F.);
#3109=ORIENTED_EDGE('',*,*,#2257,.T.);
#3110=ORIENTED_EDGE('',*,*,#2258,.T.);
#3111=ORIENTED_EDGE('',*,*,#2254,.F.);
#3112=ORIENTED_EDGE('',*,*,#2259,.F.);
#3113=ORIENTED_EDGE('',*,*,#2260,.T.);
#3114=ORIENTED_EDGE('',*,*,#2261,.T.);
#3115=ORIENTED_EDGE('',*,*,#2257,.F.);
#3116=ORIENTED_EDGE('',*,*,#2262,.F.);
#3117=ORIENTED_EDGE('',*,*,#2263,.T.);
#3118=ORIENTED_EDGE('',*,*,#2264,.T.);
#3119=ORIENTED_EDGE('',*,*,#2260,.F.);
#3120=ORIENTED_EDGE('',*,*,#2265,.F.);
#3121=ORIENTED_EDGE('',*,*,#2243,.T.);
#3122=ORIENTED_EDGE('',*,*,#2266,.T.);
#3123=ORIENTED_EDGE('',*,*,#2263,.F.);
#3124=ORIENTED_EDGE('',*,*,#2267,.F.);
#3125=ORIENTED_EDGE('',*,*,#2268,.T.);
#3126=ORIENTED_EDGE('',*,*,#2269,.T.);
#3127=ORIENTED_EDGE('',*,*,#2270,.F.);
#3128=ORIENTED_EDGE('',*,*,#2271,.F.);
#3129=ORIENTED_EDGE('',*,*,#2272,.T.);
#3130=ORIENTED_EDGE('',*,*,#2273,.T.);
#3131=ORIENTED_EDGE('',*,*,#2268,.F.);
#3132=ORIENTED_EDGE('',*,*,#2274,.F.);
#3133=ORIENTED_EDGE('',*,*,#2275,.T.);
#3134=ORIENTED_EDGE('',*,*,#2276,.T.);
#3135=ORIENTED_EDGE('',*,*,#2272,.F.);
#3136=ORIENTED_EDGE('',*,*,#2277,.F.);
#3137=ORIENTED_EDGE('',*,*,#2278,.T.);
#3138=ORIENTED_EDGE('',*,*,#2279,.T.);
#3139=ORIENTED_EDGE('',*,*,#2275,.F.);
#3140=ORIENTED_EDGE('',*,*,#2280,.F.);
#3141=ORIENTED_EDGE('',*,*,#2281,.T.);
#3142=ORIENTED_EDGE('',*,*,#2282,.T.);
#3143=ORIENTED_EDGE('',*,*,#2278,.F.);
#3144=ORIENTED_EDGE('',*,*,#2283,.F.);
#3145=ORIENTED_EDGE('',*,*,#2284,.T.);
#3146=ORIENTED_EDGE('',*,*,#2285,.T.);
#3147=ORIENTED_EDGE('',*,*,#2281,.F.);
#3148=ORIENTED_EDGE('',*,*,#2286,.F.);
#3149=ORIENTED_EDGE('',*,*,#2287,.T.);
#3150=ORIENTED_EDGE('',*,*,#2288,.T.);
#3151=ORIENTED_EDGE('',*,*,#2284,.F.);
#3152=ORIENTED_EDGE('',*,*,#2289,.F.);
#3153=ORIENTED_EDGE('',*,*,#2290,.T.);
#3154=ORIENTED_EDGE('',*,*,#2291,.T.);
#3155=ORIENTED_EDGE('',*,*,#2287,.F.);
#3156=ORIENTED_EDGE('',*,*,#2292,.F.);
#3157=ORIENTED_EDGE('',*,*,#2293,.T.);
#3158=ORIENTED_EDGE('',*,*,#2294,.T.);
#3159=ORIENTED_EDGE('',*,*,#2290,.F.);
#3160=ORIENTED_EDGE('',*,*,#2295,.F.);
#3161=ORIENTED_EDGE('',*,*,#2296,.T.);
#3162=ORIENTED_EDGE('',*,*,#2297,.T.);
#3163=ORIENTED_EDGE('',*,*,#2293,.F.);
#3164=ORIENTED_EDGE('',*,*,#2298,.F.);
#3165=ORIENTED_EDGE('',*,*,#2270,.T.);
#3166=ORIENTED_EDGE('',*,*,#2299,.T.);
#3167=ORIENTED_EDGE('',*,*,#2296,.F.);
#3168=ORIENTED_EDGE('',*,*,#2299,.F.);
#3169=ORIENTED_EDGE('',*,*,#2269,.F.);
#3170=ORIENTED_EDGE('',*,*,#2273,.F.);
#3171=ORIENTED_EDGE('',*,*,#2276,.F.);
#3172=ORIENTED_EDGE('',*,*,#2279,.F.);
#3173=ORIENTED_EDGE('',*,*,#2282,.F.);
#3174=ORIENTED_EDGE('',*,*,#2285,.F.);
#3175=ORIENTED_EDGE('',*,*,#2288,.F.);
#3176=ORIENTED_EDGE('',*,*,#2291,.F.);
#3177=ORIENTED_EDGE('',*,*,#2294,.F.);
#3178=ORIENTED_EDGE('',*,*,#2297,.F.);
#3179=ORIENTED_EDGE('',*,*,#2266,.F.);
#3180=ORIENTED_EDGE('',*,*,#2242,.F.);
#3181=ORIENTED_EDGE('',*,*,#2246,.F.);
#3182=ORIENTED_EDGE('',*,*,#2249,.F.);
#3183=ORIENTED_EDGE('',*,*,#2252,.F.);
#3184=ORIENTED_EDGE('',*,*,#2255,.F.);
#3185=ORIENTED_EDGE('',*,*,#2258,.F.);
#3186=ORIENTED_EDGE('',*,*,#2261,.F.);
#3187=ORIENTED_EDGE('',*,*,#2264,.F.);
#3188=ORIENTED_EDGE('',*,*,#2300,.F.);
#3189=ORIENTED_EDGE('',*,*,#2301,.F.);
#3190=ORIENTED_EDGE('',*,*,#2302,.F.);
#3191=ORIENTED_EDGE('',*,*,#2303,.F.);
#3192=ORIENTED_EDGE('',*,*,#2304,.F.);
#3193=ORIENTED_EDGE('',*,*,#2305,.F.);
#3194=ORIENTED_EDGE('',*,*,#2306,.F.);
#3195=ORIENTED_EDGE('',*,*,#2307,.F.);
#3196=ORIENTED_EDGE('',*,*,#1820,.T.);
#3197=ORIENTED_EDGE('',*,*,#1917,.T.);
#3198=ORIENTED_EDGE('',*,*,#1914,.T.);
#3199=ORIENTED_EDGE('',*,*,#1911,.T.);
#3200=ORIENTED_EDGE('',*,*,#1908,.T.);
#3201=ORIENTED_EDGE('',*,*,#1905,.T.);
#3202=ORIENTED_EDGE('',*,*,#1902,.T.);
#3203=ORIENTED_EDGE('',*,*,#1899,.T.);
#3204=ORIENTED_EDGE('',*,*,#1896,.T.);
#3205=ORIENTED_EDGE('',*,*,#1893,.T.);
#3206=ORIENTED_EDGE('',*,*,#1890,.T.);
#3207=ORIENTED_EDGE('',*,*,#1887,.T.);
#3208=ORIENTED_EDGE('',*,*,#1884,.T.);
#3209=ORIENTED_EDGE('',*,*,#1881,.T.);
#3210=ORIENTED_EDGE('',*,*,#1878,.T.);
#3211=ORIENTED_EDGE('',*,*,#1875,.T.);
#3212=ORIENTED_EDGE('',*,*,#1872,.T.);
#3213=ORIENTED_EDGE('',*,*,#1869,.T.);
#3214=ORIENTED_EDGE('',*,*,#1866,.T.);
#3215=ORIENTED_EDGE('',*,*,#1863,.T.);
#3216=ORIENTED_EDGE('',*,*,#1860,.T.);
#3217=ORIENTED_EDGE('',*,*,#1857,.T.);
#3218=ORIENTED_EDGE('',*,*,#1854,.T.);
#3219=ORIENTED_EDGE('',*,*,#1851,.T.);
#3220=ORIENTED_EDGE('',*,*,#1848,.T.);
#3221=ORIENTED_EDGE('',*,*,#1845,.T.);
#3222=ORIENTED_EDGE('',*,*,#1842,.T.);
#3223=ORIENTED_EDGE('',*,*,#1839,.T.);
#3224=ORIENTED_EDGE('',*,*,#1836,.T.);
#3225=ORIENTED_EDGE('',*,*,#1833,.T.);
#3226=ORIENTED_EDGE('',*,*,#1830,.T.);
#3227=ORIENTED_EDGE('',*,*,#1827,.T.);
#3228=ORIENTED_EDGE('',*,*,#1824,.T.);
#3229=ORIENTED_EDGE('',*,*,#1919,.T.);
#3230=ORIENTED_EDGE('',*,*,#1935,.T.);
#3231=ORIENTED_EDGE('',*,*,#1932,.T.);
#3232=ORIENTED_EDGE('',*,*,#1929,.T.);
#3233=ORIENTED_EDGE('',*,*,#1926,.T.);
#3234=ORIENTED_EDGE('',*,*,#1923,.T.);
#3235=ORIENTED_EDGE('',*,*,#1937,.T.);
#3236=ORIENTED_EDGE('',*,*,#1947,.T.);
#3237=ORIENTED_EDGE('',*,*,#1944,.T.);
#3238=ORIENTED_EDGE('',*,*,#1941,.T.);
#3239=ORIENTED_EDGE('',*,*,#1979,.T.);
#3240=ORIENTED_EDGE('',*,*,#2058,.T.);
#3241=ORIENTED_EDGE('',*,*,#2055,.T.);
#3242=ORIENTED_EDGE('',*,*,#2052,.T.);
#3243=ORIENTED_EDGE('',*,*,#2049,.T.);
#3244=ORIENTED_EDGE('',*,*,#2046,.T.);
#3245=ORIENTED_EDGE('',*,*,#2043,.T.);
#3246=ORIENTED_EDGE('',*,*,#2040,.T.);
#3247=ORIENTED_EDGE('',*,*,#2037,.T.);
#3248=ORIENTED_EDGE('',*,*,#2034,.T.);
#3249=ORIENTED_EDGE('',*,*,#2031,.T.);
#3250=ORIENTED_EDGE('',*,*,#2028,.T.);
#3251=ORIENTED_EDGE('',*,*,#2025,.T.);
#3252=ORIENTED_EDGE('',*,*,#2022,.T.);
#3253=ORIENTED_EDGE('',*,*,#2019,.T.);
#3254=ORIENTED_EDGE('',*,*,#2016,.T.);
#3255=ORIENTED_EDGE('',*,*,#2013,.T.);
#3256=ORIENTED_EDGE('',*,*,#2010,.T.);
#3257=ORIENTED_EDGE('',*,*,#2007,.T.);
#3258=ORIENTED_EDGE('',*,*,#2004,.T.);
#3259=ORIENTED_EDGE('',*,*,#2001,.T.);
#3260=ORIENTED_EDGE('',*,*,#1998,.T.);
#3261=ORIENTED_EDGE('',*,*,#1995,.T.);
#3262=ORIENTED_EDGE('',*,*,#1992,.T.);
#3263=ORIENTED_EDGE('',*,*,#1989,.T.);
#3264=ORIENTED_EDGE('',*,*,#1986,.T.);
#3265=ORIENTED_EDGE('',*,*,#1983,.T.);
#3266=ORIENTED_EDGE('',*,*,#2084,.T.);
#3267=ORIENTED_EDGE('',*,*,#2115,.T.);
#3268=ORIENTED_EDGE('',*,*,#2112,.T.);
#3269=ORIENTED_EDGE('',*,*,#2109,.T.);
#3270=ORIENTED_EDGE('',*,*,#2106,.T.);
#3271=ORIENTED_EDGE('',*,*,#2103,.T.);
#3272=ORIENTED_EDGE('',*,*,#2100,.T.);
#3273=ORIENTED_EDGE('',*,*,#2097,.T.);
#3274=ORIENTED_EDGE('',*,*,#2094,.T.);
#3275=ORIENTED_EDGE('',*,*,#2091,.T.);
#3276=ORIENTED_EDGE('',*,*,#2088,.T.);
#3277=ORIENTED_EDGE('',*,*,#2141,.T.);
#3278=ORIENTED_EDGE('',*,*,#2181,.T.);
#3279=ORIENTED_EDGE('',*,*,#2178,.T.);
#3280=ORIENTED_EDGE('',*,*,#2175,.T.);
#3281=ORIENTED_EDGE('',*,*,#2172,.T.);
#3282=ORIENTED_EDGE('',*,*,#2169,.T.);
#3283=ORIENTED_EDGE('',*,*,#2166,.T.);
#3284=ORIENTED_EDGE('',*,*,#2163,.T.);
#3285=ORIENTED_EDGE('',*,*,#2160,.T.);
#3286=ORIENTED_EDGE('',*,*,#2157,.T.);
#3287=ORIENTED_EDGE('',*,*,#2154,.T.);
#3288=ORIENTED_EDGE('',*,*,#2151,.T.);
#3289=ORIENTED_EDGE('',*,*,#2148,.T.);
#3290=ORIENTED_EDGE('',*,*,#2145,.T.);
#3291=ORIENTED_EDGE('',*,*,#2183,.T.);
#3292=ORIENTED_EDGE('',*,*,#2238,.T.);
#3293=ORIENTED_EDGE('',*,*,#2235,.T.);
#3294=ORIENTED_EDGE('',*,*,#2232,.T.);
#3295=ORIENTED_EDGE('',*,*,#2229,.T.);
#3296=ORIENTED_EDGE('',*,*,#2226,.T.);
#3297=ORIENTED_EDGE('',*,*,#2223,.T.);
#3298=ORIENTED_EDGE('',*,*,#2220,.T.);
#3299=ORIENTED_EDGE('',*,*,#2217,.T.);
#3300=ORIENTED_EDGE('',*,*,#2214,.T.);
#3301=ORIENTED_EDGE('',*,*,#2211,.T.);
#3302=ORIENTED_EDGE('',*,*,#2208,.T.);
#3303=ORIENTED_EDGE('',*,*,#2205,.T.);
#3304=ORIENTED_EDGE('',*,*,#2202,.T.);
#3305=ORIENTED_EDGE('',*,*,#2199,.T.);
#3306=ORIENTED_EDGE('',*,*,#2196,.T.);
#3307=ORIENTED_EDGE('',*,*,#2193,.T.);
#3308=ORIENTED_EDGE('',*,*,#2190,.T.);
#3309=ORIENTED_EDGE('',*,*,#2187,.T.);
#3310=ORIENTED_EDGE('',*,*,#2267,.T.);
#3311=ORIENTED_EDGE('',*,*,#2298,.T.);
#3312=ORIENTED_EDGE('',*,*,#2295,.T.);
#3313=ORIENTED_EDGE('',*,*,#2292,.T.);
#3314=ORIENTED_EDGE('',*,*,#2289,.T.);
#3315=ORIENTED_EDGE('',*,*,#2286,.T.);
#3316=ORIENTED_EDGE('',*,*,#2283,.T.);
#3317=ORIENTED_EDGE('',*,*,#2280,.T.);
#3318=ORIENTED_EDGE('',*,*,#2277,.T.);
#3319=ORIENTED_EDGE('',*,*,#2274,.T.);
#3320=ORIENTED_EDGE('',*,*,#2271,.T.);
#3321=ORIENTED_EDGE('',*,*,#2240,.T.);
#3322=ORIENTED_EDGE('',*,*,#2265,.T.);
#3323=ORIENTED_EDGE('',*,*,#2262,.T.);
#3324=ORIENTED_EDGE('',*,*,#2259,.T.);
#3325=ORIENTED_EDGE('',*,*,#2256,.T.);
#3326=ORIENTED_EDGE('',*,*,#2253,.T.);
#3327=ORIENTED_EDGE('',*,*,#2250,.T.);
#3328=ORIENTED_EDGE('',*,*,#2247,.T.);
#3329=ORIENTED_EDGE('',*,*,#2244,.T.);
#3330=ORIENTED_EDGE('',*,*,#2117,.T.);
#3331=ORIENTED_EDGE('',*,*,#2139,.T.);
#3332=ORIENTED_EDGE('',*,*,#2136,.T.);
#3333=ORIENTED_EDGE('',*,*,#2133,.T.);
#3334=ORIENTED_EDGE('',*,*,#2130,.T.);
#3335=ORIENTED_EDGE('',*,*,#2127,.T.);
#3336=ORIENTED_EDGE('',*,*,#2124,.T.);
#3337=ORIENTED_EDGE('',*,*,#2121,.T.);
#3338=ORIENTED_EDGE('',*,*,#2060,.T.);
#3339=ORIENTED_EDGE('',*,*,#2082,.T.);
#3340=ORIENTED_EDGE('',*,*,#2079,.T.);
#3341=ORIENTED_EDGE('',*,*,#2076,.T.);
#3342=ORIENTED_EDGE('',*,*,#2073,.T.);
#3343=ORIENTED_EDGE('',*,*,#2070,.T.);
#3344=ORIENTED_EDGE('',*,*,#2067,.T.);
#3345=ORIENTED_EDGE('',*,*,#2064,.T.);
#3346=ORIENTED_EDGE('',*,*,#2308,.F.);
#3347=ORIENTED_EDGE('',*,*,#2309,.F.);
#3348=ORIENTED_EDGE('',*,*,#2310,.F.);
#3349=ORIENTED_EDGE('',*,*,#2311,.T.);
#3350=ORIENTED_EDGE('',*,*,#2312,.T.);
#3351=ORIENTED_EDGE('',*,*,#2309,.T.);
#3352=ORIENTED_EDGE('',*,*,#2313,.T.);
#3353=ORIENTED_EDGE('',*,*,#2314,.F.);
#3354=ORIENTED_EDGE('',*,*,#2315,.F.);
#3355=ORIENTED_EDGE('',*,*,#2316,.F.);
#3356=ORIENTED_EDGE('',*,*,#2317,.T.);
#3357=ORIENTED_EDGE('',*,*,#2318,.T.);
#3358=ORIENTED_EDGE('',*,*,#2315,.T.);
#3359=ORIENTED_EDGE('',*,*,#2319,.T.);
#3360=ORIENTED_EDGE('',*,*,#2308,.T.);
#3361=ORIENTED_EDGE('',*,*,#2300,.T.);
#3362=ORIENTED_EDGE('',*,*,#2316,.T.);
#3363=ORIENTED_EDGE('',*,*,#2320,.T.);
#3364=ORIENTED_EDGE('',*,*,#2321,.F.);
#3365=ORIENTED_EDGE('',*,*,#2322,.F.);
#3366=ORIENTED_EDGE('',*,*,#2323,.F.);
#3367=ORIENTED_EDGE('',*,*,#2324,.T.);
#3368=ORIENTED_EDGE('',*,*,#2325,.T.);
#3369=ORIENTED_EDGE('',*,*,#2322,.T.);
#3370=ORIENTED_EDGE('',*,*,#2326,.T.);
#3371=ORIENTED_EDGE('',*,*,#2314,.T.);
#3372=ORIENTED_EDGE('',*,*,#2307,.T.);
#3373=ORIENTED_EDGE('',*,*,#2323,.T.);
#3374=ORIENTED_EDGE('',*,*,#2327,.T.);
#3375=ORIENTED_EDGE('',*,*,#2328,.F.);
#3376=ORIENTED_EDGE('',*,*,#2329,.F.);
#3377=ORIENTED_EDGE('',*,*,#2330,.F.);
#3378=ORIENTED_EDGE('',*,*,#2331,.T.);
#3379=ORIENTED_EDGE('',*,*,#2332,.T.);
#3380=ORIENTED_EDGE('',*,*,#2329,.T.);
#3381=ORIENTED_EDGE('',*,*,#2333,.T.);
#3382=ORIENTED_EDGE('',*,*,#2321,.T.);
#3383=ORIENTED_EDGE('',*,*,#2306,.T.);
#3384=ORIENTED_EDGE('',*,*,#2330,.T.);
#3385=ORIENTED_EDGE('',*,*,#2334,.T.);
#3386=ORIENTED_EDGE('',*,*,#2335,.F.);
#3387=ORIENTED_EDGE('',*,*,#2336,.F.);
#3388=ORIENTED_EDGE('',*,*,#2337,.F.);
#3389=ORIENTED_EDGE('',*,*,#2338,.T.);
#3390=ORIENTED_EDGE('',*,*,#2339,.T.);
#3391=ORIENTED_EDGE('',*,*,#2336,.T.);
#3392=ORIENTED_EDGE('',*,*,#2340,.T.);
#3393=ORIENTED_EDGE('',*,*,#2341,.F.);
#3394=ORIENTED_EDGE('',*,*,#2342,.F.);
#3395=ORIENTED_EDGE('',*,*,#2343,.F.);
#3396=ORIENTED_EDGE('',*,*,#2344,.T.);
#3397=ORIENTED_EDGE('',*,*,#2345,.T.);
#3398=ORIENTED_EDGE('',*,*,#2342,.T.);
#3399=ORIENTED_EDGE('',*,*,#2346,.T.);
#3400=ORIENTED_EDGE('',*,*,#2328,.T.);
#3401=ORIENTED_EDGE('',*,*,#2305,.T.);
#3402=ORIENTED_EDGE('',*,*,#2343,.T.);
#3403=ORIENTED_EDGE('',*,*,#2347,.T.);
#3404=ORIENTED_EDGE('',*,*,#2341,.T.);
#3405=ORIENTED_EDGE('',*,*,#2304,.T.);
#3406=ORIENTED_EDGE('',*,*,#2337,.T.);
#3407=ORIENTED_EDGE('',*,*,#2348,.T.);
#3408=ORIENTED_EDGE('',*,*,#2349,.T.);
#3409=ORIENTED_EDGE('',*,*,#2335,.T.);
#3410=ORIENTED_EDGE('',*,*,#2303,.T.);
#3411=ORIENTED_EDGE('',*,*,#2350,.T.);
#3412=ORIENTED_EDGE('',*,*,#2351,.T.);
#3413=ORIENTED_EDGE('',*,*,#2350,.F.);
#3414=ORIENTED_EDGE('',*,*,#2302,.T.);
#3415=ORIENTED_EDGE('',*,*,#2352,.T.);
#3416=ORIENTED_EDGE('',*,*,#2301,.T.);
#3417=ORIENTED_EDGE('',*,*,#2310,.T.);
#3418=ORIENTED_EDGE('',*,*,#2353,.T.);
#3419=ORIENTED_EDGE('',*,*,#2352,.F.);
#3420=ORIENTED_EDGE('',*,*,#2319,.F.);
#3421=ORIENTED_EDGE('',*,*,#2327,.F.);
#3422=ORIENTED_EDGE('',*,*,#2325,.F.);
#3423=ORIENTED_EDGE('',*,*,#2354,.F.);
#3424=ORIENTED_EDGE('',*,*,#2326,.F.);
#3425=ORIENTED_EDGE('',*,*,#2334,.F.);
#3426=ORIENTED_EDGE('',*,*,#2332,.F.);
#3427=ORIENTED_EDGE('',*,*,#2355,.F.);
#3428=ORIENTED_EDGE('',*,*,#2333,.F.);
#3429=ORIENTED_EDGE('',*,*,#2347,.F.);
#3430=ORIENTED_EDGE('',*,*,#2345,.F.);
#3431=ORIENTED_EDGE('',*,*,#2356,.F.);
#3432=ORIENTED_EDGE('',*,*,#2317,.F.);
#3433=ORIENTED_EDGE('',*,*,#2354,.T.);
#3434=ORIENTED_EDGE('',*,*,#2324,.F.);
#3435=ORIENTED_EDGE('',*,*,#2355,.T.);
#3436=ORIENTED_EDGE('',*,*,#2331,.F.);
#3437=ORIENTED_EDGE('',*,*,#2356,.T.);
#3438=ORIENTED_EDGE('',*,*,#2344,.F.);
#3439=ORIENTED_EDGE('',*,*,#2357,.T.);
#3440=ORIENTED_EDGE('',*,*,#2338,.F.);
#3441=ORIENTED_EDGE('',*,*,#2358,.T.);
#3442=ORIENTED_EDGE('',*,*,#2359,.T.);
#3443=ORIENTED_EDGE('',*,*,#2360,.T.);
#3444=ORIENTED_EDGE('',*,*,#2361,.T.);
#3445=ORIENTED_EDGE('',*,*,#2362,.T.);
#3446=ORIENTED_EDGE('',*,*,#2311,.F.);
#3447=ORIENTED_EDGE('',*,*,#2363,.T.);
#3448=ORIENTED_EDGE('',*,*,#2364,.T.);
#3449=ORIENTED_EDGE('',*,*,#2365,.T.);
#3450=ORIENTED_EDGE('',*,*,#2366,.T.);
#3451=ORIENTED_EDGE('',*,*,#2367,.T.);
#3452=ORIENTED_EDGE('',*,*,#1949,.T.);
#3453=ORIENTED_EDGE('',*,*,#1977,.T.);
#3454=ORIENTED_EDGE('',*,*,#1974,.T.);
#3455=ORIENTED_EDGE('',*,*,#1971,.T.);
#3456=ORIENTED_EDGE('',*,*,#1968,.T.);
#3457=ORIENTED_EDGE('',*,*,#1965,.T.);
#3458=ORIENTED_EDGE('',*,*,#1962,.T.);
#3459=ORIENTED_EDGE('',*,*,#1959,.T.);
#3460=ORIENTED_EDGE('',*,*,#1956,.T.);
#3461=ORIENTED_EDGE('',*,*,#1953,.T.);
#3462=ORIENTED_EDGE('',*,*,#2364,.F.);
#3463=ORIENTED_EDGE('',*,*,#2368,.T.);
#3464=ORIENTED_EDGE('',*,*,#2369,.F.);
#3465=ORIENTED_EDGE('',*,*,#2368,.F.);
#3466=ORIENTED_EDGE('',*,*,#2365,.F.);
#3467=ORIENTED_EDGE('',*,*,#2370,.T.);
#3468=ORIENTED_EDGE('',*,*,#2371,.F.);
#3469=ORIENTED_EDGE('',*,*,#2370,.F.);
#3470=ORIENTED_EDGE('',*,*,#2366,.F.);
#3471=ORIENTED_EDGE('',*,*,#2372,.T.);
#3472=ORIENTED_EDGE('',*,*,#2373,.F.);
#3473=ORIENTED_EDGE('',*,*,#2372,.F.);
#3474=ORIENTED_EDGE('',*,*,#2367,.F.);
#3475=ORIENTED_EDGE('',*,*,#2374,.T.);
#3476=ORIENTED_EDGE('',*,*,#2375,.F.);
#3477=ORIENTED_EDGE('',*,*,#2374,.F.);
#3478=ORIENTED_EDGE('',*,*,#2376,.F.);
#3479=ORIENTED_EDGE('',*,*,#2377,.T.);
#3480=ORIENTED_EDGE('',*,*,#2361,.F.);
#3481=ORIENTED_EDGE('',*,*,#2378,.F.);
#3482=ORIENTED_EDGE('',*,*,#2379,.F.);
#3483=ORIENTED_EDGE('',*,*,#2378,.T.);
#3484=ORIENTED_EDGE('',*,*,#2360,.F.);
#3485=ORIENTED_EDGE('',*,*,#2380,.F.);
#3486=ORIENTED_EDGE('',*,*,#2381,.F.);
#3487=ORIENTED_EDGE('',*,*,#2380,.T.);
#3488=ORIENTED_EDGE('',*,*,#2359,.F.);
#3489=ORIENTED_EDGE('',*,*,#2382,.F.);
#3490=ORIENTED_EDGE('',*,*,#2375,.T.);
#3491=ORIENTED_EDGE('',*,*,#2373,.T.);
#3492=ORIENTED_EDGE('',*,*,#2371,.T.);
#3493=ORIENTED_EDGE('',*,*,#2369,.T.);
#3494=ORIENTED_EDGE('',*,*,#2318,.F.);
#3495=ORIENTED_EDGE('',*,*,#2363,.F.);
#3496=ORIENTED_EDGE('',*,*,#2313,.F.);
#3497=ORIENTED_EDGE('',*,*,#2320,.F.);
#3498=ORIENTED_EDGE('',*,*,#2339,.F.);
#3499=ORIENTED_EDGE('',*,*,#2357,.F.);
#3500=ORIENTED_EDGE('',*,*,#2346,.F.);
#3501=ORIENTED_EDGE('',*,*,#2348,.F.);
#3502=ORIENTED_EDGE('',*,*,#2349,.F.);
#3503=ORIENTED_EDGE('',*,*,#2383,.F.);
#3504=ORIENTED_EDGE('',*,*,#2384,.F.);
#3505=ORIENTED_EDGE('',*,*,#2382,.T.);
#3506=ORIENTED_EDGE('',*,*,#2358,.F.);
#3507=ORIENTED_EDGE('',*,*,#2340,.F.);
#3508=ORIENTED_EDGE('',*,*,#2351,.F.);
#3509=ORIENTED_EDGE('',*,*,#2385,.F.);
#3510=ORIENTED_EDGE('',*,*,#2386,.T.);
#3511=ORIENTED_EDGE('',*,*,#2383,.T.);
#3512=ORIENTED_EDGE('',*,*,#2312,.F.);
#3513=ORIENTED_EDGE('',*,*,#2362,.F.);
#3514=ORIENTED_EDGE('',*,*,#2377,.F.);
#3515=ORIENTED_EDGE('',*,*,#2387,.T.);
#3516=ORIENTED_EDGE('',*,*,#2385,.T.);
#3517=ORIENTED_EDGE('',*,*,#2353,.F.);
#3518=ORIENTED_EDGE('',*,*,#2384,.T.);
#3519=ORIENTED_EDGE('',*,*,#2386,.F.);
#3520=ORIENTED_EDGE('',*,*,#2387,.F.);
#3521=ORIENTED_EDGE('',*,*,#2376,.T.);
#3522=ORIENTED_EDGE('',*,*,#2379,.T.);
#3523=ORIENTED_EDGE('',*,*,#2381,.T.);
#3524=B_SPLINE_SURFACE_WITH_KNOTS('',3,1,((#4489,#4490),(#4491,#4492),(#4493,
#4494),(#4495,#4496),(#4497,#4498)),.UNSPECIFIED.,.F.,.F.,.F.,(4,1,4),(2,
2),(0.,0.0501058864809835,0.0904680334386425),(0.,0.02),.UNSPECIFIED.);
#3525=B_SPLINE_SURFACE_WITH_KNOTS('',3,1,((#4515,#4516),(#4517,#4518),(#4519,
#4520),(#4521,#4522),(#4523,#4524)),.UNSPECIFIED.,.F.,.F.,.F.,(4,1,4),(2,
2),(0.,0.0301307856339455,0.0625994919518499),(0.,0.02),.UNSPECIFIED.);
#3526=B_SPLINE_SURFACE_WITH_KNOTS('',3,1,((#4538,#4539),(#4540,#4541),(#4542,
#4543),(#4544,#4545),(#4546,#4547)),.UNSPECIFIED.,.F.,.F.,.F.,(4,1,4),(2,
2),(0.,0.0260030304018247,0.0538159620328232),(0.,0.02),.UNSPECIFIED.);
#3527=B_SPLINE_SURFACE_WITH_KNOTS('',3,1,((#4561,#4562),(#4563,#4564),(#4565,
#4566),(#4567,#4568),(#4569,#4570)),.UNSPECIFIED.,.F.,.F.,.F.,(4,1,4),(2,
2),(0.,0.0241078976766233,0.0489582005537831),(0.,0.02),.UNSPECIFIED.);
#3528=B_SPLINE_SURFACE_WITH_KNOTS('',3,1,((#4584,#4585),(#4586,#4587),(#4588,
#4589),(#4590,#4591),(#4592,#4593)),.UNSPECIFIED.,.F.,.F.,.F.,(4,1,4),(2,
2),(0.,0.0209052959766831,0.0441470412150363),(0.,0.02),.UNSPECIFIED.);
#3529=B_SPLINE_SURFACE_WITH_KNOTS('',3,1,((#4607,#4608),(#4609,#4610),(#4611,
#4612),(#4613,#4614),(#4615,#4616)),.UNSPECIFIED.,.F.,.F.,.F.,(4,1,4),(2,
2),(0.,0.0213616890335782,0.0417757287399357),(0.,0.02),.UNSPECIFIED.);
#3530=B_SPLINE_SURFACE_WITH_KNOTS('',3,1,((#4630,#4631),(#4632,#4633),(#4634,
#4635),(#4636,#4637),(#4638,#4639)),.UNSPECIFIED.,.F.,.F.,.F.,(4,1,4),(2,
2),(0.,0.0460101143249325,0.076236819793081),(0.,0.02),.UNSPECIFIED.);
#3531=B_SPLINE_SURFACE_WITH_KNOTS('',3,1,((#4653,#4654),(#4655,#4656),(#4657,
#4658),(#4659,#4660),(#4661,#4662)),.UNSPECIFIED.,.F.,.F.,.F.,(4,1,4),(2,
2),(0.,0.0152108666071834,0.0451665428233868),(0.,0.02),.UNSPECIFIED.);
#3532=B_SPLINE_SURFACE_WITH_KNOTS('',3,1,((#4676,#4677),(#4678,#4679),(#4680,
#4681),(#4682,#4683),(#4684,#4685)),.UNSPECIFIED.,.F.,.F.,.F.,(4,1,4),(2,
2),(0.,0.0105686171838878,0.023139975950417),(0.,0.02),.UNSPECIFIED.);
#3533=B_SPLINE_SURFACE_WITH_KNOTS('',3,1,((#4699,#4700),(#4701,#4702),(#4703,
#4704),(#4705,#4706),(#4707,#4708)),.UNSPECIFIED.,.F.,.F.,.F.,(4,1,4),(2,
2),(0.,0.00919558016653783,0.0184777879050703),(0.,0.02),.UNSPECIFIED.);
#3534=B_SPLINE_SURFACE_WITH_KNOTS('',3,1,((#4722,#4723),(#4724,#4725),(#4726,
#4727),(#4728,#4729),(#4730,#4731)),.UNSPECIFIED.,.F.,.F.,.F.,(4,1,4),(2,
2),(0.,0.0162806731132211,0.0307900855289827),(0.,0.02),.UNSPECIFIED.);
#3535=B_SPLINE_SURFACE_WITH_KNOTS('',3,1,((#4745,#4746),(#4747,#4748),(#4749,
#4750),(#4751,#4752),(#4753,#4754)),.UNSPECIFIED.,.F.,.F.,.F.,(4,1,4),(2,
2),(0.,0.0291250401736118,0.0501736983204275),(0.,0.02),.UNSPECIFIED.);
#3536=B_SPLINE_SURFACE_WITH_KNOTS('',3,1,((#4768,#4769),(#4770,#4771),(#4772,
#4773),(#4774,#4775),(#4776,#4777)),.UNSPECIFIED.,.F.,.F.,.F.,(4,1,4),(2,
2),(0.,0.0211404760539032,0.0467427714903001),(0.,0.02),.UNSPECIFIED.);
#3537=B_SPLINE_SURFACE_WITH_KNOTS('',3,1,((#4791,#4792),(#4793,#4794),(#4795,
#4796),(#4797,#4798),(#4799,#4800)),.UNSPECIFIED.,.F.,.F.,.F.,(4,1,4),(2,
2),(0.,0.0209143613458219,0.0404998938787773),(0.,0.02),.UNSPECIFIED.);
#3538=B_SPLINE_SURFACE_WITH_KNOTS('',3,1,((#4820,#4821),(#4822,#4823),(#4824,
#4825),(#4826,#4827),(#4828,#4829)),.UNSPECIFIED.,.F.,.F.,.F.,(4,1,4),(2,
2),(0.,0.0221833495502129,0.0482907883404929),(0.,0.02),.UNSPECIFIED.);
#3539=B_SPLINE_SURFACE_WITH_KNOTS('',3,1,((#4843,#4844),(#4845,#4846),(#4847,
#4848),(#4849,#4850),(#4851,#4852)),.UNSPECIFIED.,.F.,.F.,.F.,(4,1,4),(2,
2),(0.,0.025214992964978,0.0469245392552442),(0.,0.02),.UNSPECIFIED.);
#3540=B_SPLINE_SURFACE_WITH_KNOTS('',3,1,((#4866,#4867),(#4868,#4869),(#4870,
#4871),(#4872,#4873),(#4874,#4875)),.UNSPECIFIED.,.F.,.F.,.F.,(4,1,4),(2,
2),(0.,0.0321199412687051,0.0609422680653401),(0.,0.02),.UNSPECIFIED.);
#3541=B_SPLINE_SURFACE_WITH_KNOTS('',3,1,((#4889,#4890),(#4891,#4892),(#4893,
#4894),(#4895,#4896),(#4897,#4898)),.UNSPECIFIED.,.F.,.F.,.F.,(4,1,4),(2,
2),(0.,0.0209647837102618,0.0429442227776647),(0.,0.02),.UNSPECIFIED.);
#3542=B_SPLINE_SURFACE_WITH_KNOTS('',3,1,((#4912,#4913),(#4914,#4915),(#4916,
#4917),(#4918,#4919),(#4920,#4921)),.UNSPECIFIED.,.F.,.F.,.F.,(4,1,4),(2,
2),(0.,0.0156313724987349,0.0344932690478314),(0.,0.02),.UNSPECIFIED.);
#3543=B_SPLINE_SURFACE_WITH_KNOTS('',3,1,((#4935,#4936),(#4937,#4938),(#4939,
#4940),(#4941,#4942),(#4943,#4944)),.UNSPECIFIED.,.F.,.F.,.F.,(4,1,4),(2,
2),(0.,0.018382590343275,0.036784973341367),(0.,0.02),.UNSPECIFIED.);
#3544=B_SPLINE_SURFACE_WITH_KNOTS('',3,1,((#4958,#4959),(#4960,#4961),(#4962,
#4963),(#4964,#4965),(#4966,#4967)),.UNSPECIFIED.,.F.,.F.,.F.,(4,1,4),(2,
2),(0.,0.0187875120197484,0.0372506863393127),(0.,0.02),.UNSPECIFIED.);
#3545=B_SPLINE_SURFACE_WITH_KNOTS('',3,1,((#4981,#4982),(#4983,#4984),(#4985,
#4986),(#4987,#4988),(#4989,#4990)),.UNSPECIFIED.,.F.,.F.,.F.,(4,1,4),(2,
2),(0.,0.0202069720883615,0.0407459578467252),(0.,0.02),.UNSPECIFIED.);
#3546=B_SPLINE_SURFACE_WITH_KNOTS('',3,1,((#5004,#5005),(#5006,#5007),(#5008,
#5009),(#5010,#5011),(#5012,#5013)),.UNSPECIFIED.,.F.,.F.,.F.,(4,1,4),(2,
2),(0.,0.0218533230689566,0.0424220811466384),(0.,0.02),.UNSPECIFIED.);
#3547=B_SPLINE_SURFACE_WITH_KNOTS('',3,1,((#5027,#5028),(#5029,#5030),(#5031,
#5032),(#5033,#5034),(#5035,#5036)),.UNSPECIFIED.,.F.,.F.,.F.,(4,1,4),(2,
2),(0.,0.047473035042093,0.0785975720250917),(0.,0.02),.UNSPECIFIED.);
#3548=B_SPLINE_SURFACE_WITH_KNOTS('',3,1,((#5050,#5051),(#5052,#5053),(#5054,
#5055),(#5056,#5057),(#5058,#5059)),.UNSPECIFIED.,.F.,.F.,.F.,(4,1,4),(2,
2),(0.,0.0191050901587307,0.052986234526247),(0.,0.02),.UNSPECIFIED.);
#3549=B_SPLINE_SURFACE_WITH_KNOTS('',3,1,((#5073,#5074),(#5075,#5076),(#5077,
#5078),(#5079,#5080),(#5081,#5082)),.UNSPECIFIED.,.F.,.F.,.F.,(4,1,4),(2,
2),(0.,0.0153035635226869,0.0309831716238995),(0.,0.02),.UNSPECIFIED.);
#3550=B_SPLINE_SURFACE_WITH_KNOTS('',3,1,((#5096,#5097),(#5098,#5099),(#5100,
#5101),(#5102,#5103),(#5104,#5105)),.UNSPECIFIED.,.F.,.F.,.F.,(4,1,4),(2,
2),(0.,0.0193633275006722,0.0371994574720609),(0.,0.02),.UNSPECIFIED.);
#3551=B_SPLINE_SURFACE_WITH_KNOTS('',3,1,((#5119,#5120),(#5121,#5122),(#5123,
#5124),(#5125,#5126),(#5127,#5128)),.UNSPECIFIED.,.F.,.F.,.F.,(4,1,4),(2,
2),(0.,0.0296686044709656,0.0528377063845328),(0.,0.02),.UNSPECIFIED.);
#3552=B_SPLINE_SURFACE_WITH_KNOTS('',3,1,((#5142,#5143),(#5144,#5145),(#5146,
#5147),(#5148,#5149),(#5150,#5151)),.UNSPECIFIED.,.F.,.F.,.F.,(4,1,4),(2,
2),(0.,0.0252621646999636,0.0553574748723738),(0.,0.02),.UNSPECIFIED.);
#3553=B_SPLINE_SURFACE_WITH_KNOTS('',3,1,((#5165,#5166),(#5167,#5168),(#5169,
#5170),(#5171,#5172),(#5173,#5174)),.UNSPECIFIED.,.F.,.F.,.F.,(4,1,4),(2,
2),(0.,0.0269217606317888,0.0511256612240814),(0.,0.02),.UNSPECIFIED.);
#3554=B_SPLINE_SURFACE_WITH_KNOTS('',3,1,((#5194,#5195),(#5196,#5197),(#5198,
#5199),(#5200,#5201),(#5202,#5203)),.UNSPECIFIED.,.F.,.F.,.F.,(4,1,4),(2,
2),(0.,0.037900157288856,0.0805564343177688),(0.,0.02),.UNSPECIFIED.);
#3555=B_SPLINE_SURFACE_WITH_KNOTS('',3,1,((#5277,#5278),(#5279,#5280),(#5281,
#5282),(#5283,#5284),(#5285,#5286)),.UNSPECIFIED.,.F.,.F.,.F.,(4,1,4),(2,
2),(0.,0.0214381102141819,0.0500195430024939),(0.,0.02),.UNSPECIFIED.);
#3556=B_SPLINE_SURFACE_WITH_KNOTS('',3,1,((#5303,#5304),(#5305,#5306),(#5307,
#5308),(#5309,#5310),(#5311,#5312)),.UNSPECIFIED.,.F.,.F.,.F.,(4,1,4),(2,
2),(0.,0.0241555052698486,0.0475706624012874),(0.,0.02),.UNSPECIFIED.);
#3557=B_SPLINE_SURFACE_WITH_KNOTS('',3,1,((#5326,#5327),(#5328,#5329),(#5330,
#5331),(#5332,#5333),(#5334,#5335)),.UNSPECIFIED.,.F.,.F.,.F.,(4,1,4),(2,
2),(0.,0.0269867394455824,0.0524220547425963),(0.,0.02),.UNSPECIFIED.);
#3558=B_SPLINE_SURFACE_WITH_KNOTS('',3,1,((#5349,#5350),(#5351,#5352),(#5353,
#5354),(#5355,#5356),(#5357,#5358)),.UNSPECIFIED.,.F.,.F.,.F.,(4,1,4),(2,
2),(0.,0.0207829260441035,0.0461992436822509),(0.,0.02),.UNSPECIFIED.);
#3559=B_SPLINE_SURFACE_WITH_KNOTS('',3,1,((#5372,#5373),(#5374,#5375),(#5376,
#5377),(#5378,#5379),(#5380,#5381)),.UNSPECIFIED.,.F.,.F.,.F.,(4,1,4),(2,
2),(0.,0.0183879696150916,0.0368669259080695),(0.,0.02),.UNSPECIFIED.);
#3560=B_SPLINE_SURFACE_WITH_KNOTS('',3,1,((#5395,#5396),(#5397,#5398),(#5399,
#5400),(#5401,#5402),(#5403,#5404)),.UNSPECIFIED.,.F.,.F.,.F.,(4,1,4),(2,
2),(0.,0.0122082228842639,0.0245706273825149),(0.,0.02),.UNSPECIFIED.);
#3561=B_SPLINE_SURFACE_WITH_KNOTS('',3,1,((#5418,#5419),(#5420,#5421),(#5422,
#5423),(#5424,#5425),(#5426,#5427)),.UNSPECIFIED.,.F.,.F.,.F.,(4,1,4),(2,
2),(0.,0.0129911934369932,0.0253829049875095),(0.,0.02),.UNSPECIFIED.);
#3562=B_SPLINE_SURFACE_WITH_KNOTS('',3,1,((#5441,#5442),(#5443,#5444),(#5445,
#5446),(#5447,#5448),(#5449,#5450)),.UNSPECIFIED.,.F.,.F.,.F.,(4,1,4),(2,
2),(0.,0.0262655038353866,0.0440239899229426),(0.,0.02),.UNSPECIFIED.);
#3563=B_SPLINE_SURFACE_WITH_KNOTS('',3,1,((#5464,#5465),(#5466,#5467),(#5468,
#5469),(#5470,#5471),(#5472,#5473)),.UNSPECIFIED.,.F.,.F.,.F.,(4,1,4),(2,
2),(0.,0.0349157223225691,0.0824679749219661),(0.,0.02),.UNSPECIFIED.);
#3564=B_SPLINE_SURFACE_WITH_KNOTS('',3,1,((#5499,#5500),(#5501,#5502),(#5503,
#5504),(#5505,#5506),(#5507,#5508)),.UNSPECIFIED.,.F.,.F.,.F.,(4,1,4),(2,
2),(0.,0.0183735155814206,0.0370708052612177),(0.,0.02),.UNSPECIFIED.);
#3565=B_SPLINE_SURFACE_WITH_KNOTS('',3,1,((#5522,#5523),(#5524,#5525),(#5526,
#5527),(#5528,#5529),(#5530,#5531)),.UNSPECIFIED.,.F.,.F.,.F.,(4,1,4),(2,
2),(0.,0.0559059575942002,0.086725833700376),(0.,0.02),.UNSPECIFIED.);
#3566=B_SPLINE_SURFACE_WITH_KNOTS('',3,1,((#5551,#5552),(#5553,#5554),(#5555,
#5556),(#5557,#5558),(#5559,#5560)),.UNSPECIFIED.,.F.,.F.,.F.,(4,1,4),(2,
2),(0.,0.017695038819937,0.0453962468666059),(0.,0.02),.UNSPECIFIED.);
#3567=B_SPLINE_SURFACE_WITH_KNOTS('',3,1,((#5574,#5575),(#5576,#5577),(#5578,
#5579),(#5580,#5581),(#5582,#5583)),.UNSPECIFIED.,.F.,.F.,.F.,(4,1,4),(2,
2),(0.,0.0176137902064585,0.0370171474367986),(0.,0.02),.UNSPECIFIED.);
#3568=B_SPLINE_SURFACE_WITH_KNOTS('',3,1,((#5597,#5598),(#5599,#5600),(#5601,
#5602),(#5603,#5604),(#5605,#5606)),.UNSPECIFIED.,.F.,.F.,.F.,(4,1,4),(2,
2),(0.,0.022407200494803,0.0409041839385696),(0.,0.02),.UNSPECIFIED.);
#3569=B_SPLINE_SURFACE_WITH_KNOTS('',3,1,((#5620,#5621),(#5622,#5623),(#5624,
#5625),(#5626,#5627),(#5628,#5629)),.UNSPECIFIED.,.F.,.F.,.F.,(4,1,4),(2,
2),(0.,0.0336997098033708,0.0611630121646987),(0.,0.02),.UNSPECIFIED.);
#3570=B_SPLINE_SURFACE_WITH_KNOTS('',3,1,((#5643,#5644),(#5645,#5646),(#5647,
#5648),(#5649,#5650),(#5651,#5652)),.UNSPECIFIED.,.F.,.F.,.F.,(4,1,4),(2,
2),(0.,0.0315742464464931,0.0667969207373995),(0.,0.02),.UNSPECIFIED.);
#3571=B_SPLINE_SURFACE_WITH_KNOTS('',3,1,((#5666,#5667),(#5668,#5669),(#5670,
#5671),(#5672,#5673),(#5674,#5675)),.UNSPECIFIED.,.F.,.F.,.F.,(4,1,4),(2,
2),(0.,0.0248650979909218,0.0528085275060579),(0.,0.02),.UNSPECIFIED.);
#3572=B_SPLINE_SURFACE_WITH_KNOTS('',3,1,((#5689,#5690),(#5691,#5692),(#5693,
#5694),(#5695,#5696),(#5697,#5698)),.UNSPECIFIED.,.F.,.F.,.F.,(4,1,4),(2,
2),(0.,0.0291805255375751,0.0546197139369148),(0.,0.02),.UNSPECIFIED.);
#3573=B_SPLINE_SURFACE_WITH_KNOTS('',3,1,((#5718,#5719),(#5720,#5721),(#5722,
#5723),(#5724,#5725),(#5726,#5727)),.UNSPECIFIED.,.F.,.F.,.F.,(4,1,4),(2,
2),(0.,0.0221111689534247,0.0501389839538169),(0.,0.02),.UNSPECIFIED.);
#3574=B_SPLINE_SURFACE_WITH_KNOTS('',3,1,((#5741,#5742),(#5743,#5744),(#5745,
#5746),(#5747,#5748),(#5749,#5750)),.UNSPECIFIED.,.F.,.F.,.F.,(4,1,4),(2,
2),(0.,0.0302685536920279,0.0531980550078259),(0.,0.02),.UNSPECIFIED.);
#3575=B_SPLINE_SURFACE_WITH_KNOTS('',3,1,((#5764,#5765),(#5766,#5767),(#5768,
#5769),(#5770,#5771),(#5772,#5773)),.UNSPECIFIED.,.F.,.F.,.F.,(4,1,4),(2,
2),(0.,0.0265187098242649,0.0593211525326363),(0.,0.02),.UNSPECIFIED.);
#3576=B_SPLINE_SURFACE_WITH_KNOTS('',3,1,((#5787,#5788),(#5789,#5790),(#5791,
#5792),(#5793,#5794),(#5795,#5796)),.UNSPECIFIED.,.F.,.F.,.F.,(4,1,4),(2,
2),(0.,0.0258152494808685,0.0455185109411212),(0.,0.02),.UNSPECIFIED.);
#3577=B_SPLINE_SURFACE_WITH_KNOTS('',3,1,((#5810,#5811),(#5812,#5813),(#5814,
#5815),(#5816,#5817),(#5818,#5819)),.UNSPECIFIED.,.F.,.F.,.F.,(4,1,4),(2,
2),(0.,0.00825623113698721,0.0128270451272029),(0.,0.02),.UNSPECIFIED.);
#3578=B_SPLINE_SURFACE_WITH_KNOTS('',3,1,((#5833,#5834),(#5835,#5836),(#5837,
#5838),(#5839,#5840),(#5841,#5842)),.UNSPECIFIED.,.F.,.F.,.F.,(4,1,4),(2,
2),(0.,0.0522193110404341,0.089311455348097),(0.,0.02),.UNSPECIFIED.);
#3579=B_SPLINE_SURFACE_WITH_KNOTS('',3,1,((#5856,#5857),(#5858,#5859),(#5860,
#5861),(#5862,#5863),(#5864,#5865)),.UNSPECIFIED.,.F.,.F.,.F.,(4,1,4),(2,
2),(0.,0.018528515274044,0.0442949145813921),(0.,0.02),.UNSPECIFIED.);
#3580=B_SPLINE_SURFACE_WITH_KNOTS('',3,1,((#5879,#5880),(#5881,#5882),(#5883,
#5884),(#5885,#5886),(#5887,#5888)),.UNSPECIFIED.,.F.,.F.,.F.,(4,1,4),(2,
2),(0.,0.0191178221120879,0.038958576710533),(0.,0.02),.UNSPECIFIED.);
#3581=B_SPLINE_SURFACE_WITH_KNOTS('',3,1,((#5902,#5903),(#5904,#5905),(#5906,
#5907),(#5908,#5909),(#5910,#5911)),.UNSPECIFIED.,.F.,.F.,.F.,(4,1,4),(2,
2),(0.,0.0194079520267744,0.038238427823478),(0.,0.02),.UNSPECIFIED.);
#3582=B_SPLINE_SURFACE_WITH_KNOTS('',3,1,((#5925,#5926),(#5927,#5928),(#5929,
#5930),(#5931,#5932),(#5933,#5934)),.UNSPECIFIED.,.F.,.F.,.F.,(4,1,4),(2,
2),(0.,0.0205050256084784,0.0403986886735882),(0.,0.02),.UNSPECIFIED.);
#3583=B_SPLINE_SURFACE_WITH_KNOTS('',3,1,((#5948,#5949),(#5950,#5951),(#5952,
#5953),(#5954,#5955),(#5956,#5957)),.UNSPECIFIED.,.F.,.F.,.F.,(4,1,4),(2,
2),(0.,0.0328013472759324,0.0664667236473917),(0.,0.02),.UNSPECIFIED.);
#3584=B_SPLINE_SURFACE_WITH_KNOTS('',3,1,((#5971,#5972),(#5973,#5974),(#5975,
#5976),(#5977,#5978),(#5979,#5980)),.UNSPECIFIED.,.F.,.F.,.F.,(4,1,4),(2,
2),(0.,0.0426246962429531,0.078372433739377),(0.,0.02),.UNSPECIFIED.);
#3585=B_SPLINE_SURFACE_WITH_KNOTS('',3,1,((#5994,#5995),(#5996,#5997),(#5998,
#5999),(#6000,#6001),(#6002,#6003)),.UNSPECIFIED.,.F.,.F.,.F.,(4,1,4),(2,
2),(0.,0.0271224259273493,0.0552253256778374),(0.,0.02),.UNSPECIFIED.);
#3586=B_SPLINE_SURFACE_WITH_KNOTS('',3,1,((#6017,#6018),(#6019,#6020),(#6021,
#6022),(#6023,#6024),(#6025,#6026)),.UNSPECIFIED.,.F.,.F.,.F.,(4,1,4),(2,
2),(0.,0.033288643294749,0.0621166830882631),(0.,0.02),.UNSPECIFIED.);
#3587=B_SPLINE_SURFACE_WITH_KNOTS('',3,1,((#6040,#6041),(#6042,#6043),(#6044,
#6045),(#6046,#6047),(#6048,#6049)),.UNSPECIFIED.,.F.,.F.,.F.,(4,1,4),(2,
2),(0.,0.0177239235351617,0.037217141494298),(0.,0.02),.UNSPECIFIED.);
#3588=B_SPLINE_SURFACE_WITH_KNOTS('',3,1,((#6070,#6071),(#6072,#6073),(#6074,
#6075),(#6076,#6077),(#6078,#6079)),.UNSPECIFIED.,.F.,.F.,.F.,(4,1,4),(2,
2),(0.,0.019216437073666,0.0495841262163778),(0.,0.02),.UNSPECIFIED.);
#3589=B_SPLINE_SURFACE_WITH_KNOTS('',3,1,((#6093,#6094),(#6095,#6096),(#6097,
#6098),(#6099,#6100),(#6101,#6102)),.UNSPECIFIED.,.F.,.F.,.F.,(4,1,4),(2,
2),(0.,0.0208854194430583,0.041559942249103),(0.,0.02),.UNSPECIFIED.);
#3590=B_SPLINE_SURFACE_WITH_KNOTS('',3,1,((#6116,#6117),(#6118,#6119),(#6120,
#6121),(#6122,#6123),(#6124,#6125)),.UNSPECIFIED.,.F.,.F.,.F.,(4,1,4),(2,
2),(0.,0.0235095886720967,0.0453688502518991),(0.,0.02),.UNSPECIFIED.);
#3591=B_SPLINE_SURFACE_WITH_KNOTS('',3,1,((#6139,#6140),(#6141,#6142),(#6143,
#6144),(#6145,#6146),(#6147,#6148)),.UNSPECIFIED.,.F.,.F.,.F.,(4,1,4),(2,
2),(0.,0.0281031249256627,0.0593355193744301),(0.,0.02),.UNSPECIFIED.);
#3592=B_SPLINE_SURFACE_WITH_KNOTS('',3,1,((#6162,#6163),(#6164,#6165),(#6166,
#6167),(#6168,#6169),(#6170,#6171)),.UNSPECIFIED.,.F.,.F.,.F.,(4,1,4),(2,
2),(0.,0.0441199400595291,0.0764563828566252),(0.,0.02),.UNSPECIFIED.);
#3593=B_SPLINE_SURFACE_WITH_KNOTS('',3,1,((#6209,#6210),(#6211,#6212),(#6213,
#6214),(#6215,#6216),(#6217,#6218)),.UNSPECIFIED.,.F.,.F.,.F.,(4,1,4),(2,
2),(0.,0.0527120008187687,0.12501359196536),(0.,0.02),.UNSPECIFIED.);
#3594=B_SPLINE_SURFACE_WITH_KNOTS('',3,1,((#6232,#6233),(#6234,#6235),(#6236,
#6237),(#6238,#6239),(#6240,#6241)),.UNSPECIFIED.,.F.,.F.,.F.,(4,1,4),(2,
2),(0.,0.0477953073089095,0.0939915984397311),(0.,0.02),.UNSPECIFIED.);
#3595=B_SPLINE_SURFACE_WITH_KNOTS('',3,1,((#6255,#6256),(#6257,#6258),(#6259,
#6260),(#6261,#6262),(#6263,#6264)),.UNSPECIFIED.,.F.,.F.,.F.,(4,1,4),(2,
2),(0.,0.0276027084702946,0.0562767929712902),(0.,0.02),.UNSPECIFIED.);
#3596=B_SPLINE_SURFACE_WITH_KNOTS('',3,1,((#6278,#6279),(#6280,#6281),(#6282,
#6283),(#6284,#6285),(#6286,#6287)),.UNSPECIFIED.,.F.,.F.,.F.,(4,1,4),(2,
2),(0.,0.0244273245417344,0.0506067048245201),(0.,0.02),.UNSPECIFIED.);
#3597=B_SPLINE_SURFACE_WITH_KNOTS('',3,1,((#6301,#6302),(#6303,#6304),(#6305,
#6306),(#6307,#6308),(#6309,#6310)),.UNSPECIFIED.,.F.,.F.,.F.,(4,1,4),(2,
2),(0.,0.0280028704632078,0.0531269574497465),(0.,0.02),.UNSPECIFIED.);
#3598=B_SPLINE_SURFACE_WITH_KNOTS('',3,1,((#6324,#6325),(#6326,#6327),(#6328,
#6329),(#6330,#6331),(#6332,#6333)),.UNSPECIFIED.,.F.,.F.,.F.,(4,1,4),(2,
2),(0.,0.0351426443779997,0.061017925594712),(0.,0.02),.UNSPECIFIED.);
#3599=B_SPLINE_SURFACE_WITH_KNOTS('',3,1,((#6363,#6364),(#6365,#6366),(#6367,
#6368),(#6369,#6370),(#6371,#6372)),.UNSPECIFIED.,.F.,.F.,.F.,(4,1,4),(2,
2),(0.,0.0307822783351084,0.0625666830927302),(0.,0.02),.UNSPECIFIED.);
#3600=B_SPLINE_SURFACE_WITH_KNOTS('',3,1,((#6389,#6390),(#6391,#6392),(#6393,
#6394),(#6395,#6396),(#6397,#6398)),.UNSPECIFIED.,.F.,.F.,.F.,(4,1,4),(2,
2),(0.,0.0330154557025875,0.0646895664016476),(0.,0.02),.UNSPECIFIED.);
#3601=B_SPLINE_SURFACE_WITH_KNOTS('',3,1,((#6412,#6413),(#6414,#6415),(#6416,
#6417),(#6418,#6419),(#6420,#6421)),.UNSPECIFIED.,.F.,.F.,.F.,(4,1,4),(2,
2),(0.,0.0518862200258535,0.0915482833461465),(0.,0.02),.UNSPECIFIED.);
#3602=B_SPLINE_SURFACE_WITH_KNOTS('',3,1,((#6435,#6436),(#6437,#6438),(#6439,
#6440),(#6441,#6442),(#6443,#6444)),.UNSPECIFIED.,.F.,.F.,.F.,(4,1,4),(2,
2),(0.,0.0372939488484093,0.0847298548205419),(0.,0.02),.UNSPECIFIED.);
#3603=B_SPLINE_SURFACE_WITH_KNOTS('',3,1,((#6458,#6459),(#6460,#6461),(#6462,
#6463),(#6464,#6465),(#6466,#6467)),.UNSPECIFIED.,.F.,.F.,.F.,(4,1,4),(2,
2),(0.,0.0304936318271305,0.0622987935456008),(0.,0.02),.UNSPECIFIED.);
#3604=B_SPLINE_SURFACE_WITH_KNOTS('',3,1,((#6481,#6482),(#6483,#6484),(#6485,
#6486),(#6487,#6488),(#6489,#6490)),.UNSPECIFIED.,.F.,.F.,.F.,(4,1,4),(2,
2),(0.,0.0328863601209725,0.0634813805561939),(0.,0.02),.UNSPECIFIED.);
#3605=B_SPLINE_SURFACE_WITH_KNOTS('',3,1,((#6504,#6505),(#6506,#6507),(#6508,
#6509),(#6510,#6511),(#6512,#6513)),.UNSPECIFIED.,.F.,.F.,.F.,(4,1,4),(2,
2),(0.,0.0489881713041644,0.0877923989837148),(0.,0.02),.UNSPECIFIED.);
#3606=B_SPLINE_SURFACE_WITH_KNOTS('',3,1,((#6527,#6528),(#6529,#6530),(#6531,
#6532),(#6533,#6534),(#6535,#6536)),.UNSPECIFIED.,.F.,.F.,.F.,(4,1,4),(2,
2),(0.,0.0381837536149982,0.088348783271788),(0.,0.02),.UNSPECIFIED.);
#3607=B_SPLINE_SURFACE_WITH_KNOTS('',3,1,((#6568,#6569),(#6570,#6571),(#6572,
#6573),(#6574,#6575),(#6576,#6577)),.UNSPECIFIED.,.F.,.F.,.F.,(4,1,4),(2,
2),(0.,0.0224964544323122,0.0442943693645618),(0.,0.02),.UNSPECIFIED.);
#3608=B_SPLINE_SURFACE_WITH_KNOTS('',3,1,((#6591,#6592),(#6593,#6594),(#6595,
#6596),(#6597,#6598),(#6599,#6600)),.UNSPECIFIED.,.F.,.F.,.F.,(4,1,4),(2,
2),(0.,0.0249148363113454,0.0483272067759334),(0.,0.02),.UNSPECIFIED.);
#3609=B_SPLINE_SURFACE_WITH_KNOTS('',3,1,((#6614,#6615),(#6616,#6617),(#6618,
#6619),(#6620,#6621),(#6622,#6623)),.UNSPECIFIED.,.F.,.F.,.F.,(4,1,4),(2,
2),(0.,0.033725854882732,0.0680877937068713),(0.,0.02),.UNSPECIFIED.);
#3610=B_SPLINE_SURFACE_WITH_KNOTS('',3,1,((#6637,#6638),(#6639,#6640),(#6641,
#6642),(#6643,#6644),(#6645,#6646)),.UNSPECIFIED.,.F.,.F.,.F.,(4,1,4),(2,
2),(0.,0.0360647515882229,0.07023049840943),(0.,0.02),.UNSPECIFIED.);
#3611=B_SPLINE_SURFACE_WITH_KNOTS('',3,1,((#6660,#6661),(#6662,#6663),(#6664,
#6665),(#6666,#6667),(#6668,#6669)),.UNSPECIFIED.,.F.,.F.,.F.,(4,1,4),(2,
2),(0.,0.0415287194445867,0.0804182110404018),(0.,0.02),.UNSPECIFIED.);
#3612=B_SPLINE_SURFACE_WITH_KNOTS('',3,1,((#6683,#6684),(#6685,#6686),(#6687,
#6688),(#6689,#6690),(#6691,#6692)),.UNSPECIFIED.,.F.,.F.,.F.,(4,1,4),(2,
2),(0.,0.0386990901590789,0.0808053898153938),(0.,0.02),.UNSPECIFIED.);
#3613=B_SPLINE_SURFACE_WITH_KNOTS('',3,1,((#6706,#6707),(#6708,#6709),(#6710,
#6711),(#6712,#6713),(#6714,#6715)),.UNSPECIFIED.,.F.,.F.,.F.,(4,1,4),(2,
2),(0.,0.0344755818997617,0.0704985902315363),(0.,0.02),.UNSPECIFIED.);
#3614=B_SPLINE_SURFACE_WITH_KNOTS('',3,1,((#6729,#6730),(#6731,#6732),(#6733,
#6734),(#6735,#6736),(#6737,#6738)),.UNSPECIFIED.,.F.,.F.,.F.,(4,1,4),(2,
2),(0.,0.0335949750116038,0.0672524568665069),(0.,0.02),.UNSPECIFIED.);
#3615=B_SPLINE_SURFACE_WITH_KNOTS('',3,1,((#6752,#6753),(#6754,#6755),(#6756,
#6757),(#6758,#6759),(#6760,#6761)),.UNSPECIFIED.,.F.,.F.,.F.,(4,1,4),(2,
2),(0.,0.0469470176578821,0.0951654330530856),(0.,0.02),.UNSPECIFIED.);
#3616=B_SPLINE_SURFACE_WITH_KNOTS('',3,1,((#6806,#6807),(#6808,#6809),(#6810,
#6811),(#6812,#6813),(#6814,#6815)),.UNSPECIFIED.,.F.,.F.,.F.,(4,1,4),(2,
2),(0.,0.0246589750088163,0.0574288044240876),(0.,0.02),.UNSPECIFIED.);
#3617=B_SPLINE_SURFACE_WITH_KNOTS('',3,1,((#6829,#6830),(#6831,#6832),(#6833,
#6834),(#6835,#6836),(#6837,#6838)),.UNSPECIFIED.,.F.,.F.,.F.,(4,1,4),(2,
2),(0.,0.0212690874836977,0.0418436563418107),(0.,0.02),.UNSPECIFIED.);
#3618=B_SPLINE_SURFACE_WITH_KNOTS('',3,1,((#6852,#6853),(#6854,#6855),(#6856,
#6857),(#6858,#6859),(#6860,#6861)),.UNSPECIFIED.,.F.,.F.,.F.,(4,1,4),(2,
2),(0.,0.0216051326258258,0.0433837499644386),(0.,0.02),.UNSPECIFIED.);
#3619=B_SPLINE_SURFACE_WITH_KNOTS('',3,1,((#6875,#6876),(#6877,#6878),(#6879,
#6880),(#6881,#6882),(#6883,#6884)),.UNSPECIFIED.,.F.,.F.,.F.,(4,1,4),(2,
2),(0.,0.0187155130803987,0.0392297795322478),(0.,0.02),.UNSPECIFIED.);
#3620=B_SPLINE_SURFACE_WITH_KNOTS('',3,1,((#6898,#6899),(#6900,#6901),(#6902,
#6903),(#6904,#6905),(#6906,#6907)),.UNSPECIFIED.,.F.,.F.,.F.,(4,1,4),(2,
2),(0.,0.018742874225806,0.03681343711012),(0.,0.02),.UNSPECIFIED.);
#3621=B_SPLINE_SURFACE_WITH_KNOTS('',3,1,((#6921,#6922),(#6923,#6924),(#6925,
#6926),(#6927,#6928),(#6929,#6930)),.UNSPECIFIED.,.F.,.F.,.F.,(4,1,4),(2,
2),(0.,0.0322052048541887,0.0519789644336261),(0.,0.02),.UNSPECIFIED.);
#3622=B_SPLINE_SURFACE_WITH_KNOTS('',3,1,((#6962,#6963),(#6964,#6965),(#6966,
#6967),(#6968,#6969),(#6970,#6971)),.UNSPECIFIED.,.F.,.F.,.F.,(4,1,4),(2,
2),(0.,0.0188252960559579,0.0459844468905975),(0.,0.02),.UNSPECIFIED.);
#3623=B_SPLINE_SURFACE_WITH_KNOTS('',3,1,((#6985,#6986),(#6987,#6988),(#6989,
#6990),(#6991,#6992),(#6993,#6994)),.UNSPECIFIED.,.F.,.F.,.F.,(4,1,4),(2,
2),(0.,0.0189155662877464,0.0396761454415789),(0.,0.02),.UNSPECIFIED.);
#3624=B_SPLINE_SURFACE_WITH_KNOTS('',3,1,((#7008,#7009),(#7010,#7011),(#7012,
#7013),(#7014,#7015),(#7016,#7017)),.UNSPECIFIED.,.F.,.F.,.F.,(4,1,4),(2,
2),(0.,0.0223194403300612,0.0415888681622462),(0.,0.02),.UNSPECIFIED.);
#3625=B_SPLINE_SURFACE_WITH_KNOTS('',3,1,((#7031,#7032),(#7033,#7034),(#7035,
#7036),(#7037,#7038),(#7039,#7040)),.UNSPECIFIED.,.F.,.F.,.F.,(4,1,4),(2,
2),(0.,0.0249166624804382,0.0491534574767369),(0.,0.02),.UNSPECIFIED.);
#3626=B_SPLINE_SURFACE_WITH_KNOTS('',3,1,((#7054,#7055),(#7056,#7057),(#7058,
#7059),(#7060,#7061),(#7062,#7063)),.UNSPECIFIED.,.F.,.F.,.F.,(4,1,4),(2,
2),(0.,0.0543062821923386,0.107781328193758),(0.,0.02),.UNSPECIFIED.);
#3627=B_SPLINE_SURFACE_WITH_KNOTS('',3,1,((#7087,#7088),(#7089,#7090),(#7091,
#7092),(#7093,#7094),(#7095,#7096)),.UNSPECIFIED.,.F.,.F.,.F.,(4,1,4),(2,
2),(0.,0.0531685764836824,0.10621046939181),(0.,0.02),.UNSPECIFIED.);
#3628=B_SPLINE_SURFACE_WITH_KNOTS('',3,1,((#7113,#7114),(#7115,#7116),(#7117,
#7118),(#7119,#7120),(#7121,#7122)),.UNSPECIFIED.,.F.,.F.,.F.,(4,1,4),(2,
2),(0.,0.0369327097041394,0.0748847276623235),(0.,0.02),.UNSPECIFIED.);
#3629=B_SPLINE_SURFACE_WITH_KNOTS('',3,1,((#7136,#7137),(#7138,#7139),(#7140,
#7141),(#7142,#7143),(#7144,#7145)),.UNSPECIFIED.,.F.,.F.,.F.,(4,1,4),(2,
2),(0.,0.0381918866435196,0.0751413393390444),(0.,0.02),.UNSPECIFIED.);
#3630=B_SPLINE_SURFACE_WITH_KNOTS('',3,1,((#7159,#7160),(#7161,#7162),(#7163,
#7164),(#7165,#7166),(#7167,#7168)),.UNSPECIFIED.,.F.,.F.,.F.,(4,1,4),(2,
2),(0.,0.0459224796618699,0.0873452682717938),(0.,0.02),.UNSPECIFIED.);
#3631=B_SPLINE_SURFACE_WITH_KNOTS('',3,1,((#7182,#7183),(#7184,#7185),(#7186,
#7187),(#7188,#7189),(#7190,#7191)),.UNSPECIFIED.,.F.,.F.,.F.,(4,1,4),(2,
2),(0.,0.058489235375737,0.127584213929608),(0.,0.02),.UNSPECIFIED.);
#3632=B_SPLINE_SURFACE_WITH_KNOTS('',3,1,((#7205,#7206),(#7207,#7208),(#7209,
#7210),(#7211,#7212),(#7213,#7214)),.UNSPECIFIED.,.F.,.F.,.F.,(4,1,4),(2,
2),(0.,0.0554716864105456,0.109508008761733),(0.,0.02),.UNSPECIFIED.);
#3633=B_SPLINE_SURFACE_WITH_KNOTS('',3,1,((#7228,#7229),(#7230,#7231),(#7232,
#7233),(#7234,#7235),(#7236,#7237)),.UNSPECIFIED.,.F.,.F.,.F.,(4,1,4),(2,
2),(0.,0.0538022229419613,0.108517770535321),(0.,0.02),.UNSPECIFIED.);
#3634=B_SPLINE_SURFACE_WITH_KNOTS('',3,1,((#7251,#7252),(#7253,#7254),(#7255,
#7256),(#7257,#7258),(#7259,#7260)),.UNSPECIFIED.,.F.,.F.,.F.,(4,1,4),(2,
2),(0.,0.065358501620706,0.122623295377612),(0.,0.02),.UNSPECIFIED.);
#3635=B_SPLINE_SURFACE_WITH_KNOTS('',3,1,((#7274,#7275),(#7276,#7277),(#7278,
#7279),(#7280,#7281),(#7282,#7283)),.UNSPECIFIED.,.F.,.F.,.F.,(4,1,4),(2,
2),(0.,0.0598273593520951,0.137874950974825),(0.,0.02),.UNSPECIFIED.);
#3636=B_SPLINE_SURFACE_WITH_KNOTS('',3,1,((#7294,#7295),(#7296,#7297),(#7298,
#7299),(#7300,#7301),(#7302,#7303)),.UNSPECIFIED.,.F.,.F.,.F.,(4,1,4),(2,
2),(0.,0.050682568289843,0.101517605185041),(0.,0.02),.UNSPECIFIED.);
#3637=B_SPLINE_SURFACE_WITH_KNOTS('',3,1,((#7320,#7321),(#7322,#7323),(#7324,
#7325),(#7326,#7327),(#7328,#7329)),.UNSPECIFIED.,.F.,.F.,.F.,(4,1,4),(2,
2),(0.,0.0539121413523234,0.105610781513174),(0.,0.02),.UNSPECIFIED.);
#3638=B_SPLINE_SURFACE_WITH_KNOTS('',3,1,((#7343,#7344),(#7345,#7346),(#7347,
#7348),(#7349,#7350),(#7351,#7352)),.UNSPECIFIED.,.F.,.F.,.F.,(4,1,4),(2,
2),(0.,0.0503255368792334,0.10104370277379),(0.,0.02),.UNSPECIFIED.);
#3639=B_SPLINE_SURFACE_WITH_KNOTS('',3,1,((#7366,#7367),(#7368,#7369),(#7370,
#7371),(#7372,#7373),(#7374,#7375)),.UNSPECIFIED.,.F.,.F.,.F.,(4,1,4),(2,
2),(0.,0.0515794049342273,0.101820402282571),(0.,0.02),.UNSPECIFIED.);
#3640=B_SPLINE_SURFACE_WITH_KNOTS('',3,1,((#7389,#7390),(#7391,#7392),(#7393,
#7394),(#7395,#7396),(#7397,#7398)),.UNSPECIFIED.,.F.,.F.,.F.,(4,1,4),(2,
2),(0.,0.0579658530140974,0.11240380573104),(0.,0.02),.UNSPECIFIED.);
#3641=B_SPLINE_SURFACE_WITH_KNOTS('',3,1,((#7412,#7413),(#7414,#7415),(#7416,
#7417),(#7418,#7419),(#7420,#7421)),.UNSPECIFIED.,.F.,.F.,.F.,(4,1,4),(2,
2),(0.,0.0534561327589062,0.110609802981519),(0.,0.02),.UNSPECIFIED.);
#3642=B_SPLINE_SURFACE_WITH_KNOTS('',3,1,((#7435,#7436),(#7437,#7438),(#7439,
#7440),(#7441,#7442),(#7443,#7444)),.UNSPECIFIED.,.F.,.F.,.F.,(4,1,4),(2,
2),(0.,0.0503949783903138,0.101316944815853),(0.,0.02),.UNSPECIFIED.);
#3643=B_SPLINE_SURFACE_WITH_KNOTS('',3,1,((#7458,#7459),(#7460,#7461),(#7462,
#7463),(#7464,#7465),(#7466,#7467)),.UNSPECIFIED.,.F.,.F.,.F.,(4,1,4),(2,
2),(0.,0.0530743574598029,0.104281459805922),(0.,0.02),.UNSPECIFIED.);
#3644=B_SPLINE_SURFACE_WITH_KNOTS('',3,1,((#7481,#7482),(#7483,#7484),(#7485,
#7486),(#7487,#7488),(#7489,#7490)),.UNSPECIFIED.,.F.,.F.,.F.,(4,1,4),(2,
2),(0.,0.0744171638784141,0.152505759248252),(0.,0.02),.UNSPECIFIED.);
#3645=B_SPLINE_SURFACE_WITH_KNOTS('',3,1,((#7504,#7505),(#7506,#7507),(#7508,
#7509),(#7510,#7511),(#7512,#7513)),.UNSPECIFIED.,.F.,.F.,.F.,(4,1,4),(2,
2),(0.,0.0897800379015889,0.168001577637219),(0.,0.02),.UNSPECIFIED.);
#3646=B_SPLINE_SURFACE_WITH_KNOTS('',3,1,((#7527,#7528),(#7529,#7530),(#7531,
#7532),(#7533,#7534),(#7535,#7536)),.UNSPECIFIED.,.F.,.F.,.F.,(4,1,4),(2,
2),(0.,0.0515197903310221,0.103134873158703),(0.,0.02),.UNSPECIFIED.);
#3647=ADVANCED_FACE('',(#130),#3524,.F.);
#3648=ADVANCED_FACE('',(#131),#3525,.F.);
#3649=ADVANCED_FACE('',(#132),#3526,.F.);
#3650=ADVANCED_FACE('',(#133),#3527,.F.);
#3651=ADVANCED_FACE('',(#134),#3528,.F.);
#3652=ADVANCED_FACE('',(#135),#3529,.F.);
#3653=ADVANCED_FACE('',(#136),#3530,.F.);
#3654=ADVANCED_FACE('',(#137),#3531,.F.);
#3655=ADVANCED_FACE('',(#138),#3532,.F.);
#3656=ADVANCED_FACE('',(#139),#3533,.F.);
#3657=ADVANCED_FACE('',(#140),#3534,.F.);
#3658=ADVANCED_FACE('',(#141),#3535,.F.);
#3659=ADVANCED_FACE('',(#142),#3536,.F.);
#3660=ADVANCED_FACE('',(#143),#3537,.F.);
#3661=ADVANCED_FACE('',(#144),#43,.F.);
#3662=ADVANCED_FACE('',(#145),#3538,.F.);
#3663=ADVANCED_FACE('',(#146),#3539,.F.);
#3664=ADVANCED_FACE('',(#147),#3540,.F.);
#3665=ADVANCED_FACE('',(#148),#3541,.F.);
#3666=ADVANCED_FACE('',(#149),#3542,.F.);
#3667=ADVANCED_FACE('',(#150),#3543,.F.);
#3668=ADVANCED_FACE('',(#151),#3544,.F.);
#3669=ADVANCED_FACE('',(#152),#3545,.F.);
#3670=ADVANCED_FACE('',(#153),#3546,.F.);
#3671=ADVANCED_FACE('',(#154),#3547,.F.);
#3672=ADVANCED_FACE('',(#155),#3548,.F.);
#3673=ADVANCED_FACE('',(#156),#3549,.F.);
#3674=ADVANCED_FACE('',(#157),#3550,.F.);
#3675=ADVANCED_FACE('',(#158),#3551,.F.);
#3676=ADVANCED_FACE('',(#159),#3552,.F.);
#3677=ADVANCED_FACE('',(#160),#3553,.F.);
#3678=ADVANCED_FACE('',(#161),#44,.F.);
#3679=ADVANCED_FACE('',(#162),#3554,.F.);
#3680=ADVANCED_FACE('',(#163),#45,.T.);
#3681=ADVANCED_FACE('',(#164),#46,.F.);
#3682=ADVANCED_FACE('',(#165),#47,.F.);
#3683=ADVANCED_FACE('',(#166),#48,.F.);
#3684=ADVANCED_FACE('',(#167),#49,.F.);
#3685=ADVANCED_FACE('',(#168),#50,.F.);
#3686=ADVANCED_FACE('',(#169),#51,.F.);
#3687=ADVANCED_FACE('',(#170),#52,.F.);
#3688=ADVANCED_FACE('',(#171),#53,.F.);
#3689=ADVANCED_FACE('',(#172),#54,.F.);
#3690=ADVANCED_FACE('',(#173),#55,.F.);
#3691=ADVANCED_FACE('',(#174),#56,.F.);
#3692=ADVANCED_FACE('',(#175),#57,.F.);
#3693=ADVANCED_FACE('',(#176),#3555,.F.);
#3694=ADVANCED_FACE('',(#177),#3556,.F.);
#3695=ADVANCED_FACE('',(#178),#3557,.F.);
#3696=ADVANCED_FACE('',(#179),#3558,.F.);
#3697=ADVANCED_FACE('',(#180),#3559,.F.);
#3698=ADVANCED_FACE('',(#181),#3560,.F.);
#3699=ADVANCED_FACE('',(#182),#3561,.F.);
#3700=ADVANCED_FACE('',(#183),#3562,.F.);
#3701=ADVANCED_FACE('',(#184),#3563,.F.);
#3702=ADVANCED_FACE('',(#185),#58,.F.);
#3703=ADVANCED_FACE('',(#186),#59,.F.);
#3704=ADVANCED_FACE('',(#187),#3564,.F.);
#3705=ADVANCED_FACE('',(#188),#3565,.F.);
#3706=ADVANCED_FACE('',(#189),#60,.F.);
#3707=ADVANCED_FACE('',(#190),#3566,.F.);
#3708=ADVANCED_FACE('',(#191),#3567,.F.);
#3709=ADVANCED_FACE('',(#192),#3568,.F.);
#3710=ADVANCED_FACE('',(#193),#3569,.F.);
#3711=ADVANCED_FACE('',(#194),#3570,.F.);
#3712=ADVANCED_FACE('',(#195),#3571,.F.);
#3713=ADVANCED_FACE('',(#196),#3572,.F.);
#3714=ADVANCED_FACE('',(#197),#61,.F.);
#3715=ADVANCED_FACE('',(#198),#3573,.F.);
#3716=ADVANCED_FACE('',(#199),#3574,.F.);
#3717=ADVANCED_FACE('',(#200),#3575,.F.);
#3718=ADVANCED_FACE('',(#201),#3576,.F.);
#3719=ADVANCED_FACE('',(#202),#3577,.F.);
#3720=ADVANCED_FACE('',(#203),#3578,.F.);
#3721=ADVANCED_FACE('',(#204),#3579,.F.);
#3722=ADVANCED_FACE('',(#205),#3580,.F.);
#3723=ADVANCED_FACE('',(#206),#3581,.F.);
#3724=ADVANCED_FACE('',(#207),#3582,.F.);
#3725=ADVANCED_FACE('',(#208),#3583,.F.);
#3726=ADVANCED_FACE('',(#209),#3584,.F.);
#3727=ADVANCED_FACE('',(#210),#3585,.F.);
#3728=ADVANCED_FACE('',(#211),#3586,.F.);
#3729=ADVANCED_FACE('',(#212),#3587,.F.);
#3730=ADVANCED_FACE('',(#213,#27),#62,.T.);
#3731=ADVANCED_FACE('',(#214),#63,.F.);
#3732=ADVANCED_FACE('',(#215),#3588,.F.);
#3733=ADVANCED_FACE('',(#216),#3589,.F.);
#3734=ADVANCED_FACE('',(#217),#3590,.F.);
#3735=ADVANCED_FACE('',(#218),#3591,.F.);
#3736=ADVANCED_FACE('',(#219),#3592,.F.);
#3737=ADVANCED_FACE('',(#220),#64,.F.);
#3738=ADVANCED_FACE('',(#221),#65,.F.);
#3739=ADVANCED_FACE('',(#222),#66,.F.);
#3740=ADVANCED_FACE('',(#223),#67,.F.);
#3741=ADVANCED_FACE('',(#224),#3593,.F.);
#3742=ADVANCED_FACE('',(#225),#3594,.F.);
#3743=ADVANCED_FACE('',(#226),#3595,.F.);
#3744=ADVANCED_FACE('',(#227),#3596,.F.);
#3745=ADVANCED_FACE('',(#228),#3597,.F.);
#3746=ADVANCED_FACE('',(#229),#3598,.F.);
#3747=ADVANCED_FACE('',(#230),#68,.F.);
#3748=ADVANCED_FACE('',(#231),#69,.F.);
#3749=ADVANCED_FACE('',(#232),#70,.F.);
#3750=ADVANCED_FACE('',(#233,#28),#71,.T.);
#3751=ADVANCED_FACE('',(#234),#3599,.F.);
#3752=ADVANCED_FACE('',(#235),#3600,.F.);
#3753=ADVANCED_FACE('',(#236),#3601,.F.);
#3754=ADVANCED_FACE('',(#237),#3602,.F.);
#3755=ADVANCED_FACE('',(#238),#3603,.F.);
#3756=ADVANCED_FACE('',(#239),#3604,.F.);
#3757=ADVANCED_FACE('',(#240),#3605,.F.);
#3758=ADVANCED_FACE('',(#241),#3606,.F.);
#3759=ADVANCED_FACE('',(#242),#72,.F.);
#3760=ADVANCED_FACE('',(#243),#73,.F.);
#3761=ADVANCED_FACE('',(#244),#74,.F.);
#3762=ADVANCED_FACE('',(#245),#3607,.F.);
#3763=ADVANCED_FACE('',(#246),#3608,.F.);
#3764=ADVANCED_FACE('',(#247),#3609,.F.);
#3765=ADVANCED_FACE('',(#248),#3610,.F.);
#3766=ADVANCED_FACE('',(#249),#3611,.F.);
#3767=ADVANCED_FACE('',(#250),#3612,.F.);
#3768=ADVANCED_FACE('',(#251),#3613,.F.);
#3769=ADVANCED_FACE('',(#252),#3614,.F.);
#3770=ADVANCED_FACE('',(#253),#3615,.F.);
#3771=ADVANCED_FACE('',(#254),#75,.F.);
#3772=ADVANCED_FACE('',(#255),#76,.F.);
#3773=ADVANCED_FACE('',(#256,#29),#77,.T.);
#3774=ADVANCED_FACE('',(#257),#78,.F.);
#3775=ADVANCED_FACE('',(#258),#79,.F.);
#3776=ADVANCED_FACE('',(#259),#80,.F.);
#3777=ADVANCED_FACE('',(#260),#3616,.F.);
#3778=ADVANCED_FACE('',(#261),#3617,.F.);
#3779=ADVANCED_FACE('',(#262),#3618,.F.);
#3780=ADVANCED_FACE('',(#263),#3619,.F.);
#3781=ADVANCED_FACE('',(#264),#3620,.F.);
#3782=ADVANCED_FACE('',(#265),#3621,.F.);
#3783=ADVANCED_FACE('',(#266),#81,.F.);
#3784=ADVANCED_FACE('',(#267),#82,.F.);
#3785=ADVANCED_FACE('',(#268),#83,.F.);
#3786=ADVANCED_FACE('',(#269),#3622,.F.);
#3787=ADVANCED_FACE('',(#270),#3623,.F.);
#3788=ADVANCED_FACE('',(#271),#3624,.F.);
#3789=ADVANCED_FACE('',(#272),#3625,.F.);
#3790=ADVANCED_FACE('',(#273),#3626,.F.);
#3791=ADVANCED_FACE('',(#274),#84,.F.);
#3792=ADVANCED_FACE('',(#275),#85,.F.);
#3793=ADVANCED_FACE('',(#276),#86,.T.);
#3794=ADVANCED_FACE('',(#277),#3627,.F.);
#3795=ADVANCED_FACE('',(#278),#3628,.F.);
#3796=ADVANCED_FACE('',(#279),#3629,.F.);
#3797=ADVANCED_FACE('',(#280),#3630,.F.);
#3798=ADVANCED_FACE('',(#281),#3631,.F.);
#3799=ADVANCED_FACE('',(#282),#3632,.F.);
#3800=ADVANCED_FACE('',(#283),#3633,.F.);
#3801=ADVANCED_FACE('',(#284),#3634,.F.);
#3802=ADVANCED_FACE('',(#285),#3635,.F.);
#3803=ADVANCED_FACE('',(#286),#3636,.F.);
#3804=ADVANCED_FACE('',(#287),#3637,.F.);
#3805=ADVANCED_FACE('',(#288),#3638,.F.);
#3806=ADVANCED_FACE('',(#289),#3639,.F.);
#3807=ADVANCED_FACE('',(#290),#3640,.F.);
#3808=ADVANCED_FACE('',(#291),#3641,.F.);
#3809=ADVANCED_FACE('',(#292),#3642,.F.);
#3810=ADVANCED_FACE('',(#293),#3643,.F.);
#3811=ADVANCED_FACE('',(#294),#3644,.F.);
#3812=ADVANCED_FACE('',(#295),#3645,.F.);
#3813=ADVANCED_FACE('',(#296),#3646,.F.);
#3814=ADVANCED_FACE('',(#297,#30),#87,.T.);
#3815=ADVANCED_FACE('',(#298,#31,#32,#33,#34,#35,#36,#37,#38),#88,.T.);
#3816=ADVANCED_FACE('',(#299),#89,.T.);
#3817=ADVANCED_FACE('',(#300),#90,.T.);
#3818=ADVANCED_FACE('',(#301),#91,.T.);
#3819=ADVANCED_FACE('',(#302),#92,.T.);
#3820=ADVANCED_FACE('',(#303),#93,.T.);
#3821=ADVANCED_FACE('',(#304),#94,.T.);
#3822=ADVANCED_FACE('',(#305),#95,.T.);
#3823=ADVANCED_FACE('',(#306),#96,.T.);
#3824=ADVANCED_FACE('',(#307),#97,.T.);
#3825=ADVANCED_FACE('',(#308),#98,.T.);
#3826=ADVANCED_FACE('',(#309),#99,.T.);
#3827=ADVANCED_FACE('',(#310),#100,.T.);
#3828=ADVANCED_FACE('',(#311),#101,.T.);
#3829=ADVANCED_FACE('',(#312),#102,.T.);
#3830=ADVANCED_FACE('',(#313),#103,.T.);
#3831=ADVANCED_FACE('',(#314),#104,.T.);
#3832=ADVANCED_FACE('',(#315),#105,.T.);
#3833=ADVANCED_FACE('',(#316),#106,.T.);
#3834=ADVANCED_FACE('',(#317),#107,.T.);
#3835=ADVANCED_FACE('',(#318),#108,.T.);
#3836=ADVANCED_FACE('',(#319),#109,.T.);
#3837=ADVANCED_FACE('',(#320),#110,.T.);
#3838=ADVANCED_FACE('',(#321),#111,.T.);
#3839=ADVANCED_FACE('',(#322),#112,.T.);
#3840=ADVANCED_FACE('',(#323),#113,.T.);
#3841=ADVANCED_FACE('',(#324),#114,.T.);
#3842=ADVANCED_FACE('',(#325,#39,#40,#41,#42),#115,.T.);
#3843=ADVANCED_FACE('',(#326),#116,.T.);
#3844=ADVANCED_FACE('',(#327),#15,.F.);
#3845=ADVANCED_FACE('',(#328),#16,.F.);
#3846=ADVANCED_FACE('',(#329),#17,.F.);
#3847=ADVANCED_FACE('',(#330),#18,.F.);
#3848=ADVANCED_FACE('',(#331),#117,.T.);
#3849=ADVANCED_FACE('',(#332),#118,.T.);
#3850=ADVANCED_FACE('',(#333),#119,.T.);
#3851=ADVANCED_FACE('',(#334),#120,.T.);
#3852=ADVANCED_FACE('',(#335),#121,.T.);
#3853=ADVANCED_FACE('',(#336),#122,.T.);
#3854=ADVANCED_FACE('',(#337),#123,.T.);
#3855=ADVANCED_FACE('',(#338),#124,.T.);
#3856=ADVANCED_FACE('',(#339),#125,.T.);
#3857=ADVANCED_FACE('',(#340),#126,.T.);
#3858=ADVANCED_FACE('',(#341),#127,.T.);
#3859=ADVANCED_FACE('',(#342),#128,.T.);
#3860=ADVANCED_FACE('',(#343),#129,.T.);
#3861=CLOSED_SHELL('',(#3647,#3648,#3649,#3650,#3651,#3652,#3653,#3654,
#3655,#3656,#3657,#3658,#3659,#3660,#3661,#3662,#3663,#3664,#3665,#3666,
#3667,#3668,#3669,#3670,#3671,#3672,#3673,#3674,#3675,#3676,#3677,#3678,
#3679,#3680,#3681,#3682,#3683,#3684,#3685,#3686,#3687,#3688,#3689,#3690,
#3691,#3692,#3693,#3694,#3695,#3696,#3697,#3698,#3699,#3700,#3701,#3702,
#3703,#3704,#3705,#3706,#3707,#3708,#3709,#3710,#3711,#3712,#3713,#3714,
#3715,#3716,#3717,#3718,#3719,#3720,#3721,#3722,#3723,#3724,#3725,#3726,
#3727,#3728,#3729,#3730,#3731,#3732,#3733,#3734,#3735,#3736,#3737,#3738,
#3739,#3740,#3741,#3742,#3743,#3744,#3745,#3746,#3747,#3748,#3749,#3750,
#3751,#3752,#3753,#3754,#3755,#3756,#3757,#3758,#3759,#3760,#3761,#3762,
#3763,#3764,#3765,#3766,#3767,#3768,#3769,#3770,#3771,#3772,#3773,#3774,
#3775,#3776,#3777,#3778,#3779,#3780,#3781,#3782,#3783,#3784,#3785,#3786,
#3787,#3788,#3789,#3790,#3791,#3792,#3793,#3794,#3795,#3796,#3797,#3798,
#3799,#3800,#3801,#3802,#3803,#3804,#3805,#3806,#3807,#3808,#3809,#3810,
#3811,#3812,#3813,#3814,#3815,#3816,#3817,#3818,#3819,#3820,#3821,#3822,
#3823,#3824,#3825,#3826,#3827,#3828,#3829,#3830,#3831,#3832,#3833,#3834,
#3835,#3836,#3837,#3838,#3839,#3840,#3841,#3842,#3843,#3844,#3845,#3846,
#3847,#3848,#3849,#3850,#3851,#3852,#3853,#3854,#3855,#3856,#3857,#3858,
#3859,#3860));
#3862=DERIVED_UNIT_ELEMENT(#3864,1.);
#3863=DERIVED_UNIT_ELEMENT(#7739,-3.);
#3864=(
MASS_UNIT()
NAMED_UNIT(*)
SI_UNIT(.KILO.,.GRAM.)
);
#3865=DERIVED_UNIT((#3862,#3863));
#3866=MEASURE_REPRESENTATION_ITEM('density measure',
POSITIVE_RATIO_MEASURE(7850.),#3865);
#3867=PROPERTY_DEFINITION_REPRESENTATION(#3872,#3869);
#3868=PROPERTY_DEFINITION_REPRESENTATION(#3873,#3870);
#3869=REPRESENTATION('material name',(#3871),#7736);
#3870=REPRESENTATION('density',(#3866),#7736);
#3871=DESCRIPTIVE_REPRESENTATION_ITEM('Steel','Steel');
#3872=PROPERTY_DEFINITION('material property','material name',#7746);
#3873=PROPERTY_DEFINITION('material property','density of part',#7746);
#3874=AXIS2_PLACEMENT_3D('',#4488,#3974,#3975);
#3875=AXIS2_PLACEMENT_3D('',#4814,#3991,#3992);
#3876=AXIS2_PLACEMENT_3D('',#5188,#4012,#4013);
#3877=AXIS2_PLACEMENT_3D('',#5214,#4017,#4018);
#3878=AXIS2_PLACEMENT_3D('',#5215,#4019,#4020);
#3879=AXIS2_PLACEMENT_3D('',#5224,#4025,#4026);
#3880=AXIS2_PLACEMENT_3D('',#5230,#4030,#4031);
#3881=AXIS2_PLACEMENT_3D('',#5236,#4035,#4036);
#3882=AXIS2_PLACEMENT_3D('',#5242,#4040,#4041);
#3883=AXIS2_PLACEMENT_3D('',#5248,#4045,#4046);
#3884=AXIS2_PLACEMENT_3D('',#5251,#4049,#4050);
#3885=AXIS2_PLACEMENT_3D('',#5252,#4051,#4052);
#3886=AXIS2_PLACEMENT_3D('',#5261,#4057,#4058);
#3887=AXIS2_PLACEMENT_3D('',#5267,#4062,#4063);
#3888=AXIS2_PLACEMENT_3D('',#5273,#4067,#4068);
#3889=AXIS2_PLACEMENT_3D('',#5276,#4071,#4072);
#3890=AXIS2_PLACEMENT_3D('',#5487,#4083,#4084);
#3891=AXIS2_PLACEMENT_3D('',#5490,#4087,#4088);
#3892=AXIS2_PLACEMENT_3D('',#5545,#4095,#4096);
#3893=AXIS2_PLACEMENT_3D('',#5712,#4107,#4108);
#3894=AXIS2_PLACEMENT_3D('',#6060,#4126,#4127);
#3895=AXIS2_PLACEMENT_3D('',#6061,#4128,#4129);
#3896=AXIS2_PLACEMENT_3D('',#6185,#4139,#4140);
#3897=AXIS2_PLACEMENT_3D('',#6191,#4144,#4145);
#3898=AXIS2_PLACEMENT_3D('',#6194,#4148,#4149);
#3899=AXIS2_PLACEMENT_3D('',#6203,#4154,#4155);
#3900=AXIS2_PLACEMENT_3D('',#6347,#4165,#4166);
#3901=AXIS2_PLACEMENT_3D('',#6353,#4170,#4171);
#3902=AXIS2_PLACEMENT_3D('',#6359,#4175,#4176);
#3903=AXIS2_PLACEMENT_3D('',#6362,#4179,#4180);
#3904=AXIS2_PLACEMENT_3D('',#6547,#4189,#4190);
#3905=AXIS2_PLACEMENT_3D('',#6556,#4195,#4196);
#3906=AXIS2_PLACEMENT_3D('',#6562,#4200,#4201);
#3907=AXIS2_PLACEMENT_3D('',#6775,#4214,#4215);
#3908=AXIS2_PLACEMENT_3D('',#6781,#4219,#4220);
#3909=AXIS2_PLACEMENT_3D('',#6784,#4223,#4224);
#3910=AXIS2_PLACEMENT_3D('',#6785,#4225,#4226);
#3911=AXIS2_PLACEMENT_3D('',#6794,#4231,#4232);
#3912=AXIS2_PLACEMENT_3D('',#6800,#4236,#4237);
#3913=AXIS2_PLACEMENT_3D('',#6944,#4247,#4248);
#3914=AXIS2_PLACEMENT_3D('',#6950,#4252,#4253);
#3915=AXIS2_PLACEMENT_3D('',#6956,#4257,#4258);
#3916=AXIS2_PLACEMENT_3D('',#7077,#4267,#4268);
#3917=AXIS2_PLACEMENT_3D('',#7083,#4272,#4273);
#3918=AXIS2_PLACEMENT_3D('',#7086,#4276,#4277);
#3919=AXIS2_PLACEMENT_3D('',#7547,#4298,#4299);
#3920=AXIS2_PLACEMENT_3D('',#7548,#4300,#4301);
#3921=AXIS2_PLACEMENT_3D('',#7565,#4310,#4311);
#3922=AXIS2_PLACEMENT_3D('',#7566,#4312,#4313);
#3923=AXIS2_PLACEMENT_3D('',#7567,#4314,#4315);
#3924=AXIS2_PLACEMENT_3D('',#7568,#4316,#4317);
#3925=AXIS2_PLACEMENT_3D('',#7574,#4321,#4322);
#3926=AXIS2_PLACEMENT_3D('',#7580,#4326,#4327);
#3927=AXIS2_PLACEMENT_3D('',#7586,#4331,#4332);
#3928=AXIS2_PLACEMENT_3D('',#7592,#4336,#4337);
#3929=AXIS2_PLACEMENT_3D('',#7594,#4339,#4340);
#3930=AXIS2_PLACEMENT_3D('',#7600,#4344,#4345);
#3931=AXIS2_PLACEMENT_3D('',#7606,#4349,#4350);
#3932=AXIS2_PLACEMENT_3D('',#7608,#4352,#4353);
#3933=AXIS2_PLACEMENT_3D('',#7614,#4357,#4358);
#3934=AXIS2_PLACEMENT_3D('',#7620,#4362,#4363);
#3935=AXIS2_PLACEMENT_3D('',#7622,#4365,#4366);
#3936=AXIS2_PLACEMENT_3D('',#7628,#4370,#4371);
#3937=AXIS2_PLACEMENT_3D('',#7634,#4375,#4376);
#3938=AXIS2_PLACEMENT_3D('',#7640,#4380,#4381);
#3939=AXIS2_PLACEMENT_3D('',#7646,#4385,#4386);
#3940=AXIS2_PLACEMENT_3D('',#7648,#4388,#4389);
#3941=AXIS2_PLACEMENT_3D('',#7650,#4391,#4392);
#3942=AXIS2_PLACEMENT_3D('',#7654,#4395,#4396);
#3943=AXIS2_PLACEMENT_3D('',#7658,#4399,#4400);
#3944=AXIS2_PLACEMENT_3D('',#7660,#4402,#4403);
#3945=AXIS2_PLACEMENT_3D('',#7662,#4405,#4406);
#3946=AXIS2_PLACEMENT_3D('',#7664,#4408,#4409);
#3947=AXIS2_PLACEMENT_3D('',#7666,#4411,#4412);
#3948=AXIS2_PLACEMENT_3D('',#7679,#4420,#4421);
#3949=AXIS2_PLACEMENT_3D('',#7681,#4422,#4423);
#3950=AXIS2_PLACEMENT_3D('',#7683,#4424,#4425);
#3951=AXIS2_PLACEMENT_3D('',#7685,#4426,#4427);
#3952=AXIS2_PLACEMENT_3D('',#7686,#4428,#4429);
#3953=AXIS2_PLACEMENT_3D('',#7687,#4430,#4431);
#3954=AXIS2_PLACEMENT_3D('',#7690,#4433,#4434);
#3955=AXIS2_PLACEMENT_3D('',#7691,#4435,#4436);
#3956=AXIS2_PLACEMENT_3D('',#7694,#4438,#4439);
#3957=AXIS2_PLACEMENT_3D('',#7695,#4440,#4441);
#3958=AXIS2_PLACEMENT_3D('',#7698,#4443,#4444);
#3959=AXIS2_PLACEMENT_3D('',#7699,#4445,#4446);
#3960=AXIS2_PLACEMENT_3D('',#7702,#4448,#4449);
#3961=AXIS2_PLACEMENT_3D('',#7703,#4450,#4451);
#3962=AXIS2_PLACEMENT_3D('',#7709,#4455,#4456);
#3963=AXIS2_PLACEMENT_3D('',#7713,#4459,#4460);
#3964=AXIS2_PLACEMENT_3D('',#7717,#4463,#4464);
#3965=AXIS2_PLACEMENT_3D('',#7718,#4465,#4466);
#3966=AXIS2_PLACEMENT_3D('',#7719,#4467,#4468);
#3967=AXIS2_PLACEMENT_3D('',#7720,#4469,#4470);
#3968=AXIS2_PLACEMENT_3D('',#7721,#4471,#4472);
#3969=AXIS2_PLACEMENT_3D('',#7722,#4473,#4474);
#3970=AXIS2_PLACEMENT_3D('',#7723,#4475,#4476);
#3971=AXIS2_PLACEMENT_3D('',#7727,#4479,#4480);
#3972=AXIS2_PLACEMENT_3D('',#7731,#4483,#4484);
#3973=AXIS2_PLACEMENT_3D('',#7733,#4486,#4487);
#3974=DIRECTION('axis',(0.,0.,1.));
#3975=DIRECTION('refdir',(1.,0.,0.));
#3976=DIRECTION('',(0.,0.,1.));
#3977=DIRECTION('',(0.,0.,1.));
#3978=DIRECTION('',(0.,0.,1.));
#3979=DIRECTION('',(0.,0.,1.));
#3980=DIRECTION('',(0.,0.,1.));
#3981=DIRECTION('',(0.,0.,1.));
#3982=DIRECTION('',(0.,0.,1.));
#3983=DIRECTION('',(0.,0.,1.));
#3984=DIRECTION('',(0.,0.,1.));
#3985=DIRECTION('',(0.,0.,1.));
#3986=DIRECTION('',(0.,0.,1.));
#3987=DIRECTION('',(0.,0.,1.));
#3988=DIRECTION('',(0.,0.,1.));
#3989=DIRECTION('',(0.,0.,1.));
#3990=DIRECTION('',(0.,0.,1.));
#3991=DIRECTION('center_axis',(-0.135113973057808,-0.990830063272474,0.));
#3992=DIRECTION('ref_axis',(0.990830063272474,-0.135113973057808,0.));
#3993=DIRECTION('',(0.990830063272474,-0.135113973057808,0.));
#3994=DIRECTION('',(0.,0.,1.));
#3995=DIRECTION('',(0.990830063272474,-0.135113973057808,0.));
#3996=DIRECTION('',(0.,0.,1.));
#3997=DIRECTION('',(0.,0.,1.));
#3998=DIRECTION('',(0.,0.,1.));
#3999=DIRECTION('',(0.,0.,1.));
#4000=DIRECTION('',(0.,0.,1.));
#4001=DIRECTION('',(0.,0.,1.));
#4002=DIRECTION('',(0.,0.,1.));
#4003=DIRECTION('',(0.,0.,1.));
#4004=DIRECTION('',(0.,0.,1.));
#4005=DIRECTION('',(0.,0.,1.));
#4006=DIRECTION('',(0.,0.,1.));
#4007=DIRECTION('',(0.,0.,1.));
#4008=DIRECTION('',(0.,0.,1.));
#4009=DIRECTION('',(0.,0.,1.));
#4010=DIRECTION('',(0.,0.,1.));
#4011=DIRECTION('',(0.,0.,1.));
#4012=DIRECTION('center_axis',(0.155393624885149,0.987852631390459,0.));
#4013=DIRECTION('ref_axis',(-0.987852631390459,0.155393624885149,0.));
#4014=DIRECTION('',(-0.987852631390459,0.155393624885149,0.));
#4015=DIRECTION('',(0.,0.,1.));
#4016=DIRECTION('',(-0.987852631390459,0.155393624885149,0.));
#4017=DIRECTION('center_axis',(0.,0.,-1.));
#4018=DIRECTION('ref_axis',(1.,0.,0.));
#4019=DIRECTION('center_axis',(-0.997768070478605,-0.0667748270937645,0.));
#4020=DIRECTION('ref_axis',(0.0667748270937645,-0.997768070478605,0.));
#4021=DIRECTION('',(0.0667748270937645,-0.997768070478605,0.));
#4022=DIRECTION('',(0.,0.,1.));
#4023=DIRECTION('',(0.0667748270937645,-0.997768070478605,0.));
#4024=DIRECTION('',(0.,0.,1.));
#4025=DIRECTION('center_axis',(-1.,0.,0.));
#4026=DIRECTION('ref_axis',(0.,-1.,0.));
#4027=DIRECTION('',(0.,-1.,0.));
#4028=DIRECTION('',(0.,0.,1.));
#4029=DIRECTION('',(0.,-1.,0.));
#4030=DIRECTION('center_axis',(0.,1.,0.));
#4031=DIRECTION('ref_axis',(-1.,0.,0.));
#4032=DIRECTION('',(-1.,0.,0.));
#4033=DIRECTION('',(0.,0.,1.));
#4034=DIRECTION('',(-1.,0.,0.));
#4035=DIRECTION('center_axis',(1.,0.,0.));
#4036=DIRECTION('ref_axis',(0.,1.,0.));
#4037=DIRECTION('',(0.,1.,0.));
#4038=DIRECTION('',(0.,0.,1.));
#4039=DIRECTION('',(0.,1.,0.));
#4040=DIRECTION('center_axis',(0.997504123845895,-0.070608235429263,0.));
#4041=DIRECTION('ref_axis',(0.070608235429263,0.997504123845895,0.));
#4042=DIRECTION('',(0.070608235429263,0.997504123845895,0.));
#4043=DIRECTION('',(0.,0.,1.));
#4044=DIRECTION('',(0.070608235429263,0.997504123845895,0.));
#4045=DIRECTION('center_axis',(0.,-1.,0.));
#4046=DIRECTION('ref_axis',(1.,0.,0.));
#4047=DIRECTION('',(1.,0.,0.));
#4048=DIRECTION('',(1.,0.,0.));
#4049=DIRECTION('center_axis',(0.,0.,1.));
#4050=DIRECTION('ref_axis',(1.,0.,0.));
#4051=DIRECTION('center_axis',(-1.,0.,0.));
#4052=DIRECTION('ref_axis',(0.,-1.,0.));
#4053=DIRECTION('',(0.,-1.,0.));
#4054=DIRECTION('',(0.,0.,1.));
#4055=DIRECTION('',(0.,-1.,0.));
#4056=DIRECTION('',(0.,0.,1.));
#4057=DIRECTION('center_axis',(0.,1.,0.));
#4058=DIRECTION('ref_axis',(-1.,0.,0.));
#4059=DIRECTION('',(-1.,0.,0.));
#4060=DIRECTION('',(0.,0.,1.));
#4061=DIRECTION('',(-1.,0.,0.));
#4062=DIRECTION('center_axis',(1.,0.,0.));
#4063=DIRECTION('ref_axis',(0.,1.,0.));
#4064=DIRECTION('',(0.,1.,0.));
#4065=DIRECTION('',(0.,0.,1.));
#4066=DIRECTION('',(0.,1.,0.));
#4067=DIRECTION('center_axis',(0.,-1.,0.));
#4068=DIRECTION('ref_axis',(1.,0.,0.));
#4069=DIRECTION('',(1.,0.,0.));
#4070=DIRECTION('',(1.,0.,0.));
#4071=DIRECTION('center_axis',(0.,0.,1.));
#4072=DIRECTION('ref_axis',(1.,0.,0.));
#4073=DIRECTION('',(0.,0.,1.));
#4074=DIRECTION('',(0.,0.,1.));
#4075=DIRECTION('',(0.,0.,1.));
#4076=DIRECTION('',(0.,0.,1.));
#4077=DIRECTION('',(0.,0.,1.));
#4078=DIRECTION('',(0.,0.,1.));
#4079=DIRECTION('',(0.,0.,1.));
#4080=DIRECTION('',(0.,0.,1.));
#4081=DIRECTION('',(0.,0.,1.));
#4082=DIRECTION('',(0.,0.,1.));
#4083=DIRECTION('center_axis',(1.,0.,0.));
#4084=DIRECTION('ref_axis',(0.,1.,0.));
#4085=DIRECTION('',(0.,1.,0.));
#4086=DIRECTION('',(0.,1.,0.));
#4087=DIRECTION('center_axis',(0.,-1.,0.));
#4088=DIRECTION('ref_axis',(1.,0.,0.));
#4089=DIRECTION('',(1.,0.,0.));
#4090=DIRECTION('',(0.,0.,1.));
#4091=DIRECTION('',(1.,0.,0.));
#4092=DIRECTION('',(0.,0.,1.));
#4093=DIRECTION('',(0.,0.,1.));
#4094=DIRECTION('',(0.,0.,1.));
#4095=DIRECTION('center_axis',(-1.,0.,0.));
#4096=DIRECTION('ref_axis',(0.,-1.,0.));
#4097=DIRECTION('',(0.,-1.,0.));
#4098=DIRECTION('',(0.,0.,1.));
#4099=DIRECTION('',(0.,-1.,0.));
#4100=DIRECTION('',(0.,0.,1.));
#4101=DIRECTION('',(0.,0.,1.));
#4102=DIRECTION('',(0.,0.,1.));
#4103=DIRECTION('',(0.,0.,1.));
#4104=DIRECTION('',(0.,0.,1.));
#4105=DIRECTION('',(0.,0.,1.));
#4106=DIRECTION('',(0.,0.,1.));
#4107=DIRECTION('center_axis',(0.135113973057808,-0.990830063272474,0.));
#4108=DIRECTION('ref_axis',(0.990830063272474,0.135113973057808,0.));
#4109=DIRECTION('',(0.990830063272474,0.135113973057808,0.));
#4110=DIRECTION('',(0.,0.,1.));
#4111=DIRECTION('',(0.990830063272474,0.135113973057808,0.));
#4112=DIRECTION('',(0.,0.,1.));
#4113=DIRECTION('',(0.,0.,1.));
#4114=DIRECTION('',(0.,0.,1.));
#4115=DIRECTION('',(0.,0.,1.));
#4116=DIRECTION('',(0.,0.,1.));
#4117=DIRECTION('',(0.,0.,1.));
#4118=DIRECTION('',(0.,0.,1.));
#4119=DIRECTION('',(0.,0.,1.));
#4120=DIRECTION('',(0.,0.,1.));
#4121=DIRECTION('',(0.,0.,1.));
#4122=DIRECTION('',(0.,0.,1.));
#4123=DIRECTION('',(0.,0.,1.));
#4124=DIRECTION('',(0.,0.,1.));
#4125=DIRECTION('',(0.,0.,1.));
#4126=DIRECTION('center_axis',(0.,0.,-1.));
#4127=DIRECTION('ref_axis',(1.,0.,0.));
#4128=DIRECTION('center_axis',(0.,-1.,0.));
#4129=DIRECTION('ref_axis',(1.,0.,0.));
#4130=DIRECTION('',(1.,0.,0.));
#4131=DIRECTION('',(0.,0.,1.));
#4132=DIRECTION('',(1.,0.,0.));
#4133=DIRECTION('',(0.,0.,1.));
#4134=DIRECTION('',(0.,0.,1.));
#4135=DIRECTION('',(0.,0.,1.));
#4136=DIRECTION('',(0.,0.,1.));
#4137=DIRECTION('',(0.,0.,1.));
#4138=DIRECTION('',(0.,0.,1.));
#4139=DIRECTION('center_axis',(0.,1.,0.));
#4140=DIRECTION('ref_axis',(-1.,0.,0.));
#4141=DIRECTION('',(-1.,0.,0.));
#4142=DIRECTION('',(0.,0.,1.));
#4143=DIRECTION('',(-1.,0.,0.));
#4144=DIRECTION('center_axis',(-1.,0.,0.));
#4145=DIRECTION('ref_axis',(0.,-1.,0.));
#4146=DIRECTION('',(0.,-1.,0.));
#4147=DIRECTION('',(0.,-1.,0.));
#4148=DIRECTION('center_axis',(-1.,0.,0.));
#4149=DIRECTION('ref_axis',(0.,-1.,0.));
#4150=DIRECTION('',(0.,-1.,0.));
#4151=DIRECTION('',(0.,0.,1.));
#4152=DIRECTION('',(0.,-1.,0.));
#4153=DIRECTION('',(0.,0.,1.));
#4154=DIRECTION('center_axis',(0.,-1.,0.));
#4155=DIRECTION('ref_axis',(1.,0.,0.));
#4156=DIRECTION('',(1.,0.,0.));
#4157=DIRECTION('',(0.,0.,1.));
#4158=DIRECTION('',(1.,0.,0.));
#4159=DIRECTION('',(0.,0.,1.));
#4160=DIRECTION('',(0.,0.,1.));
#4161=DIRECTION('',(0.,0.,1.));
#4162=DIRECTION('',(0.,0.,1.));
#4163=DIRECTION('',(0.,0.,1.));
#4164=DIRECTION('',(0.,0.,1.));
#4165=DIRECTION('center_axis',(0.,1.,0.));
#4166=DIRECTION('ref_axis',(-1.,0.,0.));
#4167=DIRECTION('',(-1.,0.,0.));
#4168=DIRECTION('',(0.,0.,1.));
#4169=DIRECTION('',(-1.,0.,0.));
#4170=DIRECTION('center_axis',(1.,0.,0.));
#4171=DIRECTION('ref_axis',(0.,1.,0.));
#4172=DIRECTION('',(0.,1.,0.));
#4173=DIRECTION('',(0.,0.,1.));
#4174=DIRECTION('',(0.,1.,0.));
#4175=DIRECTION('center_axis',(0.,-1.,0.));
#4176=DIRECTION('ref_axis',(1.,0.,0.));
#4177=DIRECTION('',(1.,0.,0.));
#4178=DIRECTION('',(1.,0.,0.));
#4179=DIRECTION('center_axis',(0.,0.,-1.));
#4180=DIRECTION('ref_axis',(1.,0.,0.));
#4181=DIRECTION('',(0.,0.,1.));
#4182=DIRECTION('',(0.,0.,1.));
#4183=DIRECTION('',(0.,0.,1.));
#4184=DIRECTION('',(0.,0.,1.));
#4185=DIRECTION('',(0.,0.,1.));
#4186=DIRECTION('',(0.,0.,1.));
#4187=DIRECTION('',(0.,0.,1.));
#4188=DIRECTION('',(0.,0.,1.));
#4189=DIRECTION('center_axis',(-1.,0.,0.));
#4190=DIRECTION('ref_axis',(0.,-1.,0.));
#4191=DIRECTION('',(0.,-1.,0.));
#4192=DIRECTION('',(0.,0.,1.));
#4193=DIRECTION('',(0.,-1.,0.));
#4194=DIRECTION('',(0.,0.,1.));
#4195=DIRECTION('center_axis',(0.,1.,0.));
#4196=DIRECTION('ref_axis',(-1.,0.,0.));
#4197=DIRECTION('',(-1.,0.,0.));
#4198=DIRECTION('',(0.,0.,1.));
#4199=DIRECTION('',(-1.,0.,0.));
#4200=DIRECTION('center_axis',(1.,0.,0.));
#4201=DIRECTION('ref_axis',(0.,1.,0.));
#4202=DIRECTION('',(0.,1.,0.));
#4203=DIRECTION('',(0.,0.,1.));
#4204=DIRECTION('',(0.,1.,0.));
#4205=DIRECTION('',(0.,0.,1.));
#4206=DIRECTION('',(0.,0.,1.));
#4207=DIRECTION('',(0.,0.,1.));
#4208=DIRECTION('',(0.,0.,1.));
#4209=DIRECTION('',(0.,0.,1.));
#4210=DIRECTION('',(0.,0.,1.));
#4211=DIRECTION('',(0.,0.,1.));
#4212=DIRECTION('',(0.,0.,1.));
#4213=DIRECTION('',(0.,0.,1.));
#4214=DIRECTION('center_axis',(1.,0.,0.));
#4215=DIRECTION('ref_axis',(0.,1.,0.));
#4216=DIRECTION('',(0.,1.,0.));
#4217=DIRECTION('',(0.,0.,1.));
#4218=DIRECTION('',(0.,1.,0.));
#4219=DIRECTION('center_axis',(0.,-1.,0.));
#4220=DIRECTION('ref_axis',(1.,0.,0.));
#4221=DIRECTION('',(1.,0.,0.));
#4222=DIRECTION('',(1.,0.,0.));
#4223=DIRECTION('center_axis',(0.,0.,-1.));
#4224=DIRECTION('ref_axis',(1.,0.,0.));
#4225=DIRECTION('center_axis',(-1.,0.,0.));
#4226=DIRECTION('ref_axis',(0.,-1.,0.));
#4227=DIRECTION('',(0.,-1.,0.));
#4228=DIRECTION('',(0.,0.,1.));
#4229=DIRECTION('',(0.,-1.,0.));
#4230=DIRECTION('',(0.,0.,1.));
#4231=DIRECTION('center_axis',(0.,1.,0.));
#4232=DIRECTION('ref_axis',(-1.,0.,0.));
#4233=DIRECTION('',(-1.,0.,0.));
#4234=DIRECTION('',(0.,0.,1.));
#4235=DIRECTION('',(-1.,0.,0.));
#4236=DIRECTION('center_axis',(1.,0.,0.));
#4237=DIRECTION('ref_axis',(0.,1.,0.));
#4238=DIRECTION('',(0.,1.,0.));
#4239=DIRECTION('',(0.,0.,1.));
#4240=DIRECTION('',(0.,1.,0.));
#4241=DIRECTION('',(0.,0.,1.));
#4242=DIRECTION('',(0.,0.,1.));
#4243=DIRECTION('',(0.,0.,1.));
#4244=DIRECTION('',(0.,0.,1.));
#4245=DIRECTION('',(0.,0.,1.));
#4246=DIRECTION('',(0.,0.,1.));
#4247=DIRECTION('center_axis',(-1.,0.,0.));
#4248=DIRECTION('ref_axis',(0.,-1.,0.));
#4249=DIRECTION('',(0.,-1.,0.));
#4250=DIRECTION('',(0.,0.,1.));
#4251=DIRECTION('',(0.,-1.,0.));
#4252=DIRECTION('center_axis',(0.,1.,0.));
#4253=DIRECTION('ref_axis',(-1.,0.,0.));
#4254=DIRECTION('',(-1.,0.,0.));
#4255=DIRECTION('',(0.,0.,1.));
#4256=DIRECTION('',(-1.,0.,0.));
#4257=DIRECTION('center_axis',(1.,0.,0.));
#4258=DIRECTION('ref_axis',(0.,1.,0.));
#4259=DIRECTION('',(0.,1.,0.));
#4260=DIRECTION('',(0.,0.,1.));
#4261=DIRECTION('',(0.,1.,0.));
#4262=DIRECTION('',(0.,0.,1.));
#4263=DIRECTION('',(0.,0.,1.));
#4264=DIRECTION('',(0.,0.,1.));
#4265=DIRECTION('',(0.,0.,1.));
#4266=DIRECTION('',(0.,0.,1.));
#4267=DIRECTION('center_axis',(1.,0.,0.));
#4268=DIRECTION('ref_axis',(0.,1.,0.));
#4269=DIRECTION('',(0.,1.,0.));
#4270=DIRECTION('',(0.,0.,1.));
#4271=DIRECTION('',(0.,1.,0.));
#4272=DIRECTION('center_axis',(0.,-1.,0.));
#4273=DIRECTION('ref_axis',(1.,0.,0.));
#4274=DIRECTION('',(1.,0.,0.));
#4275=DIRECTION('',(1.,0.,0.));
#4276=DIRECTION('center_axis',(0.,0.,-1.));
#4277=DIRECTION('ref_axis',(1.,0.,0.));
#4278=DIRECTION('',(0.,0.,1.));
#4279=DIRECTION('',(0.,0.,1.));
#4280=DIRECTION('',(0.,0.,1.));
#4281=DIRECTION('',(0.,0.,1.));
#4282=DIRECTION('',(0.,0.,1.));
#4283=DIRECTION('',(0.,0.,1.));
#4284=DIRECTION('',(0.,0.,1.));
#4285=DIRECTION('',(0.,0.,1.));
#4286=DIRECTION('',(0.,0.,1.));
#4287=DIRECTION('',(0.,0.,1.));
#4288=DIRECTION('',(0.,0.,1.));
#4289=DIRECTION('',(0.,0.,1.));
#4290=DIRECTION('',(0.,0.,1.));
#4291=DIRECTION('',(0.,0.,1.));
#4292=DIRECTION('',(0.,0.,1.));
#4293=DIRECTION('',(0.,0.,1.));
#4294=DIRECTION('',(0.,0.,1.));
#4295=DIRECTION('',(0.,0.,1.));
#4296=DIRECTION('',(0.,0.,1.));
#4297=DIRECTION('',(0.,0.,1.));
#4298=DIRECTION('center_axis',(0.,0.,-1.));
#4299=DIRECTION('ref_axis',(1.,0.,0.));
#4300=DIRECTION('center_axis',(0.,0.,-1.));
#4301=DIRECTION('ref_axis',(-1.,0.,0.));
#4302=DIRECTION('',(-1.,0.,0.));
#4303=DIRECTION('',(0.,1.,0.));
#4304=DIRECTION('',(-1.,0.,0.));
#4305=DIRECTION('',(0.,-1.,0.));
#4306=DIRECTION('',(-1.,0.,0.));
#4307=DIRECTION('',(0.,1.,0.));
#4308=DIRECTION('',(1.,0.,0.));
#4309=DIRECTION('',(1.34076809929975E-16,-1.,0.));
#4310=DIRECTION('center_axis',(0.,0.,-1.));
#4311=DIRECTION('ref_axis',(-1.,0.,0.));
#4312=DIRECTION('center_axis',(0.,0.,-1.));
#4313=DIRECTION('ref_axis',(-1.,0.,0.));
#4314=DIRECTION('center_axis',(0.,0.,-1.));
#4315=DIRECTION('ref_axis',(-1.,0.,0.));
#4316=DIRECTION('center_axis',(0.577350269189627,0.577350269189627,-0.577350269189624));
#4317=DIRECTION('ref_axis',(-0.707106781186546,0.,-0.707106781186549));
#4318=DIRECTION('',(0.,-0.707106781186546,-0.707106781186549));
#4319=DIRECTION('',(-0.707106781186548,0.707106781186548,0.));
#4320=DIRECTION('',(0.707106781186546,0.,0.707106781186549));
#4321=DIRECTION('center_axis',(0.707106781186548,0.707106781186548,0.));
#4322=DIRECTION('ref_axis',(0.,0.,-1.));
#4323=DIRECTION('',(0.707106781186548,-0.707106781186548,0.));
#4324=DIRECTION('',(0.,0.,-1.));
#4325=DIRECTION('',(0.,0.,1.));
#4326=DIRECTION('center_axis',(-0.577350269189625,0.577350269189627,-0.577350269189625));
#4327=DIRECTION('ref_axis',(-0.707106781186547,0.,0.707106781186548));
#4328=DIRECTION('',(0.707106781186548,0.,-0.707106781186547));
#4329=DIRECTION('',(-0.707106781186549,-0.707106781186546,0.));
#4330=DIRECTION('',(0.,0.707106781186546,0.707106781186549));
#4331=DIRECTION('center_axis',(-0.707106781186546,0.707106781186549,0.));
#4332=DIRECTION('ref_axis',(0.,0.,1.));
#4333=DIRECTION('',(0.707106781186549,0.707106781186546,0.));
#4334=DIRECTION('',(0.,0.,-1.));
#4335=DIRECTION('',(0.,0.,1.));
#4336=DIRECTION('center_axis',(0.,0.707106781186549,-0.707106781186546));
#4337=DIRECTION('ref_axis',(-1.,0.,0.));
#4338=DIRECTION('',(1.,0.,0.));
#4339=DIRECTION('center_axis',(-0.577350269189626,-0.577350269189628,-0.577350269189624));
#4340=DIRECTION('ref_axis',(-0.707106781186547,0.,0.707106781186548));
#4341=DIRECTION('',(-6.2803698347351E-15,0.707106781186547,-0.707106781186548));
#4342=DIRECTION('',(0.707106781186549,-0.707106781186546,0.));
#4343=DIRECTION('',(-0.707106781186547,1.57009245868378E-15,0.707106781186548));
#4344=DIRECTION('center_axis',(-0.707106781186546,-0.707106781186549,0.));
#4345=DIRECTION('ref_axis',(0.,0.,1.));
#4346=DIRECTION('',(-0.707106781186549,0.707106781186546,0.));
#4347=DIRECTION('',(0.,0.,-1.));
#4348=DIRECTION('',(0.,0.,1.));
#4349=DIRECTION('center_axis',(-0.707106781186547,-9.4806621501345E-17,
-0.707106781186548));
#4350=DIRECTION('ref_axis',(-0.707106781186548,0.,0.707106781186547));
#4351=DIRECTION('',(-1.34076809929975E-16,1.,0.));
#4352=DIRECTION('center_axis',(0.577350269189627,-0.577350269189626,-0.577350269189625));
#4353=DIRECTION('ref_axis',(-0.707106781186546,0.,-0.707106781186549));
#4354=DIRECTION('',(-0.707106781186546,0.,-0.707106781186549));
#4355=DIRECTION('',(0.707106781186547,0.707106781186548,0.));
#4356=DIRECTION('',(0.,-0.707106781186547,0.707106781186548));
#4357=DIRECTION('center_axis',(0.707106781186548,-0.707106781186547,0.));
#4358=DIRECTION('ref_axis',(0.,0.,-1.));
#4359=DIRECTION('',(-0.707106781186547,-0.707106781186548,0.));
#4360=DIRECTION('',(0.,0.,-1.));
#4361=DIRECTION('',(0.,0.,1.));
#4362=DIRECTION('center_axis',(0.,-0.707106781186548,-0.707106781186547));
#4363=DIRECTION('ref_axis',(-1.,0.,0.));
#4364=DIRECTION('',(-1.,0.,0.));
#4365=DIRECTION('center_axis',(-0.577350269189627,0.577350269189627,-0.577350269189624));
#4366=DIRECTION('ref_axis',(-0.707106781186546,0.,0.707106781186549));
#4367=DIRECTION('',(0.707106781186546,0.,-0.707106781186549));
#4368=DIRECTION('',(-0.707106781186548,-0.707106781186548,0.));
#4369=DIRECTION('',(0.,0.707106781186546,0.707106781186549));
#4370=DIRECTION('center_axis',(-0.707106781186548,0.707106781186548,0.));
#4371=DIRECTION('ref_axis',(0.,0.,1.));
#4372=DIRECTION('',(0.707106781186548,0.707106781186548,0.));
#4373=DIRECTION('',(0.,0.,-1.));
#4374=DIRECTION('',(0.,0.,1.));
#4375=DIRECTION('center_axis',(0.577350269189623,0.577350269189633,-0.577350269189621));
#4376=DIRECTION('ref_axis',(-0.707106781186546,0.,-0.707106781186549));
#4377=DIRECTION('',(1.25607396694702E-14,-0.707106781186546,-0.707106781186549));
#4378=DIRECTION('',(-0.707106781186554,0.707106781186541,0.));
#4379=DIRECTION('',(0.707106781186546,0.,0.707106781186549));
#4380=DIRECTION('center_axis',(0.707106781186541,0.707106781186554,0.));
#4381=DIRECTION('ref_axis',(0.,0.,-1.));
#4382=DIRECTION('',(0.707106781186554,-0.707106781186541,0.));
#4383=DIRECTION('',(0.,0.,-1.));
#4384=DIRECTION('',(0.,0.,1.));
#4385=DIRECTION('center_axis',(0.707106781186549,0.,-0.707106781186546));
#4386=DIRECTION('ref_axis',(-0.707106781186546,0.,-0.707106781186549));
#4387=DIRECTION('',(0.,-1.,0.));
#4388=DIRECTION('center_axis',(0.,0.707106781186549,-0.707106781186546));
#4389=DIRECTION('ref_axis',(-1.,0.,0.));
#4390=DIRECTION('',(1.,0.,0.));
#4391=DIRECTION('center_axis',(-0.707106781186549,0.,-0.707106781186546));
#4392=DIRECTION('ref_axis',(-0.707106781186546,0.,0.707106781186549));
#4393=DIRECTION('',(0.,1.,0.));
#4394=DIRECTION('',(-0.577350269189624,0.577350269189627,0.577350269189626));
#4395=DIRECTION('center_axis',(0.,0.707106781186547,-0.707106781186548));
#4396=DIRECTION('ref_axis',(-1.,0.,0.));
#4397=DIRECTION('',(1.,0.,0.));
#4398=DIRECTION('',(0.577350269189624,0.577350269189627,0.577350269189626));
#4399=DIRECTION('center_axis',(0.707106781186549,0.,-0.707106781186546));
#4400=DIRECTION('ref_axis',(-0.707106781186546,0.,-0.707106781186549));
#4401=DIRECTION('',(0.,-1.,0.));
#4402=DIRECTION('center_axis',(-1.,-1.34076809929975E-16,0.));
#4403=DIRECTION('ref_axis',(-1.34076809929975E-16,1.,0.));
#4404=DIRECTION('',(1.34076809929975E-16,-1.,0.));
#4405=DIRECTION('center_axis',(0.,-1.,0.));
#4406=DIRECTION('ref_axis',(-1.,0.,0.));
#4407=DIRECTION('',(1.,0.,0.));
#4408=DIRECTION('center_axis',(1.,0.,0.));
#4409=DIRECTION('ref_axis',(0.,-1.,0.));
#4410=DIRECTION('',(0.,1.,0.));
#4411=DIRECTION('center_axis',(0.,0.,1.));
#4412=DIRECTION('ref_axis',(1.,0.,0.));
#4413=DIRECTION('',(-1.,0.,0.));
#4414=DIRECTION('',(0.,-1.,0.));
#4415=DIRECTION('',(-1.,0.,0.));
#4416=DIRECTION('',(-1.53050596444628E-16,1.,0.));
#4417=DIRECTION('',(1.,0.,0.));
#4418=DIRECTION('',(0.,1.,0.));
#4419=DIRECTION('',(-1.,0.,0.));
#4420=DIRECTION('center_axis',(0.,0.,-1.));
#4421=DIRECTION('ref_axis',(1.,0.,0.));
#4422=DIRECTION('center_axis',(0.,0.,-1.));
#4423=DIRECTION('ref_axis',(1.,0.,0.));
#4424=DIRECTION('center_axis',(0.,0.,-1.));
#4425=DIRECTION('ref_axis',(1.,0.,0.));
#4426=DIRECTION('center_axis',(0.,0.,-1.));
#4427=DIRECTION('ref_axis',(1.,0.,0.));
#4428=DIRECTION('center_axis',(0.,0.,-1.));
#4429=DIRECTION('ref_axis',(-1.,0.,0.));
#4430=DIRECTION('center_axis',(0.,0.,1.));
#4431=DIRECTION('ref_axis',(1.,0.,0.));
#4432=DIRECTION('',(0.,0.,-1.));
#4433=DIRECTION('center_axis',(0.,0.,1.));
#4434=DIRECTION('ref_axis',(1.,0.,0.));
#4435=DIRECTION('center_axis',(0.,0.,1.));
#4436=DIRECTION('ref_axis',(1.,0.,0.));
#4437=DIRECTION('',(0.,0.,-1.));
#4438=DIRECTION('center_axis',(0.,0.,1.));
#4439=DIRECTION('ref_axis',(1.,0.,0.));
#4440=DIRECTION('center_axis',(0.,0.,1.));
#4441=DIRECTION('ref_axis',(1.,0.,0.));
#4442=DIRECTION('',(0.,0.,-1.));
#4443=DIRECTION('center_axis',(0.,0.,1.));
#4444=DIRECTION('ref_axis',(1.,0.,0.));
#4445=DIRECTION('center_axis',(0.,0.,1.));
#4446=DIRECTION('ref_axis',(1.,0.,0.));
#4447=DIRECTION('',(0.,0.,-1.));
#4448=DIRECTION('center_axis',(0.,0.,1.));
#4449=DIRECTION('ref_axis',(1.,0.,0.));
#4450=DIRECTION('center_axis',(0.,-1.,0.));
#4451=DIRECTION('ref_axis',(1.,0.,0.));
#4452=DIRECTION('',(-1.,0.,0.));
#4453=DIRECTION('',(0.,0.,1.));
#4454=DIRECTION('',(0.,0.,1.));
#4455=DIRECTION('center_axis',(1.,1.53050596444628E-16,0.));
#4456=DIRECTION('ref_axis',(-1.53050596444628E-16,1.,0.));
#4457=DIRECTION('',(1.53050596444628E-16,-1.,0.));
#4458=DIRECTION('',(0.,0.,1.));
#4459=DIRECTION('center_axis',(0.,1.,0.));
#4460=DIRECTION('ref_axis',(-1.,0.,0.));
#4461=DIRECTION('',(1.,0.,0.));
#4462=DIRECTION('',(0.,0.,1.));
#4463=DIRECTION('center_axis',(0.,0.,1.));
#4464=DIRECTION('ref_axis',(1.,0.,0.));
#4465=DIRECTION('center_axis',(0.,0.,1.));
#4466=DIRECTION('ref_axis',(1.,0.,0.));
#4467=DIRECTION('center_axis',(0.,0.,1.));
#4468=DIRECTION('ref_axis',(1.,0.,0.));
#4469=DIRECTION('center_axis',(0.,0.,1.));
#4470=DIRECTION('ref_axis',(1.,0.,0.));
#4471=DIRECTION('center_axis',(0.,1.,0.));
#4472=DIRECTION('ref_axis',(1.,0.,0.));
#4473=DIRECTION('center_axis',(0.,1.,0.));
#4474=DIRECTION('ref_axis',(1.,0.,0.));
#4475=DIRECTION('center_axis',(-1.,0.,0.));
#4476=DIRECTION('ref_axis',(0.,1.,0.));
#4477=DIRECTION('',(0.,0.,-1.));
#4478=DIRECTION('',(0.,1.,0.));
#4479=DIRECTION('center_axis',(0.,1.,0.));
#4480=DIRECTION('ref_axis',(1.,0.,0.));
#4481=DIRECTION('',(0.,0.,-1.));
#4482=DIRECTION('',(1.,0.,0.));
#4483=DIRECTION('center_axis',(1.,0.,0.));
#4484=DIRECTION('ref_axis',(0.,-1.,0.));
#4485=DIRECTION('',(0.,-1.,0.));
#4486=DIRECTION('center_axis',(0.,0.,1.));
#4487=DIRECTION('ref_axis',(1.,0.,0.));
#4488=CARTESIAN_POINT('',(0.,0.,0.));
#4489=CARTESIAN_POINT('Ctrl Pts',(25.3240115568042,14.9345160275698,-3.));
#4490=CARTESIAN_POINT('Ctrl Pts',(25.3240115568042,14.9345160275698,-2.8));
#4491=CARTESIAN_POINT('Ctrl Pts',(25.4941926661244,14.9393184042287,-3.));
#4492=CARTESIAN_POINT('Ctrl Pts',(25.4941926661244,14.9393184042287,-2.8));
#4493=CARTESIAN_POINT('Ctrl Pts',(25.801460960728,14.9479892731161,-3.));
#4494=CARTESIAN_POINT('Ctrl Pts',(25.801460960728,14.9479892731161,-2.8));
#4495=CARTESIAN_POINT('Ctrl Pts',(26.066576699512,15.1009323294472,-3.));
#4496=CARTESIAN_POINT('Ctrl Pts',(26.066576699512,15.1009323294472,-2.8));
#4497=CARTESIAN_POINT('Ctrl Pts',(26.1848575994372,15.1691675931215,-3.));
#4498=CARTESIAN_POINT('Ctrl Pts',(26.1848575994372,15.1691675931215,-2.8));
#4499=CARTESIAN_POINT('',(25.3240115568042,14.9345160275698,-3.));
#4500=CARTESIAN_POINT('',(26.1848575994372,15.1691675931215,-3.));
#4501=CARTESIAN_POINT('Ctrl Pts',(25.3240115568042,14.9345160275698,-3.));
#4502=CARTESIAN_POINT('Ctrl Pts',(25.4941926661244,14.9393184042287,-3.));
#4503=CARTESIAN_POINT('Ctrl Pts',(25.801460960728,14.9479892731161,-3.));
#4504=CARTESIAN_POINT('Ctrl Pts',(26.066576699512,15.1009323294472,-3.));
#4505=CARTESIAN_POINT('Ctrl Pts',(26.1848575994372,15.1691675931215,-3.));
#4506=CARTESIAN_POINT('',(25.3240115568042,14.9345160275698,-2.8));
#4507=CARTESIAN_POINT('',(25.3240115568042,14.9345160275698,-3.));
#4508=CARTESIAN_POINT('',(26.1848575994372,15.1691675931215,-2.8));
#4509=CARTESIAN_POINT('Ctrl Pts',(25.3240115568042,14.9345160275698,-2.8));
#4510=CARTESIAN_POINT('Ctrl Pts',(25.4941926661244,14.9393184042287,-2.8));
#4511=CARTESIAN_POINT('Ctrl Pts',(25.801460960728,14.9479892731161,-2.8));
#4512=CARTESIAN_POINT('Ctrl Pts',(26.066576699512,15.1009323294472,-2.8));
#4513=CARTESIAN_POINT('Ctrl Pts',(26.1848575994372,15.1691675931215,-2.8));
#4514=CARTESIAN_POINT('',(26.1848575994372,15.1691675931215,-3.));
#4515=CARTESIAN_POINT('Ctrl Pts',(24.7128249332309,15.0532055646181,-3.));
#4516=CARTESIAN_POINT('Ctrl Pts',(24.7128249332309,15.0532055646181,-2.8));
#4517=CARTESIAN_POINT('Ctrl Pts',(24.8077998877174,15.0186010821616,-3.));
#4518=CARTESIAN_POINT('Ctrl Pts',(24.8077998877174,15.0186010821616,-2.8));
#4519=CARTESIAN_POINT('Ctrl Pts',(25.0051191335955,14.9467070715853,-3.));
#4520=CARTESIAN_POINT('Ctrl Pts',(25.0051191335955,14.9467070715853,-2.8));
#4521=CARTESIAN_POINT('Ctrl Pts',(25.2151000109391,14.9386796431116,-3.));
#4522=CARTESIAN_POINT('Ctrl Pts',(25.2151000109391,14.9386796431116,-2.8));
#4523=CARTESIAN_POINT('Ctrl Pts',(25.3240115568042,14.9345160275698,-3.));
#4524=CARTESIAN_POINT('Ctrl Pts',(25.3240115568042,14.9345160275698,-2.8));
#4525=CARTESIAN_POINT('',(24.7128249332309,15.0532055646181,-3.));
#4526=CARTESIAN_POINT('Ctrl Pts',(24.7128249332309,15.0532055646181,-3.));
#4527=CARTESIAN_POINT('Ctrl Pts',(24.8077998877174,15.0186010821616,-3.));
#4528=CARTESIAN_POINT('Ctrl Pts',(25.0051191335955,14.9467070715853,-3.));
#4529=CARTESIAN_POINT('Ctrl Pts',(25.2151000109391,14.9386796431116,-3.));
#4530=CARTESIAN_POINT('Ctrl Pts',(25.3240115568042,14.9345160275698,-3.));
#4531=CARTESIAN_POINT('',(24.7128249332309,15.0532055646181,-2.8));
#4532=CARTESIAN_POINT('',(24.7128249332309,15.0532055646181,-3.));
#4533=CARTESIAN_POINT('Ctrl Pts',(24.7128249332309,15.0532055646181,-2.8));
#4534=CARTESIAN_POINT('Ctrl Pts',(24.8077998877174,15.0186010821616,-2.8));
#4535=CARTESIAN_POINT('Ctrl Pts',(25.0051191335955,14.9467070715853,-2.8));
#4536=CARTESIAN_POINT('Ctrl Pts',(25.2151000109391,14.9386796431116,-2.8));
#4537=CARTESIAN_POINT('Ctrl Pts',(25.3240115568042,14.9345160275698,-2.8));
#4538=CARTESIAN_POINT('Ctrl Pts',(24.299455396831,15.3888130933046,-3.));
#4539=CARTESIAN_POINT('Ctrl Pts',(24.299455396831,15.3888130933046,-2.8));
#4540=CARTESIAN_POINT('Ctrl Pts',(24.3539180019066,15.3199869174804,-3.));
#4541=CARTESIAN_POINT('Ctrl Pts',(24.3539180019066,15.3199869174804,-2.8));
#4542=CARTESIAN_POINT('Ctrl Pts',(24.4666339985294,15.177544024949,-3.));
#4543=CARTESIAN_POINT('Ctrl Pts',(24.4666339985294,15.177544024949,-2.8));
#4544=CARTESIAN_POINT('Ctrl Pts',(24.6289417476615,15.0955706750719,-3.));
#4545=CARTESIAN_POINT('Ctrl Pts',(24.6289417476615,15.0955706750719,-2.8));
#4546=CARTESIAN_POINT('Ctrl Pts',(24.7128249332309,15.0532055646181,-3.));
#4547=CARTESIAN_POINT('Ctrl Pts',(24.7128249332309,15.0532055646181,-2.8));
#4548=CARTESIAN_POINT('',(24.299455396831,15.3888130933046,-3.));
#4549=CARTESIAN_POINT('Ctrl Pts',(24.299455396831,15.3888130933046,-3.));
#4550=CARTESIAN_POINT('Ctrl Pts',(24.3539180019066,15.3199869174804,-3.));
#4551=CARTESIAN_POINT('Ctrl Pts',(24.4666339985294,15.177544024949,-3.));
#4552=CARTESIAN_POINT('Ctrl Pts',(24.6289417476615,15.0955706750719,-3.));
#4553=CARTESIAN_POINT('Ctrl Pts',(24.7128249332309,15.0532055646181,-3.));
#4554=CARTESIAN_POINT('',(24.299455396831,15.3888130933046,-2.8));
#4555=CARTESIAN_POINT('',(24.299455396831,15.3888130933046,-3.));
#4556=CARTESIAN_POINT('Ctrl Pts',(24.299455396831,15.3888130933046,-2.8));
#4557=CARTESIAN_POINT('Ctrl Pts',(24.3539180019066,15.3199869174804,-2.8));
#4558=CARTESIAN_POINT('Ctrl Pts',(24.4666339985294,15.177544024949,-2.8));
#4559=CARTESIAN_POINT('Ctrl Pts',(24.6289417476615,15.0955706750719,-2.8));
#4560=CARTESIAN_POINT('Ctrl Pts',(24.7128249332309,15.0532055646181,-2.8));
#4561=CARTESIAN_POINT('Ctrl Pts',(24.1562081500888,15.8512962609529,-3.));
#4562=CARTESIAN_POINT('Ctrl Pts',(24.1562081500888,15.8512962609529,-2.8));
#4563=CARTESIAN_POINT('Ctrl Pts',(24.1625306347599,15.770103085124,-3.));
#4564=CARTESIAN_POINT('Ctrl Pts',(24.1625306347599,15.770103085124,-2.8));
#4565=CARTESIAN_POINT('Ctrl Pts',(24.1753703056711,15.6052163812249,-3.));
#4566=CARTESIAN_POINT('Ctrl Pts',(24.1753703056711,15.6052163812249,-2.8));
#4567=CARTESIAN_POINT('Ctrl Pts',(24.2576776618205,15.4616730890836,-3.));
#4568=CARTESIAN_POINT('Ctrl Pts',(24.2576776618205,15.4616730890836,-2.8));
#4569=CARTESIAN_POINT('Ctrl Pts',(24.299455396831,15.3888130933046,-3.));
#4570=CARTESIAN_POINT('Ctrl Pts',(24.299455396831,15.3888130933046,-2.8));
#4571=CARTESIAN_POINT('',(24.1562081500888,15.8512962609529,-3.));
#4572=CARTESIAN_POINT('Ctrl Pts',(24.1562081500888,15.8512962609529,-3.));
#4573=CARTESIAN_POINT('Ctrl Pts',(24.1625306347599,15.770103085124,-3.));
#4574=CARTESIAN_POINT('Ctrl Pts',(24.1753703056711,15.6052163812249,-3.));
#4575=CARTESIAN_POINT('Ctrl Pts',(24.2576776618205,15.4616730890836,-3.));
#4576=CARTESIAN_POINT('Ctrl Pts',(24.299455396831,15.3888130933046,-3.));
#4577=CARTESIAN_POINT('',(24.1562081500888,15.8512962609529,-2.8));
#4578=CARTESIAN_POINT('',(24.1562081500888,15.8512962609529,-3.));
#4579=CARTESIAN_POINT('Ctrl Pts',(24.1562081500888,15.8512962609529,-2.8));
#4580=CARTESIAN_POINT('Ctrl Pts',(24.1625306347599,15.770103085124,-2.8));
#4581=CARTESIAN_POINT('Ctrl Pts',(24.1753703056711,15.6052163812249,-2.8));
#4582=CARTESIAN_POINT('Ctrl Pts',(24.2576776618205,15.4616730890836,-2.8));
#4583=CARTESIAN_POINT('Ctrl Pts',(24.299455396831,15.3888130933046,-2.8));
#4584=CARTESIAN_POINT('Ctrl Pts',(24.2735345289111,16.2714869529009,-3.));
#4585=CARTESIAN_POINT('Ctrl Pts',(24.2735345289111,16.2714869529009,-2.8));
#4586=CARTESIAN_POINT('Ctrl Pts',(24.2393405603035,16.2096772970183,-3.));
#4587=CARTESIAN_POINT('Ctrl Pts',(24.2393405603035,16.2096772970183,-2.8));
#4588=CARTESIAN_POINT('Ctrl Pts',(24.1671309851265,16.0791499211429,-3.));
#4589=CARTESIAN_POINT('Ctrl Pts',(24.1671309851265,16.0791499211429,-2.8));
#4590=CARTESIAN_POINT('Ctrl Pts',(24.1599753309892,15.9298808000205,-3.));
#4591=CARTESIAN_POINT('Ctrl Pts',(24.1599753309892,15.9298808000205,-2.8));
#4592=CARTESIAN_POINT('Ctrl Pts',(24.1562081500888,15.8512962609529,-3.));
#4593=CARTESIAN_POINT('Ctrl Pts',(24.1562081500888,15.8512962609529,-2.8));
#4594=CARTESIAN_POINT('',(24.2735345289111,16.2714869529009,-3.));
#4595=CARTESIAN_POINT('Ctrl Pts',(24.2735345289111,16.2714869529009,-3.));
#4596=CARTESIAN_POINT('Ctrl Pts',(24.2393405603035,16.2096772970183,-3.));
#4597=CARTESIAN_POINT('Ctrl Pts',(24.1671309851265,16.0791499211429,-3.));
#4598=CARTESIAN_POINT('Ctrl Pts',(24.1599753309892,15.9298808000205,-3.));
#4599=CARTESIAN_POINT('Ctrl Pts',(24.1562081500888,15.8512962609529,-3.));
#4600=CARTESIAN_POINT('',(24.2735345289111,16.2714869529009,-2.8));
#4601=CARTESIAN_POINT('',(24.2735345289111,16.2714869529009,-3.));
#4602=CARTESIAN_POINT('Ctrl Pts',(24.2735345289111,16.2714869529009,-2.8));
#4603=CARTESIAN_POINT('Ctrl Pts',(24.2393405603035,16.2096772970183,-2.8));
#4604=CARTESIAN_POINT('Ctrl Pts',(24.1671309851265,16.0791499211429,-2.8));
#4605=CARTESIAN_POINT('Ctrl Pts',(24.1599753309892,15.9298808000205,-2.8));
#4606=CARTESIAN_POINT('Ctrl Pts',(24.1562081500888,15.8512962609529,-2.8));
#4607=CARTESIAN_POINT('Ctrl Pts',(24.5968635007739,16.5293312817812,-3.));
#4608=CARTESIAN_POINT('Ctrl Pts',(24.5968635007739,16.5293312817812,-2.8));
#4609=CARTESIAN_POINT('Ctrl Pts',(24.5323587189374,16.4970843712487,-3.));
#4610=CARTESIAN_POINT('Ctrl Pts',(24.5323587189374,16.4970843712487,-2.8));
#4611=CARTESIAN_POINT('Ctrl Pts',(24.4062107226721,16.4340210907661,-3.));
#4612=CARTESIAN_POINT('Ctrl Pts',(24.4062107226721,16.4340210907661,-2.8));
#4613=CARTESIAN_POINT('Ctrl Pts',(24.3170860190548,16.3248394323668,-3.));
#4614=CARTESIAN_POINT('Ctrl Pts',(24.3170860190548,16.3248394323668,-2.8));
#4615=CARTESIAN_POINT('Ctrl Pts',(24.2735345289111,16.2714869529009,-3.));
#4616=CARTESIAN_POINT('Ctrl Pts',(24.2735345289111,16.2714869529009,-2.8));
#4617=CARTESIAN_POINT('',(24.5968635007739,16.5293312817812,-3.));
#4618=CARTESIAN_POINT('Ctrl Pts',(24.5968635007739,16.5293312817812,-3.));
#4619=CARTESIAN_POINT('Ctrl Pts',(24.5323587189374,16.4970843712487,-3.));
#4620=CARTESIAN_POINT('Ctrl Pts',(24.4062107226721,16.4340210907661,-3.));
#4621=CARTESIAN_POINT('Ctrl Pts',(24.3170860190548,16.3248394323668,-3.));
#4622=CARTESIAN_POINT('Ctrl Pts',(24.2735345289111,16.2714869529009,-3.));
#4623=CARTESIAN_POINT('',(24.5968635007739,16.5293312817812,-2.8));
#4624=CARTESIAN_POINT('',(24.5968635007739,16.5293312817812,-3.));
#4625=CARTESIAN_POINT('Ctrl Pts',(24.5968635007739,16.5293312817812,-2.8));
#4626=CARTESIAN_POINT('Ctrl Pts',(24.5323587189374,16.4970843712487,-2.8));
#4627=CARTESIAN_POINT('Ctrl Pts',(24.4062107226721,16.4340210907661,-2.8));
#4628=CARTESIAN_POINT('Ctrl Pts',(24.3170860190548,16.3248394323668,-2.8));
#4629=CARTESIAN_POINT('Ctrl Pts',(24.2735345289111,16.2714869529009,-2.8));
#4630=CARTESIAN_POINT('Ctrl Pts',(25.3240115568042,16.7571622878313,-3.));
#4631=CARTESIAN_POINT('Ctrl Pts',(25.3240115568042,16.7571622878313,-2.8));
#4632=CARTESIAN_POINT('Ctrl Pts',(25.1756668711687,16.7177654351514,-3.));
#4633=CARTESIAN_POINT('Ctrl Pts',(25.1756668711687,16.7177654351514,-2.8));
#4634=CARTESIAN_POINT('Ctrl Pts',(24.9298659808213,16.6524865111095,-3.));
#4635=CARTESIAN_POINT('Ctrl Pts',(24.9298659808213,16.6524865111095,-2.8));
#4636=CARTESIAN_POINT('Ctrl Pts',(24.6914082555137,16.5642970302348,-3.));
#4637=CARTESIAN_POINT('Ctrl Pts',(24.6914082555137,16.5642970302348,-2.8));
#4638=CARTESIAN_POINT('Ctrl Pts',(24.5968635007739,16.5293312817812,-3.));
#4639=CARTESIAN_POINT('Ctrl Pts',(24.5968635007739,16.5293312817812,-2.8));
#4640=CARTESIAN_POINT('',(25.3240115568042,16.7571622878313,-3.));
#4641=CARTESIAN_POINT('Ctrl Pts',(25.3240115568042,16.7571622878313,-3.));
#4642=CARTESIAN_POINT('Ctrl Pts',(25.1756668711687,16.7177654351514,-3.));
#4643=CARTESIAN_POINT('Ctrl Pts',(24.9298659808213,16.6524865111095,-3.));
#4644=CARTESIAN_POINT('Ctrl Pts',(24.6914082555137,16.5642970302348,-3.));
#4645=CARTESIAN_POINT('Ctrl Pts',(24.5968635007739,16.5293312817812,-3.));
#4646=CARTESIAN_POINT('',(25.3240115568042,16.7571622878313,-2.8));
#4647=CARTESIAN_POINT('',(25.3240115568042,16.7571622878313,-3.));
#4648=CARTESIAN_POINT('Ctrl Pts',(25.3240115568042,16.7571622878313,-2.8));
#4649=CARTESIAN_POINT('Ctrl Pts',(25.1756668711687,16.7177654351514,-2.8));
#4650=CARTESIAN_POINT('Ctrl Pts',(24.9298659808213,16.6524865111095,-2.8));
#4651=CARTESIAN_POINT('Ctrl Pts',(24.6914082555137,16.5642970302348,-2.8));
#4652=CARTESIAN_POINT('Ctrl Pts',(24.5968635007739,16.5293312817812,-2.8));
#4653=CARTESIAN_POINT('Ctrl Pts',(25.7578451558948,16.8826741725206,-3.));
#4654=CARTESIAN_POINT('Ctrl Pts',(25.7578451558948,16.8826741725206,-2.8));
#4655=CARTESIAN_POINT('Ctrl Pts',(25.709482540854,16.8674344464735,-3.));
#4656=CARTESIAN_POINT('Ctrl Pts',(25.709482540854,16.8674344464735,-2.8));
#4657=CARTESIAN_POINT('Ctrl Pts',(25.5658765136826,16.8221822095759,-3.));
#4658=CARTESIAN_POINT('Ctrl Pts',(25.5658765136826,16.8221822095759,-2.8));
#4659=CARTESIAN_POINT('Ctrl Pts',(25.4204574343212,16.7830895800264,-3.));
#4660=CARTESIAN_POINT('Ctrl Pts',(25.4204574343212,16.7830895800264,-2.8));
#4661=CARTESIAN_POINT('Ctrl Pts',(25.3240115568042,16.7571622878313,-3.));
#4662=CARTESIAN_POINT('Ctrl Pts',(25.3240115568042,16.7571622878313,-2.8));
#4663=CARTESIAN_POINT('',(25.7578451558948,16.8826741725206,-3.));
#4664=CARTESIAN_POINT('Ctrl Pts',(25.7578451558948,16.8826741725206,-3.));
#4665=CARTESIAN_POINT('Ctrl Pts',(25.709482540854,16.8674344464735,-3.));
#4666=CARTESIAN_POINT('Ctrl Pts',(25.5658765136826,16.8221822095759,-3.));
#4667=CARTESIAN_POINT('Ctrl Pts',(25.4204574343212,16.7830895800264,-3.));
#4668=CARTESIAN_POINT('Ctrl Pts',(25.3240115568042,16.7571622878313,-3.));
#4669=CARTESIAN_POINT('',(25.7578451558948,16.8826741725206,-2.8));
#4670=CARTESIAN_POINT('',(25.7578451558948,16.8826741725206,-3.));
#4671=CARTESIAN_POINT('Ctrl Pts',(25.7578451558948,16.8826741725206,-2.8));
#4672=CARTESIAN_POINT('Ctrl Pts',(25.709482540854,16.8674344464735,-2.8));
#4673=CARTESIAN_POINT('Ctrl Pts',(25.5658765136826,16.8221822095759,-2.8));
#4674=CARTESIAN_POINT('Ctrl Pts',(25.4204574343212,16.7830895800264,-2.8));
#4675=CARTESIAN_POINT('Ctrl Pts',(25.3240115568042,16.7571622878313,-2.8));
#4676=CARTESIAN_POINT('Ctrl Pts',(25.9461129829288,17.0136428624392,-3.));
#4677=CARTESIAN_POINT('Ctrl Pts',(25.9461129829288,17.0136428624392,-2.8));
#4678=CARTESIAN_POINT('Ctrl Pts',(25.9216672705888,16.9877910250296,-3.));
#4679=CARTESIAN_POINT('Ctrl Pts',(25.9216672705888,16.9877910250296,-2.8));
#4680=CARTESIAN_POINT('Ctrl Pts',(25.8681434097283,16.9311884548424,-3.));
#4681=CARTESIAN_POINT('Ctrl Pts',(25.8681434097283,16.9311884548424,-2.8));
#4682=CARTESIAN_POINT('Ctrl Pts',(25.7966731339374,16.899752516223,-3.));
#4683=CARTESIAN_POINT('Ctrl Pts',(25.7966731339374,16.899752516223,-2.8));
#4684=CARTESIAN_POINT('Ctrl Pts',(25.7578451558948,16.8826741725206,-3.));
#4685=CARTESIAN_POINT('Ctrl Pts',(25.7578451558948,16.8826741725206,-2.8));
#4686=CARTESIAN_POINT('',(25.9461129829288,17.0136428624392,-3.));
#4687=CARTESIAN_POINT('Ctrl Pts',(25.9461129829288,17.0136428624392,-3.));
#4688=CARTESIAN_POINT('Ctrl Pts',(25.9216672705888,16.9877910250296,-3.));
#4689=CARTESIAN_POINT('Ctrl Pts',(25.8681434097283,16.9311884548424,-3.));
#4690=CARTESIAN_POINT('Ctrl Pts',(25.7966731339374,16.899752516223,-3.));
#4691=CARTESIAN_POINT('Ctrl Pts',(25.7578451558948,16.8826741725206,-3.));
#4692=CARTESIAN_POINT('',(25.9461129829288,17.0136428624392,-2.8));
#4693=CARTESIAN_POINT('',(25.9461129829288,17.0136428624392,-3.));
#4694=CARTESIAN_POINT('Ctrl Pts',(25.9461129829288,17.0136428624392,-2.8));
#4695=CARTESIAN_POINT('Ctrl Pts',(25.9216672705888,16.9877910250296,-2.8));
#4696=CARTESIAN_POINT('Ctrl Pts',(25.8681434097283,16.9311884548424,-2.8));
#4697=CARTESIAN_POINT('Ctrl Pts',(25.7966731339374,16.899752516223,-2.8));
#4698=CARTESIAN_POINT('Ctrl Pts',(25.7578451558948,16.8826741725206,-2.8));
#4699=CARTESIAN_POINT('Ctrl Pts',(26.0061402246356,17.1855390816927,-3.));
#4700=CARTESIAN_POINT('Ctrl Pts',(26.0061402246356,17.1855390816927,-2.8));
#4701=CARTESIAN_POINT('Ctrl Pts',(26.003592588848,17.1544431446501,-3.));
#4702=CARTESIAN_POINT('Ctrl Pts',(26.003592588848,17.1544431446501,-2.8));
#4703=CARTESIAN_POINT('Ctrl Pts',(25.9984733171011,17.0919583292304,-3.));
#4704=CARTESIAN_POINT('Ctrl Pts',(25.9984733171011,17.0919583292304,-2.8));
#4705=CARTESIAN_POINT('Ctrl Pts',(25.9636208927025,17.0398294815305,-3.));
#4706=CARTESIAN_POINT('Ctrl Pts',(25.9636208927025,17.0398294815305,-2.8));
#4707=CARTESIAN_POINT('Ctrl Pts',(25.9461129829288,17.0136428624392,-3.));
#4708=CARTESIAN_POINT('Ctrl Pts',(25.9461129829288,17.0136428624392,-2.8));
#4709=CARTESIAN_POINT('',(26.0061402246356,17.1855390816927,-3.));
#4710=CARTESIAN_POINT('Ctrl Pts',(26.0061402246356,17.1855390816927,-3.));
#4711=CARTESIAN_POINT('Ctrl Pts',(26.003592588848,17.1544431446501,-3.));
#4712=CARTESIAN_POINT('Ctrl Pts',(25.9984733171011,17.0919583292304,-3.));
#4713=CARTESIAN_POINT('Ctrl Pts',(25.9636208927025,17.0398294815305,-3.));
#4714=CARTESIAN_POINT('Ctrl Pts',(25.9461129829288,17.0136428624392,-3.));
#4715=CARTESIAN_POINT('',(26.0061402246356,17.1855390816927,-2.8));
#4716=CARTESIAN_POINT('',(26.0061402246356,17.1855390816927,-3.));
#4717=CARTESIAN_POINT('Ctrl Pts',(26.0061402246356,17.1855390816927,-2.8));
#4718=CARTESIAN_POINT('Ctrl Pts',(26.003592588848,17.1544431446501,-2.8));
#4719=CARTESIAN_POINT('Ctrl Pts',(25.9984733171011,17.0919583292304,-2.8));
#4720=CARTESIAN_POINT('Ctrl Pts',(25.9636208927025,17.0398294815305,-2.8));
#4721=CARTESIAN_POINT('Ctrl Pts',(25.9461129829288,17.0136428624392,-2.8));
#4722=CARTESIAN_POINT('Ctrl Pts',(25.8615286275744,17.4474764615297,-3.));
#4723=CARTESIAN_POINT('Ctrl Pts',(25.8615286275744,17.4474764615297,-2.8));
#4724=CARTESIAN_POINT('Ctrl Pts',(25.9036648499517,17.4101981498637,-3.));
#4725=CARTESIAN_POINT('Ctrl Pts',(25.9036648499517,17.4101981498637,-2.8));
#4726=CARTESIAN_POINT('Ctrl Pts',(25.9833530717986,17.3396972315914,-3.));
#4727=CARTESIAN_POINT('Ctrl Pts',(25.9833530717986,17.3396972315914,-2.8));
#4728=CARTESIAN_POINT('Ctrl Pts',(25.9988415080208,17.2349158800153,-3.));
#4729=CARTESIAN_POINT('Ctrl Pts',(25.9988415080208,17.2349158800153,-2.8));
#4730=CARTESIAN_POINT('Ctrl Pts',(26.0061402246356,17.1855390816927,-3.));
#4731=CARTESIAN_POINT('Ctrl Pts',(26.0061402246356,17.1855390816927,-2.8));
#4732=CARTESIAN_POINT('',(25.8615286275744,17.4474764615297,-3.));
#4733=CARTESIAN_POINT('Ctrl Pts',(25.8615286275744,17.4474764615297,-3.));
#4734=CARTESIAN_POINT('Ctrl Pts',(25.9036648499517,17.4101981498637,-3.));
#4735=CARTESIAN_POINT('Ctrl Pts',(25.9833530717986,17.3396972315914,-3.));
#4736=CARTESIAN_POINT('Ctrl Pts',(25.9988415080208,17.2349158800153,-3.));
#4737=CARTESIAN_POINT('Ctrl Pts',(26.0061402246356,17.1855390816927,-3.));
#4738=CARTESIAN_POINT('',(25.8615286275744,17.4474764615297,-2.8));
#4739=CARTESIAN_POINT('',(25.8615286275744,17.4474764615297,-3.));
#4740=CARTESIAN_POINT('Ctrl Pts',(25.8615286275744,17.4474764615297,-2.8));
#4741=CARTESIAN_POINT('Ctrl Pts',(25.9036648499517,17.4101981498637,-2.8));
#4742=CARTESIAN_POINT('Ctrl Pts',(25.9833530717986,17.3396972315914,-2.8));
#4743=CARTESIAN_POINT('Ctrl Pts',(25.9988415080208,17.2349158800153,-2.8));
#4744=CARTESIAN_POINT('Ctrl Pts',(26.0061402246356,17.1855390816927,-2.8));
#4745=CARTESIAN_POINT('Ctrl Pts',(25.3785819932818,17.55934484303,-3.));
#4746=CARTESIAN_POINT('Ctrl Pts',(25.3785819932818,17.55934484303,-2.8));
#4747=CARTESIAN_POINT('Ctrl Pts',(25.4774218776976,17.5585482128917,-3.));
#4748=CARTESIAN_POINT('Ctrl Pts',(25.4774218776976,17.5585482128917,-2.8));
#4749=CARTESIAN_POINT('Ctrl Pts',(25.6476933181193,17.5571758583818,-3.));
#4750=CARTESIAN_POINT('Ctrl Pts',(25.6476933181193,17.5571758583818,-2.8));
#4751=CARTESIAN_POINT('Ctrl Pts',(25.7983329324066,17.4798964096722,-3.));
#4752=CARTESIAN_POINT('Ctrl Pts',(25.7983329324066,17.4798964096722,-2.8));
#4753=CARTESIAN_POINT('Ctrl Pts',(25.8615286275744,17.4474764615297,-3.));
#4754=CARTESIAN_POINT('Ctrl Pts',(25.8615286275744,17.4474764615297,-2.8));
#4755=CARTESIAN_POINT('',(25.3785819932818,17.55934484303,-3.));
#4756=CARTESIAN_POINT('Ctrl Pts',(25.3785819932818,17.55934484303,-3.));
#4757=CARTESIAN_POINT('Ctrl Pts',(25.4774218776976,17.5585482128917,-3.));
#4758=CARTESIAN_POINT('Ctrl Pts',(25.6476933181193,17.5571758583818,-3.));
#4759=CARTESIAN_POINT('Ctrl Pts',(25.7983329324066,17.4798964096722,-3.));
#4760=CARTESIAN_POINT('Ctrl Pts',(25.8615286275744,17.4474764615297,-3.));
#4761=CARTESIAN_POINT('',(25.3785819932818,17.55934484303,-2.8));
#4762=CARTESIAN_POINT('',(25.3785819932818,17.55934484303,-3.));
#4763=CARTESIAN_POINT('Ctrl Pts',(25.3785819932818,17.55934484303,-2.8));
#4764=CARTESIAN_POINT('Ctrl Pts',(25.4774218776976,17.5585482128917,-2.8));
#4765=CARTESIAN_POINT('Ctrl Pts',(25.6476933181193,17.5571758583818,-2.8));
#4766=CARTESIAN_POINT('Ctrl Pts',(25.7983329324066,17.4798964096722,-2.8));
#4767=CARTESIAN_POINT('Ctrl Pts',(25.8615286275744,17.4474764615297,-2.8));
#4768=CARTESIAN_POINT('Ctrl Pts',(24.9351985380054,17.4338335543871,-3.));
#4769=CARTESIAN_POINT('Ctrl Pts',(24.9351985380054,17.4338335543871,-2.8));
#4770=CARTESIAN_POINT('Ctrl Pts',(24.99674862016,17.4703538064668,-3.));
#4771=CARTESIAN_POINT('Ctrl Pts',(24.99674862016,17.4703538064668,-2.8));
#4772=CARTESIAN_POINT('Ctrl Pts',(25.1328392842505,17.5511021204297,-3.));
#4773=CARTESIAN_POINT('Ctrl Pts',(25.1328392842505,17.5511021204297,-2.8));
#4774=CARTESIAN_POINT('Ctrl Pts',(25.2916157673146,17.5564278145693,-3.));
#4775=CARTESIAN_POINT('Ctrl Pts',(25.2916157673146,17.5564278145693,-2.8));
#4776=CARTESIAN_POINT('Ctrl Pts',(25.3785819932818,17.55934484303,-3.));
#4777=CARTESIAN_POINT('Ctrl Pts',(25.3785819932818,17.55934484303,-2.8));
#4778=CARTESIAN_POINT('',(24.9351985380054,17.4338335543871,-3.));
#4779=CARTESIAN_POINT('Ctrl Pts',(24.9351985380054,17.4338335543871,-3.));
#4780=CARTESIAN_POINT('Ctrl Pts',(24.99674862016,17.4703538064668,-3.));
#4781=CARTESIAN_POINT('Ctrl Pts',(25.1328392842505,17.5511021204297,-3.));
#4782=CARTESIAN_POINT('Ctrl Pts',(25.2916157673146,17.5564278145693,-3.));
#4783=CARTESIAN_POINT('Ctrl Pts',(25.3785819932818,17.55934484303,-3.));
#4784=CARTESIAN_POINT('',(24.9351985380054,17.4338335543871,-2.8));
#4785=CARTESIAN_POINT('',(24.9351985380054,17.4338335543871,-3.));
#4786=CARTESIAN_POINT('Ctrl Pts',(24.9351985380054,17.4338335543871,-2.8));
#4787=CARTESIAN_POINT('Ctrl Pts',(24.99674862016,17.4703538064668,-2.8));
#4788=CARTESIAN_POINT('Ctrl Pts',(25.1328392842505,17.5511021204297,-2.8));
#4789=CARTESIAN_POINT('Ctrl Pts',(25.2916157673146,17.5564278145693,-2.8));
#4790=CARTESIAN_POINT('Ctrl Pts',(25.3785819932818,17.55934484303,-2.8));
#4791=CARTESIAN_POINT('Ctrl Pts',(24.7455669566989,17.0845837146044,-3.));
#4792=CARTESIAN_POINT('Ctrl Pts',(24.7455669566989,17.0845837146044,-2.8));
#4793=CARTESIAN_POINT('Ctrl Pts',(24.7607493711208,17.1543282467063,-3.));
#4794=CARTESIAN_POINT('Ctrl Pts',(24.7607493711208,17.1543282467063,-2.8));
#4795=CARTESIAN_POINT('Ctrl Pts',(24.7901495599548,17.2893859757971,-3.));
#4796=CARTESIAN_POINT('Ctrl Pts',(24.7901495599548,17.2893859757971,-2.8));
#4797=CARTESIAN_POINT('Ctrl Pts',(24.8879181632433,17.3867492126634,-3.));
#4798=CARTESIAN_POINT('Ctrl Pts',(24.8879181632433,17.3867492126634,-2.8));
#4799=CARTESIAN_POINT('Ctrl Pts',(24.9351985380054,17.4338335543871,-3.));
#4800=CARTESIAN_POINT('Ctrl Pts',(24.9351985380054,17.4338335543871,-2.8));
#4801=CARTESIAN_POINT('',(24.7455669566989,17.0845837146044,-3.));
#4802=CARTESIAN_POINT('Ctrl Pts',(24.7455669566989,17.0845837146044,-3.));
#4803=CARTESIAN_POINT('Ctrl Pts',(24.7607493711208,17.1543282467063,-3.));
#4804=CARTESIAN_POINT('Ctrl Pts',(24.7901495599548,17.2893859757971,-3.));
#4805=CARTESIAN_POINT('Ctrl Pts',(24.8879181632433,17.3867492126634,-3.));
#4806=CARTESIAN_POINT('Ctrl Pts',(24.9351985380054,17.4338335543871,-3.));
#4807=CARTESIAN_POINT('',(24.7455669566989,17.0845837146044,-2.8));
#4808=CARTESIAN_POINT('',(24.7455669566989,17.0845837146044,-3.));
#4809=CARTESIAN_POINT('Ctrl Pts',(24.7455669566989,17.0845837146044,-2.8));
#4810=CARTESIAN_POINT('Ctrl Pts',(24.7607493711208,17.1543282467063,-2.8));
#4811=CARTESIAN_POINT('Ctrl Pts',(24.7901495599548,17.2893859757971,-2.8));
#4812=CARTESIAN_POINT('Ctrl Pts',(24.8879181632433,17.3867492126634,-2.8));
#4813=CARTESIAN_POINT('Ctrl Pts',(24.9351985380054,17.4338335543871,-2.8));
#4814=CARTESIAN_POINT('Origin',(24.2653490230441,17.1500683575869,-3.));
#4815=CARTESIAN_POINT('',(24.2653490230441,17.1500683575869,-3.));
#4816=CARTESIAN_POINT('',(32.4998088972226,16.0271809616284,-3.));
#4817=CARTESIAN_POINT('',(24.2653490230441,17.1500683575869,-2.8));
#4818=CARTESIAN_POINT('',(24.2653490230441,17.1500683575869,-3.));
#4819=CARTESIAN_POINT('',(24.2653490230441,17.1500683575869,-2.8));
#4820=CARTESIAN_POINT('Ctrl Pts',(24.4345165416598,17.5989086180925,-3.));
#4821=CARTESIAN_POINT('Ctrl Pts',(24.4345165416598,17.5989086180925,-2.8));
#4822=CARTESIAN_POINT('Ctrl Pts',(24.3962772047829,17.534964379188,-3.));
#4823=CARTESIAN_POINT('Ctrl Pts',(24.3962772047829,17.534964379188,-2.8));
#4824=CARTESIAN_POINT('Ctrl Pts',(24.3130342427937,17.3957645843353,-3.));
#4825=CARTESIAN_POINT('Ctrl Pts',(24.3130342427937,17.3957645843353,-2.8));
#4826=CARTESIAN_POINT('Ctrl Pts',(24.2820824722649,17.2362867991844,-3.));
#4827=CARTESIAN_POINT('Ctrl Pts',(24.2820824722649,17.2362867991844,-2.8));
#4828=CARTESIAN_POINT('Ctrl Pts',(24.2653490230441,17.1500683575869,-3.));
#4829=CARTESIAN_POINT('Ctrl Pts',(24.2653490230441,17.1500683575869,-2.8));
#4830=CARTESIAN_POINT('',(24.4345165416598,17.5989086180925,-3.));
#4831=CARTESIAN_POINT('Ctrl Pts',(24.4345165416598,17.5989086180925,-3.));
#4832=CARTESIAN_POINT('Ctrl Pts',(24.3962772047829,17.534964379188,-3.));
#4833=CARTESIAN_POINT('Ctrl Pts',(24.3130342427937,17.3957645843353,-3.));
#4834=CARTESIAN_POINT('Ctrl Pts',(24.2820824722649,17.2362867991844,-3.));
#4835=CARTESIAN_POINT('Ctrl Pts',(24.2653490230441,17.1500683575869,-3.));
#4836=CARTESIAN_POINT('',(24.4345165416598,17.5989086180925,-2.8));
#4837=CARTESIAN_POINT('',(24.4345165416598,17.5989086180925,-3.));
#4838=CARTESIAN_POINT('Ctrl Pts',(24.4345165416598,17.5989086180925,-2.8));
#4839=CARTESIAN_POINT('Ctrl Pts',(24.3962772047829,17.534964379188,-2.8));
#4840=CARTESIAN_POINT('Ctrl Pts',(24.3130342427937,17.3957645843353,-2.8));
#4841=CARTESIAN_POINT('Ctrl Pts',(24.2820824722649,17.2362867991844,-2.8));
#4842=CARTESIAN_POINT('Ctrl Pts',(24.2653490230441,17.1500683575869,-2.8));
#4843=CARTESIAN_POINT('Ctrl Pts',(24.8151440545917,17.8649390488863,-3.));
#4844=CARTESIAN_POINT('Ctrl Pts',(24.8151440545917,17.8649390488863,-2.8));
#4845=CARTESIAN_POINT('Ctrl Pts',(24.7366670285561,17.8316893535607,-3.));
#4846=CARTESIAN_POINT('Ctrl Pts',(24.7366670285561,17.8316893535607,-2.8));
#4847=CARTESIAN_POINT('Ctrl Pts',(24.5906230342565,17.7698124125003,-3.));
#4848=CARTESIAN_POINT('Ctrl Pts',(24.5906230342565,17.7698124125003,-2.8));
#4849=CARTESIAN_POINT('Ctrl Pts',(24.4838943559092,17.6529669450359,-3.));
#4850=CARTESIAN_POINT('Ctrl Pts',(24.4838943559092,17.6529669450359,-2.8));
#4851=CARTESIAN_POINT('Ctrl Pts',(24.4345165416598,17.5989086180925,-3.));
#4852=CARTESIAN_POINT('Ctrl Pts',(24.4345165416598,17.5989086180925,-2.8));
#4853=CARTESIAN_POINT('',(24.8151440545917,17.8649390488863,-3.));
#4854=CARTESIAN_POINT('Ctrl Pts',(24.8151440545917,17.8649390488863,-3.));
#4855=CARTESIAN_POINT('Ctrl Pts',(24.7366670285561,17.8316893535607,-3.));
#4856=CARTESIAN_POINT('Ctrl Pts',(24.5906230342565,17.7698124125003,-3.));
#4857=CARTESIAN_POINT('Ctrl Pts',(24.4838943559092,17.6529669450359,-3.));
#4858=CARTESIAN_POINT('Ctrl Pts',(24.4345165416598,17.5989086180925,-3.));
#4859=CARTESIAN_POINT('',(24.8151440545917,17.8649390488863,-2.8));
#4860=CARTESIAN_POINT('',(24.8151440545917,17.8649390488863,-3.));
#4861=CARTESIAN_POINT('Ctrl Pts',(24.8151440545917,17.8649390488863,-2.8));
#4862=CARTESIAN_POINT('Ctrl Pts',(24.7366670285561,17.8316893535607,-2.8));
#4863=CARTESIAN_POINT('Ctrl Pts',(24.5906230342565,17.7698124125003,-2.8));
#4864=CARTESIAN_POINT('Ctrl Pts',(24.4838943559092,17.6529669450359,-2.8));
#4865=CARTESIAN_POINT('Ctrl Pts',(24.4345165416598,17.5989086180925,-2.8));
#4866=CARTESIAN_POINT('Ctrl Pts',(25.4140527173877,17.9631651192904,-3.));
#4867=CARTESIAN_POINT('Ctrl Pts',(25.4140527173877,17.9631651192904,-2.8));
#4868=CARTESIAN_POINT('Ctrl Pts',(25.3064449662986,17.9600342225952,-3.));
#4869=CARTESIAN_POINT('Ctrl Pts',(25.3064449662986,17.9600342225952,-2.8));
#4870=CARTESIAN_POINT('Ctrl Pts',(25.1022770832406,17.9540938647319,-3.));
#4871=CARTESIAN_POINT('Ctrl Pts',(25.1022770832406,17.9540938647319,-2.8));
#4872=CARTESIAN_POINT('Ctrl Pts',(24.907339000701,17.8935655830086,-3.));
#4873=CARTESIAN_POINT('Ctrl Pts',(24.907339000701,17.8935655830086,-2.8));
#4874=CARTESIAN_POINT('Ctrl Pts',(24.8151440545917,17.8649390488863,-3.));
#4875=CARTESIAN_POINT('Ctrl Pts',(24.8151440545917,17.8649390488863,-2.8));
#4876=CARTESIAN_POINT('',(25.4140527173877,17.9631651192904,-3.));
#4877=CARTESIAN_POINT('Ctrl Pts',(25.4140527173877,17.9631651192904,-3.));
#4878=CARTESIAN_POINT('Ctrl Pts',(25.3064449662986,17.9600342225952,-3.));
#4879=CARTESIAN_POINT('Ctrl Pts',(25.1022770832406,17.9540938647319,-3.));
#4880=CARTESIAN_POINT('Ctrl Pts',(24.907339000701,17.8935655830086,-3.));
#4881=CARTESIAN_POINT('Ctrl Pts',(24.8151440545917,17.8649390488863,-3.));
#4882=CARTESIAN_POINT('',(25.4140527173877,17.9631651192904,-2.8));
#4883=CARTESIAN_POINT('',(25.4140527173877,17.9631651192904,-3.));
#4884=CARTESIAN_POINT('Ctrl Pts',(25.4140527173877,17.9631651192904,-2.8));
#4885=CARTESIAN_POINT('Ctrl Pts',(25.3064449662986,17.9600342225952,-2.8));
#4886=CARTESIAN_POINT('Ctrl Pts',(25.1022770832406,17.9540938647319,-2.8));
#4887=CARTESIAN_POINT('Ctrl Pts',(24.907339000701,17.8935655830086,-2.8));
#4888=CARTESIAN_POINT('Ctrl Pts',(24.8151440545917,17.8649390488863,-2.8));
#4889=CARTESIAN_POINT('Ctrl Pts',(25.8383364602923,17.9045022279024,-3.));
#4890=CARTESIAN_POINT('Ctrl Pts',(25.8383364602923,17.9045022279024,-2.8));
#4891=CARTESIAN_POINT('Ctrl Pts',(25.7703519140748,17.9216095718425,-3.));
#4892=CARTESIAN_POINT('Ctrl Pts',(25.7703519140748,17.9216095718425,-2.8));
#4893=CARTESIAN_POINT('Ctrl Pts',(25.6310924998804,17.9566522223868,-3.));
#4894=CARTESIAN_POINT('Ctrl Pts',(25.6310924998804,17.9566522223868,-2.8));
#4895=CARTESIAN_POINT('Ctrl Pts',(25.487529975739,17.9609602248563,-3.));
#4896=CARTESIAN_POINT('Ctrl Pts',(25.487529975739,17.9609602248563,-2.8));
#4897=CARTESIAN_POINT('Ctrl Pts',(25.4140527173877,17.9631651192904,-3.));
#4898=CARTESIAN_POINT('Ctrl Pts',(25.4140527173877,17.9631651192904,-2.8));
#4899=CARTESIAN_POINT('',(25.8383364602923,17.9045022279024,-3.));
#4900=CARTESIAN_POINT('Ctrl Pts',(25.8383364602923,17.9045022279024,-3.));
#4901=CARTESIAN_POINT('Ctrl Pts',(25.7703519140748,17.9216095718425,-3.));
#4902=CARTESIAN_POINT('Ctrl Pts',(25.6310924998804,17.9566522223868,-3.));
#4903=CARTESIAN_POINT('Ctrl Pts',(25.487529975739,17.9609602248563,-3.));
#4904=CARTESIAN_POINT('Ctrl Pts',(25.4140527173877,17.9631651192904,-3.));
#4905=CARTESIAN_POINT('',(25.8383364602923,17.9045022279024,-2.8));
#4906=CARTESIAN_POINT('',(25.8383364602923,17.9045022279024,-3.));
#4907=CARTESIAN_POINT('Ctrl Pts',(25.8383364602923,17.9045022279024,-2.8));
#4908=CARTESIAN_POINT('Ctrl Pts',(25.7703519140748,17.9216095718425,-2.8));
#4909=CARTESIAN_POINT('Ctrl Pts',(25.6310924998804,17.9566522223868,-2.8));
#4910=CARTESIAN_POINT('Ctrl Pts',(25.487529975739,17.9609602248563,-2.8));
#4911=CARTESIAN_POINT('Ctrl Pts',(25.4140527173877,17.9631651192904,-2.8));
#4912=CARTESIAN_POINT('Ctrl Pts',(26.1507512256503,17.7612549811602,-3.));
#4913=CARTESIAN_POINT('Ctrl Pts',(26.1507512256503,17.7612549811602,-2.8));
#4914=CARTESIAN_POINT('Ctrl Pts',(26.1064701572132,17.7891113121049,-3.));
#4915=CARTESIAN_POINT('Ctrl Pts',(26.1064701572132,17.7891113121049,-2.8));
#4916=CARTESIAN_POINT('Ctrl Pts',(26.0087564850805,17.8505810210533,-3.));
#4917=CARTESIAN_POINT('Ctrl Pts',(26.0087564850805,17.8505810210533,-2.8));
#4918=CARTESIAN_POINT('Ctrl Pts',(25.8985826396732,17.8854402268007,-3.));
#4919=CARTESIAN_POINT('Ctrl Pts',(25.8985826396732,17.8854402268007,-2.8));
#4920=CARTESIAN_POINT('Ctrl Pts',(25.8383364602923,17.9045022279024,-3.));
#4921=CARTESIAN_POINT('Ctrl Pts',(25.8383364602923,17.9045022279024,-2.8));
#4922=CARTESIAN_POINT('',(26.1507512256503,17.7612549811602,-3.));
#4923=CARTESIAN_POINT('Ctrl Pts',(26.1507512256503,17.7612549811602,-3.));
#4924=CARTESIAN_POINT('Ctrl Pts',(26.1064701572132,17.7891113121049,-3.));
#4925=CARTESIAN_POINT('Ctrl Pts',(26.0087564850805,17.8505810210533,-3.));
#4926=CARTESIAN_POINT('Ctrl Pts',(25.8985826396732,17.8854402268007,-3.));
#4927=CARTESIAN_POINT('Ctrl Pts',(25.8383364602923,17.9045022279024,-3.));
#4928=CARTESIAN_POINT('',(26.1507512256503,17.7612549811602,-2.8));
#4929=CARTESIAN_POINT('',(26.1507512256503,17.7612549811602,-3.));
#4930=CARTESIAN_POINT('Ctrl Pts',(26.1507512256503,17.7612549811602,-2.8));
#4931=CARTESIAN_POINT('Ctrl Pts',(26.1064701572132,17.7891113121049,-2.8));
#4932=CARTESIAN_POINT('Ctrl Pts',(26.0087564850805,17.8505810210533,-2.8));
#4933=CARTESIAN_POINT('Ctrl Pts',(25.8985826396732,17.8854402268007,-2.8));
#4934=CARTESIAN_POINT('Ctrl Pts',(25.8383364602923,17.9045022279024,-2.8));
#4935=CARTESIAN_POINT('Ctrl Pts',(26.3922245427966,17.4870396405458,-3.));
#4936=CARTESIAN_POINT('Ctrl Pts',(26.3922245427966,17.4870396405458,-2.8));
#4937=CARTESIAN_POINT('Ctrl Pts',(26.3599804862719,17.5397437467113,-3.));
#4938=CARTESIAN_POINT('Ctrl Pts',(26.3599804862719,17.5397437467113,-2.8));
#4939=CARTESIAN_POINT('Ctrl Pts',(26.2954576558368,17.6452087058969,-3.));
#4940=CARTESIAN_POINT('Ctrl Pts',(26.2954576558368,17.6452087058969,-2.8));
#4941=CARTESIAN_POINT('Ctrl Pts',(26.1990040017789,17.7225590162772,-3.));
#4942=CARTESIAN_POINT('Ctrl Pts',(26.1990040017789,17.7225590162772,-2.8));
#4943=CARTESIAN_POINT('Ctrl Pts',(26.1507512256503,17.7612549811602,-3.));
#4944=CARTESIAN_POINT('Ctrl Pts',(26.1507512256503,17.7612549811602,-2.8));
#4945=CARTESIAN_POINT('',(26.3922245427966,17.4870396405458,-3.));
#4946=CARTESIAN_POINT('Ctrl Pts',(26.3922245427966,17.4870396405458,-3.));
#4947=CARTESIAN_POINT('Ctrl Pts',(26.3599804862719,17.5397437467113,-3.));
#4948=CARTESIAN_POINT('Ctrl Pts',(26.2954576558368,17.6452087058969,-3.));
#4949=CARTESIAN_POINT('Ctrl Pts',(26.1990040017789,17.7225590162772,-3.));
#4950=CARTESIAN_POINT('Ctrl Pts',(26.1507512256503,17.7612549811602,-3.));
#4951=CARTESIAN_POINT('',(26.3922245427966,17.4870396405458,-2.8));
#4952=CARTESIAN_POINT('',(26.3922245427966,17.4870396405458,-3.));
#4953=CARTESIAN_POINT('Ctrl Pts',(26.3922245427966,17.4870396405458,-2.8));
#4954=CARTESIAN_POINT('Ctrl Pts',(26.3599804862719,17.5397437467113,-2.8));
#4955=CARTESIAN_POINT('Ctrl Pts',(26.2954576558368,17.6452087058969,-2.8));
#4956=CARTESIAN_POINT('Ctrl Pts',(26.1990040017789,17.7225590162772,-2.8));
#4957=CARTESIAN_POINT('Ctrl Pts',(26.1507512256503,17.7612549811602,-2.8));
#4958=CARTESIAN_POINT('Ctrl Pts',(26.4809013530612,17.1282399445772,-3.));
#4959=CARTESIAN_POINT('Ctrl Pts',(26.4809013530612,17.1282399445772,-2.8));
#4960=CARTESIAN_POINT('Ctrl Pts',(26.4773367896669,17.1913773007349,-3.));
#4961=CARTESIAN_POINT('Ctrl Pts',(26.4773367896669,17.1913773007349,-2.8));
#4962=CARTESIAN_POINT('Ctrl Pts',(26.4702691996211,17.3165620430282,-3.));
#4963=CARTESIAN_POINT('Ctrl Pts',(26.4702691996211,17.3165620430282,-2.8));
#4964=CARTESIAN_POINT('Ctrl Pts',(26.4180879830002,17.4305445859342,-3.));
#4965=CARTESIAN_POINT('Ctrl Pts',(26.4180879830002,17.4305445859342,-2.8));
#4966=CARTESIAN_POINT('Ctrl Pts',(26.3922245427966,17.4870396405458,-3.));
#4967=CARTESIAN_POINT('Ctrl Pts',(26.3922245427966,17.4870396405458,-2.8));
#4968=CARTESIAN_POINT('',(26.4809013530612,17.1282399445772,-3.));
#4969=CARTESIAN_POINT('Ctrl Pts',(26.4809013530612,17.1282399445772,-3.));
#4970=CARTESIAN_POINT('Ctrl Pts',(26.4773367896669,17.1913773007349,-3.));
#4971=CARTESIAN_POINT('Ctrl Pts',(26.4702691996211,17.3165620430282,-3.));
#4972=CARTESIAN_POINT('Ctrl Pts',(26.4180879830002,17.4305445859342,-3.));
#4973=CARTESIAN_POINT('Ctrl Pts',(26.3922245427966,17.4870396405458,-3.));
#4974=CARTESIAN_POINT('',(26.4809013530612,17.1282399445772,-2.8));
#4975=CARTESIAN_POINT('',(26.4809013530612,17.1282399445772,-3.));
#4976=CARTESIAN_POINT('Ctrl Pts',(26.4809013530612,17.1282399445772,-2.8));
#4977=CARTESIAN_POINT('Ctrl Pts',(26.4773367896669,17.1913773007349,-2.8));
#4978=CARTESIAN_POINT('Ctrl Pts',(26.4702691996211,17.3165620430282,-2.8));
#4979=CARTESIAN_POINT('Ctrl Pts',(26.4180879830002,17.4305445859342,-2.8));
#4980=CARTESIAN_POINT('Ctrl Pts',(26.3922245427966,17.4870396405458,-2.8));
#4981=CARTESIAN_POINT('Ctrl Pts',(26.373125128448,16.7394269257784,-3.));
#4982=CARTESIAN_POINT('Ctrl Pts',(26.373125128448,16.7394269257784,-2.8));
#4983=CARTESIAN_POINT('Ctrl Pts',(26.404559157963,16.7999094922286,-3.));
#4984=CARTESIAN_POINT('Ctrl Pts',(26.404559157963,16.7999094922286,-2.8));
#4985=CARTESIAN_POINT('Ctrl Pts',(26.4679436985053,16.9218683929616,-3.));
#4986=CARTESIAN_POINT('Ctrl Pts',(26.4679436985053,16.9218683929616,-2.8));
#4987=CARTESIAN_POINT('Ctrl Pts',(26.476558735336,17.0590767519523,-3.));
#4988=CARTESIAN_POINT('Ctrl Pts',(26.476558735336,17.0590767519523,-2.8));
#4989=CARTESIAN_POINT('Ctrl Pts',(26.4809013530612,17.1282399445772,-3.));
#4990=CARTESIAN_POINT('Ctrl Pts',(26.4809013530612,17.1282399445772,-2.8));
#4991=CARTESIAN_POINT('',(26.373125128448,16.7394269257784,-3.));
#4992=CARTESIAN_POINT('Ctrl Pts',(26.373125128448,16.7394269257784,-3.));
#4993=CARTESIAN_POINT('Ctrl Pts',(26.404559157963,16.7999094922286,-3.));
#4994=CARTESIAN_POINT('Ctrl Pts',(26.4679436985053,16.9218683929616,-3.));
#4995=CARTESIAN_POINT('Ctrl Pts',(26.476558735336,17.0590767519523,-3.));
#4996=CARTESIAN_POINT('Ctrl Pts',(26.4809013530612,17.1282399445772,-3.));
#4997=CARTESIAN_POINT('',(26.373125128448,16.7394269257784,-2.8));
#4998=CARTESIAN_POINT('',(26.373125128448,16.7394269257784,-3.));
#4999=CARTESIAN_POINT('Ctrl Pts',(26.373125128448,16.7394269257784,-2.8));
#5000=CARTESIAN_POINT('Ctrl Pts',(26.404559157963,16.7999094922286,-2.8));
#5001=CARTESIAN_POINT('Ctrl Pts',(26.4679436985053,16.9218683929616,-2.8));
#5002=CARTESIAN_POINT('Ctrl Pts',(26.476558735336,17.0590767519523,-2.8));
#5003=CARTESIAN_POINT('Ctrl Pts',(26.4809013530612,17.1282399445772,-2.8));
#5004=CARTESIAN_POINT('Ctrl Pts',(26.0566176101565,16.4638472348452,-3.));
#5005=CARTESIAN_POINT('Ctrl Pts',(26.0566176101565,16.4638472348452,-2.8));
#5006=CARTESIAN_POINT('Ctrl Pts',(26.1214022878725,16.4992897024079,-3.));
#5007=CARTESIAN_POINT('Ctrl Pts',(26.1214022878725,16.4992897024079,-2.8));
#5008=CARTESIAN_POINT('Ctrl Pts',(26.2471635209103,16.5680912860497,-3.));
#5009=CARTESIAN_POINT('Ctrl Pts',(26.2471635209103,16.5680912860497,-2.8));
#5010=CARTESIAN_POINT('Ctrl Pts',(26.3319941661617,16.6834797219141,-3.));
#5011=CARTESIAN_POINT('Ctrl Pts',(26.3319941661617,16.6834797219141,-2.8));
#5012=CARTESIAN_POINT('Ctrl Pts',(26.373125128448,16.7394269257784,-3.));
#5013=CARTESIAN_POINT('Ctrl Pts',(26.373125128448,16.7394269257784,-2.8));
#5014=CARTESIAN_POINT('',(26.0566176101565,16.4638472348452,-3.));
#5015=CARTESIAN_POINT('Ctrl Pts',(26.0566176101565,16.4638472348452,-3.));
#5016=CARTESIAN_POINT('Ctrl Pts',(26.1214022878725,16.4992897024079,-3.));
#5017=CARTESIAN_POINT('Ctrl Pts',(26.2471635209103,16.5680912860497,-3.));
#5018=CARTESIAN_POINT('Ctrl Pts',(26.3319941661617,16.6834797219141,-3.));
#5019=CARTESIAN_POINT('Ctrl Pts',(26.373125128448,16.7394269257784,-3.));
#5020=CARTESIAN_POINT('',(26.0566176101565,16.4638472348452,-2.8));
#5021=CARTESIAN_POINT('',(26.0566176101565,16.4638472348452,-3.));
#5022=CARTESIAN_POINT('Ctrl Pts',(26.0566176101565,16.4638472348452,-2.8));
#5023=CARTESIAN_POINT('Ctrl Pts',(26.1214022878725,16.4992897024079,-2.8));
#5024=CARTESIAN_POINT('Ctrl Pts',(26.2471635209103,16.5680912860497,-2.8));
#5025=CARTESIAN_POINT('Ctrl Pts',(26.3319941661617,16.6834797219141,-2.8));
#5026=CARTESIAN_POINT('Ctrl Pts',(26.373125128448,16.7394269257784,-2.8));
#5027=CARTESIAN_POINT('Ctrl Pts',(25.3076405450702,16.227830722928,-3.));
#5028=CARTESIAN_POINT('Ctrl Pts',(25.3076405450702,16.227830722928,-2.8));
#5029=CARTESIAN_POINT('Ctrl Pts',(25.4613633426445,16.2663372499567,-3.));
#5030=CARTESIAN_POINT('Ctrl Pts',(25.4613633426445,16.2663372499567,-2.8));
#5031=CARTESIAN_POINT('Ctrl Pts',(25.7158707412874,16.3300896417912,-3.));
#5032=CARTESIAN_POINT('Ctrl Pts',(25.7158707412874,16.3300896417912,-2.8));
#5033=CARTESIAN_POINT('Ctrl Pts',(25.9599589821203,16.4259046251979,-3.));
#5034=CARTESIAN_POINT('Ctrl Pts',(25.9599589821203,16.4259046251979,-2.8));
#5035=CARTESIAN_POINT('Ctrl Pts',(26.0566176101565,16.4638472348452,-3.));
#5036=CARTESIAN_POINT('Ctrl Pts',(26.0566176101565,16.4638472348452,-2.8));
#5037=CARTESIAN_POINT('',(25.3076405450702,16.227830722928,-3.));
#5038=CARTESIAN_POINT('Ctrl Pts',(25.3076405450702,16.227830722928,-3.));
#5039=CARTESIAN_POINT('Ctrl Pts',(25.4613633426445,16.2663372499567,-3.));
#5040=CARTESIAN_POINT('Ctrl Pts',(25.7158707412874,16.3300896417912,-3.));
#5041=CARTESIAN_POINT('Ctrl Pts',(25.9599589821203,16.4259046251979,-3.));
#5042=CARTESIAN_POINT('Ctrl Pts',(26.0566176101565,16.4638472348452,-3.));
#5043=CARTESIAN_POINT('',(25.3076405450702,16.227830722928,-2.8));
#5044=CARTESIAN_POINT('',(25.3076405450702,16.227830722928,-3.));
#5045=CARTESIAN_POINT('Ctrl Pts',(25.3076405450702,16.227830722928,-2.8));
#5046=CARTESIAN_POINT('Ctrl Pts',(25.4613633426445,16.2663372499567,-2.8));
#5047=CARTESIAN_POINT('Ctrl Pts',(25.7158707412874,16.3300896417912,-2.8));
#5048=CARTESIAN_POINT('Ctrl Pts',(25.9599589821203,16.4259046251979,-2.8));
#5049=CARTESIAN_POINT('Ctrl Pts',(26.0566176101565,16.4638472348452,-2.8));
#5050=CARTESIAN_POINT('Ctrl Pts',(24.8055941984057,16.0613919049501,-3.));
#5051=CARTESIAN_POINT('Ctrl Pts',(24.8055941984057,16.0613919049501,-2.8));
#5052=CARTESIAN_POINT('Ctrl Pts',(24.8637843671082,16.0875235694922,-3.));
#5053=CARTESIAN_POINT('Ctrl Pts',(24.8637843671082,16.0875235694922,-2.8));
#5054=CARTESIAN_POINT('Ctrl Pts',(25.0251695215551,16.1599973706879,-3.));
#5055=CARTESIAN_POINT('Ctrl Pts',(25.0251695215551,16.1599973706879,-2.8));
#5056=CARTESIAN_POINT('Ctrl Pts',(25.1974675244354,16.2013734770729,-3.));
#5057=CARTESIAN_POINT('Ctrl Pts',(25.1974675244354,16.2013734770729,-2.8));
#5058=CARTESIAN_POINT('Ctrl Pts',(25.3076405450702,16.227830722928,-3.));
#5059=CARTESIAN_POINT('Ctrl Pts',(25.3076405450702,16.227830722928,-2.8));
#5060=CARTESIAN_POINT('',(24.8055941984057,16.0613919049501,-3.));
#5061=CARTESIAN_POINT('Ctrl Pts',(24.8055941984057,16.0613919049501,-3.));
#5062=CARTESIAN_POINT('Ctrl Pts',(24.8637843671082,16.0875235694922,-3.));
#5063=CARTESIAN_POINT('Ctrl Pts',(25.0251695215551,16.1599973706879,-3.));
#5064=CARTESIAN_POINT('Ctrl Pts',(25.1974675244354,16.2013734770729,-3.));
#5065=CARTESIAN_POINT('Ctrl Pts',(25.3076405450702,16.227830722928,-3.));
#5066=CARTESIAN_POINT('',(24.8055941984057,16.0613919049501,-2.8));
#5067=CARTESIAN_POINT('',(24.8055941984057,16.0613919049501,-3.));
#5068=CARTESIAN_POINT('Ctrl Pts',(24.8055941984057,16.0613919049501,-2.8));
#5069=CARTESIAN_POINT('Ctrl Pts',(24.8637843671082,16.0875235694922,-2.8));
#5070=CARTESIAN_POINT('Ctrl Pts',(25.0251695215551,16.1599973706879,-2.8));
#5071=CARTESIAN_POINT('Ctrl Pts',(25.1974675244354,16.2013734770729,-2.8));
#5072=CARTESIAN_POINT('Ctrl Pts',(25.3076405450702,16.227830722928,-2.8));
#5073=CARTESIAN_POINT('Ctrl Pts',(24.660983197391,15.7994545251131,-3.));
#5074=CARTESIAN_POINT('Ctrl Pts',(24.660983197391,15.7994545251131,-2.8));
#5075=CARTESIAN_POINT('Ctrl Pts',(24.6672958454945,15.852166120126,-3.));
#5076=CARTESIAN_POINT('Ctrl Pts',(24.6672958454945,15.852166120126,-2.8));
#5077=CARTESIAN_POINT('Ctrl Pts',(24.6800762583244,15.958884558118,-3.));
#5078=CARTESIAN_POINT('Ctrl Pts',(24.6800762583244,15.958884558118,-2.8));
#5079=CARTESIAN_POINT('Ctrl Pts',(24.7634177116696,16.0269474283182,-3.));
#5080=CARTESIAN_POINT('Ctrl Pts',(24.7634177116696,16.0269474283182,-2.8));
#5081=CARTESIAN_POINT('Ctrl Pts',(24.8055941984057,16.0613919049501,-3.));
#5082=CARTESIAN_POINT('Ctrl Pts',(24.8055941984057,16.0613919049501,-2.8));
#5083=CARTESIAN_POINT('',(24.660983197391,15.7994545251131,-3.));
#5084=CARTESIAN_POINT('Ctrl Pts',(24.660983197391,15.7994545251131,-3.));
#5085=CARTESIAN_POINT('Ctrl Pts',(24.6672958454945,15.852166120126,-3.));
#5086=CARTESIAN_POINT('Ctrl Pts',(24.6800762583244,15.958884558118,-3.));
#5087=CARTESIAN_POINT('Ctrl Pts',(24.7634177116696,16.0269474283182,-3.));
#5088=CARTESIAN_POINT('Ctrl Pts',(24.8055941984057,16.0613919049501,-3.));
#5089=CARTESIAN_POINT('',(24.660983197391,15.7994545251131,-2.8));
#5090=CARTESIAN_POINT('',(24.660983197391,15.7994545251131,-3.));
#5091=CARTESIAN_POINT('Ctrl Pts',(24.660983197391,15.7994545251131,-2.8));
#5092=CARTESIAN_POINT('Ctrl Pts',(24.6672958454945,15.852166120126,-2.8));
#5093=CARTESIAN_POINT('Ctrl Pts',(24.6800762583244,15.958884558118,-2.8));
#5094=CARTESIAN_POINT('Ctrl Pts',(24.7634177116696,16.0269474283182,-2.8));
#5095=CARTESIAN_POINT('Ctrl Pts',(24.8055941984057,16.0613919049501,-2.8));
#5096=CARTESIAN_POINT('Ctrl Pts',(24.8246939107776,15.4761255532503,-3.));
#5097=CARTESIAN_POINT('Ctrl Pts',(24.8246939107776,15.4761255532503,-2.8));
#5098=CARTESIAN_POINT('Ctrl Pts',(24.7769688544107,15.522673663902,-3.));
#5099=CARTESIAN_POINT('Ctrl Pts',(24.7769688544107,15.522673663902,-2.8));
#5100=CARTESIAN_POINT('Ctrl Pts',(24.6852828461763,15.6120986071371,-3.));
#5101=CARTESIAN_POINT('Ctrl Pts',(24.6852828461763,15.6120986071371,-2.8));
#5102=CARTESIAN_POINT('Ctrl Pts',(24.6688583144585,15.7387355492802,-3.));
#5103=CARTESIAN_POINT('Ctrl Pts',(24.6688583144585,15.7387355492802,-2.8));
#5104=CARTESIAN_POINT('Ctrl Pts',(24.660983197391,15.7994545251131,-3.));
#5105=CARTESIAN_POINT('Ctrl Pts',(24.660983197391,15.7994545251131,-2.8));
#5106=CARTESIAN_POINT('',(24.8246939107776,15.4761255532503,-3.));
#5107=CARTESIAN_POINT('Ctrl Pts',(24.8246939107776,15.4761255532503,-3.));
#5108=CARTESIAN_POINT('Ctrl Pts',(24.7769688544107,15.522673663902,-3.));
#5109=CARTESIAN_POINT('Ctrl Pts',(24.6852828461763,15.6120986071371,-3.));
#5110=CARTESIAN_POINT('Ctrl Pts',(24.6688583144585,15.7387355492802,-3.));
#5111=CARTESIAN_POINT('Ctrl Pts',(24.660983197391,15.7994545251131,-3.));
#5112=CARTESIAN_POINT('',(24.8246939107776,15.4761255532503,-2.8));
#5113=CARTESIAN_POINT('',(24.8246939107776,15.4761255532503,-3.));
#5114=CARTESIAN_POINT('Ctrl Pts',(24.8246939107776,15.4761255532503,-2.8));
#5115=CARTESIAN_POINT('Ctrl Pts',(24.7769688544107,15.522673663902,-2.8));
#5116=CARTESIAN_POINT('Ctrl Pts',(24.6852828461763,15.6120986071371,-2.8));
#5117=CARTESIAN_POINT('Ctrl Pts',(24.6688583144585,15.7387355492802,-2.8));
#5118=CARTESIAN_POINT('Ctrl Pts',(24.660983197391,15.7994545251131,-2.8));
#5119=CARTESIAN_POINT('Ctrl Pts',(25.326740257442,15.3383351117373,-3.));
#5120=CARTESIAN_POINT('Ctrl Pts',(25.326740257442,15.3383351117373,-2.8));
#5121=CARTESIAN_POINT('Ctrl Pts',(25.2257866624382,15.3406572953883,-3.));
#5122=CARTESIAN_POINT('Ctrl Pts',(25.2257866624382,15.3406572953883,-2.8));
#5123=CARTESIAN_POINT('Ctrl Pts',(25.0459953811701,15.3447929418103,-3.));
#5124=CARTESIAN_POINT('Ctrl Pts',(25.0459953811701,15.3447929418103,-2.8));
#5125=CARTESIAN_POINT('Ctrl Pts',(24.8921530823433,15.4360915256788,-3.));
#5126=CARTESIAN_POINT('Ctrl Pts',(24.8921530823433,15.4360915256788,-2.8));
#5127=CARTESIAN_POINT('Ctrl Pts',(24.8246939107776,15.4761255532503,-3.));
#5128=CARTESIAN_POINT('Ctrl Pts',(24.8246939107776,15.4761255532503,-2.8));
#5129=CARTESIAN_POINT('',(25.326740257442,15.3383351117373,-3.));
#5130=CARTESIAN_POINT('Ctrl Pts',(25.326740257442,15.3383351117373,-3.));
#5131=CARTESIAN_POINT('Ctrl Pts',(25.2257866624382,15.3406572953883,-3.));
#5132=CARTESIAN_POINT('Ctrl Pts',(25.0459953811701,15.3447929418103,-3.));
#5133=CARTESIAN_POINT('Ctrl Pts',(24.8921530823433,15.4360915256788,-3.));
#5134=CARTESIAN_POINT('Ctrl Pts',(24.8246939107776,15.4761255532503,-3.));
#5135=CARTESIAN_POINT('',(25.326740257442,15.3383351117373,-2.8));
#5136=CARTESIAN_POINT('',(25.326740257442,15.3383351117373,-3.));
#5137=CARTESIAN_POINT('Ctrl Pts',(25.326740257442,15.3383351117373,-2.8));
#5138=CARTESIAN_POINT('Ctrl Pts',(25.2257866624382,15.3406572953883,-2.8));
#5139=CARTESIAN_POINT('Ctrl Pts',(25.0459953811701,15.3447929418103,-2.8));
#5140=CARTESIAN_POINT('Ctrl Pts',(24.8921530823433,15.4360915256788,-2.8));
#5141=CARTESIAN_POINT('Ctrl Pts',(24.8246939107776,15.4761255532503,-2.8));
#5142=CARTESIAN_POINT('Ctrl Pts',(25.8492506667972,15.4938615113497,-3.));
#5143=CARTESIAN_POINT('Ctrl Pts',(25.8492506667972,15.4938615113497,-2.8));
#5144=CARTESIAN_POINT('Ctrl Pts',(25.7765673294351,15.448590364762,-3.));
#5145=CARTESIAN_POINT('Ctrl Pts',(25.7765673294351,15.448590364762,-2.8));
#5146=CARTESIAN_POINT('Ctrl Pts',(25.6172949127818,15.3493868171073,-3.));
#5147=CARTESIAN_POINT('Ctrl Pts',(25.6172949127818,15.3493868171073,-2.8));
#5148=CARTESIAN_POINT('Ctrl Pts',(25.4290696603972,15.3422273722513,-3.));
#5149=CARTESIAN_POINT('Ctrl Pts',(25.4290696603972,15.3422273722513,-2.8));
#5150=CARTESIAN_POINT('Ctrl Pts',(25.326740257442,15.3383351117373,-3.));
#5151=CARTESIAN_POINT('Ctrl Pts',(25.326740257442,15.3383351117373,-2.8));
#5152=CARTESIAN_POINT('',(25.8492506667972,15.4938615113497,-3.));
#5153=CARTESIAN_POINT('Ctrl Pts',(25.8492506667972,15.4938615113497,-3.));
#5154=CARTESIAN_POINT('Ctrl Pts',(25.7765673294351,15.448590364762,-3.));
#5155=CARTESIAN_POINT('Ctrl Pts',(25.6172949127818,15.3493868171073,-3.));
#5156=CARTESIAN_POINT('Ctrl Pts',(25.4290696603972,15.3422273722513,-3.));
#5157=CARTESIAN_POINT('Ctrl Pts',(25.326740257442,15.3383351117373,-3.));
#5158=CARTESIAN_POINT('',(25.8492506667972,15.4938615113497,-2.8));
#5159=CARTESIAN_POINT('',(25.8492506667972,15.4938615113497,-3.));
#5160=CARTESIAN_POINT('Ctrl Pts',(25.8492506667972,15.4938615113497,-2.8));
#5161=CARTESIAN_POINT('Ctrl Pts',(25.7765673294351,15.448590364762,-2.8));
#5162=CARTESIAN_POINT('Ctrl Pts',(25.6172949127818,15.3493868171073,-2.8));
#5163=CARTESIAN_POINT('Ctrl Pts',(25.4290696603972,15.3422273722513,-2.8));
#5164=CARTESIAN_POINT('Ctrl Pts',(25.326740257442,15.3383351117373,-2.8));
#5165=CARTESIAN_POINT('Ctrl Pts',(26.0770816728473,15.9413374215364,-3.));
#5166=CARTESIAN_POINT('Ctrl Pts',(26.0770816728473,15.9413374215364,-2.8));
#5167=CARTESIAN_POINT('Ctrl Pts',(26.0591623736801,15.8512712346339,-3.));
#5168=CARTESIAN_POINT('Ctrl Pts',(26.0591623736801,15.8512712346339,-2.8));
#5169=CARTESIAN_POINT('Ctrl Pts',(26.0251328006844,15.6802314047245,-3.));
#5170=CARTESIAN_POINT('Ctrl Pts',(26.0251328006844,15.6802314047245,-2.8));
#5171=CARTESIAN_POINT('Ctrl Pts',(25.9057627927397,15.5537434257518,-3.));
#5172=CARTESIAN_POINT('Ctrl Pts',(25.9057627927397,15.5537434257518,-2.8));
#5173=CARTESIAN_POINT('Ctrl Pts',(25.8492506667972,15.4938615113497,-3.));
#5174=CARTESIAN_POINT('Ctrl Pts',(25.8492506667972,15.4938615113497,-2.8));
#5175=CARTESIAN_POINT('',(26.0770816728473,15.9413374215364,-3.));
#5176=CARTESIAN_POINT('Ctrl Pts',(26.0770816728473,15.9413374215364,-3.));
#5177=CARTESIAN_POINT('Ctrl Pts',(26.0591623736801,15.8512712346339,-3.));
#5178=CARTESIAN_POINT('Ctrl Pts',(26.0251328006844,15.6802314047245,-3.));
#5179=CARTESIAN_POINT('Ctrl Pts',(25.9057627927397,15.5537434257518,-3.));
#5180=CARTESIAN_POINT('Ctrl Pts',(25.8492506667972,15.4938615113497,-3.));
#5181=CARTESIAN_POINT('',(26.0770816728473,15.9413374215364,-2.8));
#5182=CARTESIAN_POINT('',(26.0770816728473,15.9413374215364,-3.));
#5183=CARTESIAN_POINT('Ctrl Pts',(26.0770816728473,15.9413374215364,-2.8));
#5184=CARTESIAN_POINT('Ctrl Pts',(26.0591623736801,15.8512712346339,-2.8));
#5185=CARTESIAN_POINT('Ctrl Pts',(26.0251328006844,15.6802314047245,-2.8));
#5186=CARTESIAN_POINT('Ctrl Pts',(25.9057627927397,15.5537434257518,-2.8));
#5187=CARTESIAN_POINT('Ctrl Pts',(25.8492506667972,15.4938615113497,-2.8));
#5188=CARTESIAN_POINT('Origin',(26.5627567097545,15.8649385720491,-3.));
#5189=CARTESIAN_POINT('',(26.5627567097545,15.8649385720491,-3.));
#5190=CARTESIAN_POINT('',(33.5701204422043,14.7626490030661,-3.));
#5191=CARTESIAN_POINT('',(26.5627567097545,15.8649385720491,-2.8));
#5192=CARTESIAN_POINT('',(26.5627567097545,15.8649385720491,-3.));
#5193=CARTESIAN_POINT('',(26.5627567097545,15.8649385720491,-2.8));
#5194=CARTESIAN_POINT('Ctrl Pts',(26.1848575994372,15.1691675931215,-3.));
#5195=CARTESIAN_POINT('Ctrl Pts',(26.1848575994372,15.1691675931215,-2.8));
#5196=CARTESIAN_POINT('Ctrl Pts',(26.2752712796211,15.2609147601087,-3.));
#5197=CARTESIAN_POINT('Ctrl Pts',(26.2752712796211,15.2609147601087,-2.8));
#5198=CARTESIAN_POINT('Ctrl Pts',(26.4674447219014,15.4559225162748,-3.));
#5199=CARTESIAN_POINT('Ctrl Pts',(26.4674447219014,15.4559225162748,-2.8));
#5200=CARTESIAN_POINT('Ctrl Pts',(26.5297596714327,15.7233370928374,-3.));
#5201=CARTESIAN_POINT('Ctrl Pts',(26.5297596714327,15.7233370928374,-2.8));
#5202=CARTESIAN_POINT('Ctrl Pts',(26.5627567097545,15.8649385720491,-3.));
#5203=CARTESIAN_POINT('Ctrl Pts',(26.5627567097545,15.8649385720491,-2.8));
#5204=CARTESIAN_POINT('Ctrl Pts',(26.1848575994372,15.1691675931215,-3.));
#5205=CARTESIAN_POINT('Ctrl Pts',(26.2752712796211,15.2609147601087,-3.));
#5206=CARTESIAN_POINT('Ctrl Pts',(26.4674447219014,15.4559225162748,-3.));
#5207=CARTESIAN_POINT('Ctrl Pts',(26.5297596714327,15.7233370928374,-3.));
#5208=CARTESIAN_POINT('Ctrl Pts',(26.5627567097545,15.8649385720491,-3.));
#5209=CARTESIAN_POINT('Ctrl Pts',(26.1848575994372,15.1691675931215,-2.8));
#5210=CARTESIAN_POINT('Ctrl Pts',(26.2752712796211,15.2609147601087,-2.8));
#5211=CARTESIAN_POINT('Ctrl Pts',(26.4674447219014,15.4559225162748,-2.8));
#5212=CARTESIAN_POINT('Ctrl Pts',(26.5297596714327,15.7233370928374,-2.8));
#5213=CARTESIAN_POINT('Ctrl Pts',(26.5627567097545,15.8649385720491,-2.8));
#5214=CARTESIAN_POINT('Origin',(19.5000015385449,17.0013643056154,-2.8));
#5215=CARTESIAN_POINT('Origin',(19.74420260638,18.1132329255342,-3.));
#5216=CARTESIAN_POINT('',(19.74420260638,18.1132329255342,-3.));
#5217=CARTESIAN_POINT('',(19.8860855028033,15.9931791573763,-3.));
#5218=CARTESIAN_POINT('',(19.9592049128579,14.9006085606415,-3.));
#5219=CARTESIAN_POINT('',(19.74420260638,18.1132329255342,-2.8));
#5220=CARTESIAN_POINT('',(19.74420260638,18.1132329255342,-3.));
#5221=CARTESIAN_POINT('',(19.8860855028033,15.9931791573763,-2.8));
#5222=CARTESIAN_POINT('',(19.74420260638,18.1132329255342,-2.8));
#5223=CARTESIAN_POINT('',(19.8860855028033,15.9931791573763,-3.));
#5224=CARTESIAN_POINT('Origin',(19.74420260638,18.9999998360872,-3.));
#5225=CARTESIAN_POINT('',(19.74420260638,18.9999998360872,-3.));
#5226=CARTESIAN_POINT('',(19.74420260638,16.0234999180436,-3.));
#5227=CARTESIAN_POINT('',(19.74420260638,18.9999998360872,-2.8));
#5228=CARTESIAN_POINT('',(19.74420260638,18.9999998360872,-3.));
#5229=CARTESIAN_POINT('',(19.74420260638,18.9999998360872,-2.8));
#5230=CARTESIAN_POINT('Origin',(20.3526611253619,18.9999998360872,-3.));
#5231=CARTESIAN_POINT('',(20.3526611253619,18.9999998360872,-3.));
#5232=CARTESIAN_POINT('',(30.416830562681,18.9999998360872,-3.));
#5233=CARTESIAN_POINT('',(20.3526611253619,18.9999998360872,-2.8));
#5234=CARTESIAN_POINT('',(20.3526611253619,18.9999998360872,-3.));
#5235=CARTESIAN_POINT('',(20.3526611253619,18.9999998360872,-2.8));
#5236=CARTESIAN_POINT('Origin',(20.3526611253619,18.1132329255342,-3.));
#5237=CARTESIAN_POINT('',(20.3526611253619,18.1132329255342,-3.));
#5238=CARTESIAN_POINT('',(20.3526611253619,15.5801164627671,-3.));
#5239=CARTESIAN_POINT('',(20.3526611253619,18.1132329255342,-2.8));
#5240=CARTESIAN_POINT('',(20.3526611253619,18.1132329255342,-3.));
#5241=CARTESIAN_POINT('',(20.3526611253619,18.1132329255342,-2.8));
#5242=CARTESIAN_POINT('Origin',(20.202593319118,15.9931791573763,-3.));
#5243=CARTESIAN_POINT('',(20.202593319118,15.9931791573763,-3.));
#5244=CARTESIAN_POINT('',(20.1493898955939,15.2415581312252,-3.));
#5245=CARTESIAN_POINT('',(20.202593319118,15.9931791573763,-2.8));
#5246=CARTESIAN_POINT('',(20.202593319118,15.9931791573763,-3.));
#5247=CARTESIAN_POINT('',(20.202593319118,15.9931791573763,-2.8));
#5248=CARTESIAN_POINT('Origin',(19.8860855028033,15.9931791573763,-3.));
#5249=CARTESIAN_POINT('',(30.1835427514017,15.9931791573763,-3.));
#5250=CARTESIAN_POINT('',(19.8860855028033,15.9931791573763,-2.8));
#5251=CARTESIAN_POINT('Origin',(19.5000015385449,17.0013643056154,-2.8));
#5252=CARTESIAN_POINT('Origin',(19.7660310193896,15.5593455582857,-3.));
#5253=CARTESIAN_POINT('',(19.7660310193896,15.5593455582857,-3.));
#5254=CARTESIAN_POINT('',(19.7660310193896,15.0000000745058,-3.));
#5255=CARTESIAN_POINT('',(19.7660310193896,14.3031727791429,-3.));
#5256=CARTESIAN_POINT('',(19.7660310193896,15.5593455582857,-2.8));
#5257=CARTESIAN_POINT('',(19.7660310193896,15.5593455582857,-3.));
#5258=CARTESIAN_POINT('',(19.7660310193896,15.0000000745058,-2.8));
#5259=CARTESIAN_POINT('',(19.7660310193896,15.5593455582857,-2.8));
#5260=CARTESIAN_POINT('',(19.7660310193896,15.0000000745058,-3.));
#5261=CARTESIAN_POINT('Origin',(20.3308327123523,15.5593455582857,-3.));
#5262=CARTESIAN_POINT('',(20.3308327123523,15.5593455582857,-3.));
#5263=CARTESIAN_POINT('',(30.4059163561761,15.5593455582857,-3.));
#5264=CARTESIAN_POINT('',(20.3308327123523,15.5593455582857,-2.8));
#5265=CARTESIAN_POINT('',(20.3308327123523,15.5593455582857,-3.));
#5266=CARTESIAN_POINT('',(20.3308327123523,15.5593455582857,-2.8));
#5267=CARTESIAN_POINT('Origin',(20.3308327123523,15.0000000745058,-3.));
#5268=CARTESIAN_POINT('',(20.3308327123523,15.0000000745058,-3.));
#5269=CARTESIAN_POINT('',(20.3308327123523,14.0235000372529,-3.));
#5270=CARTESIAN_POINT('',(20.3308327123523,15.0000000745058,-2.8));
#5271=CARTESIAN_POINT('',(20.3308327123523,15.0000000745058,-3.));
#5272=CARTESIAN_POINT('',(20.3308327123523,15.0000000745058,-2.8));
#5273=CARTESIAN_POINT('Origin',(19.7660310193896,15.0000000745058,-3.));
#5274=CARTESIAN_POINT('',(30.1235155096948,15.0000000745058,-3.));
#5275=CARTESIAN_POINT('',(19.7660310193896,15.0000000745058,-2.8));
#5276=CARTESIAN_POINT('Origin',(19.5000015385449,17.0013643056154,-2.8));
#5277=CARTESIAN_POINT('Ctrl Pts',(11.8615300580859,15.7830835133791,-3.));
#5278=CARTESIAN_POINT('Ctrl Pts',(11.8615300580859,15.7830835133791,-2.8));
#5279=CARTESIAN_POINT('Ctrl Pts',(11.8385687301621,15.8511895103361,-3.));
#5280=CARTESIAN_POINT('Ctrl Pts',(11.8385687301621,15.8511895103361,-2.8));
#5281=CARTESIAN_POINT('Ctrl Pts',(11.7849952053503,16.0100948807014,-3.));
#5282=CARTESIAN_POINT('Ctrl Pts',(11.7849952053503,16.0100948807014,-2.8));
#5283=CARTESIAN_POINT('Ctrl Pts',(11.7833452825947,16.1781742235069,-3.));
#5284=CARTESIAN_POINT('Ctrl Pts',(11.7833452825947,16.1781742235069,-2.8));
#5285=CARTESIAN_POINT('Ctrl Pts',(11.7824025079608,16.2742156535387,-3.));
#5286=CARTESIAN_POINT('Ctrl Pts',(11.7824025079608,16.2742156535387,-2.8));
#5287=CARTESIAN_POINT('',(11.8615300580859,15.7830835133791,-3.));
#5288=CARTESIAN_POINT('',(11.7824025079608,16.2742156535387,-3.));
#5289=CARTESIAN_POINT('Ctrl Pts',(11.8615300580859,15.7830835133791,-3.));
#5290=CARTESIAN_POINT('Ctrl Pts',(11.8385687301621,15.8511895103361,-3.));
#5291=CARTESIAN_POINT('Ctrl Pts',(11.7849952053503,16.0100948807014,-3.));
#5292=CARTESIAN_POINT('Ctrl Pts',(11.7833452825947,16.1781742235069,-3.));
#5293=CARTESIAN_POINT('Ctrl Pts',(11.7824025079608,16.2742156535387,-3.));
#5294=CARTESIAN_POINT('',(11.8615300580859,15.7830835133791,-2.8));
#5295=CARTESIAN_POINT('',(11.8615300580859,15.7830835133791,-3.));
#5296=CARTESIAN_POINT('',(11.7824025079608,16.2742156535387,-2.8));
#5297=CARTESIAN_POINT('Ctrl Pts',(11.8615300580859,15.7830835133791,-2.8));
#5298=CARTESIAN_POINT('Ctrl Pts',(11.8385687301621,15.8511895103361,-2.8));
#5299=CARTESIAN_POINT('Ctrl Pts',(11.7849952053503,16.0100948807014,-2.8));
#5300=CARTESIAN_POINT('Ctrl Pts',(11.7833452825947,16.1781742235069,-2.8));
#5301=CARTESIAN_POINT('Ctrl Pts',(11.7824025079608,16.2742156535387,-2.8));
#5302=CARTESIAN_POINT('',(11.7824025079608,16.2742156535387,-3.));
#5303=CARTESIAN_POINT('Ctrl Pts',(12.1862227842212,15.4433835297823,-3.));
#5304=CARTESIAN_POINT('Ctrl Pts',(12.1862227842212,15.4433835297823,-2.8));
#5305=CARTESIAN_POINT('Ctrl Pts',(12.11772145581,15.4879993625266,-3.));
#5306=CARTESIAN_POINT('Ctrl Pts',(12.11772145581,15.4879993625266,-2.8));
#5307=CARTESIAN_POINT('Ctrl Pts',(11.9828183133801,15.5758635861693,-3.));
#5308=CARTESIAN_POINT('Ctrl Pts',(11.9828183133801,15.5758635861693,-2.8));
#5309=CARTESIAN_POINT('Ctrl Pts',(11.9015378170243,15.7147306058784,-3.));
#5310=CARTESIAN_POINT('Ctrl Pts',(11.9015378170243,15.7147306058784,-2.8));
#5311=CARTESIAN_POINT('Ctrl Pts',(11.8615300580859,15.7830835133791,-3.));
#5312=CARTESIAN_POINT('Ctrl Pts',(11.8615300580859,15.7830835133791,-2.8));
#5313=CARTESIAN_POINT('',(12.1862227842212,15.4433835297823,-3.));
#5314=CARTESIAN_POINT('Ctrl Pts',(12.1862227842212,15.4433835297823,-3.));
#5315=CARTESIAN_POINT('Ctrl Pts',(12.11772145581,15.4879993625266,-3.));
#5316=CARTESIAN_POINT('Ctrl Pts',(11.9828183133801,15.5758635861693,-3.));
#5317=CARTESIAN_POINT('Ctrl Pts',(11.9015378170243,15.7147306058784,-3.));
#5318=CARTESIAN_POINT('Ctrl Pts',(11.8615300580859,15.7830835133791,-3.));
#5319=CARTESIAN_POINT('',(12.1862227842212,15.4433835297823,-2.8));
#5320=CARTESIAN_POINT('',(12.1862227842212,15.4433835297823,-3.));
#5321=CARTESIAN_POINT('Ctrl Pts',(12.1862227842212,15.4433835297823,-2.8));
#5322=CARTESIAN_POINT('Ctrl Pts',(12.11772145581,15.4879993625266,-2.8));
#5323=CARTESIAN_POINT('Ctrl Pts',(11.9828183133801,15.5758635861693,-2.8));
#5324=CARTESIAN_POINT('Ctrl Pts',(11.9015378170243,15.7147306058784,-2.8));
#5325=CARTESIAN_POINT('Ctrl Pts',(11.8615300580859,15.7830835133791,-2.8));
#5326=CARTESIAN_POINT('Ctrl Pts',(12.6909978315234,15.3192365914583,-3.));
#5327=CARTESIAN_POINT('Ctrl Pts',(12.6909978315234,15.3192365914583,-2.8));
#5328=CARTESIAN_POINT('Ctrl Pts',(12.600185425342,15.3237693196907,-3.));
#5329=CARTESIAN_POINT('Ctrl Pts',(12.600185425342,15.3237693196907,-2.8));
#5330=CARTESIAN_POINT('Ctrl Pts',(12.4237812718226,15.332574196916,-3.));
#5331=CARTESIAN_POINT('Ctrl Pts',(12.4237812718226,15.332574196916,-2.8));
#5332=CARTESIAN_POINT('Ctrl Pts',(12.2638310444353,15.4071830992017,-3.));
#5333=CARTESIAN_POINT('Ctrl Pts',(12.2638310444353,15.4071830992017,-2.8));
#5334=CARTESIAN_POINT('Ctrl Pts',(12.1862227842212,15.4433835297823,-3.));
#5335=CARTESIAN_POINT('Ctrl Pts',(12.1862227842212,15.4433835297823,-2.8));
#5336=CARTESIAN_POINT('',(12.6909978315234,15.3192365914583,-3.));
#5337=CARTESIAN_POINT('Ctrl Pts',(12.6909978315234,15.3192365914583,-3.));
#5338=CARTESIAN_POINT('Ctrl Pts',(12.600185425342,15.3237693196907,-3.));
#5339=CARTESIAN_POINT('Ctrl Pts',(12.4237812718226,15.332574196916,-3.));
#5340=CARTESIAN_POINT('Ctrl Pts',(12.2638310444353,15.4071830992017,-3.));
#5341=CARTESIAN_POINT('Ctrl Pts',(12.1862227842212,15.4433835297823,-3.));
#5342=CARTESIAN_POINT('',(12.6909978315234,15.3192365914583,-2.8));
#5343=CARTESIAN_POINT('',(12.6909978315234,15.3192365914583,-3.));
#5344=CARTESIAN_POINT('Ctrl Pts',(12.6909978315234,15.3192365914583,-2.8));
#5345=CARTESIAN_POINT('Ctrl Pts',(12.600185425342,15.3237693196907,-2.8));
#5346=CARTESIAN_POINT('Ctrl Pts',(12.4237812718226,15.332574196916,-2.8));
#5347=CARTESIAN_POINT('Ctrl Pts',(12.2638310444353,15.4071830992017,-2.8));
#5348=CARTESIAN_POINT('Ctrl Pts',(12.1862227842212,15.4433835297823,-2.8));
#5349=CARTESIAN_POINT('Ctrl Pts',(13.1261951848865,15.4502046853304,-3.));
#5350=CARTESIAN_POINT('Ctrl Pts',(13.1261951848865,15.4502046853304,-2.8));
#5351=CARTESIAN_POINT('Ctrl Pts',(13.0668648931609,15.4121054290561,-3.));
#5352=CARTESIAN_POINT('Ctrl Pts',(13.0668648931609,15.4121054290561,-2.8));
#5353=CARTESIAN_POINT('Ctrl Pts',(12.9349770829772,15.3274129838734,-3.));
#5354=CARTESIAN_POINT('Ctrl Pts',(12.9349770829772,15.3274129838734,-2.8));
#5355=CARTESIAN_POINT('Ctrl Pts',(12.7775859143051,15.3221383879803,-3.));
#5356=CARTESIAN_POINT('Ctrl Pts',(12.7775859143051,15.3221383879803,-2.8));
#5357=CARTESIAN_POINT('Ctrl Pts',(12.6909978315234,15.3192365914583,-3.));
#5358=CARTESIAN_POINT('Ctrl Pts',(12.6909978315234,15.3192365914583,-2.8));
#5359=CARTESIAN_POINT('',(13.1261951848865,15.4502046853304,-3.));
#5360=CARTESIAN_POINT('Ctrl Pts',(13.1261951848865,15.4502046853304,-3.));
#5361=CARTESIAN_POINT('Ctrl Pts',(13.0668648931609,15.4121054290561,-3.));
#5362=CARTESIAN_POINT('Ctrl Pts',(12.9349770829772,15.3274129838734,-3.));
#5363=CARTESIAN_POINT('Ctrl Pts',(12.7775859143051,15.3221383879803,-3.));
#5364=CARTESIAN_POINT('Ctrl Pts',(12.6909978315234,15.3192365914583,-3.));
#5365=CARTESIAN_POINT('',(13.1261951848865,15.4502046853304,-2.8));
#5366=CARTESIAN_POINT('',(13.1261951848865,15.4502046853304,-3.));
#5367=CARTESIAN_POINT('Ctrl Pts',(13.1261951848865,15.4502046853304,-2.8));
#5368=CARTESIAN_POINT('Ctrl Pts',(13.0668648931609,15.4121054290561,-2.8));
#5369=CARTESIAN_POINT('Ctrl Pts',(12.9349770829772,15.3274129838734,-2.8));
#5370=CARTESIAN_POINT('Ctrl Pts',(12.7775859143051,15.3221383879803,-2.8));
#5371=CARTESIAN_POINT('Ctrl Pts',(12.6909978315234,15.3192365914583,-2.8));
#5372=CARTESIAN_POINT('Ctrl Pts',(13.2748992368579,15.7776261121035,-3.));
#5373=CARTESIAN_POINT('Ctrl Pts',(13.2748992368579,15.7776261121035,-2.8));
#5374=CARTESIAN_POINT('Ctrl Pts',(13.2686419967049,15.7148164980567,-3.));
#5375=CARTESIAN_POINT('Ctrl Pts',(13.2686419967049,15.7148164980567,-2.8));
#5376=CARTESIAN_POINT('Ctrl Pts',(13.2560965545522,15.5888864777309,-3.));
#5377=CARTESIAN_POINT('Ctrl Pts',(13.2560965545522,15.5888864777309,-2.8));
#5378=CARTESIAN_POINT('Ctrl Pts',(13.1695668258648,15.4965079454554,-3.));
#5379=CARTESIAN_POINT('Ctrl Pts',(13.1695668258648,15.4965079454554,-2.8));
#5380=CARTESIAN_POINT('Ctrl Pts',(13.1261951848865,15.4502046853304,-3.));
#5381=CARTESIAN_POINT('Ctrl Pts',(13.1261951848865,15.4502046853304,-2.8));
#5382=CARTESIAN_POINT('',(13.2748992368579,15.7776261121035,-3.));
#5383=CARTESIAN_POINT('Ctrl Pts',(13.2748992368579,15.7776261121035,-3.));
#5384=CARTESIAN_POINT('Ctrl Pts',(13.2686419967049,15.7148164980567,-3.));
#5385=CARTESIAN_POINT('Ctrl Pts',(13.2560965545522,15.5888864777309,-3.));
#5386=CARTESIAN_POINT('Ctrl Pts',(13.1695668258648,15.4965079454554,-3.));
#5387=CARTESIAN_POINT('Ctrl Pts',(13.1261951848865,15.4502046853304,-3.));
#5388=CARTESIAN_POINT('',(13.2748992368579,15.7776261121035,-2.8));
#5389=CARTESIAN_POINT('',(13.2748992368579,15.7776261121035,-3.));
#5390=CARTESIAN_POINT('Ctrl Pts',(13.2748992368579,15.7776261121035,-2.8));
#5391=CARTESIAN_POINT('Ctrl Pts',(13.2686419967049,15.7148164980567,-2.8));
#5392=CARTESIAN_POINT('Ctrl Pts',(13.2560965545522,15.5888864777309,-2.8));
#5393=CARTESIAN_POINT('Ctrl Pts',(13.1695668258648,15.4965079454554,-2.8));
#5394=CARTESIAN_POINT('Ctrl Pts',(13.1261951848865,15.4502046853304,-2.8));
#5395=CARTESIAN_POINT('Ctrl Pts',(13.206686489284,16.0109139233828,-3.));
#5396=CARTESIAN_POINT('Ctrl Pts',(13.206686489284,16.0109139233828,-2.8));
#5397=CARTESIAN_POINT('Ctrl Pts',(13.2265817999517,15.974799269417,-3.));
#5398=CARTESIAN_POINT('Ctrl Pts',(13.2265817999517,15.974799269417,-2.8));
#5399=CARTESIAN_POINT('Ctrl Pts',(13.2666236856305,15.9021138577847,-3.));
#5400=CARTESIAN_POINT('Ctrl Pts',(13.2666236856305,15.9021138577847,-2.8));
#5401=CARTESIAN_POINT('Ctrl Pts',(13.2721292040036,15.8192952572783,-3.));
#5402=CARTESIAN_POINT('Ctrl Pts',(13.2721292040036,15.8192952572783,-2.8));
#5403=CARTESIAN_POINT('Ctrl Pts',(13.2748992368579,15.7776261121035,-3.));
#5404=CARTESIAN_POINT('Ctrl Pts',(13.2748992368579,15.7776261121035,-2.8));
#5405=CARTESIAN_POINT('',(13.206686489284,16.0109139233828,-3.));
#5406=CARTESIAN_POINT('Ctrl Pts',(13.206686489284,16.0109139233828,-3.));
#5407=CARTESIAN_POINT('Ctrl Pts',(13.2265817999517,15.974799269417,-3.));
#5408=CARTESIAN_POINT('Ctrl Pts',(13.2666236856305,15.9021138577847,-3.));
#5409=CARTESIAN_POINT('Ctrl Pts',(13.2721292040036,15.8192952572783,-3.));
#5410=CARTESIAN_POINT('Ctrl Pts',(13.2748992368579,15.7776261121035,-3.));
#5411=CARTESIAN_POINT('',(13.206686489284,16.0109139233828,-2.8));
#5412=CARTESIAN_POINT('',(13.206686489284,16.0109139233828,-3.));
#5413=CARTESIAN_POINT('Ctrl Pts',(13.206686489284,16.0109139233828,-2.8));
#5414=CARTESIAN_POINT('Ctrl Pts',(13.2265817999517,15.974799269417,-2.8));
#5415=CARTESIAN_POINT('Ctrl Pts',(13.2666236856305,15.9021138577847,-2.8));
#5416=CARTESIAN_POINT('Ctrl Pts',(13.2721292040036,15.8192952572783,-2.8));
#5417=CARTESIAN_POINT('Ctrl Pts',(13.2748992368579,15.7776261121035,-2.8));
#5418=CARTESIAN_POINT('Ctrl Pts',(13.0129618570209,16.170532181859,-3.));
#5419=CARTESIAN_POINT('Ctrl Pts',(13.0129618570209,16.170532181859,-2.8));
#5420=CARTESIAN_POINT('Ctrl Pts',(13.0521277704021,16.1506701352255,-3.));
#5421=CARTESIAN_POINT('Ctrl Pts',(13.0521277704021,16.1506701352255,-2.8));
#5422=CARTESIAN_POINT('Ctrl Pts',(13.1286522762473,16.1118625810927,-3.));
#5423=CARTESIAN_POINT('Ctrl Pts',(13.1286522762473,16.1118625810927,-2.8));
#5424=CARTESIAN_POINT('Ctrl Pts',(13.1810878850454,16.0440294586919,-3.));
#5425=CARTESIAN_POINT('Ctrl Pts',(13.1810878850454,16.0440294586919,-2.8));
#5426=CARTESIAN_POINT('Ctrl Pts',(13.206686489284,16.0109139233828,-3.));
#5427=CARTESIAN_POINT('Ctrl Pts',(13.206686489284,16.0109139233828,-2.8));
#5428=CARTESIAN_POINT('',(13.0129618570209,16.170532181859,-3.));
#5429=CARTESIAN_POINT('Ctrl Pts',(13.0129618570209,16.170532181859,-3.));
#5430=CARTESIAN_POINT('Ctrl Pts',(13.0521277704021,16.1506701352255,-3.));
#5431=CARTESIAN_POINT('Ctrl Pts',(13.1286522762473,16.1118625810927,-3.));
#5432=CARTESIAN_POINT('Ctrl Pts',(13.1810878850454,16.0440294586919,-3.));
#5433=CARTESIAN_POINT('Ctrl Pts',(13.206686489284,16.0109139233828,-3.));
#5434=CARTESIAN_POINT('',(13.0129618570209,16.170532181859,-2.8));
#5435=CARTESIAN_POINT('',(13.0129618570209,16.170532181859,-3.));
#5436=CARTESIAN_POINT('Ctrl Pts',(13.0129618570209,16.170532181859,-2.8));
#5437=CARTESIAN_POINT('Ctrl Pts',(13.0521277704021,16.1506701352255,-2.8));
#5438=CARTESIAN_POINT('Ctrl Pts',(13.1286522762473,16.1118625810927,-2.8));
#5439=CARTESIAN_POINT('Ctrl Pts',(13.1810878850454,16.0440294586919,-2.8));
#5440=CARTESIAN_POINT('Ctrl Pts',(13.206686489284,16.0109139233828,-2.8));
#5441=CARTESIAN_POINT('Ctrl Pts',(12.5845856592059,16.2687588483095,-3.));
#5442=CARTESIAN_POINT('Ctrl Pts',(12.5845856592059,16.2687588483095,-2.8));
#5443=CARTESIAN_POINT('Ctrl Pts',(12.6714884201529,16.2563092354736,-3.));
#5444=CARTESIAN_POINT('Ctrl Pts',(12.6714884201529,16.2563092354736,-2.8));
#5445=CARTESIAN_POINT('Ctrl Pts',(12.817147391562,16.235442259783,-3.));
#5446=CARTESIAN_POINT('Ctrl Pts',(12.817147391562,16.235442259783,-2.8));
#5447=CARTESIAN_POINT('Ctrl Pts',(12.9566777990624,16.1891896522323,-3.));
#5448=CARTESIAN_POINT('Ctrl Pts',(12.9566777990624,16.1891896522323,-2.8));
#5449=CARTESIAN_POINT('Ctrl Pts',(13.0129618570209,16.170532181859,-3.));
#5450=CARTESIAN_POINT('Ctrl Pts',(13.0129618570209,16.170532181859,-2.8));
#5451=CARTESIAN_POINT('',(12.5845856592059,16.2687588483095,-3.));
#5452=CARTESIAN_POINT('Ctrl Pts',(12.5845856592059,16.2687588483095,-3.));
#5453=CARTESIAN_POINT('Ctrl Pts',(12.6714884201529,16.2563092354736,-3.));
#5454=CARTESIAN_POINT('Ctrl Pts',(12.817147391562,16.235442259783,-3.));
#5455=CARTESIAN_POINT('Ctrl Pts',(12.9566777990624,16.1891896522323,-3.));
#5456=CARTESIAN_POINT('Ctrl Pts',(13.0129618570209,16.170532181859,-3.));
#5457=CARTESIAN_POINT('',(12.5845856592059,16.2687588483095,-2.8));
#5458=CARTESIAN_POINT('',(12.5845856592059,16.2687588483095,-3.));
#5459=CARTESIAN_POINT('Ctrl Pts',(12.5845856592059,16.2687588483095,-2.8));
#5460=CARTESIAN_POINT('Ctrl Pts',(12.6714884201529,16.2563092354736,-2.8));
#5461=CARTESIAN_POINT('Ctrl Pts',(12.817147391562,16.235442259783,-2.8));
#5462=CARTESIAN_POINT('Ctrl Pts',(12.9566777990624,16.1891896522323,-2.8));
#5463=CARTESIAN_POINT('Ctrl Pts',(13.0129618570209,16.170532181859,-2.8));
#5464=CARTESIAN_POINT('Ctrl Pts',(11.7824025079608,16.4542973786592,-3.));
#5465=CARTESIAN_POINT('Ctrl Pts',(11.7824025079608,16.4542973786592,-2.8));
#5466=CARTESIAN_POINT('Ctrl Pts',(11.8931576455493,16.4179044895968,-3.));
#5467=CARTESIAN_POINT('Ctrl Pts',(11.8931576455493,16.4179044895968,-2.8));
#5468=CARTESIAN_POINT('Ctrl Pts',(12.1547518873854,16.3319475721137,-3.));
#5469=CARTESIAN_POINT('Ctrl Pts',(12.1547518873854,16.3319475721137,-2.8));
#5470=CARTESIAN_POINT('Ctrl Pts',(12.4273827033043,16.2918688382938,-3.));
#5471=CARTESIAN_POINT('Ctrl Pts',(12.4273827033043,16.2918688382938,-2.8));
#5472=CARTESIAN_POINT('Ctrl Pts',(12.5845856592059,16.2687588483095,-3.));
#5473=CARTESIAN_POINT('Ctrl Pts',(12.5845856592059,16.2687588483095,-2.8));
#5474=CARTESIAN_POINT('',(11.7824025079608,16.4542973786592,-3.));
#5475=CARTESIAN_POINT('Ctrl Pts',(11.7824025079608,16.4542973786592,-3.));
#5476=CARTESIAN_POINT('Ctrl Pts',(11.8931576455493,16.4179044895968,-3.));
#5477=CARTESIAN_POINT('Ctrl Pts',(12.1547518873854,16.3319475721137,-3.));
#5478=CARTESIAN_POINT('Ctrl Pts',(12.4273827033043,16.2918688382938,-3.));
#5479=CARTESIAN_POINT('Ctrl Pts',(12.5845856592059,16.2687588483095,-3.));
#5480=CARTESIAN_POINT('',(11.7824025079608,16.4542973786592,-2.8));
#5481=CARTESIAN_POINT('',(11.7824025079608,16.4542973786592,-3.));
#5482=CARTESIAN_POINT('Ctrl Pts',(11.7824025079608,16.4542973786592,-2.8));
#5483=CARTESIAN_POINT('Ctrl Pts',(11.8931576455493,16.4179044895968,-2.8));
#5484=CARTESIAN_POINT('Ctrl Pts',(12.1547518873854,16.3319475721137,-2.8));
#5485=CARTESIAN_POINT('Ctrl Pts',(12.4273827033043,16.2918688382938,-2.8));
#5486=CARTESIAN_POINT('Ctrl Pts',(12.5845856592059,16.2687588483095,-2.8));
#5487=CARTESIAN_POINT('Origin',(11.7824025079608,16.2742156535387,-3.));
#5488=CARTESIAN_POINT('',(11.7824025079608,14.6606078267694,-3.));
#5489=CARTESIAN_POINT('',(11.7824025079608,16.2742156535387,-2.8));
#5490=CARTESIAN_POINT('Origin',(11.1302883550525,15.0000000745058,-3.));
#5491=CARTESIAN_POINT('',(11.1302883550525,15.0000000745058,-3.));
#5492=CARTESIAN_POINT('',(11.6432483121753,15.0000000745058,-3.));
#5493=CARTESIAN_POINT('',(25.8056441775262,15.0000000745058,-3.));
#5494=CARTESIAN_POINT('',(11.1302883550525,15.0000000745058,-2.8));
#5495=CARTESIAN_POINT('',(11.1302883550525,15.0000000745058,-3.));
#5496=CARTESIAN_POINT('',(11.6432483121753,15.0000000745058,-2.8));
#5497=CARTESIAN_POINT('',(11.1302883550525,15.0000000745058,-2.8));
#5498=CARTESIAN_POINT('',(11.6432483121753,15.0000000745058,-3.));
#5499=CARTESIAN_POINT('Ctrl Pts',(11.2544352933764,15.3478849679232,-3.));
#5500=CARTESIAN_POINT('Ctrl Pts',(11.2544352933764,15.3478849679232,-2.8));
#5501=CARTESIAN_POINT('Ctrl Pts',(11.2412851455477,15.2877901093185,-3.));
#5502=CARTESIAN_POINT('Ctrl Pts',(11.2412851455477,15.2877901093185,-2.8));
#5503=CARTESIAN_POINT('Ctrl Pts',(11.2147531208431,15.1665414135715,-3.));
#5504=CARTESIAN_POINT('Ctrl Pts',(11.2147531208431,15.1665414135715,-2.8));
#5505=CARTESIAN_POINT('Ctrl Pts',(11.1586067366539,15.0558361518089,-3.));
#5506=CARTESIAN_POINT('Ctrl Pts',(11.1586067366539,15.0558361518089,-2.8));
#5507=CARTESIAN_POINT('Ctrl Pts',(11.1302883550525,15.0000000745058,-3.));
#5508=CARTESIAN_POINT('Ctrl Pts',(11.1302883550525,15.0000000745058,-2.8));
#5509=CARTESIAN_POINT('',(11.2544352933764,15.3478849679232,-3.));
#5510=CARTESIAN_POINT('Ctrl Pts',(11.2544352933764,15.3478849679232,-3.));
#5511=CARTESIAN_POINT('Ctrl Pts',(11.2412851455477,15.2877901093185,-3.));
#5512=CARTESIAN_POINT('Ctrl Pts',(11.2147531208431,15.1665414135715,-3.));
#5513=CARTESIAN_POINT('Ctrl Pts',(11.1586067366539,15.0558361518089,-3.));
#5514=CARTESIAN_POINT('Ctrl Pts',(11.1302883550525,15.0000000745058,-3.));
#5515=CARTESIAN_POINT('',(11.2544352933764,15.3478849679232,-2.8));
#5516=CARTESIAN_POINT('',(11.2544352933764,15.3478849679232,-3.));
#5517=CARTESIAN_POINT('Ctrl Pts',(11.2544352933764,15.3478849679232,-2.8));
#5518=CARTESIAN_POINT('Ctrl Pts',(11.2412851455477,15.2877901093185,-2.8));
#5519=CARTESIAN_POINT('Ctrl Pts',(11.2147531208431,15.1665414135715,-2.8));
#5520=CARTESIAN_POINT('Ctrl Pts',(11.1586067366539,15.0558361518089,-2.8));
#5521=CARTESIAN_POINT('Ctrl Pts',(11.1302883550525,15.0000000745058,-2.8));
#5522=CARTESIAN_POINT('Ctrl Pts',(11.285813562572,16.2141884118319,-3.));
#5523=CARTESIAN_POINT('Ctrl Pts',(11.285813562572,16.2141884118319,-2.8));
#5524=CARTESIAN_POINT('Ctrl Pts',(11.2869427211668,16.0276841032631,-3.));
#5525=CARTESIAN_POINT('Ctrl Pts',(11.2869427211668,16.0276841032631,-2.8));
#5526=CARTESIAN_POINT('Ctrl Pts',(11.2886943631156,15.7383635666801,-3.));
#5527=CARTESIAN_POINT('Ctrl Pts',(11.2886943631156,15.7383635666801,-2.8));
#5528=CARTESIAN_POINT('Ctrl Pts',(11.2634178439656,15.450266433445,-3.));
#5529=CARTESIAN_POINT('Ctrl Pts',(11.2634178439656,15.450266433445,-2.8));
#5530=CARTESIAN_POINT('Ctrl Pts',(11.2544352933764,15.3478849679232,-3.));
#5531=CARTESIAN_POINT('Ctrl Pts',(11.2544352933764,15.3478849679232,-2.8));
#5532=CARTESIAN_POINT('',(11.285813562572,16.2141884118319,-3.));
#5533=CARTESIAN_POINT('Ctrl Pts',(11.285813562572,16.2141884118319,-3.));
#5534=CARTESIAN_POINT('Ctrl Pts',(11.2869427211668,16.0276841032631,-3.));
#5535=CARTESIAN_POINT('Ctrl Pts',(11.2886943631156,15.7383635666801,-3.));
#5536=CARTESIAN_POINT('Ctrl Pts',(11.2634178439656,15.450266433445,-3.));
#5537=CARTESIAN_POINT('Ctrl Pts',(11.2544352933764,15.3478849679232,-3.));
#5538=CARTESIAN_POINT('',(11.285813562572,16.2141884118319,-2.8));
#5539=CARTESIAN_POINT('',(11.285813562572,16.2141884118319,-3.));
#5540=CARTESIAN_POINT('Ctrl Pts',(11.285813562572,16.2141884118319,-2.8));
#5541=CARTESIAN_POINT('Ctrl Pts',(11.2869427211668,16.0276841032631,-2.8));
#5542=CARTESIAN_POINT('Ctrl Pts',(11.2886943631156,15.7383635666801,-2.8));
#5543=CARTESIAN_POINT('Ctrl Pts',(11.2634178439656,15.450266433445,-2.8));
#5544=CARTESIAN_POINT('Ctrl Pts',(11.2544352933764,15.3478849679232,-2.8));
#5545=CARTESIAN_POINT('Origin',(11.285813562572,16.869031265378,-3.));
#5546=CARTESIAN_POINT('',(11.285813562572,16.869031265378,-3.));
#5547=CARTESIAN_POINT('',(11.285813562572,14.958015632689,-3.));
#5548=CARTESIAN_POINT('',(11.285813562572,16.869031265378,-2.8));
#5549=CARTESIAN_POINT('',(11.285813562572,16.869031265378,-3.));
#5550=CARTESIAN_POINT('',(11.285813562572,16.869031265378,-2.8));
#5551=CARTESIAN_POINT('Ctrl Pts',(11.3103706762195,17.3219645768404,-3.));
#5552=CARTESIAN_POINT('Ctrl Pts',(11.3103706762195,17.3219645768404,-2.8));
#5553=CARTESIAN_POINT('Ctrl Pts',(11.3032896519985,17.2633611023965,-3.));
#5554=CARTESIAN_POINT('Ctrl Pts',(11.3032896519985,17.2633611023965,-2.8));
#5555=CARTESIAN_POINT('Ctrl Pts',(11.2851234345137,17.1130151314062,-3.));
#5556=CARTESIAN_POINT('Ctrl Pts',(11.2851234345137,17.1130151314062,-2.8));
#5557=CARTESIAN_POINT('Ctrl Pts',(11.2855520297875,16.9614920472328,-3.));
#5558=CARTESIAN_POINT('Ctrl Pts',(11.2855520297875,16.9614920472328,-2.8));
#5559=CARTESIAN_POINT('Ctrl Pts',(11.285813562572,16.869031265378,-3.));
#5560=CARTESIAN_POINT('Ctrl Pts',(11.285813562572,16.869031265378,-2.8));
#5561=CARTESIAN_POINT('',(11.3103706762195,17.3219645768404,-3.));
#5562=CARTESIAN_POINT('Ctrl Pts',(11.3103706762195,17.3219645768404,-3.));
#5563=CARTESIAN_POINT('Ctrl Pts',(11.3032896519985,17.2633611023965,-3.));
#5564=CARTESIAN_POINT('Ctrl Pts',(11.2851234345137,17.1130151314062,-3.));
#5565=CARTESIAN_POINT('Ctrl Pts',(11.2855520297875,16.9614920472328,-3.));
#5566=CARTESIAN_POINT('Ctrl Pts',(11.285813562572,16.869031265378,-3.));
#5567=CARTESIAN_POINT('',(11.3103706762195,17.3219645768404,-2.8));
#5568=CARTESIAN_POINT('',(11.3103706762195,17.3219645768404,-3.));
#5569=CARTESIAN_POINT('Ctrl Pts',(11.3103706762195,17.3219645768404,-2.8));
#5570=CARTESIAN_POINT('Ctrl Pts',(11.3032896519985,17.2633611023965,-2.8));
#5571=CARTESIAN_POINT('Ctrl Pts',(11.2851234345137,17.1130151314062,-2.8));
#5572=CARTESIAN_POINT('Ctrl Pts',(11.2855520297875,16.9614920472328,-2.8));
#5573=CARTESIAN_POINT('Ctrl Pts',(11.285813562572,16.869031265378,-2.8));
#5574=CARTESIAN_POINT('Ctrl Pts',(11.4631671831012,17.6562071591616,-3.));
#5575=CARTESIAN_POINT('Ctrl Pts',(11.4631671831012,17.6562071591616,-2.8));
#5576=CARTESIAN_POINT('Ctrl Pts',(11.4292081571716,17.6077072377518,-3.));
#5577=CARTESIAN_POINT('Ctrl Pts',(11.4292081571716,17.6077072377518,-2.8));
#5578=CARTESIAN_POINT('Ctrl Pts',(11.3578398568279,17.5057797865642,-3.));
#5579=CARTESIAN_POINT('Ctrl Pts',(11.3578398568279,17.5057797865642,-2.8));
#5580=CARTESIAN_POINT('Ctrl Pts',(11.3266956182633,17.3851797536575,-3.));
#5581=CARTESIAN_POINT('Ctrl Pts',(11.3266956182633,17.3851797536575,-2.8));
#5582=CARTESIAN_POINT('Ctrl Pts',(11.3103706762195,17.3219645768404,-3.));
#5583=CARTESIAN_POINT('Ctrl Pts',(11.3103706762195,17.3219645768404,-2.8));
#5584=CARTESIAN_POINT('',(11.4631671831012,17.6562071591616,-3.));
#5585=CARTESIAN_POINT('Ctrl Pts',(11.4631671831012,17.6562071591616,-3.));
#5586=CARTESIAN_POINT('Ctrl Pts',(11.4292081571716,17.6077072377518,-3.));
#5587=CARTESIAN_POINT('Ctrl Pts',(11.3578398568279,17.5057797865642,-3.));
#5588=CARTESIAN_POINT('Ctrl Pts',(11.3266956182633,17.3851797536575,-3.));
#5589=CARTESIAN_POINT('Ctrl Pts',(11.3103706762195,17.3219645768404,-3.));
#5590=CARTESIAN_POINT('',(11.4631671831012,17.6562071591616,-2.8));
#5591=CARTESIAN_POINT('',(11.4631671831012,17.6562071591616,-3.));
#5592=CARTESIAN_POINT('Ctrl Pts',(11.4631671831012,17.6562071591616,-2.8));
#5593=CARTESIAN_POINT('Ctrl Pts',(11.4292081571716,17.6077072377518,-2.8));
#5594=CARTESIAN_POINT('Ctrl Pts',(11.3578398568279,17.5057797865642,-2.8));
#5595=CARTESIAN_POINT('Ctrl Pts',(11.3266956182633,17.3851797536575,-2.8));
#5596=CARTESIAN_POINT('Ctrl Pts',(11.3103706762195,17.3219645768404,-2.8));
#5597=CARTESIAN_POINT('Ctrl Pts',(11.8042309209704,17.8758526593447,-3.));
#5598=CARTESIAN_POINT('Ctrl Pts',(11.8042309209704,17.8758526593447,-2.8));
#5599=CARTESIAN_POINT('Ctrl Pts',(11.7342489144005,17.8473885152414,-3.));
#5600=CARTESIAN_POINT('Ctrl Pts',(11.7342489144005,17.8473885152414,-2.8));
#5601=CARTESIAN_POINT('Ctrl Pts',(11.6064972628816,17.7954274241482,-3.));
#5602=CARTESIAN_POINT('Ctrl Pts',(11.6064972628816,17.7954274241482,-2.8));
#5603=CARTESIAN_POINT('Ctrl Pts',(11.5077988667788,17.6995590838791,-3.));
#5604=CARTESIAN_POINT('Ctrl Pts',(11.5077988667788,17.6995590838791,-2.8));
#5605=CARTESIAN_POINT('Ctrl Pts',(11.4631671831012,17.6562071591616,-3.));
#5606=CARTESIAN_POINT('Ctrl Pts',(11.4631671831012,17.6562071591616,-2.8));
#5607=CARTESIAN_POINT('',(11.8042309209704,17.8758526593447,-3.));
#5608=CARTESIAN_POINT('Ctrl Pts',(11.8042309209704,17.8758526593447,-3.));
#5609=CARTESIAN_POINT('Ctrl Pts',(11.7342489144005,17.8473885152414,-3.));
#5610=CARTESIAN_POINT('Ctrl Pts',(11.6064972628816,17.7954274241482,-3.));
#5611=CARTESIAN_POINT('Ctrl Pts',(11.5077988667788,17.6995590838791,-3.));
#5612=CARTESIAN_POINT('Ctrl Pts',(11.4631671831012,17.6562071591616,-3.));
#5613=CARTESIAN_POINT('',(11.8042309209704,17.8758526593447,-2.8));
#5614=CARTESIAN_POINT('',(11.8042309209704,17.8758526593447,-3.));
#5615=CARTESIAN_POINT('Ctrl Pts',(11.8042309209704,17.8758526593447,-2.8));
#5616=CARTESIAN_POINT('Ctrl Pts',(11.7342489144005,17.8473885152414,-2.8));
#5617=CARTESIAN_POINT('Ctrl Pts',(11.6064972628816,17.7954274241482,-2.8));
#5618=CARTESIAN_POINT('Ctrl Pts',(11.5077988667788,17.6995590838791,-2.8));
#5619=CARTESIAN_POINT('Ctrl Pts',(11.4631671831012,17.6562071591616,-2.8));
#5620=CARTESIAN_POINT('Ctrl Pts',(12.4072320386767,17.9631651192904,-3.));
#5621=CARTESIAN_POINT('Ctrl Pts',(12.4072320386767,17.9631651192904,-2.8));
#5622=CARTESIAN_POINT('Ctrl Pts',(12.2943079583418,17.9612634283625,-3.));
#5623=CARTESIAN_POINT('Ctrl Pts',(12.2943079583418,17.9612634283625,-2.8));
#5624=CARTESIAN_POINT('Ctrl Pts',(12.089357324063,17.9578119699959,-3.));
#5625=CARTESIAN_POINT('Ctrl Pts',(12.089357324063,17.9578119699959,-2.8));
#5626=CARTESIAN_POINT('Ctrl Pts',(11.8925851830336,17.9012500070938,-3.));
#5627=CARTESIAN_POINT('Ctrl Pts',(11.8925851830336,17.9012500070938,-2.8));
#5628=CARTESIAN_POINT('Ctrl Pts',(11.8042309209704,17.8758526593447,-3.));
#5629=CARTESIAN_POINT('Ctrl Pts',(11.8042309209704,17.8758526593447,-2.8));
#5630=CARTESIAN_POINT('',(12.4072320386767,17.9631651192904,-3.));
#5631=CARTESIAN_POINT('Ctrl Pts',(12.4072320386767,17.9631651192904,-3.));
#5632=CARTESIAN_POINT('Ctrl Pts',(12.2943079583418,17.9612634283625,-3.));
#5633=CARTESIAN_POINT('Ctrl Pts',(12.089357324063,17.9578119699959,-3.));
#5634=CARTESIAN_POINT('Ctrl Pts',(11.8925851830336,17.9012500070938,-3.));
#5635=CARTESIAN_POINT('Ctrl Pts',(11.8042309209704,17.8758526593447,-3.));
#5636=CARTESIAN_POINT('',(12.4072320386767,17.9631651192904,-2.8));
#5637=CARTESIAN_POINT('',(12.4072320386767,17.9631651192904,-3.));
#5638=CARTESIAN_POINT('Ctrl Pts',(12.4072320386767,17.9631651192904,-2.8));
#5639=CARTESIAN_POINT('Ctrl Pts',(12.2943079583418,17.9612634283625,-2.8));
#5640=CARTESIAN_POINT('Ctrl Pts',(12.089357324063,17.9578119699959,-2.8));
#5641=CARTESIAN_POINT('Ctrl Pts',(11.8925851830336,17.9012500070938,-2.8));
#5642=CARTESIAN_POINT('Ctrl Pts',(11.8042309209704,17.8758526593447,-2.8));
#5643=CARTESIAN_POINT('Ctrl Pts',(13.0648035928607,17.8608454018831,-3.));
#5644=CARTESIAN_POINT('Ctrl Pts',(13.0648035928607,17.8608454018831,-2.8));
#5645=CARTESIAN_POINT('Ctrl Pts',(12.9633921505497,17.8906645325969,-3.));
#5646=CARTESIAN_POINT('Ctrl Pts',(12.9633921505497,17.8906645325969,-2.8));
#5647=CARTESIAN_POINT('Ctrl Pts',(12.7488510977522,17.9537484169304,-3.));
#5648=CARTESIAN_POINT('Ctrl Pts',(12.7488510977522,17.9537484169304,-2.8));
#5649=CARTESIAN_POINT('Ctrl Pts',(12.5251773887445,17.9599139650388,-3.));
#5650=CARTESIAN_POINT('Ctrl Pts',(12.5251773887445,17.9599139650388,-2.8));
#5651=CARTESIAN_POINT('Ctrl Pts',(12.4072320386767,17.9631651192904,-3.));
#5652=CARTESIAN_POINT('Ctrl Pts',(12.4072320386767,17.9631651192904,-2.8));
#5653=CARTESIAN_POINT('',(13.0648035928607,17.8608454018831,-3.));
#5654=CARTESIAN_POINT('Ctrl Pts',(13.0648035928607,17.8608454018831,-3.));
#5655=CARTESIAN_POINT('Ctrl Pts',(12.9633921505497,17.8906645325969,-3.));
#5656=CARTESIAN_POINT('Ctrl Pts',(12.7488510977522,17.9537484169304,-3.));
#5657=CARTESIAN_POINT('Ctrl Pts',(12.5251773887445,17.9599139650388,-3.));
#5658=CARTESIAN_POINT('Ctrl Pts',(12.4072320386767,17.9631651192904,-3.));
#5659=CARTESIAN_POINT('',(13.0648035928607,17.8608454018831,-2.8));
#5660=CARTESIAN_POINT('',(13.0648035928607,17.8608454018831,-3.));
#5661=CARTESIAN_POINT('Ctrl Pts',(13.0648035928607,17.8608454018831,-2.8));
#5662=CARTESIAN_POINT('Ctrl Pts',(12.9633921505497,17.8906645325969,-2.8));
#5663=CARTESIAN_POINT('Ctrl Pts',(12.7488510977522,17.9537484169304,-2.8));
#5664=CARTESIAN_POINT('Ctrl Pts',(12.5251773887445,17.9599139650388,-2.8));
#5665=CARTESIAN_POINT('Ctrl Pts',(12.4072320386767,17.9631651192904,-2.8));
#5666=CARTESIAN_POINT('Ctrl Pts',(13.4986371919513,17.5688946992159,-3.));
#5667=CARTESIAN_POINT('Ctrl Pts',(13.4986371919513,17.5688946992159,-2.8));
#5668=CARTESIAN_POINT('Ctrl Pts',(13.4405551674287,17.6293285487006,-3.));
#5669=CARTESIAN_POINT('Ctrl Pts',(13.4405551674287,17.6293285487006,-2.8));
#5670=CARTESIAN_POINT('Ctrl Pts',(13.3172004880815,17.7576780369663,-3.));
#5671=CARTESIAN_POINT('Ctrl Pts',(13.3172004880815,17.7576780369663,-2.8));
#5672=CARTESIAN_POINT('Ctrl Pts',(13.1521430842069,17.8251453384276,-3.));
#5673=CARTESIAN_POINT('Ctrl Pts',(13.1521430842069,17.8251453384276,-2.8));
#5674=CARTESIAN_POINT('Ctrl Pts',(13.0648035928607,17.8608454018831,-3.));
#5675=CARTESIAN_POINT('Ctrl Pts',(13.0648035928607,17.8608454018831,-2.8));
#5676=CARTESIAN_POINT('',(13.4986371919513,17.5688946992159,-3.));
#5677=CARTESIAN_POINT('Ctrl Pts',(13.4986371919513,17.5688946992159,-3.));
#5678=CARTESIAN_POINT('Ctrl Pts',(13.4405551674287,17.6293285487006,-3.));
#5679=CARTESIAN_POINT('Ctrl Pts',(13.3172004880815,17.7576780369663,-3.));
#5680=CARTESIAN_POINT('Ctrl Pts',(13.1521430842069,17.8251453384276,-3.));
#5681=CARTESIAN_POINT('Ctrl Pts',(13.0648035928607,17.8608454018831,-3.));
#5682=CARTESIAN_POINT('',(13.4986371919513,17.5688946992159,-2.8));
#5683=CARTESIAN_POINT('',(13.4986371919513,17.5688946992159,-3.));
#5684=CARTESIAN_POINT('Ctrl Pts',(13.4986371919513,17.5688946992159,-2.8));
#5685=CARTESIAN_POINT('Ctrl Pts',(13.4405551674287,17.6293285487006,-2.8));
#5686=CARTESIAN_POINT('Ctrl Pts',(13.3172004880815,17.7576780369663,-2.8));
#5687=CARTESIAN_POINT('Ctrl Pts',(13.1521430842069,17.8251453384276,-2.8));
#5688=CARTESIAN_POINT('Ctrl Pts',(13.0648035928607,17.8608454018831,-2.8));
#5689=CARTESIAN_POINT('Ctrl Pts',(13.7141902372241,17.0709414035082,-3.));
#5690=CARTESIAN_POINT('Ctrl Pts',(13.7141902372241,17.0709414035082,-2.8));
#5691=CARTESIAN_POINT('Ctrl Pts',(13.6907673890026,17.1662368584218,-3.));
#5692=CARTESIAN_POINT('Ctrl Pts',(13.6907673890026,17.1662368584218,-2.8));
#5693=CARTESIAN_POINT('Ctrl Pts',(13.6469248177714,17.3446096050047,-3.));
#5694=CARTESIAN_POINT('Ctrl Pts',(13.6469248177714,17.3446096050047,-2.8));
#5695=CARTESIAN_POINT('Ctrl Pts',(13.545756459646,17.497626787712,-3.));
#5696=CARTESIAN_POINT('Ctrl Pts',(13.545756459646,17.497626787712,-2.8));
#5697=CARTESIAN_POINT('Ctrl Pts',(13.4986371919513,17.5688946992159,-3.));
#5698=CARTESIAN_POINT('Ctrl Pts',(13.4986371919513,17.5688946992159,-2.8));
#5699=CARTESIAN_POINT('',(13.7141902372241,17.0709414035082,-3.));
#5700=CARTESIAN_POINT('Ctrl Pts',(13.7141902372241,17.0709414035082,-3.));
#5701=CARTESIAN_POINT('Ctrl Pts',(13.6907673890026,17.1662368584218,-3.));
#5702=CARTESIAN_POINT('Ctrl Pts',(13.6469248177714,17.3446096050047,-3.));
#5703=CARTESIAN_POINT('Ctrl Pts',(13.545756459646,17.497626787712,-3.));
#5704=CARTESIAN_POINT('Ctrl Pts',(13.4986371919513,17.5688946992159,-3.));
#5705=CARTESIAN_POINT('',(13.7141902372241,17.0709414035082,-2.8));
#5706=CARTESIAN_POINT('',(13.7141902372241,17.0709414035082,-3.));
#5707=CARTESIAN_POINT('Ctrl Pts',(13.7141902372241,17.0709414035082,-2.8));
#5708=CARTESIAN_POINT('Ctrl Pts',(13.6907673890026,17.1662368584218,-2.8));
#5709=CARTESIAN_POINT('Ctrl Pts',(13.6469248177714,17.3446096050047,-2.8));
#5710=CARTESIAN_POINT('Ctrl Pts',(13.545756459646,17.497626787712,-2.8));
#5711=CARTESIAN_POINT('Ctrl Pts',(13.4986371919513,17.5688946992159,-2.8));
#5712=CARTESIAN_POINT('Origin',(13.2339723035693,17.0054567605257,-3.));
#5713=CARTESIAN_POINT('',(13.2339723035693,17.0054567605257,-3.));
#5714=CARTESIAN_POINT('',(26.3438090296436,18.79317212349,-3.));
#5715=CARTESIAN_POINT('',(13.2339723035693,17.0054567605257,-2.8));
#5716=CARTESIAN_POINT('',(13.2339723035693,17.0054567605257,-3.));
#5717=CARTESIAN_POINT('',(13.2339723035693,17.0054567605257,-2.8));
#5718=CARTESIAN_POINT('Ctrl Pts',(12.9897696897388,17.435197904706,-3.));
#5719=CARTESIAN_POINT('Ctrl Pts',(12.9897696897388,17.435197904706,-2.8));
#5720=CARTESIAN_POINT('Ctrl Pts',(13.0423523517038,17.3819594840318,-3.));
#5721=CARTESIAN_POINT('Ctrl Pts',(13.0423523517038,17.3819594840318,-2.8));
#5722=CARTESIAN_POINT('Ctrl Pts',(13.161588075969,17.2612367702967,-3.));
#5723=CARTESIAN_POINT('Ctrl Pts',(13.161588075969,17.2612367702967,-2.8));
#5724=CARTESIAN_POINT('Ctrl Pts',(13.2080179115862,17.0971703127061,-3.));
#5725=CARTESIAN_POINT('Ctrl Pts',(13.2080179115862,17.0971703127061,-2.8));
#5726=CARTESIAN_POINT('Ctrl Pts',(13.2339723035693,17.0054567605257,-3.));
#5727=CARTESIAN_POINT('Ctrl Pts',(13.2339723035693,17.0054567605257,-2.8));
#5728=CARTESIAN_POINT('',(12.9897696897388,17.435197904706,-3.));
#5729=CARTESIAN_POINT('Ctrl Pts',(12.9897696897388,17.435197904706,-3.));
#5730=CARTESIAN_POINT('Ctrl Pts',(13.0423523517038,17.3819594840318,-3.));
#5731=CARTESIAN_POINT('Ctrl Pts',(13.161588075969,17.2612367702967,-3.));
#5732=CARTESIAN_POINT('Ctrl Pts',(13.2080179115862,17.0971703127061,-3.));
#5733=CARTESIAN_POINT('Ctrl Pts',(13.2339723035693,17.0054567605257,-3.));
#5734=CARTESIAN_POINT('',(12.9897696897388,17.435197904706,-2.8));
#5735=CARTESIAN_POINT('',(12.9897696897388,17.435197904706,-3.));
#5736=CARTESIAN_POINT('Ctrl Pts',(12.9897696897388,17.435197904706,-2.8));
#5737=CARTESIAN_POINT('Ctrl Pts',(13.0423523517038,17.3819594840318,-2.8));
#5738=CARTESIAN_POINT('Ctrl Pts',(13.161588075969,17.2612367702967,-2.8));
#5739=CARTESIAN_POINT('Ctrl Pts',(13.2080179115862,17.0971703127061,-2.8));
#5740=CARTESIAN_POINT('Ctrl Pts',(13.2339723035693,17.0054567605257,-2.8));
#5741=CARTESIAN_POINT('Ctrl Pts',(12.4781734868884,17.5566167384386,-3.));
#5742=CARTESIAN_POINT('Ctrl Pts',(12.4781734868884,17.5566167384386,-2.8));
#5743=CARTESIAN_POINT('Ctrl Pts',(12.5807760598567,17.5550194751536,-3.));
#5744=CARTESIAN_POINT('Ctrl Pts',(12.5807760598567,17.5550194751536,-2.8));
#5745=CARTESIAN_POINT('Ctrl Pts',(12.7611037152923,17.5522122283667,-3.));
#5746=CARTESIAN_POINT('Ctrl Pts',(12.7611037152923,17.5522122283667,-2.8));
#5747=CARTESIAN_POINT('Ctrl Pts',(12.9208958546237,17.4704424366195,-3.));
#5748=CARTESIAN_POINT('Ctrl Pts',(12.9208958546237,17.4704424366195,-2.8));
#5749=CARTESIAN_POINT('Ctrl Pts',(12.9897696897388,17.435197904706,-3.));
#5750=CARTESIAN_POINT('Ctrl Pts',(12.9897696897388,17.435197904706,-2.8));
#5751=CARTESIAN_POINT('',(12.4781734868884,17.5566167384386,-3.));
#5752=CARTESIAN_POINT('Ctrl Pts',(12.4781734868884,17.5566167384386,-3.));
#5753=CARTESIAN_POINT('Ctrl Pts',(12.5807760598567,17.5550194751536,-3.));
#5754=CARTESIAN_POINT('Ctrl Pts',(12.7611037152923,17.5522122283667,-3.));
#5755=CARTESIAN_POINT('Ctrl Pts',(12.9208958546237,17.4704424366195,-3.));
#5756=CARTESIAN_POINT('Ctrl Pts',(12.9897696897388,17.435197904706,-3.));
#5757=CARTESIAN_POINT('',(12.4781734868884,17.5566167384386,-2.8));
#5758=CARTESIAN_POINT('',(12.4781734868884,17.5566167384386,-3.));
#5759=CARTESIAN_POINT('Ctrl Pts',(12.4781734868884,17.5566167384386,-2.8));
#5760=CARTESIAN_POINT('Ctrl Pts',(12.5807760598567,17.5550194751536,-2.8));
#5761=CARTESIAN_POINT('Ctrl Pts',(12.7611037152923,17.5522122283667,-2.8));
#5762=CARTESIAN_POINT('Ctrl Pts',(12.9208958546237,17.4704424366195,-2.8));
#5763=CARTESIAN_POINT('Ctrl Pts',(12.9897696897388,17.435197904706,-2.8));
#5764=CARTESIAN_POINT('Ctrl Pts',(11.9188291952014,17.3901773244143,-3.));
#5765=CARTESIAN_POINT('Ctrl Pts',(11.9188291952014,17.3901773244143,-2.8));
#5766=CARTESIAN_POINT('Ctrl Pts',(11.9946528133699,17.4385813609132,-3.));
#5767=CARTESIAN_POINT('Ctrl Pts',(11.9946528133699,17.4385813609132,-2.8));
#5768=CARTESIAN_POINT('Ctrl Pts',(12.1642668122693,17.5468589977733,-3.));
#5769=CARTESIAN_POINT('Ctrl Pts',(12.1642668122693,17.5468589977733,-2.8));
#5770=CARTESIAN_POINT('Ctrl Pts',(12.3664007571873,17.5531423003394,-3.));
#5771=CARTESIAN_POINT('Ctrl Pts',(12.3664007571873,17.5531423003394,-2.8));
#5772=CARTESIAN_POINT('Ctrl Pts',(12.4781734868884,17.5566167384386,-3.));
#5773=CARTESIAN_POINT('Ctrl Pts',(12.4781734868884,17.5566167384386,-2.8));
#5774=CARTESIAN_POINT('',(11.9188291952014,17.3901773244143,-3.));
#5775=CARTESIAN_POINT('Ctrl Pts',(11.9188291952014,17.3901773244143,-3.));
#5776=CARTESIAN_POINT('Ctrl Pts',(11.9946528133699,17.4385813609132,-3.));
#5777=CARTESIAN_POINT('Ctrl Pts',(12.1642668122693,17.5468589977733,-3.));
#5778=CARTESIAN_POINT('Ctrl Pts',(12.3664007571873,17.5531423003394,-3.));
#5779=CARTESIAN_POINT('Ctrl Pts',(12.4781734868884,17.5566167384386,-3.));
#5780=CARTESIAN_POINT('',(11.9188291952014,17.3901773244143,-2.8));
#5781=CARTESIAN_POINT('',(11.9188291952014,17.3901773244143,-3.));
#5782=CARTESIAN_POINT('Ctrl Pts',(11.9188291952014,17.3901773244143,-2.8));
#5783=CARTESIAN_POINT('Ctrl Pts',(11.9946528133699,17.4385813609132,-2.8));
#5784=CARTESIAN_POINT('Ctrl Pts',(12.1642668122693,17.5468589977733,-2.8));
#5785=CARTESIAN_POINT('Ctrl Pts',(12.3664007571873,17.5531423003394,-2.8));
#5786=CARTESIAN_POINT('Ctrl Pts',(12.4781734868884,17.5566167384386,-2.8));
#5787=CARTESIAN_POINT('Ctrl Pts',(11.779673807323,16.9672579318285,-3.));
#5788=CARTESIAN_POINT('Ctrl Pts',(11.779673807323,16.9672579318285,-2.8));
#5789=CARTESIAN_POINT('Ctrl Pts',(11.7816339121896,17.056005432912,-3.));
#5790=CARTESIAN_POINT('Ctrl Pts',(11.7816339121896,17.056005432912,-2.8));
#5791=CARTESIAN_POINT('Ctrl Pts',(11.7850900498064,17.2124886813913,-3.));
#5792=CARTESIAN_POINT('Ctrl Pts',(11.7850900498064,17.2124886813913,-2.8));
#5793=CARTESIAN_POINT('Ctrl Pts',(11.878427083266,17.3364982282613,-3.));
#5794=CARTESIAN_POINT('Ctrl Pts',(11.878427083266,17.3364982282613,-2.8));
#5795=CARTESIAN_POINT('Ctrl Pts',(11.9188291952014,17.3901773244143,-3.));
#5796=CARTESIAN_POINT('Ctrl Pts',(11.9188291952014,17.3901773244143,-2.8));
#5797=CARTESIAN_POINT('',(11.779673807323,16.9672579318285,-3.));
#5798=CARTESIAN_POINT('Ctrl Pts',(11.779673807323,16.9672579318285,-3.));
#5799=CARTESIAN_POINT('Ctrl Pts',(11.7816339121896,17.056005432912,-3.));
#5800=CARTESIAN_POINT('Ctrl Pts',(11.7850900498064,17.2124886813913,-3.));
#5801=CARTESIAN_POINT('Ctrl Pts',(11.878427083266,17.3364982282613,-3.));
#5802=CARTESIAN_POINT('Ctrl Pts',(11.9188291952014,17.3901773244143,-3.));
#5803=CARTESIAN_POINT('',(11.779673807323,16.9672579318285,-2.8));
#5804=CARTESIAN_POINT('',(11.779673807323,16.9672579318285,-3.));
#5805=CARTESIAN_POINT('Ctrl Pts',(11.779673807323,16.9672579318285,-2.8));
#5806=CARTESIAN_POINT('Ctrl Pts',(11.7816339121896,17.056005432912,-2.8));
#5807=CARTESIAN_POINT('Ctrl Pts',(11.7850900498064,17.2124886813913,-2.8));
#5808=CARTESIAN_POINT('Ctrl Pts',(11.878427083266,17.3364982282613,-2.8));
#5809=CARTESIAN_POINT('Ctrl Pts',(11.9188291952014,17.3901773244143,-2.8));
#5810=CARTESIAN_POINT('Ctrl Pts',(11.7824025079608,16.8390179425478,-3.));
#5811=CARTESIAN_POINT('Ctrl Pts',(11.7824025079608,16.8390179425478,-2.8));
#5812=CARTESIAN_POINT('Ctrl Pts',(11.7816327867899,16.8665285178956,-3.));
#5813=CARTESIAN_POINT('Ctrl Pts',(11.7816327867899,16.8665285178956,-2.8));
#5814=CARTESIAN_POINT('Ctrl Pts',(11.780436932649,16.9092694956621,-3.));
#5815=CARTESIAN_POINT('Ctrl Pts',(11.780436932649,16.9092694956621,-2.8));
#5816=CARTESIAN_POINT('Ctrl Pts',(11.7798742977335,16.9520230484149,-3.));
#5817=CARTESIAN_POINT('Ctrl Pts',(11.7798742977335,16.9520230484149,-2.8));
#5818=CARTESIAN_POINT('Ctrl Pts',(11.779673807323,16.9672579318285,-3.));
#5819=CARTESIAN_POINT('Ctrl Pts',(11.779673807323,16.9672579318285,-2.8));
#5820=CARTESIAN_POINT('',(11.7824025079608,16.8390179425478,-3.));
#5821=CARTESIAN_POINT('Ctrl Pts',(11.7824025079608,16.8390179425478,-3.));
#5822=CARTESIAN_POINT('Ctrl Pts',(11.7816327867899,16.8665285178956,-3.));
#5823=CARTESIAN_POINT('Ctrl Pts',(11.780436932649,16.9092694956621,-3.));
#5824=CARTESIAN_POINT('Ctrl Pts',(11.7798742977335,16.9520230484149,-3.));
#5825=CARTESIAN_POINT('Ctrl Pts',(11.779673807323,16.9672579318285,-3.));
#5826=CARTESIAN_POINT('',(11.7824025079608,16.8390179425478,-2.8));
#5827=CARTESIAN_POINT('',(11.7824025079608,16.8390179425478,-3.));
#5828=CARTESIAN_POINT('Ctrl Pts',(11.7824025079608,16.8390179425478,-2.8));
#5829=CARTESIAN_POINT('Ctrl Pts',(11.7816327867899,16.8665285178956,-2.8));
#5830=CARTESIAN_POINT('Ctrl Pts',(11.780436932649,16.9092694956621,-2.8));
#5831=CARTESIAN_POINT('Ctrl Pts',(11.7798742977335,16.9520230484149,-2.8));
#5832=CARTESIAN_POINT('Ctrl Pts',(11.779673807323,16.9672579318285,-2.8));
#5833=CARTESIAN_POINT('Ctrl Pts',(12.6582558080554,16.6698498278856,-3.));
#5834=CARTESIAN_POINT('Ctrl Pts',(12.6582558080554,16.6698498278856,-2.8));
#5835=CARTESIAN_POINT('Ctrl Pts',(12.4851304242147,16.6908089344049,-3.));
#5836=CARTESIAN_POINT('Ctrl Pts',(12.4851304242147,16.6908089344049,-2.8));
#5837=CARTESIAN_POINT('Ctrl Pts',(12.1890315351171,16.7266556024046,-3.));
#5838=CARTESIAN_POINT('Ctrl Pts',(12.1890315351171,16.7266556024046,-2.8));
#5839=CARTESIAN_POINT('Ctrl Pts',(11.9017246047685,16.8060460956487,-3.));
#5840=CARTESIAN_POINT('Ctrl Pts',(11.9017246047685,16.8060460956487,-2.8));
#5841=CARTESIAN_POINT('Ctrl Pts',(11.7824025079608,16.8390179425478,-3.));
#5842=CARTESIAN_POINT('Ctrl Pts',(11.7824025079608,16.8390179425478,-2.8));
#5843=CARTESIAN_POINT('',(12.6582558080554,16.6698498278856,-3.));
#5844=CARTESIAN_POINT('Ctrl Pts',(12.6582558080554,16.6698498278856,-3.));
#5845=CARTESIAN_POINT('Ctrl Pts',(12.4851304242147,16.6908089344049,-3.));
#5846=CARTESIAN_POINT('Ctrl Pts',(12.1890315351171,16.7266556024046,-3.));
#5847=CARTESIAN_POINT('Ctrl Pts',(11.9017246047685,16.8060460956487,-3.));
#5848=CARTESIAN_POINT('Ctrl Pts',(11.7824025079608,16.8390179425478,-3.));
#5849=CARTESIAN_POINT('',(12.6582558080554,16.6698498278856,-2.8));
#5850=CARTESIAN_POINT('',(12.6582558080554,16.6698498278856,-3.));
#5851=CARTESIAN_POINT('Ctrl Pts',(12.6582558080554,16.6698498278856,-2.8));
#5852=CARTESIAN_POINT('Ctrl Pts',(12.4851304242147,16.6908089344049,-2.8));
#5853=CARTESIAN_POINT('Ctrl Pts',(12.1890315351171,16.7266556024046,-2.8));
#5854=CARTESIAN_POINT('Ctrl Pts',(11.9017246047685,16.8060460956487,-2.8));
#5855=CARTESIAN_POINT('Ctrl Pts',(11.7824025079608,16.8390179425478,-2.8));
#5856=CARTESIAN_POINT('Ctrl Pts',(13.0948181077838,16.5961802750826,-3.));
#5857=CARTESIAN_POINT('Ctrl Pts',(13.0948181077838,16.5961802750826,-2.8));
#5858=CARTESIAN_POINT('Ctrl Pts',(13.0344754624795,16.6094887726789,-3.));
#5859=CARTESIAN_POINT('Ctrl Pts',(13.0344754624795,16.6094887726789,-2.8));
#5860=CARTESIAN_POINT('Ctrl Pts',(12.8902182308646,16.6413045310124,-3.));
#5861=CARTESIAN_POINT('Ctrl Pts',(12.8902182308646,16.6413045310124,-2.8));
#5862=CARTESIAN_POINT('Ctrl Pts',(12.7435644624134,16.6593517444676,-3.));
#5863=CARTESIAN_POINT('Ctrl Pts',(12.7435644624134,16.6593517444676,-2.8));
#5864=CARTESIAN_POINT('Ctrl Pts',(12.6582558080554,16.6698498278856,-3.));
#5865=CARTESIAN_POINT('Ctrl Pts',(12.6582558080554,16.6698498278856,-2.8));
#5866=CARTESIAN_POINT('',(13.0948181077838,16.5961802750826,-3.));
#5867=CARTESIAN_POINT('Ctrl Pts',(13.0948181077838,16.5961802750826,-3.));
#5868=CARTESIAN_POINT('Ctrl Pts',(13.0344754624795,16.6094887726789,-3.));
#5869=CARTESIAN_POINT('Ctrl Pts',(12.8902182308646,16.6413045310124,-3.));
#5870=CARTESIAN_POINT('Ctrl Pts',(12.7435644624134,16.6593517444676,-3.));
#5871=CARTESIAN_POINT('Ctrl Pts',(12.6582558080554,16.6698498278856,-3.));
#5872=CARTESIAN_POINT('',(13.0948181077838,16.5961802750826,-2.8));
#5873=CARTESIAN_POINT('',(13.0948181077838,16.5961802750826,-3.));
#5874=CARTESIAN_POINT('Ctrl Pts',(13.0948181077838,16.5961802750826,-2.8));
#5875=CARTESIAN_POINT('Ctrl Pts',(13.0344754624795,16.6094887726789,-2.8));
#5876=CARTESIAN_POINT('Ctrl Pts',(12.8902182308646,16.6413045310124,-2.8));
#5877=CARTESIAN_POINT('Ctrl Pts',(12.7435644624134,16.6593517444676,-2.8));
#5878=CARTESIAN_POINT('Ctrl Pts',(12.6582558080554,16.6698498278856,-2.8));
#5879=CARTESIAN_POINT('Ctrl Pts',(13.4481604024768,16.4351976662874,-3.));
#5880=CARTESIAN_POINT('Ctrl Pts',(13.4481604024768,16.4351976662874,-2.8));
#5881=CARTESIAN_POINT('Ctrl Pts',(13.3936285693165,16.4686694802257,-3.));
#5882=CARTESIAN_POINT('Ctrl Pts',(13.3936285693165,16.4686694802257,-2.8));
#5883=CARTESIAN_POINT('Ctrl Pts',(13.2825028044209,16.5368788308154,-3.));
#5884=CARTESIAN_POINT('Ctrl Pts',(13.2825028044209,16.5368788308154,-2.8));
#5885=CARTESIAN_POINT('Ctrl Pts',(13.1581488621472,16.5761700916869,-3.));
#5886=CARTESIAN_POINT('Ctrl Pts',(13.1581488621472,16.5761700916869,-2.8));
#5887=CARTESIAN_POINT('Ctrl Pts',(13.0948181077838,16.5961802750826,-3.));
#5888=CARTESIAN_POINT('Ctrl Pts',(13.0948181077838,16.5961802750826,-2.8));
#5889=CARTESIAN_POINT('',(13.4481604024768,16.4351976662874,-3.));
#5890=CARTESIAN_POINT('Ctrl Pts',(13.4481604024768,16.4351976662874,-3.));
#5891=CARTESIAN_POINT('Ctrl Pts',(13.3936285693165,16.4686694802257,-3.));
#5892=CARTESIAN_POINT('Ctrl Pts',(13.2825028044209,16.5368788308154,-3.));
#5893=CARTESIAN_POINT('Ctrl Pts',(13.1581488621472,16.5761700916869,-3.));
#5894=CARTESIAN_POINT('Ctrl Pts',(13.0948181077838,16.5961802750826,-3.));
#5895=CARTESIAN_POINT('',(13.4481604024768,16.4351976662874,-2.8));
#5896=CARTESIAN_POINT('',(13.4481604024768,16.4351976662874,-3.));
#5897=CARTESIAN_POINT('Ctrl Pts',(13.4481604024768,16.4351976662874,-2.8));
#5898=CARTESIAN_POINT('Ctrl Pts',(13.3936285693165,16.4686694802257,-2.8));
#5899=CARTESIAN_POINT('Ctrl Pts',(13.2825028044209,16.5368788308154,-2.8));
#5900=CARTESIAN_POINT('Ctrl Pts',(13.1581488621472,16.5761700916869,-2.8));
#5901=CARTESIAN_POINT('Ctrl Pts',(13.0948181077838,16.5961802750826,-2.8));
#5902=CARTESIAN_POINT('Ctrl Pts',(13.7019116804004,16.1527968198061,-3.));
#5903=CARTESIAN_POINT('Ctrl Pts',(13.7019116804004,16.1527968198061,-2.8));
#5904=CARTESIAN_POINT('Ctrl Pts',(13.6675292734528,16.2082834451265,-3.));
#5905=CARTESIAN_POINT('Ctrl Pts',(13.6675292734528,16.2082834451265,-2.8));
#5906=CARTESIAN_POINT('Ctrl Pts',(13.5997874949979,16.317605712337,-3.));
#5907=CARTESIAN_POINT('Ctrl Pts',(13.5997874949979,16.317605712337,-2.8));
#5908=CARTESIAN_POINT('Ctrl Pts',(13.498191332015,16.3963969832134,-3.));
#5909=CARTESIAN_POINT('Ctrl Pts',(13.498191332015,16.3963969832134,-2.8));
#5910=CARTESIAN_POINT('Ctrl Pts',(13.4481604024768,16.4351976662874,-3.));
#5911=CARTESIAN_POINT('Ctrl Pts',(13.4481604024768,16.4351976662874,-2.8));
#5912=CARTESIAN_POINT('',(13.7019116804004,16.1527968198061,-3.));
#5913=CARTESIAN_POINT('Ctrl Pts',(13.7019116804004,16.1527968198061,-3.));
#5914=CARTESIAN_POINT('Ctrl Pts',(13.6675292734528,16.2082834451265,-3.));
#5915=CARTESIAN_POINT('Ctrl Pts',(13.5997874949979,16.317605712337,-3.));
#5916=CARTESIAN_POINT('Ctrl Pts',(13.498191332015,16.3963969832134,-3.));
#5917=CARTESIAN_POINT('Ctrl Pts',(13.4481604024768,16.4351976662874,-3.));
#5918=CARTESIAN_POINT('',(13.7019116804004,16.1527968198061,-2.8));
#5919=CARTESIAN_POINT('',(13.7019116804004,16.1527968198061,-3.));
#5920=CARTESIAN_POINT('Ctrl Pts',(13.7019116804004,16.1527968198061,-2.8));
#5921=CARTESIAN_POINT('Ctrl Pts',(13.6675292734528,16.2082834451265,-2.8));
#5922=CARTESIAN_POINT('Ctrl Pts',(13.5997874949979,16.317605712337,-2.8));
#5923=CARTESIAN_POINT('Ctrl Pts',(13.498191332015,16.3963969832134,-2.8));
#5924=CARTESIAN_POINT('Ctrl Pts',(13.4481604024768,16.4351976662874,-2.8));
#5925=CARTESIAN_POINT('Ctrl Pts',(13.798773996532,15.7639838010073,-3.));
#5926=CARTESIAN_POINT('Ctrl Pts',(13.798773996532,15.7639838010073,-2.8));
#5927=CARTESIAN_POINT('Ctrl Pts',(13.7949883052805,15.8329321952928,-3.));
#5928=CARTESIAN_POINT('Ctrl Pts',(13.7949883052805,15.8329321952928,-2.8));
#5929=CARTESIAN_POINT('Ctrl Pts',(13.787529794123,15.9687732699867,-3.));
#5930=CARTESIAN_POINT('Ctrl Pts',(13.787529794123,15.9687732699867,-2.8));
#5931=CARTESIAN_POINT('Ctrl Pts',(13.7301616633178,16.092077634195,-3.));
#5932=CARTESIAN_POINT('Ctrl Pts',(13.7301616633178,16.092077634195,-2.8));
#5933=CARTESIAN_POINT('Ctrl Pts',(13.7019116804004,16.1527968198061,-3.));
#5934=CARTESIAN_POINT('Ctrl Pts',(13.7019116804004,16.1527968198061,-2.8));
#5935=CARTESIAN_POINT('',(13.798773996532,15.7639838010073,-3.));
#5936=CARTESIAN_POINT('Ctrl Pts',(13.798773996532,15.7639838010073,-3.));
#5937=CARTESIAN_POINT('Ctrl Pts',(13.7949883052805,15.8329321952928,-3.));
#5938=CARTESIAN_POINT('Ctrl Pts',(13.787529794123,15.9687732699867,-3.));
#5939=CARTESIAN_POINT('Ctrl Pts',(13.7301616633178,16.092077634195,-3.));
#5940=CARTESIAN_POINT('Ctrl Pts',(13.7019116804004,16.1527968198061,-3.));
#5941=CARTESIAN_POINT('',(13.798773996532,15.7639838010073,-2.8));
#5942=CARTESIAN_POINT('',(13.798773996532,15.7639838010073,-3.));
#5943=CARTESIAN_POINT('Ctrl Pts',(13.798773996532,15.7639838010073,-2.8));
#5944=CARTESIAN_POINT('Ctrl Pts',(13.7949883052805,15.8329321952928,-2.8));
#5945=CARTESIAN_POINT('Ctrl Pts',(13.787529794123,15.9687732699867,-2.8));
#5946=CARTESIAN_POINT('Ctrl Pts',(13.7301616633178,16.092077634195,-2.8));
#5947=CARTESIAN_POINT('Ctrl Pts',(13.7019116804004,16.1527968198061,-2.8));
#5948=CARTESIAN_POINT('Ctrl Pts',(13.5422940179706,15.1678038388491,-3.));
#5949=CARTESIAN_POINT('Ctrl Pts',(13.5422940179706,15.1678038388491,-2.8));
#5950=CARTESIAN_POINT('Ctrl Pts',(13.6170969652232,15.2517344777697,-3.));
#5951=CARTESIAN_POINT('Ctrl Pts',(13.6170969652232,15.2517344777697,-2.8));
#5952=CARTESIAN_POINT('Ctrl Pts',(13.7686732642462,15.4218065951054,-3.));
#5953=CARTESIAN_POINT('Ctrl Pts',(13.7686732642462,15.4218065951054,-2.8));
#5954=CARTESIAN_POINT('Ctrl Pts',(13.7886538404455,15.6489405289671,-3.));
#5955=CARTESIAN_POINT('Ctrl Pts',(13.7886538404455,15.6489405289671,-2.8));
#5956=CARTESIAN_POINT('Ctrl Pts',(13.798773996532,15.7639838010073,-3.));
#5957=CARTESIAN_POINT('Ctrl Pts',(13.798773996532,15.7639838010073,-2.8));
#5958=CARTESIAN_POINT('',(13.5422940179706,15.1678038388491,-3.));
#5959=CARTESIAN_POINT('Ctrl Pts',(13.5422940179706,15.1678038388491,-3.));
#5960=CARTESIAN_POINT('Ctrl Pts',(13.6170969652232,15.2517344777697,-3.));
#5961=CARTESIAN_POINT('Ctrl Pts',(13.7686732642462,15.4218065951054,-3.));
#5962=CARTESIAN_POINT('Ctrl Pts',(13.7886538404455,15.6489405289671,-3.));
#5963=CARTESIAN_POINT('Ctrl Pts',(13.798773996532,15.7639838010073,-3.));
#5964=CARTESIAN_POINT('',(13.5422940179706,15.1678038388491,-2.8));
#5965=CARTESIAN_POINT('',(13.5422940179706,15.1678038388491,-3.));
#5966=CARTESIAN_POINT('Ctrl Pts',(13.5422940179706,15.1678038388491,-2.8));
#5967=CARTESIAN_POINT('Ctrl Pts',(13.6170969652232,15.2517344777697,-2.8));
#5968=CARTESIAN_POINT('Ctrl Pts',(13.7686732642462,15.4218065951054,-2.8));
#5969=CARTESIAN_POINT('Ctrl Pts',(13.7886538404455,15.6489405289671,-2.8));
#5970=CARTESIAN_POINT('Ctrl Pts',(13.798773996532,15.7639838010073,-2.8));
#5971=CARTESIAN_POINT('Ctrl Pts',(12.8083236142993,14.9345160275698,-3.));
#5972=CARTESIAN_POINT('Ctrl Pts',(12.8083236142993,14.9345160275698,-2.8));
#5973=CARTESIAN_POINT('Ctrl Pts',(12.9536505560101,14.9403323821732,-3.));
#5974=CARTESIAN_POINT('Ctrl Pts',(12.9536505560101,14.9403323821732,-2.8));
#5975=CARTESIAN_POINT('Ctrl Pts',(13.2208577648275,14.9510266957037,-3.));
#5976=CARTESIAN_POINT('Ctrl Pts',(13.2208577648275,14.9510266957037,-2.8));
#5977=CARTESIAN_POINT('Ctrl Pts',(13.4416052556356,15.0998991702487,-3.));
#5978=CARTESIAN_POINT('Ctrl Pts',(13.4416052556356,15.0998991702487,-2.8));
#5979=CARTESIAN_POINT('Ctrl Pts',(13.5422940179706,15.1678038388491,-3.));
#5980=CARTESIAN_POINT('Ctrl Pts',(13.5422940179706,15.1678038388491,-2.8));
#5981=CARTESIAN_POINT('',(12.8083236142993,14.9345160275698,-3.));
#5982=CARTESIAN_POINT('Ctrl Pts',(12.8083236142993,14.9345160275698,-3.));
#5983=CARTESIAN_POINT('Ctrl Pts',(12.9536505560101,14.9403323821732,-3.));
#5984=CARTESIAN_POINT('Ctrl Pts',(13.2208577648275,14.9510266957037,-3.));
#5985=CARTESIAN_POINT('Ctrl Pts',(13.4416052556356,15.0998991702487,-3.));
#5986=CARTESIAN_POINT('Ctrl Pts',(13.5422940179706,15.1678038388491,-3.));
#5987=CARTESIAN_POINT('',(12.8083236142993,14.9345160275698,-2.8));
#5988=CARTESIAN_POINT('',(12.8083236142993,14.9345160275698,-3.));
#5989=CARTESIAN_POINT('Ctrl Pts',(12.8083236142993,14.9345160275698,-2.8));
#5990=CARTESIAN_POINT('Ctrl Pts',(12.9536505560101,14.9403323821732,-2.8));
#5991=CARTESIAN_POINT('Ctrl Pts',(13.2208577648275,14.9510266957037,-2.8));
#5992=CARTESIAN_POINT('Ctrl Pts',(13.4416052556356,15.0998991702487,-2.8));
#5993=CARTESIAN_POINT('Ctrl Pts',(13.5422940179706,15.1678038388491,-2.8));
#5994=CARTESIAN_POINT('Ctrl Pts',(12.2667140886188,15.030013397336,-3.));
#5995=CARTESIAN_POINT('Ctrl Pts',(12.2667140886188,15.030013397336,-2.8));
#5996=CARTESIAN_POINT('Ctrl Pts',(12.3532050837714,15.0021623152347,-3.));
#5997=CARTESIAN_POINT('Ctrl Pts',(12.3532050837714,15.0021623152347,-2.8));
#5998=CARTESIAN_POINT('Ctrl Pts',(12.5293137175751,14.9454533363388,-3.));
#5999=CARTESIAN_POINT('Ctrl Pts',(12.5293137175751,14.9454533363388,-2.8));
#6000=CARTESIAN_POINT('Ctrl Pts',(12.7142260007148,14.9382046947686,-3.));
#6001=CARTESIAN_POINT('Ctrl Pts',(12.7142260007148,14.9382046947686,-2.8));
#6002=CARTESIAN_POINT('Ctrl Pts',(12.8083236142993,14.9345160275698,-3.));
#6003=CARTESIAN_POINT('Ctrl Pts',(12.8083236142993,14.9345160275698,-2.8));
#6004=CARTESIAN_POINT('',(12.2667140886188,15.030013397336,-3.));
#6005=CARTESIAN_POINT('Ctrl Pts',(12.2667140886188,15.030013397336,-3.));
#6006=CARTESIAN_POINT('Ctrl Pts',(12.3532050837714,15.0021623152347,-3.));
#6007=CARTESIAN_POINT('Ctrl Pts',(12.5293137175751,14.9454533363388,-3.));
#6008=CARTESIAN_POINT('Ctrl Pts',(12.7142260007148,14.9382046947686,-3.));
#6009=CARTESIAN_POINT('Ctrl Pts',(12.8083236142993,14.9345160275698,-3.));
#6010=CARTESIAN_POINT('',(12.2667140886188,15.030013397336,-2.8));
#6011=CARTESIAN_POINT('',(12.2667140886188,15.030013397336,-3.));
#6012=CARTESIAN_POINT('Ctrl Pts',(12.2667140886188,15.030013397336,-2.8));
#6013=CARTESIAN_POINT('Ctrl Pts',(12.3532050837714,15.0021623152347,-2.8));
#6014=CARTESIAN_POINT('Ctrl Pts',(12.5293137175751,14.9454533363388,-2.8));
#6015=CARTESIAN_POINT('Ctrl Pts',(12.7142260007148,14.9382046947686,-2.8));
#6016=CARTESIAN_POINT('Ctrl Pts',(12.8083236142993,14.9345160275698,-2.8));
#6017=CARTESIAN_POINT('Ctrl Pts',(11.7414755746722,15.3574348241091,-3.));
#6018=CARTESIAN_POINT('Ctrl Pts',(11.7414755746722,15.3574348241091,-2.8));
#6019=CARTESIAN_POINT('Ctrl Pts',(11.828075420744,15.2871943636206,-3.));
#6020=CARTESIAN_POINT('Ctrl Pts',(11.828075420744,15.2871943636206,-2.8));
#6021=CARTESIAN_POINT('Ctrl Pts',(11.9896709278453,15.1561255067284,-3.));
#6022=CARTESIAN_POINT('Ctrl Pts',(11.9896709278453,15.1561255067284,-2.8));
#6023=CARTESIAN_POINT('Ctrl Pts',(12.1788957852557,15.0699889428411,-3.));
#6024=CARTESIAN_POINT('Ctrl Pts',(12.1788957852557,15.0699889428411,-2.8));
#6025=CARTESIAN_POINT('Ctrl Pts',(12.2667140886188,15.030013397336,-3.));
#6026=CARTESIAN_POINT('Ctrl Pts',(12.2667140886188,15.030013397336,-2.8));
#6027=CARTESIAN_POINT('',(11.7414755746722,15.3574348241091,-3.));
#6028=CARTESIAN_POINT('Ctrl Pts',(11.7414755746722,15.3574348241091,-3.));
#6029=CARTESIAN_POINT('Ctrl Pts',(11.828075420744,15.2871943636206,-3.));
#6030=CARTESIAN_POINT('Ctrl Pts',(11.9896709278453,15.1561255067284,-3.));
#6031=CARTESIAN_POINT('Ctrl Pts',(12.1788957852557,15.0699889428411,-3.));
#6032=CARTESIAN_POINT('Ctrl Pts',(12.2667140886188,15.030013397336,-3.));
#6033=CARTESIAN_POINT('',(11.7414755746722,15.3574348241091,-2.8));
#6034=CARTESIAN_POINT('',(11.7414755746722,15.3574348241091,-3.));
#6035=CARTESIAN_POINT('Ctrl Pts',(11.7414755746722,15.3574348241091,-2.8));
#6036=CARTESIAN_POINT('Ctrl Pts',(11.828075420744,15.2871943636206,-2.8));
#6037=CARTESIAN_POINT('Ctrl Pts',(11.9896709278453,15.1561255067284,-2.8));
#6038=CARTESIAN_POINT('Ctrl Pts',(12.1788957852557,15.0699889428411,-2.8));
#6039=CARTESIAN_POINT('Ctrl Pts',(12.2667140886188,15.030013397336,-2.8));
#6040=CARTESIAN_POINT('Ctrl Pts',(11.6432483121753,15.0000000745058,-3.));
#6041=CARTESIAN_POINT('Ctrl Pts',(11.6432483121753,15.0000000745058,-2.8));
#6042=CARTESIAN_POINT('Ctrl Pts',(11.66658841546,15.054575879003,-3.));
#6043=CARTESIAN_POINT('Ctrl Pts',(11.66658841546,15.054575879003,-2.8));
#6044=CARTESIAN_POINT('Ctrl Pts',(11.7155985527873,15.1691755292503,-3.));
#6045=CARTESIAN_POINT('Ctrl Pts',(11.7155985527873,15.1691755292503,-2.8));
#6046=CARTESIAN_POINT('Ctrl Pts',(11.7325807901461,15.2927239052772,-3.));
#6047=CARTESIAN_POINT('Ctrl Pts',(11.7325807901461,15.2927239052772,-2.8));
#6048=CARTESIAN_POINT('Ctrl Pts',(11.7414755746722,15.3574348241091,-3.));
#6049=CARTESIAN_POINT('Ctrl Pts',(11.7414755746722,15.3574348241091,-2.8));
#6050=CARTESIAN_POINT('Ctrl Pts',(11.6432483121753,15.0000000745058,-3.));
#6051=CARTESIAN_POINT('Ctrl Pts',(11.66658841546,15.054575879003,-3.));
#6052=CARTESIAN_POINT('Ctrl Pts',(11.7155985527873,15.1691755292503,-3.));
#6053=CARTESIAN_POINT('Ctrl Pts',(11.7325807901461,15.2927239052772,-3.));
#6054=CARTESIAN_POINT('Ctrl Pts',(11.7414755746722,15.3574348241091,-3.));
#6055=CARTESIAN_POINT('Ctrl Pts',(11.6432483121753,15.0000000745058,-2.8));
#6056=CARTESIAN_POINT('Ctrl Pts',(11.66658841546,15.054575879003,-2.8));
#6057=CARTESIAN_POINT('Ctrl Pts',(11.7155985527873,15.1691755292503,-2.8));
#6058=CARTESIAN_POINT('Ctrl Pts',(11.7325807901461,15.2927239052772,-2.8));
#6059=CARTESIAN_POINT('Ctrl Pts',(11.7414755746722,15.3574348241091,-2.8));
#6060=CARTESIAN_POINT('Origin',(19.5000015385449,17.0013643056154,-2.8));
#6061=CARTESIAN_POINT('Origin',(15.7442040368915,18.5279674082994,-3.));
#6062=CARTESIAN_POINT('',(15.7442040368915,18.5279674082994,-3.));
#6063=CARTESIAN_POINT('',(16.7673964425921,18.5279674082994,-3.));
#6064=CARTESIAN_POINT('',(28.1126020184457,18.5279674082994,-3.));
#6065=CARTESIAN_POINT('',(15.7442040368915,18.5279674082994,-2.8));
#6066=CARTESIAN_POINT('',(15.7442040368915,18.5279674082994,-3.));
#6067=CARTESIAN_POINT('',(16.7673964425921,18.5279674082994,-2.8));
#6068=CARTESIAN_POINT('',(15.7442040368915,18.5279674082994,-2.8));
#6069=CARTESIAN_POINT('',(16.7673964425921,18.5279674082994,-3.));
#6070=CARTESIAN_POINT('Ctrl Pts',(15.2503426000476,18.4924966841936,-3.));
#6071=CARTESIAN_POINT('Ctrl Pts',(15.2503426000476,18.4924966841936,-2.8));
#6072=CARTESIAN_POINT('Ctrl Pts',(15.3136663959904,18.5027201273834,-3.));
#6073=CARTESIAN_POINT('Ctrl Pts',(15.3136663959904,18.5027201273834,-2.8));
#6074=CARTESIAN_POINT('Ctrl Pts',(15.477060633876,18.5290996531791,-3.));
#6075=CARTESIAN_POINT('Ctrl Pts',(15.477060633876,18.5290996531791,-2.8));
#6076=CARTESIAN_POINT('Ctrl Pts',(15.6427363243341,18.5283974630816,-3.));
#6077=CARTESIAN_POINT('Ctrl Pts',(15.6427363243341,18.5283974630816,-2.8));
#6078=CARTESIAN_POINT('Ctrl Pts',(15.7442040368915,18.5279674082994,-3.));
#6079=CARTESIAN_POINT('Ctrl Pts',(15.7442040368915,18.5279674082994,-2.8));
#6080=CARTESIAN_POINT('',(15.2503426000476,18.4924966841936,-3.));
#6081=CARTESIAN_POINT('Ctrl Pts',(15.2503426000476,18.4924966841936,-3.));
#6082=CARTESIAN_POINT('Ctrl Pts',(15.3136663959904,18.5027201273834,-3.));
#6083=CARTESIAN_POINT('Ctrl Pts',(15.477060633876,18.5290996531791,-3.));
#6084=CARTESIAN_POINT('Ctrl Pts',(15.6427363243341,18.5283974630816,-3.));
#6085=CARTESIAN_POINT('Ctrl Pts',(15.7442040368915,18.5279674082994,-3.));
#6086=CARTESIAN_POINT('',(15.2503426000476,18.4924966841936,-2.8));
#6087=CARTESIAN_POINT('',(15.2503426000476,18.4924966841936,-3.));
#6088=CARTESIAN_POINT('Ctrl Pts',(15.2503426000476,18.4924966841936,-2.8));
#6089=CARTESIAN_POINT('Ctrl Pts',(15.3136663959904,18.5027201273834,-2.8));
#6090=CARTESIAN_POINT('Ctrl Pts',(15.477060633876,18.5290996531791,-2.8));
#6091=CARTESIAN_POINT('Ctrl Pts',(15.6427363243341,18.5283974630816,-2.8));
#6092=CARTESIAN_POINT('Ctrl Pts',(15.7442040368915,18.5279674082994,-2.8));
#6093=CARTESIAN_POINT('Ctrl Pts',(14.9161000177264,18.2564801722765,-3.));
#6094=CARTESIAN_POINT('Ctrl Pts',(14.9161000177264,18.2564801722765,-2.8));
#6095=CARTESIAN_POINT('Ctrl Pts',(14.9615685556078,18.3109444696972,-3.));
#6096=CARTESIAN_POINT('Ctrl Pts',(14.9615685556078,18.3109444696972,-2.8));
#6097=CARTESIAN_POINT('Ctrl Pts',(15.0520464994984,18.4193230953511,-3.));
#6098=CARTESIAN_POINT('Ctrl Pts',(15.0520464994984,18.4193230953511,-2.8));
#6099=CARTESIAN_POINT('Ctrl Pts',(15.1844678914031,18.4681881434199,-3.));
#6100=CARTESIAN_POINT('Ctrl Pts',(15.1844678914031,18.4681881434199,-2.8));
#6101=CARTESIAN_POINT('Ctrl Pts',(15.2503426000476,18.4924966841936,-3.));
#6102=CARTESIAN_POINT('Ctrl Pts',(15.2503426000476,18.4924966841936,-2.8));
#6103=CARTESIAN_POINT('',(14.9161000177264,18.2564801722765,-3.));
#6104=CARTESIAN_POINT('Ctrl Pts',(14.9161000177264,18.2564801722765,-3.));
#6105=CARTESIAN_POINT('Ctrl Pts',(14.9615685556078,18.3109444696972,-3.));
#6106=CARTESIAN_POINT('Ctrl Pts',(15.0520464994984,18.4193230953511,-3.));
#6107=CARTESIAN_POINT('Ctrl Pts',(15.1844678914031,18.4681881434199,-3.));
#6108=CARTESIAN_POINT('Ctrl Pts',(15.2503426000476,18.4924966841936,-3.));
#6109=CARTESIAN_POINT('',(14.9161000177264,18.2564801722765,-2.8));
#6110=CARTESIAN_POINT('',(14.9161000177264,18.2564801722765,-3.));
#6111=CARTESIAN_POINT('Ctrl Pts',(14.9161000177264,18.2564801722765,-2.8));
#6112=CARTESIAN_POINT('Ctrl Pts',(14.9615685556078,18.3109444696972,-2.8));
#6113=CARTESIAN_POINT('Ctrl Pts',(15.0520464994984,18.4193230953511,-2.8));
#6114=CARTESIAN_POINT('Ctrl Pts',(15.1844678914031,18.4681881434199,-2.8));
#6115=CARTESIAN_POINT('Ctrl Pts',(15.2503426000476,18.4924966841936,-2.8));
#6116=CARTESIAN_POINT('Ctrl Pts',(14.7892243787646,17.8267396241426,-3.));
#6117=CARTESIAN_POINT('Ctrl Pts',(14.7892243787646,17.8267396241426,-2.8));
#6118=CARTESIAN_POINT('Ctrl Pts',(14.7936982618294,17.9062274717653,-3.));
#6119=CARTESIAN_POINT('Ctrl Pts',(14.7936982618294,17.9062274717653,-2.8));
#6120=CARTESIAN_POINT('Ctrl Pts',(14.8023319701277,18.0596232757471,-3.));
#6121=CARTESIAN_POINT('Ctrl Pts',(14.8023319701277,18.0596232757471,-2.8));
#6122=CARTESIAN_POINT('Ctrl Pts',(14.8791082676367,18.1924720322621,-3.));
#6123=CARTESIAN_POINT('Ctrl Pts',(14.8791082676367,18.1924720322621,-2.8));
#6124=CARTESIAN_POINT('Ctrl Pts',(14.9161000177264,18.2564801722765,-3.));
#6125=CARTESIAN_POINT('Ctrl Pts',(14.9161000177264,18.2564801722765,-2.8));
#6126=CARTESIAN_POINT('',(14.7892243787646,17.8267396241426,-3.));
#6127=CARTESIAN_POINT('Ctrl Pts',(14.7892243787646,17.8267396241426,-3.));
#6128=CARTESIAN_POINT('Ctrl Pts',(14.7936982618294,17.9062274717653,-3.));
#6129=CARTESIAN_POINT('Ctrl Pts',(14.8023319701277,18.0596232757471,-3.));
#6130=CARTESIAN_POINT('Ctrl Pts',(14.8791082676367,18.1924720322621,-3.));
#6131=CARTESIAN_POINT('Ctrl Pts',(14.9161000177264,18.2564801722765,-3.));
#6132=CARTESIAN_POINT('',(14.7892243787646,17.8267396241426,-2.8));
#6133=CARTESIAN_POINT('',(14.7892243787646,17.8267396241426,-3.));
#6134=CARTESIAN_POINT('Ctrl Pts',(14.7892243787646,17.8267396241426,-2.8));
#6135=CARTESIAN_POINT('Ctrl Pts',(14.7936982618294,17.9062274717653,-2.8));
#6136=CARTESIAN_POINT('Ctrl Pts',(14.8023319701277,18.0596232757471,-2.8));
#6137=CARTESIAN_POINT('Ctrl Pts',(14.8791082676367,18.1924720322621,-2.8));
#6138=CARTESIAN_POINT('Ctrl Pts',(14.9161000177264,18.2564801722765,-2.8));
#6139=CARTESIAN_POINT('Ctrl Pts',(15.0047762319446,17.2892225533724,-3.));
#6140=CARTESIAN_POINT('Ctrl Pts',(15.0047762319446,17.2892225533724,-2.8));
#6141=CARTESIAN_POINT('Ctrl Pts',(14.9419546871757,17.3621429881396,-3.));
#6142=CARTESIAN_POINT('Ctrl Pts',(14.9419546871757,17.3621429881396,-2.8));
#6143=CARTESIAN_POINT('Ctrl Pts',(14.8093164486659,17.5161035132189,-3.));
#6144=CARTESIAN_POINT('Ctrl Pts',(14.8093164486659,17.5161035132189,-2.8));
#6145=CARTESIAN_POINT('Ctrl Pts',(14.7961531400219,17.7196165919688,-3.));
#6146=CARTESIAN_POINT('Ctrl Pts',(14.7961531400219,17.7196165919688,-2.8));
#6147=CARTESIAN_POINT('Ctrl Pts',(14.7892243787646,17.8267396241426,-3.));
#6148=CARTESIAN_POINT('Ctrl Pts',(14.7892243787646,17.8267396241426,-2.8));
#6149=CARTESIAN_POINT('',(15.0047762319446,17.2892225533724,-3.));
#6150=CARTESIAN_POINT('Ctrl Pts',(15.0047762319446,17.2892225533724,-3.));
#6151=CARTESIAN_POINT('Ctrl Pts',(14.9419546871757,17.3621429881396,-3.));
#6152=CARTESIAN_POINT('Ctrl Pts',(14.8093164486659,17.5161035132189,-3.));
#6153=CARTESIAN_POINT('Ctrl Pts',(14.7961531400219,17.7196165919688,-3.));
#6154=CARTESIAN_POINT('Ctrl Pts',(14.7892243787646,17.8267396241426,-3.));
#6155=CARTESIAN_POINT('',(15.0047762319446,17.2892225533724,-2.8));
#6156=CARTESIAN_POINT('',(15.0047762319446,17.2892225533724,-3.));
#6157=CARTESIAN_POINT('Ctrl Pts',(15.0047762319446,17.2892225533724,-2.8));
#6158=CARTESIAN_POINT('Ctrl Pts',(14.9419546871757,17.3621429881396,-2.8));
#6159=CARTESIAN_POINT('Ctrl Pts',(14.8093164486659,17.5161035132189,-2.8));
#6160=CARTESIAN_POINT('Ctrl Pts',(14.7961531400219,17.7196165919688,-2.8));
#6161=CARTESIAN_POINT('Ctrl Pts',(14.7892243787646,17.8267396241426,-2.8));
#6162=CARTESIAN_POINT('Ctrl Pts',(15.7332892343402,17.098226621747,-3.));
#6163=CARTESIAN_POINT('Ctrl Pts',(15.7332892343402,17.098226621747,-2.8));
#6164=CARTESIAN_POINT('Ctrl Pts',(15.5829451659411,17.0999380486456,-3.));
#6165=CARTESIAN_POINT('Ctrl Pts',(15.5829451659411,17.0999380486456,-2.8));
#6166=CARTESIAN_POINT('Ctrl Pts',(15.3224107309841,17.1029038167317,-3.));
#6167=CARTESIAN_POINT('Ctrl Pts',(15.3224107309841,17.1029038167317,-2.8));
#6168=CARTESIAN_POINT('Ctrl Pts',(15.0991865916981,17.2338431188076,-3.));
#6169=CARTESIAN_POINT('Ctrl Pts',(15.0991865916981,17.2338431188076,-2.8));
#6170=CARTESIAN_POINT('Ctrl Pts',(15.0047762319446,17.2892225533724,-3.));
#6171=CARTESIAN_POINT('Ctrl Pts',(15.0047762319446,17.2892225533724,-2.8));
#6172=CARTESIAN_POINT('',(15.7332892343402,17.098226621747,-3.));
#6173=CARTESIAN_POINT('Ctrl Pts',(15.7332892343402,17.098226621747,-3.));
#6174=CARTESIAN_POINT('Ctrl Pts',(15.5829451659411,17.0999380486456,-3.));
#6175=CARTESIAN_POINT('Ctrl Pts',(15.3224107309841,17.1029038167317,-3.));
#6176=CARTESIAN_POINT('Ctrl Pts',(15.0991865916981,17.2338431188076,-3.));
#6177=CARTESIAN_POINT('Ctrl Pts',(15.0047762319446,17.2892225533724,-3.));
#6178=CARTESIAN_POINT('',(15.7332892343402,17.098226621747,-2.8));
#6179=CARTESIAN_POINT('',(15.7332892343402,17.098226621747,-3.));
#6180=CARTESIAN_POINT('Ctrl Pts',(15.7332892343402,17.098226621747,-2.8));
#6181=CARTESIAN_POINT('Ctrl Pts',(15.5829451659411,17.0999380486456,-2.8));
#6182=CARTESIAN_POINT('Ctrl Pts',(15.3224107309841,17.1029038167317,-2.8));
#6183=CARTESIAN_POINT('Ctrl Pts',(15.0991865916981,17.2338431188076,-2.8));
#6184=CARTESIAN_POINT('Ctrl Pts',(15.0047762319446,17.2892225533724,-2.8));
#6185=CARTESIAN_POINT('Origin',(16.7673964425921,17.098226621747,-3.));
#6186=CARTESIAN_POINT('',(16.7673964425921,17.098226621747,-3.));
#6187=CARTESIAN_POINT('',(28.6241982212961,17.098226621747,-3.));
#6188=CARTESIAN_POINT('',(16.7673964425921,17.098226621747,-2.8));
#6189=CARTESIAN_POINT('',(16.7673964425921,17.098226621747,-3.));
#6190=CARTESIAN_POINT('',(16.7673964425921,17.098226621747,-2.8));
#6191=CARTESIAN_POINT('Origin',(16.7673964425921,18.5279674082994,-3.));
#6192=CARTESIAN_POINT('',(16.7673964425921,15.7874837041497,-3.));
#6193=CARTESIAN_POINT('',(16.7673964425921,18.5279674082994,-2.8));
#6194=CARTESIAN_POINT('Origin',(16.7673964425921,16.6261935979128,-3.));
#6195=CARTESIAN_POINT('',(16.7673964425921,16.6261935979128,-3.));
#6196=CARTESIAN_POINT('',(16.7673964425921,15.0000000745058,-3.));
#6197=CARTESIAN_POINT('',(16.7673964425921,14.8365967989564,-3.));
#6198=CARTESIAN_POINT('',(16.7673964425921,16.6261935979128,-2.8));
#6199=CARTESIAN_POINT('',(16.7673964425921,16.6261935979128,-3.));
#6200=CARTESIAN_POINT('',(16.7673964425921,15.0000000745058,-2.8));
#6201=CARTESIAN_POINT('',(16.7673964425921,16.6261935979128,-2.8));
#6202=CARTESIAN_POINT('',(16.7673964425921,15.0000000745058,-3.));
#6203=CARTESIAN_POINT('Origin',(15.7414753362536,16.6261935979128,-3.));
#6204=CARTESIAN_POINT('',(15.7414753362536,16.6261935979128,-3.));
#6205=CARTESIAN_POINT('',(28.1112376681268,16.6261935979128,-3.));
#6206=CARTESIAN_POINT('',(15.7414753362536,16.6261935979128,-2.8));
#6207=CARTESIAN_POINT('',(15.7414753362536,16.6261935979128,-3.));
#6208=CARTESIAN_POINT('',(15.7414753362536,16.6261935979128,-2.8));
#6209=CARTESIAN_POINT('Ctrl Pts',(14.5682151243091,16.9795358926058,-3.));
#6210=CARTESIAN_POINT('Ctrl Pts',(14.5682151243091,16.9795358926058,-2.8));
#6211=CARTESIAN_POINT('Ctrl Pts',(14.7153577807518,16.8771026597049,-3.));
#6212=CARTESIAN_POINT('Ctrl Pts',(14.7153577807518,16.8771026597049,-2.8));
#6213=CARTESIAN_POINT('Ctrl Pts',(15.064326359586,16.6341684856522,-3.));
#6214=CARTESIAN_POINT('Ctrl Pts',(15.064326359586,16.6341684856522,-2.8));
#6215=CARTESIAN_POINT('Ctrl Pts',(15.4933497349481,16.6291158113162,-3.));
#6216=CARTESIAN_POINT('Ctrl Pts',(15.4933497349481,16.6291158113162,-2.8));
#6217=CARTESIAN_POINT('Ctrl Pts',(15.7414753362536,16.6261935979128,-3.));
#6218=CARTESIAN_POINT('Ctrl Pts',(15.7414753362536,16.6261935979128,-2.8));
#6219=CARTESIAN_POINT('',(14.5682151243091,16.9795358926058,-3.));
#6220=CARTESIAN_POINT('Ctrl Pts',(14.5682151243091,16.9795358926058,-3.));
#6221=CARTESIAN_POINT('Ctrl Pts',(14.7153577807518,16.8771026597049,-3.));
#6222=CARTESIAN_POINT('Ctrl Pts',(15.064326359586,16.6341684856522,-3.));
#6223=CARTESIAN_POINT('Ctrl Pts',(15.4933497349481,16.6291158113162,-3.));
#6224=CARTESIAN_POINT('Ctrl Pts',(15.7414753362536,16.6261935979128,-3.));
#6225=CARTESIAN_POINT('',(14.5682151243091,16.9795358926058,-2.8));
#6226=CARTESIAN_POINT('',(14.5682151243091,16.9795358926058,-3.));
#6227=CARTESIAN_POINT('Ctrl Pts',(14.5682151243091,16.9795358926058,-2.8));
#6228=CARTESIAN_POINT('Ctrl Pts',(14.7153577807518,16.8771026597049,-2.8));
#6229=CARTESIAN_POINT('Ctrl Pts',(15.064326359586,16.6341684856522,-2.8));
#6230=CARTESIAN_POINT('Ctrl Pts',(15.4933497349481,16.6291158113162,-2.8));
#6231=CARTESIAN_POINT('Ctrl Pts',(15.7414753362536,16.6261935979128,-2.8));
#6232=CARTESIAN_POINT('Ctrl Pts',(14.2435212060809,17.8431106358767,-3.));
#6233=CARTESIAN_POINT('Ctrl Pts',(14.2435212060809,17.8431106358767,-2.8));
#6234=CARTESIAN_POINT('Ctrl Pts',(14.2561054354402,17.6806107835697,-3.));
#6235=CARTESIAN_POINT('Ctrl Pts',(14.2561054354402,17.6806107835697,-2.8));
#6236=CARTESIAN_POINT('Ctrl Pts',(14.2808528824013,17.3610475936975,-3.));
#6237=CARTESIAN_POINT('Ctrl Pts',(14.2808528824013,17.3610475936975,-2.8));
#6238=CARTESIAN_POINT('Ctrl Pts',(14.4735202842066,17.1052559221136,-3.));
#6239=CARTESIAN_POINT('Ctrl Pts',(14.4735202842066,17.1052559221136,-2.8));
#6240=CARTESIAN_POINT('Ctrl Pts',(14.5682151243091,16.9795358926058,-3.));
#6241=CARTESIAN_POINT('Ctrl Pts',(14.5682151243091,16.9795358926058,-2.8));
#6242=CARTESIAN_POINT('',(14.2435212060809,17.8431106358767,-3.));
#6243=CARTESIAN_POINT('Ctrl Pts',(14.2435212060809,17.8431106358767,-3.));
#6244=CARTESIAN_POINT('Ctrl Pts',(14.2561054354402,17.6806107835697,-3.));
#6245=CARTESIAN_POINT('Ctrl Pts',(14.2808528824013,17.3610475936975,-3.));
#6246=CARTESIAN_POINT('Ctrl Pts',(14.4735202842066,17.1052559221136,-3.));
#6247=CARTESIAN_POINT('Ctrl Pts',(14.5682151243091,16.9795358926058,-3.));
#6248=CARTESIAN_POINT('',(14.2435212060809,17.8431106358767,-2.8));
#6249=CARTESIAN_POINT('',(14.2435212060809,17.8431106358767,-3.));
#6250=CARTESIAN_POINT('Ctrl Pts',(14.2435212060809,17.8431106358767,-2.8));
#6251=CARTESIAN_POINT('Ctrl Pts',(14.2561054354402,17.6806107835697,-2.8));
#6252=CARTESIAN_POINT('Ctrl Pts',(14.2808528824013,17.3610475936975,-2.8));
#6253=CARTESIAN_POINT('Ctrl Pts',(14.4735202842066,17.1052559221136,-2.8));
#6254=CARTESIAN_POINT('Ctrl Pts',(14.5682151243091,16.9795358926058,-2.8));
#6255=CARTESIAN_POINT('Ctrl Pts',(14.36494063586,18.3888132125139,-3.));
#6256=CARTESIAN_POINT('Ctrl Pts',(14.36494063586,18.3888132125139,-2.8));
#6257=CARTESIAN_POINT('Ctrl Pts',(14.3295305284882,18.3030920595437,-3.));
#6258=CARTESIAN_POINT('Ctrl Pts',(14.3295305284882,18.3030920595437,-2.8));
#6259=CARTESIAN_POINT('Ctrl Pts',(14.2573359000589,18.1283225587842,-3.));
#6260=CARTESIAN_POINT('Ctrl Pts',(14.2573359000589,18.1283225587842,-2.8));
#6261=CARTESIAN_POINT('Ctrl Pts',(14.2481841797225,17.9393802804228,-3.));
#6262=CARTESIAN_POINT('Ctrl Pts',(14.2481841797225,17.9393802804228,-2.8));
#6263=CARTESIAN_POINT('Ctrl Pts',(14.2435212060809,17.8431106358767,-3.));
#6264=CARTESIAN_POINT('Ctrl Pts',(14.2435212060809,17.8431106358767,-2.8));
#6265=CARTESIAN_POINT('',(14.36494063586,18.3888132125139,-3.));
#6266=CARTESIAN_POINT('Ctrl Pts',(14.36494063586,18.3888132125139,-3.));
#6267=CARTESIAN_POINT('Ctrl Pts',(14.3295305284882,18.3030920595437,-3.));
#6268=CARTESIAN_POINT('Ctrl Pts',(14.2573359000589,18.1283225587842,-3.));
#6269=CARTESIAN_POINT('Ctrl Pts',(14.2481841797225,17.9393802804228,-3.));
#6270=CARTESIAN_POINT('Ctrl Pts',(14.2435212060809,17.8431106358767,-3.));
#6271=CARTESIAN_POINT('',(14.36494063586,18.3888132125139,-2.8));
#6272=CARTESIAN_POINT('',(14.36494063586,18.3888132125139,-3.));
#6273=CARTESIAN_POINT('Ctrl Pts',(14.36494063586,18.3888132125139,-2.8));
#6274=CARTESIAN_POINT('Ctrl Pts',(14.3295305284882,18.3030920595437,-2.8));
#6275=CARTESIAN_POINT('Ctrl Pts',(14.2573359000589,18.1283225587842,-2.8));
#6276=CARTESIAN_POINT('Ctrl Pts',(14.2481841797225,17.9393802804228,-2.8));
#6277=CARTESIAN_POINT('Ctrl Pts',(14.2435212060809,17.8431106358767,-2.8));
#6278=CARTESIAN_POINT('Ctrl Pts',(14.6855409070849,18.7748981267214,-3.));
#6279=CARTESIAN_POINT('Ctrl Pts',(14.6855409070849,18.7748981267214,-2.8));
#6280=CARTESIAN_POINT('Ctrl Pts',(14.6217406999264,18.7230163774035,-3.));
#6281=CARTESIAN_POINT('Ctrl Pts',(14.6217406999264,18.7230163774035,-2.8));
#6282=CARTESIAN_POINT('Ctrl Pts',(14.4895642003717,18.6155316477915,-3.));
#6283=CARTESIAN_POINT('Ctrl Pts',(14.4895642003717,18.6155316477915,-2.8));
#6284=CARTESIAN_POINT('Ctrl Pts',(14.4074296842727,18.4661103963195,-3.));
#6285=CARTESIAN_POINT('Ctrl Pts',(14.4074296842727,18.4661103963195,-2.8));
#6286=CARTESIAN_POINT('Ctrl Pts',(14.36494063586,18.3888132125139,-3.));
#6287=CARTESIAN_POINT('Ctrl Pts',(14.36494063586,18.3888132125139,-2.8));
#6288=CARTESIAN_POINT('',(14.6855409070849,18.7748981267214,-3.));
#6289=CARTESIAN_POINT('Ctrl Pts',(14.6855409070849,18.7748981267214,-3.));
#6290=CARTESIAN_POINT('Ctrl Pts',(14.6217406999264,18.7230163774035,-3.));
#6291=CARTESIAN_POINT('Ctrl Pts',(14.4895642003717,18.6155316477915,-3.));
#6292=CARTESIAN_POINT('Ctrl Pts',(14.4074296842727,18.4661103963195,-3.));
#6293=CARTESIAN_POINT('Ctrl Pts',(14.36494063586,18.3888132125139,-3.));
#6294=CARTESIAN_POINT('',(14.6855409070849,18.7748981267214,-2.8));
#6295=CARTESIAN_POINT('',(14.6855409070849,18.7748981267214,-3.));
#6296=CARTESIAN_POINT('Ctrl Pts',(14.6855409070849,18.7748981267214,-2.8));
#6297=CARTESIAN_POINT('Ctrl Pts',(14.6217406999264,18.7230163774035,-2.8));
#6298=CARTESIAN_POINT('Ctrl Pts',(14.4895642003717,18.6155316477915,-2.8));
#6299=CARTESIAN_POINT('Ctrl Pts',(14.4074296842727,18.4661103963195,-2.8));
#6300=CARTESIAN_POINT('Ctrl Pts',(14.36494063586,18.3888132125139,-2.8));
#6301=CARTESIAN_POINT('Ctrl Pts',(15.1794011518359,18.9618004113436,-3.));
#6302=CARTESIAN_POINT('Ctrl Pts',(15.1794011518359,18.9618004113436,-2.8));
#6303=CARTESIAN_POINT('Ctrl Pts',(15.0871837517631,18.9430984424958,-3.));
#6304=CARTESIAN_POINT('Ctrl Pts',(15.0871837517631,18.9430984424958,-2.8));
#6305=CARTESIAN_POINT('Ctrl Pts',(14.9122291914357,18.907617126232,-3.));
#6306=CARTESIAN_POINT('Ctrl Pts',(14.9122291914357,18.907617126232,-2.8));
#6307=CARTESIAN_POINT('Ctrl Pts',(14.7583237845007,18.8175102568532,-3.));
#6308=CARTESIAN_POINT('Ctrl Pts',(14.7583237845007,18.8175102568532,-2.8));
#6309=CARTESIAN_POINT('Ctrl Pts',(14.6855409070849,18.7748981267214,-3.));
#6310=CARTESIAN_POINT('Ctrl Pts',(14.6855409070849,18.7748981267214,-2.8));
#6311=CARTESIAN_POINT('',(15.1794011518359,18.9618004113436,-3.));
#6312=CARTESIAN_POINT('Ctrl Pts',(15.1794011518359,18.9618004113436,-3.));
#6313=CARTESIAN_POINT('Ctrl Pts',(15.0871837517631,18.9430984424958,-3.));
#6314=CARTESIAN_POINT('Ctrl Pts',(14.9122291914357,18.907617126232,-3.));
#6315=CARTESIAN_POINT('Ctrl Pts',(14.7583237845007,18.8175102568532,-3.));
#6316=CARTESIAN_POINT('Ctrl Pts',(14.6855409070849,18.7748981267214,-3.));
#6317=CARTESIAN_POINT('',(15.1794011518359,18.9618004113436,-2.8));
#6318=CARTESIAN_POINT('',(15.1794011518359,18.9618004113436,-3.));
#6319=CARTESIAN_POINT('Ctrl Pts',(15.1794011518359,18.9618004113436,-2.8));
#6320=CARTESIAN_POINT('Ctrl Pts',(15.0871837517631,18.9430984424958,-2.8));
#6321=CARTESIAN_POINT('Ctrl Pts',(14.9122291914357,18.907617126232,-2.8));
#6322=CARTESIAN_POINT('Ctrl Pts',(14.7583237845007,18.8175102568532,-2.8));
#6323=CARTESIAN_POINT('Ctrl Pts',(14.6855409070849,18.7748981267214,-2.8));
#6324=CARTESIAN_POINT('Ctrl Pts',(15.7878596708179,18.9999998360872,-3.));
#6325=CARTESIAN_POINT('Ctrl Pts',(15.7878596708179,18.9999998360872,-2.8));
#6326=CARTESIAN_POINT('Ctrl Pts',(15.6705658289059,18.9996348827645,-3.));
#6327=CARTESIAN_POINT('Ctrl Pts',(15.6705658289059,18.9996348827645,-2.8));
#6328=CARTESIAN_POINT('Ctrl Pts',(15.4669093583934,18.9990012168841,-3.));
#6329=CARTESIAN_POINT('Ctrl Pts',(15.4669093583934,18.9990012168841,-2.8));
#6330=CARTESIAN_POINT('Ctrl Pts',(15.2650160804336,18.9728781622999,-3.));
#6331=CARTESIAN_POINT('Ctrl Pts',(15.2650160804336,18.9728781622999,-2.8));
#6332=CARTESIAN_POINT('Ctrl Pts',(15.1794011518359,18.9618004113436,-3.));
#6333=CARTESIAN_POINT('Ctrl Pts',(15.1794011518359,18.9618004113436,-2.8));
#6334=CARTESIAN_POINT('',(15.7878596708179,18.9999998360872,-3.));
#6335=CARTESIAN_POINT('Ctrl Pts',(15.7878596708179,18.9999998360872,-3.));
#6336=CARTESIAN_POINT('Ctrl Pts',(15.6705658289059,18.9996348827645,-3.));
#6337=CARTESIAN_POINT('Ctrl Pts',(15.4669093583934,18.9990012168841,-3.));
#6338=CARTESIAN_POINT('Ctrl Pts',(15.2650160804336,18.9728781622999,-3.));
#6339=CARTESIAN_POINT('Ctrl Pts',(15.1794011518359,18.9618004113436,-3.));
#6340=CARTESIAN_POINT('',(15.7878596708179,18.9999998360872,-2.8));
#6341=CARTESIAN_POINT('',(15.7878596708179,18.9999998360872,-3.));
#6342=CARTESIAN_POINT('Ctrl Pts',(15.7878596708179,18.9999998360872,-2.8));
#6343=CARTESIAN_POINT('Ctrl Pts',(15.6705658289059,18.9996348827645,-2.8));
#6344=CARTESIAN_POINT('Ctrl Pts',(15.4669093583934,18.9990012168841,-2.8));
#6345=CARTESIAN_POINT('Ctrl Pts',(15.2650160804336,18.9728781622999,-2.8));
#6346=CARTESIAN_POINT('Ctrl Pts',(15.1794011518359,18.9618004113436,-2.8));
#6347=CARTESIAN_POINT('Origin',(17.296727411449,18.9999998360872,-3.));
#6348=CARTESIAN_POINT('',(17.296727411449,18.9999998360872,-3.));
#6349=CARTESIAN_POINT('',(28.8888637057245,18.9999998360872,-3.));
#6350=CARTESIAN_POINT('',(17.296727411449,18.9999998360872,-2.8));
#6351=CARTESIAN_POINT('',(17.296727411449,18.9999998360872,-3.));
#6352=CARTESIAN_POINT('',(17.296727411449,18.9999998360872,-2.8));
#6353=CARTESIAN_POINT('Origin',(17.296727411449,15.0000000745058,-3.));
#6354=CARTESIAN_POINT('',(17.296727411449,15.0000000745058,-3.));
#6355=CARTESIAN_POINT('',(17.296727411449,14.0235000372529,-3.));
#6356=CARTESIAN_POINT('',(17.296727411449,15.0000000745058,-2.8));
#6357=CARTESIAN_POINT('',(17.296727411449,15.0000000745058,-3.));
#6358=CARTESIAN_POINT('',(17.296727411449,15.0000000745058,-2.8));
#6359=CARTESIAN_POINT('Origin',(16.7673964425921,15.0000000745058,-3.));
#6360=CARTESIAN_POINT('',(28.6241982212961,15.0000000745058,-3.));
#6361=CARTESIAN_POINT('',(16.7673964425921,15.0000000745058,-2.8));
#6362=CARTESIAN_POINT('Origin',(19.5000015385449,17.0013643056154,-2.8));
#6363=CARTESIAN_POINT('Ctrl Pts',(9.4304258748889,17.5566167384386,-3.));
#6364=CARTESIAN_POINT('Ctrl Pts',(9.4304258748889,17.5566167384386,-2.8));
#6365=CARTESIAN_POINT('Ctrl Pts',(9.53564092599914,17.5447784610752,-3.));
#6366=CARTESIAN_POINT('Ctrl Pts',(9.53564092599914,17.5447784610752,-2.8));
#6367=CARTESIAN_POINT('Ctrl Pts',(9.74949633617169,17.5207165076325,-3.));
#6368=CARTESIAN_POINT('Ctrl Pts',(9.74949633617169,17.5207165076325,-2.8));
#6369=CARTESIAN_POINT('Ctrl Pts',(9.90068598701467,17.3672067897896,-3.));
#6370=CARTESIAN_POINT('Ctrl Pts',(9.90068598701467,17.3672067897896,-2.8));
#6371=CARTESIAN_POINT('Ctrl Pts',(9.97749160975218,17.2892225533724,-3.));
#6372=CARTESIAN_POINT('Ctrl Pts',(9.97749160975218,17.2892225533724,-2.8));
#6373=CARTESIAN_POINT('',(9.4304258748889,17.5566167384386,-3.));
#6374=CARTESIAN_POINT('',(9.97749160975218,17.2892225533724,-3.));
#6375=CARTESIAN_POINT('Ctrl Pts',(9.4304258748889,17.5566167384386,-3.));
#6376=CARTESIAN_POINT('Ctrl Pts',(9.53564092599914,17.5447784610752,-3.));
#6377=CARTESIAN_POINT('Ctrl Pts',(9.74949633617169,17.5207165076325,-3.));
#6378=CARTESIAN_POINT('Ctrl Pts',(9.90068598701467,17.3672067897896,-3.));
#6379=CARTESIAN_POINT('Ctrl Pts',(9.97749160975218,17.2892225533724,-3.));
#6380=CARTESIAN_POINT('',(9.4304258748889,17.5566167384386,-2.8));
#6381=CARTESIAN_POINT('',(9.4304258748889,17.5566167384386,-3.));
#6382=CARTESIAN_POINT('',(9.97749160975218,17.2892225533724,-2.8));
#6383=CARTESIAN_POINT('Ctrl Pts',(9.4304258748889,17.5566167384386,-2.8));
#6384=CARTESIAN_POINT('Ctrl Pts',(9.53564092599914,17.5447784610752,-2.8));
#6385=CARTESIAN_POINT('Ctrl Pts',(9.74949633617169,17.5207165076325,-2.8));
#6386=CARTESIAN_POINT('Ctrl Pts',(9.90068598701467,17.3672067897896,-2.8));
#6387=CARTESIAN_POINT('Ctrl Pts',(9.97749160975218,17.2892225533724,-2.8));
#6388=CARTESIAN_POINT('',(9.97749160975218,17.2892225533724,-3.));
#6389=CARTESIAN_POINT('Ctrl Pts',(8.86562179774046,17.2783083468676,-3.));
#6390=CARTESIAN_POINT('Ctrl Pts',(8.86562179774046,17.2783083468676,-2.8));
#6391=CARTESIAN_POINT('Ctrl Pts',(8.94524940579033,17.359471445173,-3.));
#6392=CARTESIAN_POINT('Ctrl Pts',(8.94524940579033,17.359471445173,-2.8));
#6393=CARTESIAN_POINT('Ctrl Pts',(9.10126952814602,17.518500164464,-3.));
#6394=CARTESIAN_POINT('Ctrl Pts',(9.10126952814602,17.518500164464,-2.8));
#6395=CARTESIAN_POINT('Ctrl Pts',(9.32223433552768,17.5440880697549,-3.));
#6396=CARTESIAN_POINT('Ctrl Pts',(9.32223433552768,17.5440880697549,-2.8));
#6397=CARTESIAN_POINT('Ctrl Pts',(9.4304258748889,17.5566167384386,-3.));
#6398=CARTESIAN_POINT('Ctrl Pts',(9.4304258748889,17.5566167384386,-2.8));
#6399=CARTESIAN_POINT('',(8.86562179774046,17.2783083468676,-3.));
#6400=CARTESIAN_POINT('Ctrl Pts',(8.86562179774046,17.2783083468676,-3.));
#6401=CARTESIAN_POINT('Ctrl Pts',(8.94524940579033,17.359471445173,-3.));
#6402=CARTESIAN_POINT('Ctrl Pts',(9.10126952814602,17.518500164464,-3.));
#6403=CARTESIAN_POINT('Ctrl Pts',(9.32223433552768,17.5440880697549,-3.));
#6404=CARTESIAN_POINT('Ctrl Pts',(9.4304258748889,17.5566167384386,-3.));
#6405=CARTESIAN_POINT('',(8.86562179774046,17.2783083468676,-2.8));
#6406=CARTESIAN_POINT('',(8.86562179774046,17.2783083468676,-3.));
#6407=CARTESIAN_POINT('Ctrl Pts',(8.86562179774046,17.2783083468676,-2.8));
#6408=CARTESIAN_POINT('Ctrl Pts',(8.94524940579033,17.359471445173,-2.8));
#6409=CARTESIAN_POINT('Ctrl Pts',(9.10126952814602,17.518500164464,-2.8));
#6410=CARTESIAN_POINT('Ctrl Pts',(9.32223433552768,17.5440880697549,-2.8));
#6411=CARTESIAN_POINT('Ctrl Pts',(9.4304258748889,17.5566167384386,-2.8));
#6412=CARTESIAN_POINT('Ctrl Pts',(8.63642763346434,16.4051843434572,-3.));
#6413=CARTESIAN_POINT('Ctrl Pts',(8.63642763346434,16.4051843434572,-2.8));
#6414=CARTESIAN_POINT('Ctrl Pts',(8.63969808920677,16.5816230730453,-3.));
#6415=CARTESIAN_POINT('Ctrl Pts',(8.63969808920677,16.5816230730453,-2.8));
#6416=CARTESIAN_POINT('Ctrl Pts',(8.6454684962403,16.8929323725378,-3.));
#6417=CARTESIAN_POINT('Ctrl Pts',(8.6454684962403,16.8929323725378,-2.8));
#6418=CARTESIAN_POINT('Ctrl Pts',(8.79907419378916,17.1618174855573,-3.));
#6419=CARTESIAN_POINT('Ctrl Pts',(8.79907419378916,17.1618174855573,-2.8));
#6420=CARTESIAN_POINT('Ctrl Pts',(8.86562179774046,17.2783083468676,-3.));
#6421=CARTESIAN_POINT('Ctrl Pts',(8.86562179774046,17.2783083468676,-2.8));
#6422=CARTESIAN_POINT('',(8.63642763346434,16.4051843434572,-3.));
#6423=CARTESIAN_POINT('Ctrl Pts',(8.63642763346434,16.4051843434572,-3.));
#6424=CARTESIAN_POINT('Ctrl Pts',(8.63969808920677,16.5816230730453,-3.));
#6425=CARTESIAN_POINT('Ctrl Pts',(8.6454684962403,16.8929323725378,-3.));
#6426=CARTESIAN_POINT('Ctrl Pts',(8.79907419378916,17.1618174855573,-3.));
#6427=CARTESIAN_POINT('Ctrl Pts',(8.86562179774046,17.2783083468676,-3.));
#6428=CARTESIAN_POINT('',(8.63642763346434,16.4051843434572,-2.8));
#6429=CARTESIAN_POINT('',(8.63642763346434,16.4051843434572,-3.));
#6430=CARTESIAN_POINT('Ctrl Pts',(8.63642763346434,16.4051843434572,-2.8));
#6431=CARTESIAN_POINT('Ctrl Pts',(8.63969808920677,16.5816230730453,-2.8));
#6432=CARTESIAN_POINT('Ctrl Pts',(8.6454684962403,16.8929323725378,-2.8));
#6433=CARTESIAN_POINT('Ctrl Pts',(8.79907419378916,17.1618174855573,-2.8));
#6434=CARTESIAN_POINT('Ctrl Pts',(8.86562179774046,17.2783083468676,-2.8));
#6435=CARTESIAN_POINT('Ctrl Pts',(8.86153053492308,15.6016374379396,-3.));
#6436=CARTESIAN_POINT('Ctrl Pts',(8.86153053492308,15.6016374379396,-2.8));
#6437=CARTESIAN_POINT('Ctrl Pts',(8.79611583110522,15.7097128101284,-3.));
#6438=CARTESIAN_POINT('Ctrl Pts',(8.79611583110522,15.7097128101284,-2.8));
#6439=CARTESIAN_POINT('Ctrl Pts',(8.64749712676408,15.9552542686758,-3.));
#6440=CARTESIAN_POINT('Ctrl Pts',(8.64749712676408,15.9552542686758,-2.8));
#6441=CARTESIAN_POINT('Ctrl Pts',(8.64040060982505,16.2436989436581,-3.));
#6442=CARTESIAN_POINT('Ctrl Pts',(8.64040060982505,16.2436989436581,-2.8));
#6443=CARTESIAN_POINT('Ctrl Pts',(8.63642763346434,16.4051843434572,-3.));
#6444=CARTESIAN_POINT('Ctrl Pts',(8.63642763346434,16.4051843434572,-2.8));
#6445=CARTESIAN_POINT('',(8.86153053492308,15.6016374379396,-3.));
#6446=CARTESIAN_POINT('Ctrl Pts',(8.86153053492308,15.6016374379396,-3.));
#6447=CARTESIAN_POINT('Ctrl Pts',(8.79611583110522,15.7097128101284,-3.));
#6448=CARTESIAN_POINT('Ctrl Pts',(8.64749712676408,15.9552542686758,-3.));
#6449=CARTESIAN_POINT('Ctrl Pts',(8.64040060982505,16.2436989436581,-3.));
#6450=CARTESIAN_POINT('Ctrl Pts',(8.63642763346434,16.4051843434572,-3.));
#6451=CARTESIAN_POINT('',(8.86153053492308,15.6016374379396,-2.8));
#6452=CARTESIAN_POINT('',(8.86153053492308,15.6016374379396,-3.));
#6453=CARTESIAN_POINT('Ctrl Pts',(8.86153053492308,15.6016374379396,-2.8));
#6454=CARTESIAN_POINT('Ctrl Pts',(8.79611583110522,15.7097128101284,-2.8));
#6455=CARTESIAN_POINT('Ctrl Pts',(8.64749712676408,15.9552542686758,-2.8));
#6456=CARTESIAN_POINT('Ctrl Pts',(8.64040060982505,16.2436989436581,-2.8));
#6457=CARTESIAN_POINT('Ctrl Pts',(8.63642763346434,16.4051843434572,-2.8));
#6458=CARTESIAN_POINT('Ctrl Pts',(9.40859626978636,15.3383351117373,-3.));
#6459=CARTESIAN_POINT('Ctrl Pts',(9.40859626978636,15.3383351117373,-2.8));
#6460=CARTESIAN_POINT('Ctrl Pts',(9.30455799609616,15.3502016148584,-3.));
#6461=CARTESIAN_POINT('Ctrl Pts',(9.30455799609616,15.3502016148584,-2.8));
#6462=CARTESIAN_POINT('Ctrl Pts',(9.09200676670475,15.3744449989276,-3.));
#6463=CARTESIAN_POINT('Ctrl Pts',(9.09200676670475,15.3744449989276,-2.8));
#6464=CARTESIAN_POINT('Ctrl Pts',(8.93942666376813,15.5248511621268,-3.));
#6465=CARTESIAN_POINT('Ctrl Pts',(8.93942666376813,15.5248511621268,-2.8));
#6466=CARTESIAN_POINT('Ctrl Pts',(8.86153053492308,15.6016374379396,-3.));
#6467=CARTESIAN_POINT('Ctrl Pts',(8.86153053492308,15.6016374379396,-2.8));
#6468=CARTESIAN_POINT('',(9.40859626978636,15.3383351117373,-3.));
#6469=CARTESIAN_POINT('Ctrl Pts',(9.40859626978636,15.3383351117373,-3.));
#6470=CARTESIAN_POINT('Ctrl Pts',(9.30455799609616,15.3502016148584,-3.));
#6471=CARTESIAN_POINT('Ctrl Pts',(9.09200676670475,15.3744449989276,-3.));
#6472=CARTESIAN_POINT('Ctrl Pts',(8.93942666376813,15.5248511621268,-3.));
#6473=CARTESIAN_POINT('Ctrl Pts',(8.86153053492308,15.6016374379396,-3.));
#6474=CARTESIAN_POINT('',(9.40859626978636,15.3383351117373,-2.8));
#6475=CARTESIAN_POINT('',(9.40859626978636,15.3383351117373,-3.));
#6476=CARTESIAN_POINT('Ctrl Pts',(9.40859626978636,15.3383351117373,-2.8));
#6477=CARTESIAN_POINT('Ctrl Pts',(9.30455799609616,15.3502016148584,-2.8));
#6478=CARTESIAN_POINT('Ctrl Pts',(9.09200676670475,15.3744449989276,-2.8));
#6479=CARTESIAN_POINT('Ctrl Pts',(8.93942666376813,15.5248511621268,-2.8));
#6480=CARTESIAN_POINT('Ctrl Pts',(8.86153053492308,15.6016374379396,-2.8));
#6481=CARTESIAN_POINT('Ctrl Pts',(9.96248554438353,15.6139159947634,-3.));
#6482=CARTESIAN_POINT('Ctrl Pts',(9.96248554438353,15.6139159947634,-2.8));
#6483=CARTESIAN_POINT('Ctrl Pts',(9.88279930875393,15.5335689716063,-3.));
#6484=CARTESIAN_POINT('Ctrl Pts',(9.88279930875393,15.5335689716063,-2.8));
#6485=CARTESIAN_POINT('Ctrl Pts',(9.72897893366576,15.3784730614835,-3.));
#6486=CARTESIAN_POINT('Ctrl Pts',(9.72897893366576,15.3784730614835,-2.8));
#6487=CARTESIAN_POINT('Ctrl Pts',(9.51278939415317,15.3513885595709,-3.));
#6488=CARTESIAN_POINT('Ctrl Pts',(9.51278939415317,15.3513885595709,-2.8));
#6489=CARTESIAN_POINT('Ctrl Pts',(9.40859626978636,15.3383351117373,-3.));
#6490=CARTESIAN_POINT('Ctrl Pts',(9.40859626978636,15.3383351117373,-2.8));
#6491=CARTESIAN_POINT('',(9.96248554438353,15.6139159947634,-3.));
#6492=CARTESIAN_POINT('Ctrl Pts',(9.96248554438353,15.6139159947634,-3.));
#6493=CARTESIAN_POINT('Ctrl Pts',(9.88279930875393,15.5335689716063,-3.));
#6494=CARTESIAN_POINT('Ctrl Pts',(9.72897893366576,15.3784730614835,-3.));
#6495=CARTESIAN_POINT('Ctrl Pts',(9.51278939415317,15.3513885595709,-3.));
#6496=CARTESIAN_POINT('Ctrl Pts',(9.40859626978636,15.3383351117373,-3.));
#6497=CARTESIAN_POINT('',(9.96248554438353,15.6139159947634,-2.8));
#6498=CARTESIAN_POINT('',(9.96248554438353,15.6139159947634,-3.));
#6499=CARTESIAN_POINT('Ctrl Pts',(9.96248554438353,15.6139159947634,-2.8));
#6500=CARTESIAN_POINT('Ctrl Pts',(9.88279930875393,15.5335689716063,-2.8));
#6501=CARTESIAN_POINT('Ctrl Pts',(9.72897893366576,15.3784730614835,-2.8));
#6502=CARTESIAN_POINT('Ctrl Pts',(9.51278939415317,15.3513885595709,-2.8));
#6503=CARTESIAN_POINT('Ctrl Pts',(9.40859626978636,15.3383351117373,-2.8));
#6504=CARTESIAN_POINT('Ctrl Pts',(10.1971371099353,16.4461118727922,-3.));
#6505=CARTESIAN_POINT('Ctrl Pts',(10.1971371099353,16.4461118727922,-2.8));
#6506=CARTESIAN_POINT('Ctrl Pts',(10.1927895244049,16.2793658912339,-3.));
#6507=CARTESIAN_POINT('Ctrl Pts',(10.1927895244049,16.2793658912339,-2.8));
#6508=CARTESIAN_POINT('Ctrl Pts',(10.1849981545019,15.9805380445887,-3.));
#6509=CARTESIAN_POINT('Ctrl Pts',(10.1849981545019,15.9805380445887,-2.8));
#6510=CARTESIAN_POINT('Ctrl Pts',(10.0306898102647,15.7262924922162,-3.));
#6511=CARTESIAN_POINT('Ctrl Pts',(10.0306898102647,15.7262924922162,-2.8));
#6512=CARTESIAN_POINT('Ctrl Pts',(9.96248554438353,15.6139159947634,-3.));
#6513=CARTESIAN_POINT('Ctrl Pts',(9.96248554438353,15.6139159947634,-2.8));
#6514=CARTESIAN_POINT('',(10.1971371099353,16.4461118727922,-3.));
#6515=CARTESIAN_POINT('Ctrl Pts',(10.1971371099353,16.4461118727922,-3.));
#6516=CARTESIAN_POINT('Ctrl Pts',(10.1927895244049,16.2793658912339,-3.));
#6517=CARTESIAN_POINT('Ctrl Pts',(10.1849981545019,15.9805380445887,-3.));
#6518=CARTESIAN_POINT('Ctrl Pts',(10.0306898102647,15.7262924922162,-3.));
#6519=CARTESIAN_POINT('Ctrl Pts',(9.96248554438353,15.6139159947634,-3.));
#6520=CARTESIAN_POINT('',(10.1971371099353,16.4461118727922,-2.8));
#6521=CARTESIAN_POINT('',(10.1971371099353,16.4461118727922,-3.));
#6522=CARTESIAN_POINT('Ctrl Pts',(10.1971371099353,16.4461118727922,-2.8));
#6523=CARTESIAN_POINT('Ctrl Pts',(10.1927895244049,16.2793658912339,-2.8));
#6524=CARTESIAN_POINT('Ctrl Pts',(10.1849981545019,15.9805380445887,-2.8));
#6525=CARTESIAN_POINT('Ctrl Pts',(10.0306898102647,15.7262924922162,-2.8));
#6526=CARTESIAN_POINT('Ctrl Pts',(9.96248554438353,15.6139159947634,-2.8));
#6527=CARTESIAN_POINT('Ctrl Pts',(9.97749160975218,17.2892225533724,-3.));
#6528=CARTESIAN_POINT('Ctrl Pts',(9.97749160975218,17.2892225533724,-2.8));
#6529=CARTESIAN_POINT('Ctrl Pts',(10.0412579065385,17.1769236143089,-3.));
#6530=CARTESIAN_POINT('Ctrl Pts',(10.0412579065385,17.1769236143089,-2.8));
#6531=CARTESIAN_POINT('Ctrl Pts',(10.1887990516972,16.9170886402775,-3.));
#6532=CARTESIAN_POINT('Ctrl Pts',(10.1887990516972,16.9170886402775,-2.8));
#6533=CARTESIAN_POINT('Ctrl Pts',(10.1941173465633,16.6166837674576,-3.));
#6534=CARTESIAN_POINT('Ctrl Pts',(10.1941173465633,16.6166837674576,-2.8));
#6535=CARTESIAN_POINT('Ctrl Pts',(10.1971371099353,16.4461118727922,-3.));
#6536=CARTESIAN_POINT('Ctrl Pts',(10.1971371099353,16.4461118727922,-2.8));
#6537=CARTESIAN_POINT('Ctrl Pts',(9.97749160975218,17.2892225533724,-3.));
#6538=CARTESIAN_POINT('Ctrl Pts',(10.0412579065385,17.1769236143089,-3.));
#6539=CARTESIAN_POINT('Ctrl Pts',(10.1887990516972,16.9170886402775,-3.));
#6540=CARTESIAN_POINT('Ctrl Pts',(10.1941173465633,16.6166837674576,-3.));
#6541=CARTESIAN_POINT('Ctrl Pts',(10.1971371099353,16.4461118727922,-3.));
#6542=CARTESIAN_POINT('Ctrl Pts',(9.97749160975218,17.2892225533724,-2.8));
#6543=CARTESIAN_POINT('Ctrl Pts',(10.0412579065385,17.1769236143089,-2.8));
#6544=CARTESIAN_POINT('Ctrl Pts',(10.1887990516972,16.9170886402775,-2.8));
#6545=CARTESIAN_POINT('Ctrl Pts',(10.1941173465633,16.6166837674576,-2.8));
#6546=CARTESIAN_POINT('Ctrl Pts',(10.1971371099353,16.4461118727922,-2.8));
#6547=CARTESIAN_POINT('Origin',(8.18895172327757,18.9999998360872,-3.));
#6548=CARTESIAN_POINT('',(8.18895172327757,18.9999998360872,-3.));
#6549=CARTESIAN_POINT('',(8.18895172327757,15.0000000745058,-3.));
#6550=CARTESIAN_POINT('',(8.18895172327757,16.0234999180436,-3.));
#6551=CARTESIAN_POINT('',(8.18895172327757,18.9999998360872,-2.8));
#6552=CARTESIAN_POINT('',(8.18895172327757,18.9999998360872,-3.));
#6553=CARTESIAN_POINT('',(8.18895172327757,15.0000000745058,-2.8));
#6554=CARTESIAN_POINT('',(8.18895172327757,18.9999998360872,-2.8));
#6555=CARTESIAN_POINT('',(8.18895172327757,15.0000000745058,-3.));
#6556=CARTESIAN_POINT('Origin',(8.67735456675291,18.9999998360872,-3.));
#6557=CARTESIAN_POINT('',(8.67735456675291,18.9999998360872,-3.));
#6558=CARTESIAN_POINT('',(24.5791772833765,18.9999998360872,-3.));
#6559=CARTESIAN_POINT('',(8.67735456675291,18.9999998360872,-2.8));
#6560=CARTESIAN_POINT('',(8.67735456675291,18.9999998360872,-3.));
#6561=CARTESIAN_POINT('',(8.67735456675291,18.9999998360872,-2.8));
#6562=CARTESIAN_POINT('Origin',(8.67735456675291,17.5648022443056,-3.));
#6563=CARTESIAN_POINT('',(8.67735456675291,17.5648022443056,-3.));
#6564=CARTESIAN_POINT('',(8.67735456675291,15.3059011221528,-3.));
#6565=CARTESIAN_POINT('',(8.67735456675291,17.5648022443056,-2.8));
#6566=CARTESIAN_POINT('',(8.67735456675291,17.5648022443056,-3.));
#6567=CARTESIAN_POINT('',(8.67735456675291,17.5648022443056,-2.8));
#6568=CARTESIAN_POINT('Ctrl Pts',(9.01023458689451,17.8526604920626,-3.));
#6569=CARTESIAN_POINT('Ctrl Pts',(9.01023458689451,17.8526604920626,-2.8));
#6570=CARTESIAN_POINT('Ctrl Pts',(8.94555420518725,17.8135200790122,-3.));
#6571=CARTESIAN_POINT('Ctrl Pts',(8.94555420518725,17.8135200790122,-2.8));
#6572=CARTESIAN_POINT('Ctrl Pts',(8.81820183832418,17.7364546055195,-3.));
#6573=CARTESIAN_POINT('Ctrl Pts',(8.81820183832418,17.7364546055195,-2.8));
#6574=CARTESIAN_POINT('Ctrl Pts',(8.7238074451307,17.6214149579903,-3.));
#6575=CARTESIAN_POINT('Ctrl Pts',(8.7238074451307,17.6214149579903,-2.8));
#6576=CARTESIAN_POINT('Ctrl Pts',(8.67735456675291,17.5648022443056,-3.));
#6577=CARTESIAN_POINT('Ctrl Pts',(8.67735456675291,17.5648022443056,-2.8));
#6578=CARTESIAN_POINT('',(9.01023458689451,17.8526604920626,-3.));
#6579=CARTESIAN_POINT('Ctrl Pts',(9.01023458689451,17.8526604920626,-3.));
#6580=CARTESIAN_POINT('Ctrl Pts',(8.94555420518725,17.8135200790122,-3.));
#6581=CARTESIAN_POINT('Ctrl Pts',(8.81820183832418,17.7364546055195,-3.));
#6582=CARTESIAN_POINT('Ctrl Pts',(8.7238074451307,17.6214149579903,-3.));
#6583=CARTESIAN_POINT('Ctrl Pts',(8.67735456675291,17.5648022443056,-3.));
#6584=CARTESIAN_POINT('',(9.01023458689451,17.8526604920626,-2.8));
#6585=CARTESIAN_POINT('',(9.01023458689451,17.8526604920626,-3.));
#6586=CARTESIAN_POINT('Ctrl Pts',(9.01023458689451,17.8526604920626,-2.8));
#6587=CARTESIAN_POINT('Ctrl Pts',(8.94555420518725,17.8135200790122,-2.8));
#6588=CARTESIAN_POINT('Ctrl Pts',(8.81820183832418,17.7364546055195,-2.8));
#6589=CARTESIAN_POINT('Ctrl Pts',(8.7238074451307,17.6214149579903,-2.8));
#6590=CARTESIAN_POINT('Ctrl Pts',(8.67735456675291,17.5648022443056,-2.8));
#6591=CARTESIAN_POINT('Ctrl Pts',(9.47681020945311,17.9631651192904,-3.));
#6592=CARTESIAN_POINT('Ctrl Pts',(9.47681020945311,17.9631651192904,-2.8));
#6593=CARTESIAN_POINT('Ctrl Pts',(9.39301867615759,17.9591609066183,-3.));
#6594=CARTESIAN_POINT('Ctrl Pts',(9.39301867615759,17.9591609066183,-2.8));
#6595=CARTESIAN_POINT('Ctrl Pts',(9.2304885794296,17.9513939515655,-3.));
#6596=CARTESIAN_POINT('Ctrl Pts',(9.2304885794296,17.9513939515655,-2.8));
#6597=CARTESIAN_POINT('Ctrl Pts',(9.082114966845,17.884882375994,-3.));
#6598=CARTESIAN_POINT('Ctrl Pts',(9.082114966845,17.884882375994,-2.8));
#6599=CARTESIAN_POINT('Ctrl Pts',(9.01023458689451,17.8526604920626,-3.));
#6600=CARTESIAN_POINT('Ctrl Pts',(9.01023458689451,17.8526604920626,-2.8));
#6601=CARTESIAN_POINT('',(9.47681020945311,17.9631651192904,-3.));
#6602=CARTESIAN_POINT('Ctrl Pts',(9.47681020945311,17.9631651192904,-3.));
#6603=CARTESIAN_POINT('Ctrl Pts',(9.39301867615759,17.9591609066183,-3.));
#6604=CARTESIAN_POINT('Ctrl Pts',(9.2304885794296,17.9513939515655,-3.));
#6605=CARTESIAN_POINT('Ctrl Pts',(9.082114966845,17.884882375994,-3.));
#6606=CARTESIAN_POINT('Ctrl Pts',(9.01023458689451,17.8526604920626,-3.));
#6607=CARTESIAN_POINT('',(9.47681020945311,17.9631651192904,-2.8));
#6608=CARTESIAN_POINT('',(9.47681020945311,17.9631651192904,-3.));
#6609=CARTESIAN_POINT('Ctrl Pts',(9.47681020945311,17.9631651192904,-2.8));
#6610=CARTESIAN_POINT('Ctrl Pts',(9.39301867615759,17.9591609066183,-2.8));
#6611=CARTESIAN_POINT('Ctrl Pts',(9.2304885794296,17.9513939515655,-2.8));
#6612=CARTESIAN_POINT('Ctrl Pts',(9.082114966845,17.884882375994,-2.8));
#6613=CARTESIAN_POINT('Ctrl Pts',(9.01023458689451,17.8526604920626,-2.8));
#6614=CARTESIAN_POINT('Ctrl Pts',(10.1234681531787,17.7748978883028,-3.));
#6615=CARTESIAN_POINT('Ctrl Pts',(10.1234681531787,17.7748978883028,-2.8));
#6616=CARTESIAN_POINT('Ctrl Pts',(10.0236709592199,17.8298078074274,-3.));
#6617=CARTESIAN_POINT('Ctrl Pts',(10.0236709592199,17.8298078074274,-2.8));
#6618=CARTESIAN_POINT('Ctrl Pts',(9.82219435385523,17.9406632700634,-3.));
#6619=CARTESIAN_POINT('Ctrl Pts',(9.82219435385523,17.9406632700634,-2.8));
#6620=CARTESIAN_POINT('Ctrl Pts',(9.59265305791716,17.9556179334904,-3.));
#6621=CARTESIAN_POINT('Ctrl Pts',(9.59265305791716,17.9556179334904,-2.8));
#6622=CARTESIAN_POINT('Ctrl Pts',(9.47681020945311,17.9631651192904,-3.));
#6623=CARTESIAN_POINT('Ctrl Pts',(9.47681020945311,17.9631651192904,-2.8));
#6624=CARTESIAN_POINT('',(10.1234681531787,17.7748978883028,-3.));
#6625=CARTESIAN_POINT('Ctrl Pts',(10.1234681531787,17.7748978883028,-3.));
#6626=CARTESIAN_POINT('Ctrl Pts',(10.0236709592199,17.8298078074274,-3.));
#6627=CARTESIAN_POINT('Ctrl Pts',(9.82219435385523,17.9406632700634,-3.));
#6628=CARTESIAN_POINT('Ctrl Pts',(9.59265305791716,17.9556179334904,-3.));
#6629=CARTESIAN_POINT('Ctrl Pts',(9.47681020945311,17.9631651192904,-3.));
#6630=CARTESIAN_POINT('',(10.1234681531787,17.7748978883028,-2.8));
#6631=CARTESIAN_POINT('',(10.1234681531787,17.7748978883028,-3.));
#6632=CARTESIAN_POINT('Ctrl Pts',(10.1234681531787,17.7748978883028,-2.8));
#6633=CARTESIAN_POINT('Ctrl Pts',(10.0236709592199,17.8298078074274,-2.8));
#6634=CARTESIAN_POINT('Ctrl Pts',(9.82219435385523,17.9406632700634,-2.8));
#6635=CARTESIAN_POINT('Ctrl Pts',(9.59265305791716,17.9556179334904,-2.8));
#6636=CARTESIAN_POINT('Ctrl Pts',(9.47681020945311,17.9631651192904,-2.8));
#6637=CARTESIAN_POINT('Ctrl Pts',(10.5573017522693,17.2332877665758,-3.));
#6638=CARTESIAN_POINT('Ctrl Pts',(10.5573017522693,17.2332877665758,-2.8));
#6639=CARTESIAN_POINT('Ctrl Pts',(10.504438037311,17.3432845609071,-3.));
#6640=CARTESIAN_POINT('Ctrl Pts',(10.504438037311,17.3432845609071,-2.8));
#6641=CARTESIAN_POINT('Ctrl Pts',(10.4014941686914,17.5574862217844,-3.));
#6642=CARTESIAN_POINT('Ctrl Pts',(10.4014941686914,17.5574862217844,-2.8));
#6643=CARTESIAN_POINT('Ctrl Pts',(10.2144576943708,17.7037455979323,-3.));
#6644=CARTESIAN_POINT('Ctrl Pts',(10.2144576943708,17.7037455979323,-2.8));
#6645=CARTESIAN_POINT('Ctrl Pts',(10.1234681531787,17.7748978883028,-3.));
#6646=CARTESIAN_POINT('Ctrl Pts',(10.1234681531787,17.7748978883028,-2.8));
#6647=CARTESIAN_POINT('',(10.5573017522693,17.2332877665758,-3.));
#6648=CARTESIAN_POINT('Ctrl Pts',(10.5573017522693,17.2332877665758,-3.));
#6649=CARTESIAN_POINT('Ctrl Pts',(10.504438037311,17.3432845609071,-3.));
#6650=CARTESIAN_POINT('Ctrl Pts',(10.4014941686914,17.5574862217844,-3.));
#6651=CARTESIAN_POINT('Ctrl Pts',(10.2144576943708,17.7037455979323,-3.));
#6652=CARTESIAN_POINT('Ctrl Pts',(10.1234681531787,17.7748978883028,-3.));
#6653=CARTESIAN_POINT('',(10.5573017522693,17.2332877665758,-2.8));
#6654=CARTESIAN_POINT('',(10.5573017522693,17.2332877665758,-3.));
#6655=CARTESIAN_POINT('Ctrl Pts',(10.5573017522693,17.2332877665758,-2.8));
#6656=CARTESIAN_POINT('Ctrl Pts',(10.504438037311,17.3432845609071,-2.8));
#6657=CARTESIAN_POINT('Ctrl Pts',(10.4014941686914,17.5574862217844,-2.8));
#6658=CARTESIAN_POINT('Ctrl Pts',(10.2144576943708,17.7037455979323,-2.8));
#6659=CARTESIAN_POINT('Ctrl Pts',(10.1234681531787,17.7748978883028,-2.8));
#6660=CARTESIAN_POINT('Ctrl Pts',(10.7019121572375,16.4461118727922,-3.));
#6661=CARTESIAN_POINT('Ctrl Pts',(10.7019121572375,16.4461118727922,-2.8));
#6662=CARTESIAN_POINT('Ctrl Pts',(10.6967173640271,16.5852977722834,-3.));
#6663=CARTESIAN_POINT('Ctrl Pts',(10.6967173640271,16.5852977722834,-2.8));
#6664=CARTESIAN_POINT('Ctrl Pts',(10.6866579164378,16.854824046843,-3.));
#6665=CARTESIAN_POINT('Ctrl Pts',(10.6866579164378,16.854824046843,-2.8));
#6666=CARTESIAN_POINT('Ctrl Pts',(10.5994666364146,17.1099238820767,-3.));
#6667=CARTESIAN_POINT('Ctrl Pts',(10.5994666364146,17.1099238820767,-2.8));
#6668=CARTESIAN_POINT('Ctrl Pts',(10.5573017522693,17.2332877665758,-3.));
#6669=CARTESIAN_POINT('Ctrl Pts',(10.5573017522693,17.2332877665758,-2.8));
#6670=CARTESIAN_POINT('',(10.7019121572375,16.4461118727922,-3.));
#6671=CARTESIAN_POINT('Ctrl Pts',(10.7019121572375,16.4461118727922,-3.));
#6672=CARTESIAN_POINT('Ctrl Pts',(10.6967173640271,16.5852977722834,-3.));
#6673=CARTESIAN_POINT('Ctrl Pts',(10.6866579164378,16.854824046843,-3.));
#6674=CARTESIAN_POINT('Ctrl Pts',(10.5994666364146,17.1099238820767,-3.));
#6675=CARTESIAN_POINT('Ctrl Pts',(10.5573017522693,17.2332877665758,-3.));
#6676=CARTESIAN_POINT('',(10.7019121572375,16.4461118727922,-2.8));
#6677=CARTESIAN_POINT('',(10.7019121572375,16.4461118727922,-3.));
#6678=CARTESIAN_POINT('Ctrl Pts',(10.7019121572375,16.4461118727922,-2.8));
#6679=CARTESIAN_POINT('Ctrl Pts',(10.6967173640271,16.5852977722834,-2.8));
#6680=CARTESIAN_POINT('Ctrl Pts',(10.6866579164378,16.854824046843,-2.8));
#6681=CARTESIAN_POINT('Ctrl Pts',(10.5994666364146,17.1099238820767,-2.8));
#6682=CARTESIAN_POINT('Ctrl Pts',(10.5573017522693,17.2332877665758,-2.8));
#6683=CARTESIAN_POINT('Ctrl Pts',(10.5422933027148,15.6589353829622,-3.));
#6684=CARTESIAN_POINT('Ctrl Pts',(10.5422933027148,15.6589353829622,-2.8));
#6685=CARTESIAN_POINT('Ctrl Pts',(10.5888263993896,15.7802287906451,-3.));
#6686=CARTESIAN_POINT('Ctrl Pts',(10.5888263993896,15.7802287906451,-2.8));
#6687=CARTESIAN_POINT('Ctrl Pts',(10.6859895368347,16.0334947214348,-3.));
#6688=CARTESIAN_POINT('Ctrl Pts',(10.6859895368347,16.0334947214348,-2.8));
#6689=CARTESIAN_POINT('Ctrl Pts',(10.696457487882,16.3047601307971,-3.));
#6690=CARTESIAN_POINT('Ctrl Pts',(10.696457487882,16.3047601307971,-2.8));
#6691=CARTESIAN_POINT('Ctrl Pts',(10.7019121572375,16.4461118727922,-3.));
#6692=CARTESIAN_POINT('Ctrl Pts',(10.7019121572375,16.4461118727922,-2.8));
#6693=CARTESIAN_POINT('',(10.5422933027148,15.6589353829622,-3.));
#6694=CARTESIAN_POINT('Ctrl Pts',(10.5422933027148,15.6589353829622,-3.));
#6695=CARTESIAN_POINT('Ctrl Pts',(10.5888263993896,15.7802287906451,-3.));
#6696=CARTESIAN_POINT('Ctrl Pts',(10.6859895368347,16.0334947214348,-3.));
#6697=CARTESIAN_POINT('Ctrl Pts',(10.696457487882,16.3047601307971,-3.));
#6698=CARTESIAN_POINT('Ctrl Pts',(10.7019121572375,16.4461118727922,-3.));
#6699=CARTESIAN_POINT('',(10.5422933027148,15.6589353829622,-2.8));
#6700=CARTESIAN_POINT('',(10.5422933027148,15.6589353829622,-3.));
#6701=CARTESIAN_POINT('Ctrl Pts',(10.5422933027148,15.6589353829622,-2.8));
#6702=CARTESIAN_POINT('Ctrl Pts',(10.5888263993896,15.7802287906451,-2.8));
#6703=CARTESIAN_POINT('Ctrl Pts',(10.6859895368347,16.0334947214348,-2.8));
#6704=CARTESIAN_POINT('Ctrl Pts',(10.696457487882,16.3047601307971,-2.8));
#6705=CARTESIAN_POINT('Ctrl Pts',(10.7019121572375,16.4461118727922,-2.8));
#6706=CARTESIAN_POINT('Ctrl Pts',(10.0920898839831,15.1255119591951,-3.));
#6707=CARTESIAN_POINT('Ctrl Pts',(10.0920898839831,15.1255119591951,-2.8));
#6708=CARTESIAN_POINT('Ctrl Pts',(10.1840479103868,15.1966914615288,-3.));
#6709=CARTESIAN_POINT('Ctrl Pts',(10.1840479103868,15.1966914615288,-2.8));
#6710=CARTESIAN_POINT('Ctrl Pts',(10.3720914723717,15.3422453373848,-3.));
#6711=CARTESIAN_POINT('Ctrl Pts',(10.3720914723717,15.3422453373848,-2.8));
#6712=CARTESIAN_POINT('Ctrl Pts',(10.4847351921042,15.5518385283873,-3.));
#6713=CARTESIAN_POINT('Ctrl Pts',(10.4847351921042,15.5518385283873,-2.8));
#6714=CARTESIAN_POINT('Ctrl Pts',(10.5422933027148,15.6589353829622,-3.));
#6715=CARTESIAN_POINT('Ctrl Pts',(10.5422933027148,15.6589353829622,-2.8));
#6716=CARTESIAN_POINT('',(10.0920898839831,15.1255119591951,-3.));
#6717=CARTESIAN_POINT('Ctrl Pts',(10.0920898839831,15.1255119591951,-3.));
#6718=CARTESIAN_POINT('Ctrl Pts',(10.1840479103868,15.1966914615288,-3.));
#6719=CARTESIAN_POINT('Ctrl Pts',(10.3720914723717,15.3422453373848,-3.));
#6720=CARTESIAN_POINT('Ctrl Pts',(10.4847351921042,15.5518385283873,-3.));
#6721=CARTESIAN_POINT('Ctrl Pts',(10.5422933027148,15.6589353829622,-3.));
#6722=CARTESIAN_POINT('',(10.0920898839831,15.1255119591951,-2.8));
#6723=CARTESIAN_POINT('',(10.0920898839831,15.1255119591951,-3.));
#6724=CARTESIAN_POINT('Ctrl Pts',(10.0920898839831,15.1255119591951,-2.8));
#6725=CARTESIAN_POINT('Ctrl Pts',(10.1840479103868,15.1966914615288,-2.8));
#6726=CARTESIAN_POINT('Ctrl Pts',(10.3720914723717,15.3422453373848,-2.8));
#6727=CARTESIAN_POINT('Ctrl Pts',(10.4847351921042,15.5518385283873,-2.8));
#6728=CARTESIAN_POINT('Ctrl Pts',(10.5422933027148,15.6589353829622,-2.8));
#6729=CARTESIAN_POINT('Ctrl Pts',(9.45498060435057,14.9345160275698,-3.));
#6730=CARTESIAN_POINT('Ctrl Pts',(9.45498060435057,14.9345160275698,-2.8));
#6731=CARTESIAN_POINT('Ctrl Pts',(9.56820263101738,14.9425038855076,-3.));
#6732=CARTESIAN_POINT('Ctrl Pts',(9.56820263101738,14.9425038855076,-2.8));
#6733=CARTESIAN_POINT('Ctrl Pts',(9.79485734536433,14.9584944635997,-3.));
#6734=CARTESIAN_POINT('Ctrl Pts',(9.79485734536433,14.9584944635997,-2.8));
#6735=CARTESIAN_POINT('Ctrl Pts',(9.99295099933008,15.0698049753372,-3.));
#6736=CARTESIAN_POINT('Ctrl Pts',(9.99295099933008,15.0698049753372,-2.8));
#6737=CARTESIAN_POINT('Ctrl Pts',(10.0920898839831,15.1255119591951,-3.));
#6738=CARTESIAN_POINT('Ctrl Pts',(10.0920898839831,15.1255119591951,-2.8));
#6739=CARTESIAN_POINT('',(9.45498060435057,14.9345160275698,-3.));
#6740=CARTESIAN_POINT('Ctrl Pts',(9.45498060435057,14.9345160275698,-3.));
#6741=CARTESIAN_POINT('Ctrl Pts',(9.56820263101738,14.9425038855076,-3.));
#6742=CARTESIAN_POINT('Ctrl Pts',(9.79485734536433,14.9584944635997,-3.));
#6743=CARTESIAN_POINT('Ctrl Pts',(9.99295099933008,15.0698049753372,-3.));
#6744=CARTESIAN_POINT('Ctrl Pts',(10.0920898839831,15.1255119591951,-3.));
#6745=CARTESIAN_POINT('',(9.45498060435057,14.9345160275698,-2.8));
#6746=CARTESIAN_POINT('',(9.45498060435057,14.9345160275698,-3.));
#6747=CARTESIAN_POINT('Ctrl Pts',(9.45498060435057,14.9345160275698,-2.8));
#6748=CARTESIAN_POINT('Ctrl Pts',(9.56820263101738,14.9425038855076,-2.8));
#6749=CARTESIAN_POINT('Ctrl Pts',(9.79485734536433,14.9584944635997,-2.8));
#6750=CARTESIAN_POINT('Ctrl Pts',(9.99295099933008,15.0698049753372,-2.8));
#6751=CARTESIAN_POINT('Ctrl Pts',(10.0920898839831,15.1255119591951,-2.8));
#6752=CARTESIAN_POINT('Ctrl Pts',(8.64461254328489,15.3656209260225,-3.));
#6753=CARTESIAN_POINT('Ctrl Pts',(8.64461254328489,15.3656209260225,-2.8));
#6754=CARTESIAN_POINT('Ctrl Pts',(8.74843658312374,15.2398881772548,-3.));
#6755=CARTESIAN_POINT('Ctrl Pts',(8.74843658312374,15.2398881772548,-2.8));
#6756=CARTESIAN_POINT('Ctrl Pts',(8.95889637813322,14.9850176427167,-3.));
#6757=CARTESIAN_POINT('Ctrl Pts',(8.95889637813322,14.9850176427167,-2.8));
#6758=CARTESIAN_POINT('Ctrl Pts',(9.28815292083095,14.9514991667702,-3.));
#6759=CARTESIAN_POINT('Ctrl Pts',(9.28815292083095,14.9514991667702,-2.8));
#6760=CARTESIAN_POINT('Ctrl Pts',(9.45498060435057,14.9345160275698,-3.));
#6761=CARTESIAN_POINT('Ctrl Pts',(9.45498060435057,14.9345160275698,-2.8));
#6762=CARTESIAN_POINT('',(8.64461254328489,15.3656209260225,-3.));
#6763=CARTESIAN_POINT('Ctrl Pts',(8.64461254328489,15.3656209260225,-3.));
#6764=CARTESIAN_POINT('Ctrl Pts',(8.74843658312374,15.2398881772548,-3.));
#6765=CARTESIAN_POINT('Ctrl Pts',(8.95889637813322,14.9850176427167,-3.));
#6766=CARTESIAN_POINT('Ctrl Pts',(9.28815292083095,14.9514991667702,-3.));
#6767=CARTESIAN_POINT('Ctrl Pts',(9.45498060435057,14.9345160275698,-3.));
#6768=CARTESIAN_POINT('',(8.64461254328489,15.3656209260225,-2.8));
#6769=CARTESIAN_POINT('',(8.64461254328489,15.3656209260225,-3.));
#6770=CARTESIAN_POINT('Ctrl Pts',(8.64461254328489,15.3656209260225,-2.8));
#6771=CARTESIAN_POINT('Ctrl Pts',(8.74843658312374,15.2398881772548,-2.8));
#6772=CARTESIAN_POINT('Ctrl Pts',(8.95889637813322,14.9850176427167,-2.8));
#6773=CARTESIAN_POINT('Ctrl Pts',(9.28815292083095,14.9514991667702,-2.8));
#6774=CARTESIAN_POINT('Ctrl Pts',(9.45498060435057,14.9345160275698,-2.8));
#6775=CARTESIAN_POINT('Origin',(8.64461254328489,15.0000000745058,-3.));
#6776=CARTESIAN_POINT('',(8.64461254328489,15.0000000745058,-3.));
#6777=CARTESIAN_POINT('',(8.64461254328489,14.0235000372529,-3.));
#6778=CARTESIAN_POINT('',(8.64461254328489,15.0000000745058,-2.8));
#6779=CARTESIAN_POINT('',(8.64461254328489,15.0000000745058,-3.));
#6780=CARTESIAN_POINT('',(8.64461254328489,15.0000000745058,-2.8));
#6781=CARTESIAN_POINT('Origin',(8.18895172327757,15.0000000745058,-3.));
#6782=CARTESIAN_POINT('',(24.3349758616388,15.0000000745058,-3.));
#6783=CARTESIAN_POINT('',(8.18895172327757,15.0000000745058,-2.8));
#6784=CARTESIAN_POINT('Origin',(19.5000015385449,17.0013643056154,-2.8));
#6785=CARTESIAN_POINT('Origin',(21.2339706346393,17.8976810723543,-3.));
#6786=CARTESIAN_POINT('',(21.2339706346393,17.8976810723543,-3.));
#6787=CARTESIAN_POINT('',(21.2339706346393,15.0000000745058,-3.));
#6788=CARTESIAN_POINT('',(21.2339706346393,15.4723405361772,-3.));
#6789=CARTESIAN_POINT('',(21.2339706346393,17.8976810723543,-2.8));
#6790=CARTESIAN_POINT('',(21.2339706346393,17.8976810723543,-3.));
#6791=CARTESIAN_POINT('',(21.2339706346393,15.0000000745058,-2.8));
#6792=CARTESIAN_POINT('',(21.2339706346393,17.8976810723543,-2.8));
#6793=CARTESIAN_POINT('',(21.2339706346393,15.0000000745058,-3.));
#6794=CARTESIAN_POINT('Origin',(21.7251033708453,17.8976810723543,-3.));
#6795=CARTESIAN_POINT('',(21.7251033708453,17.8976810723543,-3.));
#6796=CARTESIAN_POINT('',(31.1030516854227,17.8976810723543,-3.));
#6797=CARTESIAN_POINT('',(21.7251033708453,17.8976810723543,-2.8));
#6798=CARTESIAN_POINT('',(21.7251033708453,17.8976810723543,-3.));
#6799=CARTESIAN_POINT('',(21.7251033708453,17.8976810723543,-2.8));
#6800=CARTESIAN_POINT('Origin',(21.7251033708453,16.3451571017504,-3.));
#6801=CARTESIAN_POINT('',(21.7251033708453,16.3451571017504,-3.));
#6802=CARTESIAN_POINT('',(21.7251033708453,14.6960785508752,-3.));
#6803=CARTESIAN_POINT('',(21.7251033708453,16.3451571017504,-2.8));
#6804=CARTESIAN_POINT('',(21.7251033708453,16.3451571017504,-3.));
#6805=CARTESIAN_POINT('',(21.7251033708453,16.3451571017504,-2.8));
#6806=CARTESIAN_POINT('Ctrl Pts',(21.8055940791965,15.7789910584688,-3.));
#6807=CARTESIAN_POINT('Ctrl Pts',(21.8055940791965,15.7789910584688,-2.8));
#6808=CARTESIAN_POINT('Ctrl Pts',(21.7822347909833,15.8581827570241,-3.));
#6809=CARTESIAN_POINT('Ctrl Pts',(21.7822347909833,15.8581827570241,-2.8));
#6810=CARTESIAN_POINT('Ctrl Pts',(21.7278328544144,16.042613965812,-3.));
#6811=CARTESIAN_POINT('Ctrl Pts',(21.7278328544144,16.042613965812,-2.8));
#6812=CARTESIAN_POINT('Ctrl Pts',(21.7260950123719,16.2352409474423,-3.));
#6813=CARTESIAN_POINT('Ctrl Pts',(21.7260950123719,16.2352409474423,-2.8));
#6814=CARTESIAN_POINT('Ctrl Pts',(21.7251033708453,16.3451571017504,-3.));
#6815=CARTESIAN_POINT('Ctrl Pts',(21.7251033708453,16.3451571017504,-2.8));
#6816=CARTESIAN_POINT('',(21.8055940791965,15.7789910584688,-3.));
#6817=CARTESIAN_POINT('Ctrl Pts',(21.8055940791965,15.7789910584688,-3.));
#6818=CARTESIAN_POINT('Ctrl Pts',(21.7822347909833,15.8581827570241,-3.));
#6819=CARTESIAN_POINT('Ctrl Pts',(21.7278328544144,16.042613965812,-3.));
#6820=CARTESIAN_POINT('Ctrl Pts',(21.7260950123719,16.2352409474423,-3.));
#6821=CARTESIAN_POINT('Ctrl Pts',(21.7251033708453,16.3451571017504,-3.));
#6822=CARTESIAN_POINT('',(21.8055940791965,15.7789910584688,-2.8));
#6823=CARTESIAN_POINT('',(21.8055940791965,15.7789910584688,-3.));
#6824=CARTESIAN_POINT('Ctrl Pts',(21.8055940791965,15.7789910584688,-2.8));
#6825=CARTESIAN_POINT('Ctrl Pts',(21.7822347909833,15.8581827570241,-2.8));
#6826=CARTESIAN_POINT('Ctrl Pts',(21.7278328544144,16.042613965812,-2.8));
#6827=CARTESIAN_POINT('Ctrl Pts',(21.7260950123719,16.2352409474423,-2.8));
#6828=CARTESIAN_POINT('Ctrl Pts',(21.7251033708453,16.3451571017504,-2.8));
#6829=CARTESIAN_POINT('Ctrl Pts',(22.0798094198108,15.4706681519747,-3.));
#6830=CARTESIAN_POINT('Ctrl Pts',(22.0798094198108,15.4706681519747,-2.8));
#6831=CARTESIAN_POINT('Ctrl Pts',(22.0201858223614,15.511267585518,-3.));
#6832=CARTESIAN_POINT('Ctrl Pts',(22.0201858223614,15.511267585518,-2.8));
#6833=CARTESIAN_POINT('Ctrl Pts',(21.9028855703668,15.5911407228192,-3.));
#6834=CARTESIAN_POINT('Ctrl Pts',(21.9028855703668,15.5911407228192,-2.8));
#6835=CARTESIAN_POINT('Ctrl Pts',(21.837663726771,15.7170710078191,-3.));
#6836=CARTESIAN_POINT('Ctrl Pts',(21.837663726771,15.7170710078191,-2.8));
#6837=CARTESIAN_POINT('Ctrl Pts',(21.8055940791965,15.7789910584688,-3.));
#6838=CARTESIAN_POINT('Ctrl Pts',(21.8055940791965,15.7789910584688,-2.8));
#6839=CARTESIAN_POINT('',(22.0798094198108,15.4706681519747,-3.));
#6840=CARTESIAN_POINT('Ctrl Pts',(22.0798094198108,15.4706681519747,-3.));
#6841=CARTESIAN_POINT('Ctrl Pts',(22.0201858223614,15.511267585518,-3.));
#6842=CARTESIAN_POINT('Ctrl Pts',(21.9028855703668,15.5911407228192,-3.));
#6843=CARTESIAN_POINT('Ctrl Pts',(21.837663726771,15.7170710078191,-3.));
#6844=CARTESIAN_POINT('Ctrl Pts',(21.8055940791965,15.7789910584688,-3.));
#6845=CARTESIAN_POINT('',(22.0798094198108,15.4706681519747,-2.8));
#6846=CARTESIAN_POINT('',(22.0798094198108,15.4706681519747,-3.));
#6847=CARTESIAN_POINT('Ctrl Pts',(22.0798094198108,15.4706681519747,-2.8));
#6848=CARTESIAN_POINT('Ctrl Pts',(22.0201858223614,15.511267585518,-2.8));
#6849=CARTESIAN_POINT('Ctrl Pts',(21.9028855703668,15.5911407228192,-2.8));
#6850=CARTESIAN_POINT('Ctrl Pts',(21.837663726771,15.7170710078191,-2.8));
#6851=CARTESIAN_POINT('Ctrl Pts',(21.8055940791965,15.7789910584688,-2.8));
#6852=CARTESIAN_POINT('Ctrl Pts',(22.494543902576,15.3574348241091,-3.));
#6853=CARTESIAN_POINT('Ctrl Pts',(22.494543902576,15.3574348241091,-2.8));
#6854=CARTESIAN_POINT('Ctrl Pts',(22.4218827145652,15.3622280441949,-3.));
#6855=CARTESIAN_POINT('Ctrl Pts',(22.4218827145652,15.3622280441949,-2.8));
#6856=CARTESIAN_POINT('Ctrl Pts',(22.2759768843453,15.371852972925,-3.));
#6857=CARTESIAN_POINT('Ctrl Pts',(22.2759768843453,15.371852972925,-2.8));
#6858=CARTESIAN_POINT('Ctrl Pts',(22.1453726631551,15.4376420655871,-3.));
#6859=CARTESIAN_POINT('Ctrl Pts',(22.1453726631551,15.4376420655871,-2.8));
#6860=CARTESIAN_POINT('Ctrl Pts',(22.0798094198108,15.4706681519747,-3.));
#6861=CARTESIAN_POINT('Ctrl Pts',(22.0798094198108,15.4706681519747,-2.8));
#6862=CARTESIAN_POINT('',(22.494543902576,15.3574348241091,-3.));
#6863=CARTESIAN_POINT('Ctrl Pts',(22.494543902576,15.3574348241091,-3.));
#6864=CARTESIAN_POINT('Ctrl Pts',(22.4218827145652,15.3622280441949,-3.));
#6865=CARTESIAN_POINT('Ctrl Pts',(22.2759768843453,15.371852972925,-3.));
#6866=CARTESIAN_POINT('Ctrl Pts',(22.1453726631551,15.4376420655871,-3.));
#6867=CARTESIAN_POINT('Ctrl Pts',(22.0798094198108,15.4706681519747,-3.));
#6868=CARTESIAN_POINT('',(22.494543902576,15.3574348241091,-2.8));
#6869=CARTESIAN_POINT('',(22.494543902576,15.3574348241091,-3.));
#6870=CARTESIAN_POINT('Ctrl Pts',(22.494543902576,15.3574348241091,-2.8));
#6871=CARTESIAN_POINT('Ctrl Pts',(22.4218827145652,15.3622280441949,-2.8));
#6872=CARTESIAN_POINT('Ctrl Pts',(22.2759768843453,15.371852972925,-2.8));
#6873=CARTESIAN_POINT('Ctrl Pts',(22.1453726631551,15.4376420655871,-2.8));
#6874=CARTESIAN_POINT('Ctrl Pts',(22.0798094198108,15.4706681519747,-2.8));
#6875=CARTESIAN_POINT('Ctrl Pts',(22.8656215593219,15.4679406434298,-3.));
#6876=CARTESIAN_POINT('Ctrl Pts',(22.8656215593219,15.4679406434298,-2.8));
#6877=CARTESIAN_POINT('Ctrl Pts',(22.811090082331,15.4357284357744,-3.));
#6878=CARTESIAN_POINT('Ctrl Pts',(22.811090082331,15.4357284357744,-2.8));
#6879=CARTESIAN_POINT('Ctrl Pts',(22.6967860923346,15.3682080958756,-3.));
#6880=CARTESIAN_POINT('Ctrl Pts',(22.6967860923346,15.3682080958756,-2.8));
#6881=CARTESIAN_POINT('Ctrl Pts',(22.5639876454657,15.3611340340293,-3.));
#6882=CARTESIAN_POINT('Ctrl Pts',(22.5639876454657,15.3611340340293,-2.8));
#6883=CARTESIAN_POINT('Ctrl Pts',(22.494543902576,15.3574348241091,-3.));
#6884=CARTESIAN_POINT('Ctrl Pts',(22.494543902576,15.3574348241091,-2.8));
#6885=CARTESIAN_POINT('',(22.8656215593219,15.4679406434298,-3.));
#6886=CARTESIAN_POINT('Ctrl Pts',(22.8656215593219,15.4679406434298,-3.));
#6887=CARTESIAN_POINT('Ctrl Pts',(22.811090082331,15.4357284357744,-3.));
#6888=CARTESIAN_POINT('Ctrl Pts',(22.6967860923346,15.3682080958756,-3.));
#6889=CARTESIAN_POINT('Ctrl Pts',(22.5639876454657,15.3611340340293,-3.));
#6890=CARTESIAN_POINT('Ctrl Pts',(22.494543902576,15.3574348241091,-3.));
#6891=CARTESIAN_POINT('',(22.8656215593219,15.4679406434298,-2.8));
#6892=CARTESIAN_POINT('',(22.8656215593219,15.4679406434298,-3.));
#6893=CARTESIAN_POINT('Ctrl Pts',(22.8656215593219,15.4679406434298,-2.8));
#6894=CARTESIAN_POINT('Ctrl Pts',(22.811090082331,15.4357284357744,-2.8));
#6895=CARTESIAN_POINT('Ctrl Pts',(22.6967860923346,15.3682080958756,-2.8));
#6896=CARTESIAN_POINT('Ctrl Pts',(22.5639876454657,15.3611340340293,-2.8));
#6897=CARTESIAN_POINT('Ctrl Pts',(22.494543902576,15.3574348241091,-2.8));
#6898=CARTESIAN_POINT('Ctrl Pts',(23.0620742961764,15.7721699029207,-3.));
#6899=CARTESIAN_POINT('Ctrl Pts',(23.0620742961764,15.7721699029207,-2.8));
#6900=CARTESIAN_POINT('Ctrl Pts',(23.0427632891123,15.7114134453277,-3.));
#6901=CARTESIAN_POINT('Ctrl Pts',(23.0427632891123,15.7114134453277,-2.8));
#6902=CARTESIAN_POINT('Ctrl Pts',(23.0048339653852,15.592079878678,-3.));
#6903=CARTESIAN_POINT('Ctrl Pts',(23.0048339653852,15.592079878678,-2.8));
#6904=CARTESIAN_POINT('Ctrl Pts',(22.9114572589483,15.5088134999488,-3.));
#6905=CARTESIAN_POINT('Ctrl Pts',(22.9114572589483,15.5088134999488,-2.8));
#6906=CARTESIAN_POINT('Ctrl Pts',(22.8656215593219,15.4679406434298,-3.));
#6907=CARTESIAN_POINT('Ctrl Pts',(22.8656215593219,15.4679406434298,-2.8));
#6908=CARTESIAN_POINT('',(23.0620742961764,15.7721699029207,-3.));
#6909=CARTESIAN_POINT('Ctrl Pts',(23.0620742961764,15.7721699029207,-3.));
#6910=CARTESIAN_POINT('Ctrl Pts',(23.0427632891123,15.7114134453277,-3.));
#6911=CARTESIAN_POINT('Ctrl Pts',(23.0048339653852,15.592079878678,-3.));
#6912=CARTESIAN_POINT('Ctrl Pts',(22.9114572589483,15.5088134999488,-3.));
#6913=CARTESIAN_POINT('Ctrl Pts',(22.8656215593219,15.4679406434298,-3.));
#6914=CARTESIAN_POINT('',(23.0620742961764,15.7721699029207,-2.8));
#6915=CARTESIAN_POINT('',(23.0620742961764,15.7721699029207,-3.));
#6916=CARTESIAN_POINT('Ctrl Pts',(23.0620742961764,15.7721699029207,-2.8));
#6917=CARTESIAN_POINT('Ctrl Pts',(23.0427632891123,15.7114134453277,-2.8));
#6918=CARTESIAN_POINT('Ctrl Pts',(23.0048339653852,15.592079878678,-2.8));
#6919=CARTESIAN_POINT('Ctrl Pts',(22.9114572589483,15.5088134999488,-2.8));
#6920=CARTESIAN_POINT('Ctrl Pts',(22.8656215593219,15.4679406434298,-2.8));
#6921=CARTESIAN_POINT('Ctrl Pts',(23.0920882150531,16.2905866652727,-3.));
#6922=CARTESIAN_POINT('Ctrl Pts',(23.0920882150531,16.2905866652727,-2.8));
#6923=CARTESIAN_POINT('Ctrl Pts',(23.0925980186976,16.1830579601543,-3.));
#6924=CARTESIAN_POINT('Ctrl Pts',(23.0925980186976,16.1830579601543,-2.8));
#6925=CARTESIAN_POINT('Ctrl Pts',(23.0934208380408,16.0095074187357,-3.));
#6926=CARTESIAN_POINT('Ctrl Pts',(23.0934208380408,16.0095074187357,-2.8));
#6927=CARTESIAN_POINT('Ctrl Pts',(23.0707128390471,15.8375758514956,-3.));
#6928=CARTESIAN_POINT('Ctrl Pts',(23.0707128390471,15.8375758514956,-2.8));
#6929=CARTESIAN_POINT('Ctrl Pts',(23.0620742961764,15.7721699029207,-3.));
#6930=CARTESIAN_POINT('Ctrl Pts',(23.0620742961764,15.7721699029207,-2.8));
#6931=CARTESIAN_POINT('',(23.0920882150531,16.2905866652727,-3.));
#6932=CARTESIAN_POINT('Ctrl Pts',(23.0920882150531,16.2905866652727,-3.));
#6933=CARTESIAN_POINT('Ctrl Pts',(23.0925980186976,16.1830579601543,-3.));
#6934=CARTESIAN_POINT('Ctrl Pts',(23.0934208380408,16.0095074187357,-3.));
#6935=CARTESIAN_POINT('Ctrl Pts',(23.0707128390471,15.8375758514956,-3.));
#6936=CARTESIAN_POINT('Ctrl Pts',(23.0620742961764,15.7721699029207,-3.));
#6937=CARTESIAN_POINT('',(23.0920882150531,16.2905866652727,-2.8));
#6938=CARTESIAN_POINT('',(23.0920882150531,16.2905866652727,-3.));
#6939=CARTESIAN_POINT('Ctrl Pts',(23.0920882150531,16.2905866652727,-2.8));
#6940=CARTESIAN_POINT('Ctrl Pts',(23.0925980186976,16.1830579601543,-2.8));
#6941=CARTESIAN_POINT('Ctrl Pts',(23.0934208380408,16.0095074187357,-2.8));
#6942=CARTESIAN_POINT('Ctrl Pts',(23.0707128390471,15.8375758514956,-2.8));
#6943=CARTESIAN_POINT('Ctrl Pts',(23.0620742961764,15.7721699029207,-2.8));
#6944=CARTESIAN_POINT('Origin',(23.0920882150531,17.8976810723543,-3.));
#6945=CARTESIAN_POINT('',(23.0920882150531,17.8976810723543,-3.));
#6946=CARTESIAN_POINT('',(23.0920882150531,15.4723405361772,-3.));
#6947=CARTESIAN_POINT('',(23.0920882150531,17.8976810723543,-2.8));
#6948=CARTESIAN_POINT('',(23.0920882150531,17.8976810723543,-3.));
#6949=CARTESIAN_POINT('',(23.0920882150531,17.8976810723543,-2.8));
#6950=CARTESIAN_POINT('Origin',(23.5832203552127,17.8976810723543,-3.));
#6951=CARTESIAN_POINT('',(23.5832203552127,17.8976810723543,-3.));
#6952=CARTESIAN_POINT('',(32.0321101776063,17.8976810723543,-3.));
#6953=CARTESIAN_POINT('',(23.5832203552127,17.8976810723543,-2.8));
#6954=CARTESIAN_POINT('',(23.5832203552127,17.8976810723543,-3.));
#6955=CARTESIAN_POINT('',(23.5832203552127,17.8976810723543,-2.8));
#6956=CARTESIAN_POINT('Origin',(23.5832203552127,16.1023194342852,-3.));
#6957=CARTESIAN_POINT('',(23.5832203552127,16.1023194342852,-3.));
#6958=CARTESIAN_POINT('',(23.5832203552127,14.5746597171426,-3.));
#6959=CARTESIAN_POINT('',(23.5832203552127,16.1023194342852,-2.8));
#6960=CARTESIAN_POINT('',(23.5832203552127,16.1023194342852,-3.));
#6961=CARTESIAN_POINT('',(23.5832203552127,16.1023194342852,-2.8));
#6962=CARTESIAN_POINT('Ctrl Pts',(23.553206436336,15.6439293175936,-3.));
#6963=CARTESIAN_POINT('Ctrl Pts',(23.553206436336,15.6439293175936,-2.8));
#6964=CARTESIAN_POINT('Ctrl Pts',(23.5618908824814,15.7061428248749,-3.));
#6965=CARTESIAN_POINT('Ctrl Pts',(23.5618908824814,15.7061428248749,-2.8));
#6966=CARTESIAN_POINT('Ctrl Pts',(23.5831043312025,15.8581114161231,-3.));
#6967=CARTESIAN_POINT('Ctrl Pts',(23.5831043312025,15.8581114161231,-2.8));
#6968=CARTESIAN_POINT('Ctrl Pts',(23.5831772740177,16.0116418820925,-3.));
#6969=CARTESIAN_POINT('Ctrl Pts',(23.5831772740177,16.0116418820925,-2.8));
#6970=CARTESIAN_POINT('Ctrl Pts',(23.5832203552127,16.1023194342852,-3.));
#6971=CARTESIAN_POINT('Ctrl Pts',(23.5832203552127,16.1023194342852,-2.8));
#6972=CARTESIAN_POINT('',(23.553206436336,15.6439293175936,-3.));
#6973=CARTESIAN_POINT('Ctrl Pts',(23.553206436336,15.6439293175936,-3.));
#6974=CARTESIAN_POINT('Ctrl Pts',(23.5618908824814,15.7061428248749,-3.));
#6975=CARTESIAN_POINT('Ctrl Pts',(23.5831043312025,15.8581114161231,-3.));
#6976=CARTESIAN_POINT('Ctrl Pts',(23.5831772740177,16.0116418820925,-3.));
#6977=CARTESIAN_POINT('Ctrl Pts',(23.5832203552127,16.1023194342852,-3.));
#6978=CARTESIAN_POINT('',(23.553206436336,15.6439293175936,-2.8));
#6979=CARTESIAN_POINT('',(23.553206436336,15.6439293175936,-3.));
#6980=CARTESIAN_POINT('Ctrl Pts',(23.553206436336,15.6439293175936,-2.8));
#6981=CARTESIAN_POINT('Ctrl Pts',(23.5618908824814,15.7061428248749,-2.8));
#6982=CARTESIAN_POINT('Ctrl Pts',(23.5831043312025,15.8581114161231,-2.8));
#6983=CARTESIAN_POINT('Ctrl Pts',(23.5831772740177,16.0116418820925,-2.8));
#6984=CARTESIAN_POINT('Ctrl Pts',(23.5832203552127,16.1023194342852,-2.8));
#6985=CARTESIAN_POINT('Ctrl Pts',(23.4017742797732,15.2796722203493,-3.));
#6986=CARTESIAN_POINT('Ctrl Pts',(23.4017742797732,15.2796722203493,-2.8));
#6987=CARTESIAN_POINT('Ctrl Pts',(23.4353253900642,15.3335591122256,-3.));
#6988=CARTESIAN_POINT('Ctrl Pts',(23.4353253900642,15.3335591122256,-2.8));
#6989=CARTESIAN_POINT('Ctrl Pts',(23.5057001655999,15.4465889907369,-3.));
#6990=CARTESIAN_POINT('Ctrl Pts',(23.5057001655999,15.4465889907369,-2.8));
#6991=CARTESIAN_POINT('Ctrl Pts',(23.5368875888055,15.5761410728901,-3.));
#6992=CARTESIAN_POINT('Ctrl Pts',(23.5368875888055,15.5761410728901,-2.8));
#6993=CARTESIAN_POINT('Ctrl Pts',(23.553206436336,15.6439293175936,-3.));
#6994=CARTESIAN_POINT('Ctrl Pts',(23.553206436336,15.6439293175936,-2.8));
#6995=CARTESIAN_POINT('',(23.4017742797732,15.2796722203493,-3.));
#6996=CARTESIAN_POINT('Ctrl Pts',(23.4017742797732,15.2796722203493,-3.));
#6997=CARTESIAN_POINT('Ctrl Pts',(23.4353253900642,15.3335591122256,-3.));
#6998=CARTESIAN_POINT('Ctrl Pts',(23.5057001655999,15.4465889907369,-3.));
#6999=CARTESIAN_POINT('Ctrl Pts',(23.5368875888055,15.5761410728901,-3.));
#7000=CARTESIAN_POINT('Ctrl Pts',(23.553206436336,15.6439293175936,-3.));
#7001=CARTESIAN_POINT('',(23.4017742797732,15.2796722203493,-2.8));
#7002=CARTESIAN_POINT('',(23.4017742797732,15.2796722203493,-3.));
#7003=CARTESIAN_POINT('Ctrl Pts',(23.4017742797732,15.2796722203493,-2.8));
#7004=CARTESIAN_POINT('Ctrl Pts',(23.4353253900642,15.3335591122256,-2.8));
#7005=CARTESIAN_POINT('Ctrl Pts',(23.5057001655999,15.4465889907369,-2.8));
#7006=CARTESIAN_POINT('Ctrl Pts',(23.5368875888055,15.5761410728901,-2.8));
#7007=CARTESIAN_POINT('Ctrl Pts',(23.553206436336,15.6439293175936,-2.8));
#7008=CARTESIAN_POINT('Ctrl Pts',(23.0716241523623,15.0327420979738,-3.));
#7009=CARTESIAN_POINT('Ctrl Pts',(23.0716241523623,15.0327420979738,-2.8));
#7010=CARTESIAN_POINT('Ctrl Pts',(23.139392374955,15.0655065018602,-3.));
#7011=CARTESIAN_POINT('Ctrl Pts',(23.139392374955,15.0655065018602,-2.8));
#7012=CARTESIAN_POINT('Ctrl Pts',(23.2656681073801,15.1265579643294,-3.));
#7013=CARTESIAN_POINT('Ctrl Pts',(23.2656681073801,15.1265579643294,-2.8));
#7014=CARTESIAN_POINT('Ctrl Pts',(23.3586792830503,15.2311919916764,-3.));
#7015=CARTESIAN_POINT('Ctrl Pts',(23.3586792830503,15.2311919916764,-2.8));
#7016=CARTESIAN_POINT('Ctrl Pts',(23.4017742797732,15.2796722203493,-3.));
#7017=CARTESIAN_POINT('Ctrl Pts',(23.4017742797732,15.2796722203493,-2.8));
#7018=CARTESIAN_POINT('',(23.0716241523623,15.0327420979738,-3.));
#7019=CARTESIAN_POINT('Ctrl Pts',(23.0716241523623,15.0327420979738,-3.));
#7020=CARTESIAN_POINT('Ctrl Pts',(23.139392374955,15.0655065018602,-3.));
#7021=CARTESIAN_POINT('Ctrl Pts',(23.2656681073801,15.1265579643294,-3.));
#7022=CARTESIAN_POINT('Ctrl Pts',(23.3586792830503,15.2311919916764,-3.));
#7023=CARTESIAN_POINT('Ctrl Pts',(23.4017742797732,15.2796722203493,-3.));
#7024=CARTESIAN_POINT('',(23.0716241523623,15.0327420979738,-2.8));
#7025=CARTESIAN_POINT('',(23.0716241523623,15.0327420979738,-3.));
#7026=CARTESIAN_POINT('Ctrl Pts',(23.0716241523623,15.0327420979738,-2.8));
#7027=CARTESIAN_POINT('Ctrl Pts',(23.139392374955,15.0655065018602,-2.8));
#7028=CARTESIAN_POINT('Ctrl Pts',(23.2656681073801,15.1265579643294,-2.8));
#7029=CARTESIAN_POINT('Ctrl Pts',(23.3586792830503,15.2311919916764,-2.8));
#7030=CARTESIAN_POINT('Ctrl Pts',(23.4017742797732,15.2796722203493,-2.8));
#7031=CARTESIAN_POINT('Ctrl Pts',(22.59276997298,14.9345160275698,-3.));
#7032=CARTESIAN_POINT('Ctrl Pts',(22.59276997298,14.9345160275698,-2.8));
#7033=CARTESIAN_POINT('Ctrl Pts',(22.6763146647375,14.9383778813578,-3.));
#7034=CARTESIAN_POINT('Ctrl Pts',(22.6763146647375,14.9383778813578,-2.8));
#7035=CARTESIAN_POINT('Ctrl Pts',(22.8411244765222,14.9459962157194,-3.));
#7036=CARTESIAN_POINT('Ctrl Pts',(22.8411244765222,14.9459962157194,-2.8));
#7037=CARTESIAN_POINT('Ctrl Pts',(22.995502689337,15.0040946673665,-3.));
#7038=CARTESIAN_POINT('Ctrl Pts',(22.995502689337,15.0040946673665,-2.8));
#7039=CARTESIAN_POINT('Ctrl Pts',(23.0716241523623,15.0327420979738,-3.));
#7040=CARTESIAN_POINT('Ctrl Pts',(23.0716241523623,15.0327420979738,-2.8));
#7041=CARTESIAN_POINT('',(22.59276997298,14.9345160275698,-3.));
#7042=CARTESIAN_POINT('Ctrl Pts',(22.59276997298,14.9345160275698,-3.));
#7043=CARTESIAN_POINT('Ctrl Pts',(22.6763146647375,14.9383778813578,-3.));
#7044=CARTESIAN_POINT('Ctrl Pts',(22.8411244765222,14.9459962157194,-3.));
#7045=CARTESIAN_POINT('Ctrl Pts',(22.995502689337,15.0040946673665,-3.));
#7046=CARTESIAN_POINT('Ctrl Pts',(23.0716241523623,15.0327420979738,-3.));
#7047=CARTESIAN_POINT('',(22.59276997298,14.9345160275698,-2.8));
#7048=CARTESIAN_POINT('',(22.59276997298,14.9345160275698,-3.));
#7049=CARTESIAN_POINT('Ctrl Pts',(22.59276997298,14.9345160275698,-2.8));
#7050=CARTESIAN_POINT('Ctrl Pts',(22.6763146647375,14.9383778813578,-2.8));
#7051=CARTESIAN_POINT('Ctrl Pts',(22.8411244765222,14.9459962157194,-2.8));
#7052=CARTESIAN_POINT('Ctrl Pts',(22.995502689337,15.0040946673665,-2.8));
#7053=CARTESIAN_POINT('Ctrl Pts',(23.0716241523623,15.0327420979738,-2.8));
#7054=CARTESIAN_POINT('Ctrl Pts',(21.6732616350055,15.4256475716829,-3.));
#7055=CARTESIAN_POINT('Ctrl Pts',(21.6732616350055,15.4256475716829,-2.8));
#7056=CARTESIAN_POINT('Ctrl Pts',(21.7954008922667,15.2824034743445,-3.));
#7057=CARTESIAN_POINT('Ctrl Pts',(21.7954008922667,15.2824034743445,-2.8));
#7058=CARTESIAN_POINT('Ctrl Pts',(22.0378098888094,14.9981078377481,-3.));
#7059=CARTESIAN_POINT('Ctrl Pts',(22.0378098888094,14.9981078377481,-2.8));
#7060=CARTESIAN_POINT('Ctrl Pts',(22.4087368383018,14.955604031015,-3.));
#7061=CARTESIAN_POINT('Ctrl Pts',(22.4087368383018,14.955604031015,-2.8));
#7062=CARTESIAN_POINT('Ctrl Pts',(22.59276997298,14.9345160275698,-3.));
#7063=CARTESIAN_POINT('Ctrl Pts',(22.59276997298,14.9345160275698,-2.8));
#7064=CARTESIAN_POINT('',(21.6732616350055,15.4256475716829,-3.));
#7065=CARTESIAN_POINT('Ctrl Pts',(21.6732616350055,15.4256475716829,-3.));
#7066=CARTESIAN_POINT('Ctrl Pts',(21.7954008922667,15.2824034743445,-3.));
#7067=CARTESIAN_POINT('Ctrl Pts',(22.0378098888094,14.9981078377481,-3.));
#7068=CARTESIAN_POINT('Ctrl Pts',(22.4087368383018,14.955604031015,-3.));
#7069=CARTESIAN_POINT('Ctrl Pts',(22.59276997298,14.9345160275698,-3.));
#7070=CARTESIAN_POINT('',(21.6732616350055,15.4256475716829,-2.8));
#7071=CARTESIAN_POINT('',(21.6732616350055,15.4256475716829,-3.));
#7072=CARTESIAN_POINT('Ctrl Pts',(21.6732616350055,15.4256475716829,-2.8));
#7073=CARTESIAN_POINT('Ctrl Pts',(21.7954008922667,15.2824034743445,-2.8));
#7074=CARTESIAN_POINT('Ctrl Pts',(22.0378098888094,14.9981078377481,-2.8));
#7075=CARTESIAN_POINT('Ctrl Pts',(22.4087368383018,14.955604031015,-2.8));
#7076=CARTESIAN_POINT('Ctrl Pts',(22.59276997298,14.9345160275698,-2.8));
#7077=CARTESIAN_POINT('Origin',(21.6732616350055,15.0000000745058,-3.));
#7078=CARTESIAN_POINT('',(21.6732616350055,15.0000000745058,-3.));
#7079=CARTESIAN_POINT('',(21.6732616350055,14.0235000372529,-3.));
#7080=CARTESIAN_POINT('',(21.6732616350055,15.0000000745058,-2.8));
#7081=CARTESIAN_POINT('',(21.6732616350055,15.0000000745058,-3.));
#7082=CARTESIAN_POINT('',(21.6732616350055,15.0000000745058,-2.8));
#7083=CARTESIAN_POINT('Origin',(21.2339706346393,15.0000000745058,-3.));
#7084=CARTESIAN_POINT('',(30.8574853173196,15.0000000745058,-3.));
#7085=CARTESIAN_POINT('',(21.2339706346393,15.0000000745058,-2.8));
#7086=CARTESIAN_POINT('Origin',(19.5000015385449,17.0013643056154,-2.8));
#7087=CARTESIAN_POINT('Ctrl Pts',(28.8929068669677,18.6152798682451,-3.));
#7088=CARTESIAN_POINT('Ctrl Pts',(28.8929068669677,18.6152798682451,-2.8));
#7089=CARTESIAN_POINT('Ctrl Pts',(29.0736468935168,18.5992698108297,-3.));
#7090=CARTESIAN_POINT('Ctrl Pts',(29.0736468935168,18.5992698108297,-2.8));
#7091=CARTESIAN_POINT('Ctrl Pts',(29.4346963014045,18.5672878428037,-3.));
#7092=CARTESIAN_POINT('Ctrl Pts',(29.4346963014045,18.5672878428037,-2.8));
#7093=CARTESIAN_POINT('Ctrl Pts',(29.7184546755819,18.3418029338499,-3.));
#7094=CARTESIAN_POINT('Ctrl Pts',(29.7184546755819,18.3418029338499,-2.8));
#7095=CARTESIAN_POINT('Ctrl Pts',(29.8601646348834,18.2291949540377,-3.));
#7096=CARTESIAN_POINT('Ctrl Pts',(29.8601646348834,18.2291949540377,-2.8));
#7097=CARTESIAN_POINT('',(28.8929068669677,18.6152798682451,-3.));
#7098=CARTESIAN_POINT('',(29.8601646348834,18.2291949540377,-3.));
#7099=CARTESIAN_POINT('Ctrl Pts',(28.8929068669677,18.6152798682451,-3.));
#7100=CARTESIAN_POINT('Ctrl Pts',(29.0736468935168,18.5992698108297,-3.));
#7101=CARTESIAN_POINT('Ctrl Pts',(29.4346963014045,18.5672878428037,-3.));
#7102=CARTESIAN_POINT('Ctrl Pts',(29.7184546755819,18.3418029338499,-3.));
#7103=CARTESIAN_POINT('Ctrl Pts',(29.8601646348834,18.2291949540377,-3.));
#7104=CARTESIAN_POINT('',(28.8929068669677,18.6152798682451,-2.8));
#7105=CARTESIAN_POINT('',(28.8929068669677,18.6152798682451,-3.));
#7106=CARTESIAN_POINT('',(29.8601646348834,18.2291949540377,-2.8));
#7107=CARTESIAN_POINT('Ctrl Pts',(28.8929068669677,18.6152798682451,-2.8));
#7108=CARTESIAN_POINT('Ctrl Pts',(29.0736468935168,18.5992698108297,-2.8));
#7109=CARTESIAN_POINT('Ctrl Pts',(29.4346963014045,18.5672878428037,-2.8));
#7110=CARTESIAN_POINT('Ctrl Pts',(29.7184546755819,18.3418029338499,-2.8));
#7111=CARTESIAN_POINT('Ctrl Pts',(29.8601646348834,18.2291949540377,-2.8));
#7112=CARTESIAN_POINT('',(29.8601646348834,18.2291949540377,-3.));
#7113=CARTESIAN_POINT('Ctrl Pts',(28.1794006749988,18.4147340804338,-3.));
#7114=CARTESIAN_POINT('Ctrl Pts',(28.1794006749988,18.4147340804338,-2.8));
#7115=CARTESIAN_POINT('Ctrl Pts',(28.2894725585379,18.4732235470614,-3.));
#7116=CARTESIAN_POINT('Ctrl Pts',(28.2894725585379,18.4732235470614,-2.8));
#7117=CARTESIAN_POINT('Ctrl Pts',(28.5126542066795,18.591816734905,-3.));
#7118=CARTESIAN_POINT('Ctrl Pts',(28.5126542066795,18.591816734905,-2.8));
#7119=CARTESIAN_POINT('Ctrl Pts',(28.7650109788636,18.6073881725658,-3.));
#7120=CARTESIAN_POINT('Ctrl Pts',(28.7650109788636,18.6073881725658,-2.8));
#7121=CARTESIAN_POINT('Ctrl Pts',(28.8929068669677,18.6152798682451,-3.));
#7122=CARTESIAN_POINT('Ctrl Pts',(28.8929068669677,18.6152798682451,-2.8));
#7123=CARTESIAN_POINT('',(28.1794006749988,18.4147340804338,-3.));
#7124=CARTESIAN_POINT('Ctrl Pts',(28.1794006749988,18.4147340804338,-3.));
#7125=CARTESIAN_POINT('Ctrl Pts',(28.2894725585379,18.4732235470614,-3.));
#7126=CARTESIAN_POINT('Ctrl Pts',(28.5126542066795,18.591816734905,-3.));
#7127=CARTESIAN_POINT('Ctrl Pts',(28.7650109788636,18.6073881725658,-3.));
#7128=CARTESIAN_POINT('Ctrl Pts',(28.8929068669677,18.6152798682451,-3.));
#7129=CARTESIAN_POINT('',(28.1794006749988,18.4147340804338,-2.8));
#7130=CARTESIAN_POINT('',(28.1794006749988,18.4147340804338,-3.));
#7131=CARTESIAN_POINT('Ctrl Pts',(28.1794006749988,18.4147340804338,-2.8));
#7132=CARTESIAN_POINT('Ctrl Pts',(28.2894725585379,18.4732235470614,-2.8));
#7133=CARTESIAN_POINT('Ctrl Pts',(28.5126542066795,18.591816734905,-2.8));
#7134=CARTESIAN_POINT('Ctrl Pts',(28.7650109788636,18.6073881725658,-2.8));
#7135=CARTESIAN_POINT('Ctrl Pts',(28.8929068669677,18.6152798682451,-2.8));
#7136=CARTESIAN_POINT('Ctrl Pts',(27.6964537426829,17.8499317914248,-3.));
#7137=CARTESIAN_POINT('Ctrl Pts',(27.6964537426829,17.8499317914248,-2.8));
#7138=CARTESIAN_POINT('Ctrl Pts',(27.7569433622727,17.963954386743,-3.));
#7139=CARTESIAN_POINT('Ctrl Pts',(27.7569433622727,17.963954386743,-2.8));
#7140=CARTESIAN_POINT('Ctrl Pts',(27.8759547919649,18.1882902674785,-3.));
#7141=CARTESIAN_POINT('Ctrl Pts',(27.8759547919649,18.1882902674785,-2.8));
#7142=CARTESIAN_POINT('Ctrl Pts',(28.0793731964049,18.340089457061,-3.));
#7143=CARTESIAN_POINT('Ctrl Pts',(28.0793731964049,18.340089457061,-2.8));
#7144=CARTESIAN_POINT('Ctrl Pts',(28.1794006749988,18.4147340804338,-3.));
#7145=CARTESIAN_POINT('Ctrl Pts',(28.1794006749988,18.4147340804338,-2.8));
#7146=CARTESIAN_POINT('',(27.6964537426829,17.8499317914248,-3.));
#7147=CARTESIAN_POINT('Ctrl Pts',(27.6964537426829,17.8499317914248,-3.));
#7148=CARTESIAN_POINT('Ctrl Pts',(27.7569433622727,17.963954386743,-3.));
#7149=CARTESIAN_POINT('Ctrl Pts',(27.8759547919649,18.1882902674785,-3.));
#7150=CARTESIAN_POINT('Ctrl Pts',(28.0793731964049,18.340089457061,-3.));
#7151=CARTESIAN_POINT('Ctrl Pts',(28.1794006749988,18.4147340804338,-3.));
#7152=CARTESIAN_POINT('',(27.6964537426829,17.8499317914248,-2.8));
#7153=CARTESIAN_POINT('',(27.6964537426829,17.8499317914248,-3.));
#7154=CARTESIAN_POINT('Ctrl Pts',(27.6964537426829,17.8499317914248,-2.8));
#7155=CARTESIAN_POINT('Ctrl Pts',(27.7569433622727,17.963954386743,-2.8));
#7156=CARTESIAN_POINT('Ctrl Pts',(27.8759547919649,18.1882902674785,-2.8));
#7157=CARTESIAN_POINT('Ctrl Pts',(28.0793731964049,18.340089457061,-2.8));
#7158=CARTESIAN_POINT('Ctrl Pts',(28.1794006749988,18.4147340804338,-2.8));
#7159=CARTESIAN_POINT('Ctrl Pts',(27.5313786789775,16.9972718507051,-3.));
#7160=CARTESIAN_POINT('Ctrl Pts',(27.5313786789775,16.9972718507051,-2.8));
#7161=CARTESIAN_POINT('Ctrl Pts',(27.5367239958961,17.1514040088683,-3.));
#7162=CARTESIAN_POINT('Ctrl Pts',(27.5367239958961,17.1514040088683,-2.8));
#7163=CARTESIAN_POINT('Ctrl Pts',(27.546890871546,17.4445657632684,-3.));
#7164=CARTESIAN_POINT('Ctrl Pts',(27.546890871546,17.4445657632684,-2.8));
#7165=CARTESIAN_POINT('Ctrl Pts',(27.6483415683982,17.719531506598,-3.));
#7166=CARTESIAN_POINT('Ctrl Pts',(27.6483415683982,17.719531506598,-2.8));
#7167=CARTESIAN_POINT('Ctrl Pts',(27.6964537426829,17.8499317914248,-3.));
#7168=CARTESIAN_POINT('Ctrl Pts',(27.6964537426829,17.8499317914248,-2.8));
#7169=CARTESIAN_POINT('',(27.5313786789775,16.9972718507051,-3.));
#7170=CARTESIAN_POINT('Ctrl Pts',(27.5313786789775,16.9972718507051,-3.));
#7171=CARTESIAN_POINT('Ctrl Pts',(27.5367239958961,17.1514040088683,-3.));
#7172=CARTESIAN_POINT('Ctrl Pts',(27.546890871546,17.4445657632684,-3.));
#7173=CARTESIAN_POINT('Ctrl Pts',(27.6483415683982,17.719531506598,-3.));
#7174=CARTESIAN_POINT('Ctrl Pts',(27.6964537426829,17.8499317914248,-3.));
#7175=CARTESIAN_POINT('',(27.5313786789775,16.9972718507051,-2.8));
#7176=CARTESIAN_POINT('',(27.5313786789775,16.9972718507051,-3.));
#7177=CARTESIAN_POINT('Ctrl Pts',(27.5313786789775,16.9972718507051,-2.8));
#7178=CARTESIAN_POINT('Ctrl Pts',(27.5367239958961,17.1514040088683,-2.8));
#7179=CARTESIAN_POINT('Ctrl Pts',(27.546890871546,17.4445657632684,-2.8));
#7180=CARTESIAN_POINT('Ctrl Pts',(27.6483415683982,17.719531506598,-2.8));
#7181=CARTESIAN_POINT('Ctrl Pts',(27.6964537426829,17.8499317914248,-2.8));
#7182=CARTESIAN_POINT('Ctrl Pts',(27.9174632951617,15.8049119263887,-3.));
#7183=CARTESIAN_POINT('Ctrl Pts',(27.9174632951617,15.8049119263887,-2.8));
#7184=CARTESIAN_POINT('Ctrl Pts',(27.8050605094622,15.9688842193206,-3.));
#7185=CARTESIAN_POINT('Ctrl Pts',(27.8050605094622,15.9688842193206,-2.8));
#7186=CARTESIAN_POINT('Ctrl Pts',(27.5598731520819,16.3265615930384,-3.));
#7187=CARTESIAN_POINT('Ctrl Pts',(27.5598731520819,16.3265615930384,-2.8));
#7188=CARTESIAN_POINT('Ctrl Pts',(27.5413890160304,16.7616459551329,-3.));
#7189=CARTESIAN_POINT('Ctrl Pts',(27.5413890160304,16.7616459551329,-2.8));
#7190=CARTESIAN_POINT('Ctrl Pts',(27.5313786789775,16.9972718507051,-3.));
#7191=CARTESIAN_POINT('Ctrl Pts',(27.5313786789775,16.9972718507051,-2.8));
#7192=CARTESIAN_POINT('',(27.9174632951617,15.8049119263887,-3.));
#7193=CARTESIAN_POINT('Ctrl Pts',(27.9174632951617,15.8049119263887,-3.));
#7194=CARTESIAN_POINT('Ctrl Pts',(27.8050605094622,15.9688842193206,-3.));
#7195=CARTESIAN_POINT('Ctrl Pts',(27.5598731520819,16.3265615930384,-3.));
#7196=CARTESIAN_POINT('Ctrl Pts',(27.5413890160304,16.7616459551329,-3.));
#7197=CARTESIAN_POINT('Ctrl Pts',(27.5313786789775,16.9972718507051,-3.));
#7198=CARTESIAN_POINT('',(27.9174632951617,15.8049119263887,-2.8));
#7199=CARTESIAN_POINT('',(27.9174632951617,15.8049119263887,-3.));
#7200=CARTESIAN_POINT('Ctrl Pts',(27.9174632951617,15.8049119263887,-2.8));
#7201=CARTESIAN_POINT('Ctrl Pts',(27.8050605094622,15.9688842193206,-2.8));
#7202=CARTESIAN_POINT('Ctrl Pts',(27.5598731520819,16.3265615930384,-2.8));
#7203=CARTESIAN_POINT('Ctrl Pts',(27.5413890160304,16.7616459551329,-2.8));
#7204=CARTESIAN_POINT('Ctrl Pts',(27.5313786789775,16.9972718507051,-2.8));
#7205=CARTESIAN_POINT('Ctrl Pts',(28.9010923728347,15.3847206383944,-3.));
#7206=CARTESIAN_POINT('Ctrl Pts',(28.9010923728347,15.3847206383944,-2.8));
#7207=CARTESIAN_POINT('Ctrl Pts',(28.7115905546328,15.4012920856635,-3.));
#7208=CARTESIAN_POINT('Ctrl Pts',(28.7115905546328,15.4012920856635,-2.8));
#7209=CARTESIAN_POINT('Ctrl Pts',(28.3374903945181,15.4340061837949,-3.));
#7210=CARTESIAN_POINT('Ctrl Pts',(28.3374903945181,15.4340061837949,-2.8));
#7211=CARTESIAN_POINT('Ctrl Pts',(28.0562435242446,15.6823617766384,-3.));
#7212=CARTESIAN_POINT('Ctrl Pts',(28.0562435242446,15.6823617766384,-2.8));
#7213=CARTESIAN_POINT('Ctrl Pts',(27.9174632951617,15.8049119263887,-3.));
#7214=CARTESIAN_POINT('Ctrl Pts',(27.9174632951617,15.8049119263887,-2.8));
#7215=CARTESIAN_POINT('',(28.9010923728347,15.3847206383944,-3.));
#7216=CARTESIAN_POINT('Ctrl Pts',(28.9010923728347,15.3847206383944,-3.));
#7217=CARTESIAN_POINT('Ctrl Pts',(28.7115905546328,15.4012920856635,-3.));
#7218=CARTESIAN_POINT('Ctrl Pts',(28.3374903945181,15.4340061837949,-3.));
#7219=CARTESIAN_POINT('Ctrl Pts',(28.0562435242446,15.6823617766384,-3.));
#7220=CARTESIAN_POINT('Ctrl Pts',(27.9174632951617,15.8049119263887,-3.));
#7221=CARTESIAN_POINT('',(28.9010923728347,15.3847206383944,-2.8));
#7222=CARTESIAN_POINT('',(28.9010923728347,15.3847206383944,-3.));
#7223=CARTESIAN_POINT('Ctrl Pts',(28.9010923728347,15.3847206383944,-2.8));
#7224=CARTESIAN_POINT('Ctrl Pts',(28.7115905546328,15.4012920856635,-2.8));
#7225=CARTESIAN_POINT('Ctrl Pts',(28.3374903945181,15.4340061837949,-2.8));
#7226=CARTESIAN_POINT('Ctrl Pts',(28.0562435242446,15.6823617766384,-2.8));
#7227=CARTESIAN_POINT('Ctrl Pts',(27.9174632951617,15.8049119263887,-2.8));
#7228=CARTESIAN_POINT('Ctrl Pts',(29.8765356466174,15.8008182793856,-3.));
#7229=CARTESIAN_POINT('Ctrl Pts',(29.8765356466174,15.8008182793856,-2.8));
#7230=CARTESIAN_POINT('Ctrl Pts',(29.7378786365538,15.679458903124,-3.));
#7231=CARTESIAN_POINT('Ctrl Pts',(29.7378786365538,15.679458903124,-2.8));
#7232=CARTESIAN_POINT('Ctrl Pts',(29.4582108314255,15.434680003195,-3.));
#7233=CARTESIAN_POINT('Ctrl Pts',(29.4582108314255,15.434680003195,-2.8));
#7234=CARTESIAN_POINT('Ctrl Pts',(29.0878375905735,15.4014669377028,-3.));
#7235=CARTESIAN_POINT('Ctrl Pts',(29.0878375905735,15.4014669377028,-2.8));
#7236=CARTESIAN_POINT('Ctrl Pts',(28.9010923728347,15.3847206383944,-3.));
#7237=CARTESIAN_POINT('Ctrl Pts',(28.9010923728347,15.3847206383944,-2.8));
#7238=CARTESIAN_POINT('',(29.8765356466174,15.8008182793856,-3.));
#7239=CARTESIAN_POINT('Ctrl Pts',(29.8765356466174,15.8008182793856,-3.));
#7240=CARTESIAN_POINT('Ctrl Pts',(29.7378786365538,15.679458903124,-3.));
#7241=CARTESIAN_POINT('Ctrl Pts',(29.4582108314255,15.434680003195,-3.));
#7242=CARTESIAN_POINT('Ctrl Pts',(29.0878375905735,15.4014669377028,-3.));
#7243=CARTESIAN_POINT('Ctrl Pts',(28.9010923728347,15.3847206383944,-3.));
#7244=CARTESIAN_POINT('',(29.8765356466174,15.8008182793856,-2.8));
#7245=CARTESIAN_POINT('',(29.8765356466174,15.8008182793856,-3.));
#7246=CARTESIAN_POINT('Ctrl Pts',(29.8765356466174,15.8008182793856,-2.8));
#7247=CARTESIAN_POINT('Ctrl Pts',(29.7378786365538,15.679458903124,-2.8));
#7248=CARTESIAN_POINT('Ctrl Pts',(29.4582108314255,15.434680003195,-2.8));
#7249=CARTESIAN_POINT('Ctrl Pts',(29.0878375905735,15.4014669377028,-2.8));
#7250=CARTESIAN_POINT('Ctrl Pts',(28.9010923728347,15.3847206383944,-2.8));
#7251=CARTESIAN_POINT('Ctrl Pts',(30.2653488144279,16.9399727135897,-3.));
#7252=CARTESIAN_POINT('Ctrl Pts',(30.2653488144279,16.9399727135897,-2.8));
#7253=CARTESIAN_POINT('Ctrl Pts',(30.2538789355351,16.7170877346605,-3.));
#7254=CARTESIAN_POINT('Ctrl Pts',(30.2538789355351,16.7170877346605,-2.8));
#7255=CARTESIAN_POINT('Ctrl Pts',(30.2323595568386,16.2989188671262,-3.));
#7256=CARTESIAN_POINT('Ctrl Pts',(30.2323595568386,16.2989188671262,-2.8));
#7257=CARTESIAN_POINT('Ctrl Pts',(29.9898070862698,15.9593814592181,-3.));
#7258=CARTESIAN_POINT('Ctrl Pts',(29.9898070862698,15.9593814592181,-2.8));
#7259=CARTESIAN_POINT('Ctrl Pts',(29.8765356466174,15.8008182793856,-3.));
#7260=CARTESIAN_POINT('Ctrl Pts',(29.8765356466174,15.8008182793856,-2.8));
#7261=CARTESIAN_POINT('',(30.2653488144279,16.9399727135897,-3.));
#7262=CARTESIAN_POINT('Ctrl Pts',(30.2653488144279,16.9399727135897,-3.));
#7263=CARTESIAN_POINT('Ctrl Pts',(30.2538789355351,16.7170877346605,-3.));
#7264=CARTESIAN_POINT('Ctrl Pts',(30.2323595568386,16.2989188671262,-3.));
#7265=CARTESIAN_POINT('Ctrl Pts',(29.9898070862698,15.9593814592181,-3.));
#7266=CARTESIAN_POINT('Ctrl Pts',(29.8765356466174,15.8008182793856,-3.));
#7267=CARTESIAN_POINT('',(30.2653488144279,16.9399727135897,-2.8));
#7268=CARTESIAN_POINT('',(30.2653488144279,16.9399727135897,-3.));
#7269=CARTESIAN_POINT('Ctrl Pts',(30.2653488144279,16.9399727135897,-2.8));
#7270=CARTESIAN_POINT('Ctrl Pts',(30.2538789355351,16.7170877346605,-2.8));
#7271=CARTESIAN_POINT('Ctrl Pts',(30.2323595568386,16.2989188671262,-2.8));
#7272=CARTESIAN_POINT('Ctrl Pts',(29.9898070862698,15.9593814592181,-2.8));
#7273=CARTESIAN_POINT('Ctrl Pts',(29.8765356466174,15.8008182793856,-2.8));
#7274=CARTESIAN_POINT('Ctrl Pts',(29.8601646348834,18.2291949540377,-3.));
#7275=CARTESIAN_POINT('Ctrl Pts',(29.8601646348834,18.2291949540377,-2.8));
#7276=CARTESIAN_POINT('Ctrl Pts',(29.9778225312755,18.0630436816749,-3.));
#7277=CARTESIAN_POINT('Ctrl Pts',(29.9778225312755,18.0630436816749,-2.8));
#7278=CARTESIAN_POINT('Ctrl Pts',(30.248970662708,17.680140294671,-3.));
#7279=CARTESIAN_POINT('Ctrl Pts',(30.248970662708,17.680140294671,-2.8));
#7280=CARTESIAN_POINT('Ctrl Pts',(30.2594287503086,17.2075144737304,-3.));
#7281=CARTESIAN_POINT('Ctrl Pts',(30.2594287503086,17.2075144737304,-2.8));
#7282=CARTESIAN_POINT('Ctrl Pts',(30.2653488144279,16.9399727135897,-3.));
#7283=CARTESIAN_POINT('Ctrl Pts',(30.2653488144279,16.9399727135897,-2.8));
#7284=CARTESIAN_POINT('Ctrl Pts',(29.8601646348834,18.2291949540377,-3.));
#7285=CARTESIAN_POINT('Ctrl Pts',(29.9778225312755,18.0630436816749,-3.));
#7286=CARTESIAN_POINT('Ctrl Pts',(30.248970662708,17.680140294671,-3.));
#7287=CARTESIAN_POINT('Ctrl Pts',(30.2594287503086,17.2075144737304,-3.));
#7288=CARTESIAN_POINT('Ctrl Pts',(30.2653488144279,16.9399727135897,-3.));
#7289=CARTESIAN_POINT('Ctrl Pts',(29.8601646348834,18.2291949540377,-2.8));
#7290=CARTESIAN_POINT('Ctrl Pts',(29.9778225312755,18.0630436816749,-2.8));
#7291=CARTESIAN_POINT('Ctrl Pts',(30.248970662708,17.680140294671,-2.8));
#7292=CARTESIAN_POINT('Ctrl Pts',(30.2594287503086,17.2075144737304,-2.8));
#7293=CARTESIAN_POINT('Ctrl Pts',(30.2653488144279,16.9399727135897,-2.8));
#7294=CARTESIAN_POINT('Ctrl Pts',(29.9079136177897,15.2046383172274,-3.));
#7295=CARTESIAN_POINT('Ctrl Pts',(29.9079136177897,15.2046383172274,-2.8));
#7296=CARTESIAN_POINT('Ctrl Pts',(30.0472386245196,15.3040060366482,-3.));
#7297=CARTESIAN_POINT('Ctrl Pts',(30.0472386245196,15.3040060366482,-2.8));
#7298=CARTESIAN_POINT('Ctrl Pts',(30.3263077700435,15.5030404038612,-3.));
#7299=CARTESIAN_POINT('Ctrl Pts',(30.3263077700435,15.5030404038612,-2.8));
#7300=CARTESIAN_POINT('Ctrl Pts',(30.4965881811572,15.8005460816026,-3.));
#7301=CARTESIAN_POINT('Ctrl Pts',(30.4965881811572,15.8005460816026,-2.8));
#7302=CARTESIAN_POINT('Ctrl Pts',(30.5818562582135,15.949522331357,-3.));
#7303=CARTESIAN_POINT('Ctrl Pts',(30.5818562582135,15.949522331357,-2.8));
#7304=CARTESIAN_POINT('',(29.9079136177897,15.2046383172274,-3.));
#7305=CARTESIAN_POINT('',(30.5818562582135,15.949522331357,-3.));
#7306=CARTESIAN_POINT('Ctrl Pts',(29.9079136177897,15.2046383172274,-3.));
#7307=CARTESIAN_POINT('Ctrl Pts',(30.0472386245196,15.3040060366482,-3.));
#7308=CARTESIAN_POINT('Ctrl Pts',(30.3263077700435,15.5030404038612,-3.));
#7309=CARTESIAN_POINT('Ctrl Pts',(30.4965881811572,15.8005460816026,-3.));
#7310=CARTESIAN_POINT('Ctrl Pts',(30.5818562582135,15.949522331357,-3.));
#7311=CARTESIAN_POINT('',(29.9079136177897,15.2046383172274,-2.8));
#7312=CARTESIAN_POINT('',(29.9079136177897,15.2046383172274,-3.));
#7313=CARTESIAN_POINT('',(30.5818562582135,15.949522331357,-2.8));
#7314=CARTESIAN_POINT('Ctrl Pts',(29.9079136177897,15.2046383172274,-2.8));
#7315=CARTESIAN_POINT('Ctrl Pts',(30.0472386245196,15.3040060366482,-2.8));
#7316=CARTESIAN_POINT('Ctrl Pts',(30.3263077700435,15.5030404038612,-2.8));
#7317=CARTESIAN_POINT('Ctrl Pts',(30.4965881811572,15.8005460816026,-2.8));
#7318=CARTESIAN_POINT('Ctrl Pts',(30.5818562582135,15.949522331357,-2.8));
#7319=CARTESIAN_POINT('',(30.5818562582135,15.949522331357,-3.));
#7320=CARTESIAN_POINT('Ctrl Pts',(28.8983638212085,14.931787326932,-3.));
#7321=CARTESIAN_POINT('Ctrl Pts',(28.8983638212085,14.931787326932,-2.8));
#7322=CARTESIAN_POINT('Ctrl Pts',(29.0800044193757,14.9421723960551,-3.));
#7323=CARTESIAN_POINT('Ctrl Pts',(29.0800044193757,14.9421723960551,-2.8));
#7324=CARTESIAN_POINT('Ctrl Pts',(29.4358278952342,14.9625161486616,-3.));
#7325=CARTESIAN_POINT('Ctrl Pts',(29.4358278952342,14.9625161486616,-2.8));
#7326=CARTESIAN_POINT('Ctrl Pts',(29.7527659499911,15.1250665615471,-3.));
#7327=CARTESIAN_POINT('Ctrl Pts',(29.7527659499911,15.1250665615471,-2.8));
#7328=CARTESIAN_POINT('Ctrl Pts',(29.9079136177897,15.2046383172274,-3.));
#7329=CARTESIAN_POINT('Ctrl Pts',(29.9079136177897,15.2046383172274,-2.8));
#7330=CARTESIAN_POINT('',(28.8983638212085,14.931787326932,-3.));
#7331=CARTESIAN_POINT('Ctrl Pts',(28.8983638212085,14.931787326932,-3.));
#7332=CARTESIAN_POINT('Ctrl Pts',(29.0800044193757,14.9421723960551,-3.));
#7333=CARTESIAN_POINT('Ctrl Pts',(29.4358278952342,14.9625161486616,-3.));
#7334=CARTESIAN_POINT('Ctrl Pts',(29.7527659499911,15.1250665615471,-3.));
#7335=CARTESIAN_POINT('Ctrl Pts',(29.9079136177897,15.2046383172274,-3.));
#7336=CARTESIAN_POINT('',(28.8983638212085,14.931787326932,-2.8));
#7337=CARTESIAN_POINT('',(28.8983638212085,14.931787326932,-3.));
#7338=CARTESIAN_POINT('Ctrl Pts',(28.8983638212085,14.931787326932,-2.8));
#7339=CARTESIAN_POINT('Ctrl Pts',(29.0800044193757,14.9421723960551,-2.8));
#7340=CARTESIAN_POINT('Ctrl Pts',(29.4358278952342,14.9625161486616,-2.8));
#7341=CARTESIAN_POINT('Ctrl Pts',(29.7527659499911,15.1250665615471,-2.8));
#7342=CARTESIAN_POINT('Ctrl Pts',(29.9079136177897,15.2046383172274,-2.8));
#7343=CARTESIAN_POINT('Ctrl Pts',(27.9270131513476,15.1787174493074,-3.));
#7344=CARTESIAN_POINT('Ctrl Pts',(27.9270131513476,15.1787174493074,-2.8));
#7345=CARTESIAN_POINT('Ctrl Pts',(28.0803722306652,15.1066964731104,-3.));
#7346=CARTESIAN_POINT('Ctrl Pts',(28.0803722306652,15.1066964731104,-2.8));
#7347=CARTESIAN_POINT('Ctrl Pts',(28.3882868638544,14.9620926285495,-3.));
#7348=CARTESIAN_POINT('Ctrl Pts',(28.3882868638544,14.9620926285495,-2.8));
#7349=CARTESIAN_POINT('Ctrl Pts',(28.7278982887986,14.9419152288115,-3.));
#7350=CARTESIAN_POINT('Ctrl Pts',(28.7278982887986,14.9419152288115,-2.8));
#7351=CARTESIAN_POINT('Ctrl Pts',(28.8983638212085,14.931787326932,-3.));
#7352=CARTESIAN_POINT('Ctrl Pts',(28.8983638212085,14.931787326932,-2.8));
#7353=CARTESIAN_POINT('',(27.9270131513476,15.1787174493074,-3.));
#7354=CARTESIAN_POINT('Ctrl Pts',(27.9270131513476,15.1787174493074,-3.));
#7355=CARTESIAN_POINT('Ctrl Pts',(28.0803722306652,15.1066964731104,-3.));
#7356=CARTESIAN_POINT('Ctrl Pts',(28.3882868638544,14.9620926285495,-3.));
#7357=CARTESIAN_POINT('Ctrl Pts',(28.7278982887986,14.9419152288115,-3.));
#7358=CARTESIAN_POINT('Ctrl Pts',(28.8983638212085,14.931787326932,-3.));
#7359=CARTESIAN_POINT('',(27.9270131513476,15.1787174493074,-2.8));
#7360=CARTESIAN_POINT('',(27.9270131513476,15.1787174493074,-3.));
#7361=CARTESIAN_POINT('Ctrl Pts',(27.9270131513476,15.1787174493074,-2.8));
#7362=CARTESIAN_POINT('Ctrl Pts',(28.0803722306652,15.1066964731104,-2.8));
#7363=CARTESIAN_POINT('Ctrl Pts',(28.3882868638544,14.9620926285495,-2.8));
#7364=CARTESIAN_POINT('Ctrl Pts',(28.7278982887986,14.9419152288115,-2.8));
#7365=CARTESIAN_POINT('Ctrl Pts',(28.8983638212085,14.931787326932,-2.8));
#7366=CARTESIAN_POINT('Ctrl Pts',(27.23124217242,15.9058666974306,-3.));
#7367=CARTESIAN_POINT('Ctrl Pts',(27.23124217242,15.9058666974306,-2.8));
#7368=CARTESIAN_POINT('Ctrl Pts',(27.3206146253614,15.7560726695655,-3.));
#7369=CARTESIAN_POINT('Ctrl Pts',(27.3206146253614,15.7560726695655,-2.8));
#7370=CARTESIAN_POINT('Ctrl Pts',(27.4970404511939,15.460371542416,-3.));
#7371=CARTESIAN_POINT('Ctrl Pts',(27.4970404511939,15.460371542416,-2.8));
#7372=CARTESIAN_POINT('Ctrl Pts',(27.7849504231292,15.2717757966551,-3.));
#7373=CARTESIAN_POINT('Ctrl Pts',(27.7849504231292,15.2717757966551,-2.8));
#7374=CARTESIAN_POINT('Ctrl Pts',(27.9270131513476,15.1787174493074,-3.));
#7375=CARTESIAN_POINT('Ctrl Pts',(27.9270131513476,15.1787174493074,-2.8));
#7376=CARTESIAN_POINT('',(27.23124217242,15.9058666974306,-3.));
#7377=CARTESIAN_POINT('Ctrl Pts',(27.23124217242,15.9058666974306,-3.));
#7378=CARTESIAN_POINT('Ctrl Pts',(27.3206146253614,15.7560726695655,-3.));
#7379=CARTESIAN_POINT('Ctrl Pts',(27.4970404511939,15.460371542416,-3.));
#7380=CARTESIAN_POINT('Ctrl Pts',(27.7849504231292,15.2717757966551,-3.));
#7381=CARTESIAN_POINT('Ctrl Pts',(27.9270131513476,15.1787174493074,-3.));
#7382=CARTESIAN_POINT('',(27.23124217242,15.9058666974306,-2.8));
#7383=CARTESIAN_POINT('',(27.23124217242,15.9058666974306,-3.));
#7384=CARTESIAN_POINT('Ctrl Pts',(27.23124217242,15.9058666974306,-2.8));
#7385=CARTESIAN_POINT('Ctrl Pts',(27.3206146253614,15.7560726695655,-2.8));
#7386=CARTESIAN_POINT('Ctrl Pts',(27.4970404511939,15.460371542416,-2.8));
#7387=CARTESIAN_POINT('Ctrl Pts',(27.7849504231292,15.2717757966551,-2.8));
#7388=CARTESIAN_POINT('Ctrl Pts',(27.9270131513476,15.1787174493074,-2.8));
#7389=CARTESIAN_POINT('Ctrl Pts',(26.9856761023402,16.9945431500673,-3.));
#7390=CARTESIAN_POINT('Ctrl Pts',(26.9856761023402,16.9945431500673,-2.8));
#7391=CARTESIAN_POINT('Ctrl Pts',(26.9945610708835,16.7997526793337,-3.));
#7392=CARTESIAN_POINT('Ctrl Pts',(26.9945610708835,16.7997526793337,-2.8));
#7393=CARTESIAN_POINT('Ctrl Pts',(27.0117902536892,16.4220270168601,-3.));
#7394=CARTESIAN_POINT('Ctrl Pts',(27.0117902536892,16.4220270168601,-2.8));
#7395=CARTESIAN_POINT('Ctrl Pts',(27.1596383168467,16.0742820349627,-3.));
#7396=CARTESIAN_POINT('Ctrl Pts',(27.1596383168467,16.0742820349627,-2.8));
#7397=CARTESIAN_POINT('Ctrl Pts',(27.23124217242,15.9058666974306,-3.));
#7398=CARTESIAN_POINT('Ctrl Pts',(27.23124217242,15.9058666974306,-2.8));
#7399=CARTESIAN_POINT('',(26.9856761023402,16.9945431500673,-3.));
#7400=CARTESIAN_POINT('Ctrl Pts',(26.9856761023402,16.9945431500673,-3.));
#7401=CARTESIAN_POINT('Ctrl Pts',(26.9945610708835,16.7997526793337,-3.));
#7402=CARTESIAN_POINT('Ctrl Pts',(27.0117902536892,16.4220270168601,-3.));
#7403=CARTESIAN_POINT('Ctrl Pts',(27.1596383168467,16.0742820349627,-3.));
#7404=CARTESIAN_POINT('Ctrl Pts',(27.23124217242,15.9058666974306,-3.));
#7405=CARTESIAN_POINT('',(26.9856761023402,16.9945431500673,-2.8));
#7406=CARTESIAN_POINT('',(26.9856761023402,16.9945431500673,-3.));
#7407=CARTESIAN_POINT('Ctrl Pts',(26.9856761023402,16.9945431500673,-2.8));
#7408=CARTESIAN_POINT('Ctrl Pts',(26.9945610708835,16.7997526793337,-2.8));
#7409=CARTESIAN_POINT('Ctrl Pts',(27.0117902536892,16.4220270168601,-2.8));
#7410=CARTESIAN_POINT('Ctrl Pts',(27.1596383168467,16.0742820349627,-2.8));
#7411=CARTESIAN_POINT('Ctrl Pts',(27.23124217242,15.9058666974306,-2.8));
#7412=CARTESIAN_POINT('Ctrl Pts',(27.2189639136195,18.0682129412889,-3.));
#7413=CARTESIAN_POINT('Ctrl Pts',(27.2189639136195,18.0682129412889,-2.8));
#7414=CARTESIAN_POINT('Ctrl Pts',(27.1509426570489,17.9019876850116,-3.));
#7415=CARTESIAN_POINT('Ctrl Pts',(27.1509426570489,17.9019876850116,-2.8));
#7416=CARTESIAN_POINT('Ctrl Pts',(27.0101951431618,17.5580394437442,-3.));
#7417=CARTESIAN_POINT('Ctrl Pts',(27.0101951431618,17.5580394437442,-2.8));
#7418=CARTESIAN_POINT('Ctrl Pts',(26.9940292506539,17.1865151015617,-3.));
#7419=CARTESIAN_POINT('Ctrl Pts',(26.9940292506539,17.1865151015617,-2.8));
#7420=CARTESIAN_POINT('Ctrl Pts',(26.9856761023402,16.9945431500673,-3.));
#7421=CARTESIAN_POINT('Ctrl Pts',(26.9856761023402,16.9945431500673,-2.8));
#7422=CARTESIAN_POINT('',(27.2189639136195,18.0682129412889,-3.));
#7423=CARTESIAN_POINT('Ctrl Pts',(27.2189639136195,18.0682129412889,-3.));
#7424=CARTESIAN_POINT('Ctrl Pts',(27.1509426570489,17.9019876850116,-3.));
#7425=CARTESIAN_POINT('Ctrl Pts',(27.0101951431618,17.5580394437442,-3.));
#7426=CARTESIAN_POINT('Ctrl Pts',(26.9940292506539,17.1865151015617,-3.));
#7427=CARTESIAN_POINT('Ctrl Pts',(26.9856761023402,16.9945431500673,-3.));
#7428=CARTESIAN_POINT('',(27.2189639136195,18.0682129412889,-2.8));
#7429=CARTESIAN_POINT('',(27.2189639136195,18.0682129412889,-3.));
#7430=CARTESIAN_POINT('Ctrl Pts',(27.2189639136195,18.0682129412889,-2.8));
#7431=CARTESIAN_POINT('Ctrl Pts',(27.1509426570489,17.9019876850116,-2.8));
#7432=CARTESIAN_POINT('Ctrl Pts',(27.0101951431618,17.5580394437442,-2.8));
#7433=CARTESIAN_POINT('Ctrl Pts',(26.9940292506539,17.1865151015617,-2.8));
#7434=CARTESIAN_POINT('Ctrl Pts',(26.9856761023402,16.9945431500673,-2.8));
#7435=CARTESIAN_POINT('Ctrl Pts',(27.8969995304942,18.8062757998705,-3.));
#7436=CARTESIAN_POINT('Ctrl Pts',(27.8969995304942,18.8062757998705,-2.8));
#7437=CARTESIAN_POINT('Ctrl Pts',(27.7573613515517,18.7089500533781,-3.));
#7438=CARTESIAN_POINT('Ctrl Pts',(27.7573613515517,18.7089500533781,-2.8));
#7439=CARTESIAN_POINT('Ctrl Pts',(27.4766247757658,18.5132808101024,-3.));
#7440=CARTESIAN_POINT('Ctrl Pts',(27.4766247757658,18.5132808101024,-2.8));
#7441=CARTESIAN_POINT('Ctrl Pts',(27.3051481727186,18.217082444414,-3.));
#7442=CARTESIAN_POINT('Ctrl Pts',(27.3051481727186,18.217082444414,-2.8));
#7443=CARTESIAN_POINT('Ctrl Pts',(27.2189639136195,18.0682129412889,-3.));
#7444=CARTESIAN_POINT('Ctrl Pts',(27.2189639136195,18.0682129412889,-2.8));
#7445=CARTESIAN_POINT('',(27.8969995304942,18.8062757998705,-3.));
#7446=CARTESIAN_POINT('Ctrl Pts',(27.8969995304942,18.8062757998705,-3.));
#7447=CARTESIAN_POINT('Ctrl Pts',(27.7573613515517,18.7089500533781,-3.));
#7448=CARTESIAN_POINT('Ctrl Pts',(27.4766247757658,18.5132808101024,-3.));
#7449=CARTESIAN_POINT('Ctrl Pts',(27.3051481727186,18.217082444414,-3.));
#7450=CARTESIAN_POINT('Ctrl Pts',(27.2189639136195,18.0682129412889,-3.));
#7451=CARTESIAN_POINT('',(27.8969995304942,18.8062757998705,-2.8));
#7452=CARTESIAN_POINT('',(27.8969995304942,18.8062757998705,-3.));
#7453=CARTESIAN_POINT('Ctrl Pts',(27.8969995304942,18.8062757998705,-2.8));
#7454=CARTESIAN_POINT('Ctrl Pts',(27.7573613515517,18.7089500533781,-2.8));
#7455=CARTESIAN_POINT('Ctrl Pts',(27.4766247757658,18.5132808101024,-2.8));
#7456=CARTESIAN_POINT('Ctrl Pts',(27.3051481727186,18.217082444414,-2.8));
#7457=CARTESIAN_POINT('Ctrl Pts',(27.2189639136195,18.0682129412889,-2.8));
#7458=CARTESIAN_POINT('Ctrl Pts',(28.8956352695823,19.0709412842989,-3.));
#7459=CARTESIAN_POINT('Ctrl Pts',(28.8956352695823,19.0709412842989,-2.8));
#7460=CARTESIAN_POINT('Ctrl Pts',(28.7169320445025,19.0607249278874,-3.));
#7461=CARTESIAN_POINT('Ctrl Pts',(28.7169320445025,19.0607249278874,-2.8));
#7462=CARTESIAN_POINT('Ctrl Pts',(28.3658127078726,19.0406516455816,-3.));
#7463=CARTESIAN_POINT('Ctrl Pts',(28.3658127078726,19.0406516455816,-2.8));
#7464=CARTESIAN_POINT('Ctrl Pts',(28.0513939375359,18.8834628787956,-3.));
#7465=CARTESIAN_POINT('Ctrl Pts',(28.0513939375359,18.8834628787956,-2.8));
#7466=CARTESIAN_POINT('Ctrl Pts',(27.8969995304942,18.8062757998705,-3.));
#7467=CARTESIAN_POINT('Ctrl Pts',(27.8969995304942,18.8062757998705,-2.8));
#7468=CARTESIAN_POINT('',(28.8956352695823,19.0709412842989,-3.));
#7469=CARTESIAN_POINT('Ctrl Pts',(28.8956352695823,19.0709412842989,-3.));
#7470=CARTESIAN_POINT('Ctrl Pts',(28.7169320445025,19.0607249278874,-3.));
#7471=CARTESIAN_POINT('Ctrl Pts',(28.3658127078726,19.0406516455816,-3.));
#7472=CARTESIAN_POINT('Ctrl Pts',(28.0513939375359,18.8834628787956,-3.));
#7473=CARTESIAN_POINT('Ctrl Pts',(27.8969995304942,18.8062757998705,-3.));
#7474=CARTESIAN_POINT('',(28.8956352695823,19.0709412842989,-2.8));
#7475=CARTESIAN_POINT('',(28.8956352695823,19.0709412842989,-3.));
#7476=CARTESIAN_POINT('Ctrl Pts',(28.8956352695823,19.0709412842989,-2.8));
#7477=CARTESIAN_POINT('Ctrl Pts',(28.7169320445025,19.0607249278874,-2.8));
#7478=CARTESIAN_POINT('Ctrl Pts',(28.3658127078726,19.0406516455816,-2.8));
#7479=CARTESIAN_POINT('Ctrl Pts',(28.0513939375359,18.8834628787956,-2.8));
#7480=CARTESIAN_POINT('Ctrl Pts',(27.8969995304942,18.8062757998705,-2.8));
#7481=CARTESIAN_POINT('Ctrl Pts',(30.2762628719211,18.5075033456087,-3.));
#7482=CARTESIAN_POINT('Ctrl Pts',(30.2762628719211,18.5075033456087,-2.8));
#7483=CARTESIAN_POINT('Ctrl Pts',(30.0817907087053,18.6718128385948,-3.));
#7484=CARTESIAN_POINT('Ctrl Pts',(30.0817907087053,18.6718128385948,-2.8));
#7485=CARTESIAN_POINT('Ctrl Pts',(29.6832519394459,19.0085381674516,-3.));
#7486=CARTESIAN_POINT('Ctrl Pts',(29.6832519394459,19.0085381674516,-2.8));
#7487=CARTESIAN_POINT('Ctrl Pts',(29.1623541991995,19.0498090594906,-3.));
#7488=CARTESIAN_POINT('Ctrl Pts',(29.1623541991995,19.0498090594906,-2.8));
#7489=CARTESIAN_POINT('Ctrl Pts',(28.8956352695823,19.0709412842989,-3.));
#7490=CARTESIAN_POINT('Ctrl Pts',(28.8956352695823,19.0709412842989,-2.8));
#7491=CARTESIAN_POINT('',(30.2762628719211,18.5075033456087,-3.));
#7492=CARTESIAN_POINT('Ctrl Pts',(30.2762628719211,18.5075033456087,-3.));
#7493=CARTESIAN_POINT('Ctrl Pts',(30.0817907087053,18.6718128385948,-3.));
#7494=CARTESIAN_POINT('Ctrl Pts',(29.6832519394459,19.0085381674516,-3.));
#7495=CARTESIAN_POINT('Ctrl Pts',(29.1623541991995,19.0498090594906,-3.));
#7496=CARTESIAN_POINT('Ctrl Pts',(28.8956352695823,19.0709412842989,-3.));
#7497=CARTESIAN_POINT('',(30.2762628719211,18.5075033456087,-2.8));
#7498=CARTESIAN_POINT('',(30.2762628719211,18.5075033456087,-3.));
#7499=CARTESIAN_POINT('Ctrl Pts',(30.2762628719211,18.5075033456087,-2.8));
#7500=CARTESIAN_POINT('Ctrl Pts',(30.0817907087053,18.6718128385948,-2.8));
#7501=CARTESIAN_POINT('Ctrl Pts',(29.6832519394459,19.0085381674516,-2.8));
#7502=CARTESIAN_POINT('Ctrl Pts',(29.1623541991995,19.0498090594906,-2.8));
#7503=CARTESIAN_POINT('Ctrl Pts',(28.8956352695823,19.0709412842989,-2.8));
#7504=CARTESIAN_POINT('Ctrl Pts',(30.8110513538122,16.9481582194567,-3.));
#7505=CARTESIAN_POINT('Ctrl Pts',(30.8110513538122,16.9481582194567,-2.8));
#7506=CARTESIAN_POINT('Ctrl Pts',(30.7955803340604,17.2545090300222,-3.));
#7507=CARTESIAN_POINT('Ctrl Pts',(30.7955803340604,17.2545090300222,-2.8));
#7508=CARTESIAN_POINT('Ctrl Pts',(30.766630070876,17.8277703104624,-3.));
#7509=CARTESIAN_POINT('Ctrl Pts',(30.766630070876,17.8277703104624,-2.8));
#7510=CARTESIAN_POINT('Ctrl Pts',(30.4320454716516,18.2915619458505,-3.));
#7511=CARTESIAN_POINT('Ctrl Pts',(30.4320454716516,18.2915619458505,-2.8));
#7512=CARTESIAN_POINT('Ctrl Pts',(30.2762628719211,18.5075033456087,-3.));
#7513=CARTESIAN_POINT('Ctrl Pts',(30.2762628719211,18.5075033456087,-2.8));
#7514=CARTESIAN_POINT('',(30.8110513538122,16.9481582194567,-3.));
#7515=CARTESIAN_POINT('Ctrl Pts',(30.8110513538122,16.9481582194567,-3.));
#7516=CARTESIAN_POINT('Ctrl Pts',(30.7955803340604,17.2545090300222,-3.));
#7517=CARTESIAN_POINT('Ctrl Pts',(30.766630070876,17.8277703104624,-3.));
#7518=CARTESIAN_POINT('Ctrl Pts',(30.4320454716516,18.2915619458505,-3.));
#7519=CARTESIAN_POINT('Ctrl Pts',(30.2762628719211,18.5075033456087,-3.));
#7520=CARTESIAN_POINT('',(30.8110513538122,16.9481582194567,-2.8));
#7521=CARTESIAN_POINT('',(30.8110513538122,16.9481582194567,-3.));
#7522=CARTESIAN_POINT('Ctrl Pts',(30.8110513538122,16.9481582194567,-2.8));
#7523=CARTESIAN_POINT('Ctrl Pts',(30.7955803340604,17.2545090300222,-2.8));
#7524=CARTESIAN_POINT('Ctrl Pts',(30.766630070876,17.8277703104624,-2.8));
#7525=CARTESIAN_POINT('Ctrl Pts',(30.4320454716516,18.2915619458505,-2.8));
#7526=CARTESIAN_POINT('Ctrl Pts',(30.2762628719211,18.5075033456087,-2.8));
#7527=CARTESIAN_POINT('Ctrl Pts',(30.5818562582135,15.949522331357,-3.));
#7528=CARTESIAN_POINT('Ctrl Pts',(30.5818562582135,15.949522331357,-2.8));
#7529=CARTESIAN_POINT('Ctrl Pts',(30.6487048161266,16.1092212890192,-3.));
#7530=CARTESIAN_POINT('Ctrl Pts',(30.6487048161266,16.1092212890192,-2.8));
#7531=CARTESIAN_POINT('Ctrl Pts',(30.7825255769819,16.4289145881619,-3.));
#7532=CARTESIAN_POINT('Ctrl Pts',(30.7825255769819,16.4289145881619,-2.8));
#7533=CARTESIAN_POINT('Ctrl Pts',(30.8015369062996,16.7749704284412,-3.));
#7534=CARTESIAN_POINT('Ctrl Pts',(30.8015369062996,16.7749704284412,-2.8));
#7535=CARTESIAN_POINT('Ctrl Pts',(30.8110513538122,16.9481582194567,-3.));
#7536=CARTESIAN_POINT('Ctrl Pts',(30.8110513538122,16.9481582194567,-2.8));
#7537=CARTESIAN_POINT('Ctrl Pts',(30.5818562582135,15.949522331357,-3.));
#7538=CARTESIAN_POINT('Ctrl Pts',(30.6487048161266,16.1092212890192,-3.));
#7539=CARTESIAN_POINT('Ctrl Pts',(30.7825255769819,16.4289145881619,-3.));
#7540=CARTESIAN_POINT('Ctrl Pts',(30.8015369062996,16.7749704284412,-3.));
#7541=CARTESIAN_POINT('Ctrl Pts',(30.8110513538122,16.9481582194567,-3.));
#7542=CARTESIAN_POINT('Ctrl Pts',(30.5818562582135,15.949522331357,-2.8));
#7543=CARTESIAN_POINT('Ctrl Pts',(30.6487048161266,16.1092212890192,-2.8));
#7544=CARTESIAN_POINT('Ctrl Pts',(30.7825255769819,16.4289145881619,-2.8));
#7545=CARTESIAN_POINT('Ctrl Pts',(30.8015369062996,16.7749704284412,-2.8));
#7546=CARTESIAN_POINT('Ctrl Pts',(30.8110513538122,16.9481582194567,-2.8));
#7547=CARTESIAN_POINT('Origin',(19.5000015385449,17.0013643056154,-2.8));
#7548=CARTESIAN_POINT('Origin',(40.481,13.047,-3.));
#7549=CARTESIAN_POINT('',(44.3,54.744,-3.));
#7550=CARTESIAN_POINT('',(-9.50000000000001,54.744,-3.));
#7551=CARTESIAN_POINT('',(14.9905,54.744,-3.));
#7552=CARTESIAN_POINT('',(44.3,23.744,-3.));
#7553=CARTESIAN_POINT('',(44.3,34.3955,-3.));
#7554=CARTESIAN_POINT('',(82.463,23.744,-3.));
#7555=CARTESIAN_POINT('',(42.8905,23.744,-3.));
#7556=CARTESIAN_POINT('',(82.463,54.744,-3.));
#7557=CARTESIAN_POINT('',(82.463,18.8955,-3.));
#7558=CARTESIAN_POINT('',(90.463,54.744,-3.));
#7559=CARTESIAN_POINT('',(60.972,54.744,-3.));
#7560=CARTESIAN_POINT('',(90.463,-9.5,-3.));
#7561=CARTESIAN_POINT('',(90.463,34.3955,-3.));
#7562=CARTESIAN_POINT('',(-9.5,-9.5,-3.));
#7563=CARTESIAN_POINT('',(65.972,-9.5,-3.));
#7564=CARTESIAN_POINT('',(-9.5,1.2735,-3.));
#7565=CARTESIAN_POINT('Origin',(40.481,13.047,-3.));
#7566=CARTESIAN_POINT('Origin',(40.481,13.047,-3.));
#7567=CARTESIAN_POINT('Origin',(40.481,13.047,-3.));
#7568=CARTESIAN_POINT('Origin',(45.3,54.744,-2.));
#7569=CARTESIAN_POINT('',(44.3,55.744,-2.));
#7570=CARTESIAN_POINT('',(44.3,55.744,-2.));
#7571=CARTESIAN_POINT('',(45.3,54.744,-2.));
#7572=CARTESIAN_POINT('',(45.3,54.744,-2.));
#7573=CARTESIAN_POINT('',(44.3,54.744,-3.));
#7574=CARTESIAN_POINT('Origin',(44.8,55.244,0.));
#7575=CARTESIAN_POINT('',(44.3,55.744,9.));
#7576=CARTESIAN_POINT('',(45.3,54.744,9.));
#7577=CARTESIAN_POINT('',(51.875875,48.168125,9.));
#7578=CARTESIAN_POINT('',(45.3,54.744,0.));
#7579=CARTESIAN_POINT('',(44.3,55.744,0.));
#7580=CARTESIAN_POINT('Origin',(-9.50000000000001,55.744,-2.));
#7581=CARTESIAN_POINT('',(-10.5,54.744,-2.));
#7582=CARTESIAN_POINT('',(-10.5,54.744,-2.));
#7583=CARTESIAN_POINT('',(-9.50000000000001,55.744,-2.));
#7584=CARTESIAN_POINT('',(-9.50000000000001,55.744,-2.));
#7585=CARTESIAN_POINT('',(-9.50000000000001,54.744,-3.));
#7586=CARTESIAN_POINT('Origin',(-10.,55.244,0.));
#7587=CARTESIAN_POINT('',(-10.5,54.744,9.));
#7588=CARTESIAN_POINT('',(-9.50000000000001,55.744,9.));
#7589=CARTESIAN_POINT('',(-5.53512499999997,59.708875,9.));
#7590=CARTESIAN_POINT('',(-9.50000000000001,55.744,0.));
#7591=CARTESIAN_POINT('',(-10.5,54.744,0.));
#7592=CARTESIAN_POINT('Origin',(14.9905,55.244,-2.5));
#7593=CARTESIAN_POINT('',(14.9905,55.744,-2.));
#7594=CARTESIAN_POINT('Origin',(-10.5,-9.5,-2.));
#7595=CARTESIAN_POINT('',(-9.49999999999999,-10.5,-2.));
#7596=CARTESIAN_POINT('',(-9.49999999999999,-10.5,-2.));
#7597=CARTESIAN_POINT('',(-10.5,-9.5,-2.));
#7598=CARTESIAN_POINT('',(-10.5,-9.5,-2.));
#7599=CARTESIAN_POINT('',(-9.5,-9.5,-3.));
#7600=CARTESIAN_POINT('Origin',(-10.,-10.,0.));
#7601=CARTESIAN_POINT('',(-9.49999999999999,-10.5,9.));
#7602=CARTESIAN_POINT('',(-10.5,-9.5,9.));
#7603=CARTESIAN_POINT('',(-5.53512499999995,-14.464875,9.));
#7604=CARTESIAN_POINT('',(-10.5,-9.5,0.));
#7605=CARTESIAN_POINT('',(-9.49999999999999,-10.5,0.));
#7606=CARTESIAN_POINT('Origin',(-10.,1.2735,-2.5));
#7607=CARTESIAN_POINT('',(-10.5,1.2735,-2.));
#7608=CARTESIAN_POINT('Origin',(90.463,-10.5,-2.));
#7609=CARTESIAN_POINT('',(91.463,-9.5,-2.));
#7610=CARTESIAN_POINT('',(91.463,-9.5,-2.));
#7611=CARTESIAN_POINT('',(90.463,-10.5,-2.));
#7612=CARTESIAN_POINT('',(90.463,-10.5,-2.));
#7613=CARTESIAN_POINT('',(90.463,-9.5,-3.));
#7614=CARTESIAN_POINT('Origin',(90.963,-10.,0.));
#7615=CARTESIAN_POINT('',(91.463,-9.5,9.));
#7616=CARTESIAN_POINT('',(90.463,-10.5,9.));
#7617=CARTESIAN_POINT('',(86.498125,-14.464875,9.));
#7618=CARTESIAN_POINT('',(90.463,-10.5,0.));
#7619=CARTESIAN_POINT('',(91.463,-9.5,0.));
#7620=CARTESIAN_POINT('Origin',(65.972,-10.,-2.5));
#7621=CARTESIAN_POINT('',(65.972,-10.5,-2.));
#7622=CARTESIAN_POINT('Origin',(82.463,55.744,-2.));
#7623=CARTESIAN_POINT('',(81.463,54.744,-2.));
#7624=CARTESIAN_POINT('',(81.463,54.744,-2.));
#7625=CARTESIAN_POINT('',(82.463,55.744,-2.));
#7626=CARTESIAN_POINT('',(82.463,55.744,-2.));
#7627=CARTESIAN_POINT('',(82.463,54.744,-3.));
#7628=CARTESIAN_POINT('Origin',(81.963,55.244,0.));
#7629=CARTESIAN_POINT('',(81.463,54.744,9.));
#7630=CARTESIAN_POINT('',(82.463,55.744,9.));
#7631=CARTESIAN_POINT('',(63.437125,36.718125,9.));
#7632=CARTESIAN_POINT('',(82.463,55.744,0.));
#7633=CARTESIAN_POINT('',(81.463,54.744,0.));
#7634=CARTESIAN_POINT('Origin',(91.463,54.744,-2.));
#7635=CARTESIAN_POINT('',(90.463,55.744,-2.));
#7636=CARTESIAN_POINT('',(90.463,55.744,-2.));
#7637=CARTESIAN_POINT('',(91.463,54.744,-2.));
#7638=CARTESIAN_POINT('',(91.463,54.744,-2.));
#7639=CARTESIAN_POINT('',(90.463,54.744,-3.));
#7640=CARTESIAN_POINT('Origin',(90.963,55.244,0.));
#7641=CARTESIAN_POINT('',(90.463,55.744,9.));
#7642=CARTESIAN_POINT('',(91.463,54.744,9.));
#7643=CARTESIAN_POINT('',(86.4981249999998,59.7088750000001,9.));
#7644=CARTESIAN_POINT('',(91.463,54.744,0.));
#7645=CARTESIAN_POINT('',(90.463,55.744,0.));
#7646=CARTESIAN_POINT('Origin',(90.963,34.3955,-2.5));
#7647=CARTESIAN_POINT('',(91.463,34.3955,-2.));
#7648=CARTESIAN_POINT('Origin',(60.972,55.244,-2.5));
#7649=CARTESIAN_POINT('',(60.972,55.744,-2.));
#7650=CARTESIAN_POINT('Origin',(81.963,18.8955,-2.5));
#7651=CARTESIAN_POINT('',(81.463,24.744,-2.));
#7652=CARTESIAN_POINT('',(81.463,18.8955,-2.));
#7653=CARTESIAN_POINT('',(82.463,23.744,-3.));
#7654=CARTESIAN_POINT('Origin',(42.8905,24.244,-2.5));
#7655=CARTESIAN_POINT('',(45.3,24.744,-2.));
#7656=CARTESIAN_POINT('',(42.8905,24.744,-2.));
#7657=CARTESIAN_POINT('',(44.3,23.744,-3.));
#7658=CARTESIAN_POINT('Origin',(44.8,34.3955,-2.5));
#7659=CARTESIAN_POINT('',(45.3,34.3955,-2.));
#7660=CARTESIAN_POINT('Origin',(-10.5,-10.5,0.));
#7661=CARTESIAN_POINT('',(-10.5,55.744,9.));
#7662=CARTESIAN_POINT('Origin',(91.463,-10.5,0.));
#7663=CARTESIAN_POINT('',(-10.5,-10.5,9.));
#7664=CARTESIAN_POINT('Origin',(91.463,55.744,0.));
#7665=CARTESIAN_POINT('',(91.463,-10.5,9.));
#7666=CARTESIAN_POINT('Origin',(40.4815,22.622,9.));
#7667=CARTESIAN_POINT('',(91.463,55.744,9.));
#7668=CARTESIAN_POINT('',(81.463,-0.499999999999998,9.));
#7669=CARTESIAN_POINT('',(81.463,45.744,9.));
#7670=CARTESIAN_POINT('',(-0.5,-0.499999999999998,9.));
#7671=CARTESIAN_POINT('',(-0.5,-0.5,9.));
#7672=CARTESIAN_POINT('',(-0.500000000000007,45.744,9.));
#7673=CARTESIAN_POINT('',(-0.500000000000007,45.744,9.));
#7674=CARTESIAN_POINT('',(45.3,45.744,9.));
#7675=CARTESIAN_POINT('',(45.3,45.744,9.));
#7676=CARTESIAN_POINT('',(45.3,55.744,9.));
#7677=CARTESIAN_POINT('',(45.3,55.744,9.));
#7678=CARTESIAN_POINT('',(84.7616681698284,50.7317672316321,9.));
#7679=CARTESIAN_POINT('Origin',(86.4616681698284,50.7317672316321,9.));
#7680=CARTESIAN_POINT('',(84.7616681698284,-5.48776723163215,9.));
#7681=CARTESIAN_POINT('Origin',(86.4616681698284,-5.48776723163215,9.));
#7682=CARTESIAN_POINT('',(-7.2,-5.5,9.));
#7683=CARTESIAN_POINT('Origin',(-5.5,-5.5,9.));
#7684=CARTESIAN_POINT('',(-7.2,50.744,9.));
#7685=CARTESIAN_POINT('Origin',(-5.5,50.744,9.));
#7686=CARTESIAN_POINT('Origin',(40.481,13.047,-3.));
#7687=CARTESIAN_POINT('Origin',(86.4616681698284,50.7317672316321,0.));
#7688=CARTESIAN_POINT('',(84.7616681698284,50.7317672316321,0.));
#7689=CARTESIAN_POINT('',(84.7616681698284,50.7317672316321,0.));
#7690=CARTESIAN_POINT('Origin',(86.4616681698284,50.7317672316321,0.));
#7691=CARTESIAN_POINT('Origin',(86.4616681698284,-5.48776723163215,0.));
#7692=CARTESIAN_POINT('',(84.7616681698284,-5.48776723163215,0.));
#7693=CARTESIAN_POINT('',(84.7616681698284,-5.48776723163215,0.));
#7694=CARTESIAN_POINT('Origin',(86.4616681698284,-5.48776723163215,0.));
#7695=CARTESIAN_POINT('Origin',(-5.5,-5.5,0.));
#7696=CARTESIAN_POINT('',(-7.2,-5.5,0.));
#7697=CARTESIAN_POINT('',(-7.2,-5.5,0.));
#7698=CARTESIAN_POINT('Origin',(-5.5,-5.5,0.));
#7699=CARTESIAN_POINT('Origin',(-5.5,50.744,0.));
#7700=CARTESIAN_POINT('',(-7.2,50.744,0.));
#7701=CARTESIAN_POINT('',(-7.2,50.744,0.));
#7702=CARTESIAN_POINT('Origin',(-5.5,50.744,0.));
#7703=CARTESIAN_POINT('Origin',(-0.500000000000007,45.744,0.));
#7704=CARTESIAN_POINT('',(45.3,45.744,0.));
#7705=CARTESIAN_POINT('',(-0.500000000000007,45.744,0.));
#7706=CARTESIAN_POINT('',(19.9905,45.744,0.));
#7707=CARTESIAN_POINT('',(45.3,45.744,0.));
#7708=CARTESIAN_POINT('',(-0.500000000000007,45.744,0.));
#7709=CARTESIAN_POINT('Origin',(-0.5,-0.499999999999998,0.));
#7710=CARTESIAN_POINT('',(-0.5,-0.499999999999998,0.));
#7711=CARTESIAN_POINT('',(-0.499999999999998,6.2735,0.));
#7712=CARTESIAN_POINT('',(-0.5,-0.499999999999998,0.));
#7713=CARTESIAN_POINT('Origin',(81.463,-0.5,0.));
#7714=CARTESIAN_POINT('',(81.463,-0.5,0.));
#7715=CARTESIAN_POINT('',(60.972,-0.5,0.));
#7716=CARTESIAN_POINT('',(81.463,-0.5,0.));
#7717=CARTESIAN_POINT('Origin',(40.481,13.047,0.));
#7718=CARTESIAN_POINT('Origin',(40.481,13.047,0.));
#7719=CARTESIAN_POINT('Origin',(40.481,13.047,0.));
#7720=CARTESIAN_POINT('Origin',(40.481,13.047,0.));
#7721=CARTESIAN_POINT('Origin',(-10.5,55.744,0.));
#7722=CARTESIAN_POINT('Origin',(81.463,55.744,0.));
#7723=CARTESIAN_POINT('Origin',(81.463,24.744,0.));
#7724=CARTESIAN_POINT('',(81.463,24.744,0.));
#7725=CARTESIAN_POINT('',(81.463,24.744,0.));
#7726=CARTESIAN_POINT('',(81.463,34.3955,0.));
#7727=CARTESIAN_POINT('Origin',(45.3,24.744,0.));
#7728=CARTESIAN_POINT('',(45.3,24.744,0.));
#7729=CARTESIAN_POINT('',(45.3,24.744,0.));
#7730=CARTESIAN_POINT('',(80.963,24.744,0.));
#7731=CARTESIAN_POINT('Origin',(45.3,55.744,0.));
#7732=CARTESIAN_POINT('',(45.3,55.744,0.));
#7733=CARTESIAN_POINT('Origin',(40.481,13.047,0.));
#7734=UNCERTAINTY_MEASURE_WITH_UNIT(LENGTH_MEASURE(0.01),#7738,
'DISTANCE_ACCURACY_VALUE',
'Maximum model space distance between geometric entities at asserted c
onnectivities');
#7735=UNCERTAINTY_MEASURE_WITH_UNIT(LENGTH_MEASURE(0.01),#7738,
'DISTANCE_ACCURACY_VALUE',
'Maximum model space distance between geometric entities at asserted c
onnectivities');
#7736=(
GEOMETRIC_REPRESENTATION_CONTEXT(3)
GLOBAL_UNCERTAINTY_ASSIGNED_CONTEXT((#7734))
GLOBAL_UNIT_ASSIGNED_CONTEXT((#7738,#7740,#7741))
REPRESENTATION_CONTEXT('','3D')
);
#7737=(
GEOMETRIC_REPRESENTATION_CONTEXT(3)
GLOBAL_UNCERTAINTY_ASSIGNED_CONTEXT((#7735))
GLOBAL_UNIT_ASSIGNED_CONTEXT((#7738,#7740,#7741))
REPRESENTATION_CONTEXT('','3D')
);
#7738=(
LENGTH_UNIT()
NAMED_UNIT(*)
SI_UNIT(.MILLI.,.METRE.)
);
#7739=(
LENGTH_UNIT()
NAMED_UNIT(*)
SI_UNIT($,.METRE.)
);
#7740=(
NAMED_UNIT(*)
PLANE_ANGLE_UNIT()
SI_UNIT($,.RADIAN.)
);
#7741=(
NAMED_UNIT(*)
SI_UNIT($,.STERADIAN.)
SOLID_ANGLE_UNIT()
);
#7742=SHAPE_DEFINITION_REPRESENTATION(#7743,#7744);
#7743=PRODUCT_DEFINITION_SHAPE('',$,#7746);
#7744=SHAPE_REPRESENTATION('',(#3874),#7736);
#7745=PRODUCT_DEFINITION_CONTEXT('part definition',#7750,'design');
#7746=PRODUCT_DEFINITION('osupad','osupad v4',#7747,#7745);
#7747=PRODUCT_DEFINITION_FORMATION('',$,#7752);
#7748=PRODUCT_RELATED_PRODUCT_CATEGORY('osupad v4','osupad v4',(#7752));
#7749=APPLICATION_PROTOCOL_DEFINITION('international standard',
'automotive_design',2009,#7750);
#7750=APPLICATION_CONTEXT(
'Core Data for Automotive Mechanical Design Process');
#7751=PRODUCT_CONTEXT('part definition',#7750,'mechanical');
#7752=PRODUCT('osupad','osupad v4',$,(#7751));
#7753=PRESENTATION_STYLE_ASSIGNMENT((#7756));
#7754=PRESENTATION_STYLE_ASSIGNMENT((#7757));
#7755=PRESENTATION_STYLE_ASSIGNMENT((#7758));
#7756=SURFACE_STYLE_USAGE(.BOTH.,#7759);
#7757=SURFACE_STYLE_USAGE(.BOTH.,#7760);
#7758=SURFACE_STYLE_USAGE(.BOTH.,#7761);
#7759=SURFACE_SIDE_STYLE('',(#7762));
#7760=SURFACE_SIDE_STYLE('',(#7763));
#7761=SURFACE_SIDE_STYLE('',(#7764));
#7762=SURFACE_STYLE_FILL_AREA(#7765);
#7763=SURFACE_STYLE_FILL_AREA(#7766);
#7764=SURFACE_STYLE_FILL_AREA(#7767);
#7765=FILL_AREA_STYLE('Steel - Satin',(#7768));
#7766=FILL_AREA_STYLE('ABS (White) (1)',(#7769));
#7767=FILL_AREA_STYLE('Aluminum - Anodized Glossy (Blue)',(#7770));
#7768=FILL_AREA_STYLE_COLOUR('Steel - Satin',#7771);
#7769=FILL_AREA_STYLE_COLOUR('ABS (White) (1)',#7772);
#7770=FILL_AREA_STYLE_COLOUR('Aluminum - Anodized Glossy (Blue)',#7773);
#7771=COLOUR_RGB('Steel - Satin',0.627450980392157,0.627450980392157,0.627450980392157);
#7772=COLOUR_RGB('ABS (White) (1)',0.290196078431373,0.290196078431373,
0.290196078431373);
#7773=COLOUR_RGB('Aluminum - Anodized Glossy (Blue)',0.192156862745098,
0.529411764705882,0.388235294117647);
ENDSEC;
END-ISO-10303-21;
