ISO-10303-21;
HEADER;
/* Generated by software containing ST-Developer
 * from STEP Tools, Inc. (www.steptools.com) 
 */

FILE_DESCRIPTION(
/* description */ (''),
/* implementation_level */ '2;1');

FILE_NAME(
/* name */ 'osupad.step',
/* time_stamp */ '2026-01-23T19:41:19Z',
/* author */ (''),
/* organization */ (''),
/* preprocessor_version */ 'ST-DEVELOPER v20.1',
/* originating_system */ 'Autodesk Translation Framework v14.21.0.0',
/* authorisation */ '');

FILE_SCHEMA (('AUTOMOTIVE_DESIGN { 1 0 10303 214 3 1 1 }'));
ENDSEC;

DATA;
#10=MECHANICAL_DESIGN_GEOMETRIC_PRESENTATION_REPRESENTATION('',(#13,#14),
#9812);
#11=SHAPE_REPRESENTATION_RELATIONSHIP('SRR','None',#9819,#12);
#12=ADVANCED_BREP_SHAPE_REPRESENTATION('',(#15,#16),#9811);
#13=STYLED_ITEM('',(#9828),#15);
#14=STYLED_ITEM('',(#9828),#16);
#15=MANIFOLD_SOLID_BREP('Body5',#5127);
#16=MANIFOLD_SOLID_BREP('Body7',#5128);
#17=CYLINDRICAL_SURFACE('',#5220,1.7);
#18=CYLINDRICAL_SURFACE('',#5222,1.7);
#19=CYLINDRICAL_SURFACE('',#5224,1.7);
#20=CYLINDRICAL_SURFACE('',#5226,1.7);
#21=CYLINDRICAL_SURFACE('',#5283,0.499999999999998);
#22=CYLINDRICAL_SURFACE('',#5286,0.499999999999998);
#23=CYLINDRICAL_SURFACE('',#5289,0.499999999999998);
#24=CYLINDRICAL_SURFACE('',#5292,0.5);
#25=CYLINDRICAL_SURFACE('',#5295,1.7);
#26=CYLINDRICAL_SURFACE('',#5298,0.5);
#27=CYLINDRICAL_SURFACE('',#5301,0.499999999999998);
#28=CYLINDRICAL_SURFACE('',#5304,0.499999999999998);
#29=CYLINDRICAL_SURFACE('',#5307,0.5);
#30=CYLINDRICAL_SURFACE('',#5309,1.7);
#31=CYLINDRICAL_SURFACE('',#5311,1.7);
#32=CYLINDRICAL_SURFACE('',#5314,0.499999999999998);
#33=CYLINDRICAL_SURFACE('',#5317,0.499999999999998);
#34=CYLINDRICAL_SURFACE('',#5320,0.500000000000003);
#35=CYLINDRICAL_SURFACE('',#5323,0.5);
#36=CYLINDRICAL_SURFACE('',#5326,0.499999999999998);
#37=CYLINDRICAL_SURFACE('',#5329,0.499999999999998);
#38=CYLINDRICAL_SURFACE('',#5332,0.499999999999998);
#39=CYLINDRICAL_SURFACE('',#5335,0.5);
#40=CYLINDRICAL_SURFACE('',#5337,1.7);
#41=CIRCLE('',#5215,1.7);
#42=CIRCLE('',#5216,1.7);
#43=CIRCLE('',#5217,1.7);
#44=CIRCLE('',#5218,1.7);
#45=CIRCLE('',#5221,1.7);
#46=CIRCLE('',#5223,1.7);
#47=CIRCLE('',#5225,1.7);
#48=CIRCLE('',#5227,1.7);
#49=CIRCLE('',#5251,1.7);
#50=CIRCLE('',#5252,0.5);
#51=CIRCLE('',#5253,0.499999999999998);
#52=CIRCLE('',#5254,0.499999999999998);
#53=CIRCLE('',#5255,0.499999999999998);
#54=CIRCLE('',#5256,0.5);
#55=CIRCLE('',#5257,0.499999999999998);
#56=CIRCLE('',#5258,0.499999999999998);
#57=CIRCLE('',#5259,0.500000000000003);
#58=CIRCLE('',#5260,1.7);
#59=CIRCLE('',#5261,1.7);
#60=CIRCLE('',#5262,0.5);
#61=CIRCLE('',#5263,0.5);
#62=CIRCLE('',#5264,0.499999999999998);
#63=CIRCLE('',#5265,0.499999999999998);
#64=CIRCLE('',#5266,1.7);
#65=CIRCLE('',#5267,0.499999999999998);
#66=CIRCLE('',#5268,0.499999999999998);
#67=CIRCLE('',#5269,0.499999999999998);
#68=CIRCLE('',#5270,0.5);
#69=CIRCLE('',#5284,0.499999999999998);
#70=CIRCLE('',#5287,0.499999999999998);
#71=CIRCLE('',#5290,0.499999999999998);
#72=CIRCLE('',#5293,0.5);
#73=CIRCLE('',#5296,1.7);
#74=CIRCLE('',#5299,0.5);
#75=CIRCLE('',#5302,0.499999999999998);
#76=CIRCLE('',#5305,0.499999999999998);
#77=CIRCLE('',#5308,0.5);
#78=CIRCLE('',#5310,1.7);
#79=CIRCLE('',#5312,1.7);
#80=CIRCLE('',#5315,0.499999999999998);
#81=CIRCLE('',#5318,0.499999999999998);
#82=CIRCLE('',#5321,0.500000000000003);
#83=CIRCLE('',#5324,0.5);
#84=CIRCLE('',#5327,0.499999999999998);
#85=CIRCLE('',#5330,0.499999999999998);
#86=CIRCLE('',#5333,0.499999999999998);
#87=CIRCLE('',#5336,0.5);
#88=CIRCLE('',#5338,1.7);
#89=FACE_BOUND('',#612,.T.);
#90=FACE_BOUND('',#633,.T.);
#91=FACE_BOUND('',#657,.T.);
#92=FACE_BOUND('',#699,.T.);
#93=FACE_BOUND('',#701,.T.);
#94=FACE_BOUND('',#702,.T.);
#95=FACE_BOUND('',#703,.T.);
#96=FACE_BOUND('',#704,.T.);
#97=FACE_BOUND('',#705,.T.);
#98=FACE_BOUND('',#706,.T.);
#99=FACE_BOUND('',#707,.T.);
#100=FACE_BOUND('',#708,.T.);
#101=FACE_BOUND('',#736,.T.);
#102=FACE_BOUND('',#737,.T.);
#103=FACE_BOUND('',#738,.T.);
#104=FACE_BOUND('',#739,.T.);
#105=FACE_BOUND('',#768,.T.);
#106=FACE_BOUND('',#769,.T.);
#107=FACE_BOUND('',#770,.T.);
#108=FACE_BOUND('',#771,.T.);
#109=FACE_BOUND('',#772,.T.);
#110=FACE_BOUND('',#773,.T.);
#111=FACE_BOUND('',#774,.T.);
#112=FACE_BOUND('',#775,.T.);
#113=FACE_BOUND('',#776,.T.);
#114=FACE_BOUND('',#829,.T.);
#115=FACE_BOUND('',#830,.T.);
#116=FACE_BOUND('',#831,.T.);
#117=FACE_BOUND('',#832,.T.);
#118=FACE_BOUND('',#833,.T.);
#119=FACE_BOUND('',#834,.T.);
#120=FACE_BOUND('',#835,.T.);
#121=FACE_BOUND('',#836,.T.);
#122=FACE_BOUND('',#837,.T.);
#123=PLANE('',#5142);
#124=PLANE('',#5143);
#125=PLANE('',#5144);
#126=PLANE('',#5145);
#127=PLANE('',#5146);
#128=PLANE('',#5147);
#129=PLANE('',#5148);
#130=PLANE('',#5149);
#131=PLANE('',#5150);
#132=PLANE('',#5151);
#133=PLANE('',#5152);
#134=PLANE('',#5153);
#135=PLANE('',#5154);
#136=PLANE('',#5155);
#137=PLANE('',#5156);
#138=PLANE('',#5157);
#139=PLANE('',#5158);
#140=PLANE('',#5159);
#141=PLANE('',#5160);
#142=PLANE('',#5161);
#143=PLANE('',#5162);
#144=PLANE('',#5163);
#145=PLANE('',#5164);
#146=PLANE('',#5165);
#147=PLANE('',#5166);
#148=PLANE('',#5167);
#149=PLANE('',#5168);
#150=PLANE('',#5169);
#151=PLANE('',#5170);
#152=PLANE('',#5171);
#153=PLANE('',#5172);
#154=PLANE('',#5173);
#155=PLANE('',#5174);
#156=PLANE('',#5175);
#157=PLANE('',#5176);
#158=PLANE('',#5177);
#159=PLANE('',#5178);
#160=PLANE('',#5179);
#161=PLANE('',#5180);
#162=PLANE('',#5181);
#163=PLANE('',#5182);
#164=PLANE('',#5183);
#165=PLANE('',#5184);
#166=PLANE('',#5185);
#167=PLANE('',#5186);
#168=PLANE('',#5187);
#169=PLANE('',#5188);
#170=PLANE('',#5189);
#171=PLANE('',#5190);
#172=PLANE('',#5191);
#173=PLANE('',#5192);
#174=PLANE('',#5193);
#175=PLANE('',#5194);
#176=PLANE('',#5195);
#177=PLANE('',#5196);
#178=PLANE('',#5197);
#179=PLANE('',#5198);
#180=PLANE('',#5199);
#181=PLANE('',#5200);
#182=PLANE('',#5201);
#183=PLANE('',#5202);
#184=PLANE('',#5203);
#185=PLANE('',#5204);
#186=PLANE('',#5205);
#187=PLANE('',#5206);
#188=PLANE('',#5207);
#189=PLANE('',#5208);
#190=PLANE('',#5209);
#191=PLANE('',#5210);
#192=PLANE('',#5211);
#193=PLANE('',#5212);
#194=PLANE('',#5213);
#195=PLANE('',#5214);
#196=PLANE('',#5219);
#197=PLANE('',#5228);
#198=PLANE('',#5229);
#199=PLANE('',#5230);
#200=PLANE('',#5231);
#201=PLANE('',#5232);
#202=PLANE('',#5233);
#203=PLANE('',#5234);
#204=PLANE('',#5235);
#205=PLANE('',#5236);
#206=PLANE('',#5237);
#207=PLANE('',#5238);
#208=PLANE('',#5239);
#209=PLANE('',#5240);
#210=PLANE('',#5241);
#211=PLANE('',#5242);
#212=PLANE('',#5243);
#213=PLANE('',#5244);
#214=PLANE('',#5245);
#215=PLANE('',#5246);
#216=PLANE('',#5247);
#217=PLANE('',#5248);
#218=PLANE('',#5249);
#219=PLANE('',#5250);
#220=PLANE('',#5271);
#221=PLANE('',#5272);
#222=PLANE('',#5273);
#223=PLANE('',#5274);
#224=PLANE('',#5275);
#225=PLANE('',#5276);
#226=PLANE('',#5277);
#227=PLANE('',#5278);
#228=PLANE('',#5279);
#229=PLANE('',#5280);
#230=PLANE('',#5281);
#231=PLANE('',#5282);
#232=PLANE('',#5285);
#233=PLANE('',#5288);
#234=PLANE('',#5291);
#235=PLANE('',#5294);
#236=PLANE('',#5297);
#237=PLANE('',#5300);
#238=PLANE('',#5303);
#239=PLANE('',#5306);
#240=PLANE('',#5313);
#241=PLANE('',#5316);
#242=PLANE('',#5319);
#243=PLANE('',#5322);
#244=PLANE('',#5325);
#245=PLANE('',#5328);
#246=PLANE('',#5331);
#247=PLANE('',#5334);
#248=PLANE('',#5339);
#249=PLANE('',#5340);
#250=PLANE('',#5341);
#251=PLANE('',#5342);
#252=FACE_OUTER_BOUND('',#528,.T.);
#253=FACE_OUTER_BOUND('',#529,.T.);
#254=FACE_OUTER_BOUND('',#530,.T.);
#255=FACE_OUTER_BOUND('',#531,.T.);
#256=FACE_OUTER_BOUND('',#532,.T.);
#257=FACE_OUTER_BOUND('',#533,.T.);
#258=FACE_OUTER_BOUND('',#534,.T.);
#259=FACE_OUTER_BOUND('',#535,.T.);
#260=FACE_OUTER_BOUND('',#536,.T.);
#261=FACE_OUTER_BOUND('',#537,.T.);
#262=FACE_OUTER_BOUND('',#538,.T.);
#263=FACE_OUTER_BOUND('',#539,.T.);
#264=FACE_OUTER_BOUND('',#540,.T.);
#265=FACE_OUTER_BOUND('',#541,.T.);
#266=FACE_OUTER_BOUND('',#542,.T.);
#267=FACE_OUTER_BOUND('',#543,.T.);
#268=FACE_OUTER_BOUND('',#544,.T.);
#269=FACE_OUTER_BOUND('',#545,.T.);
#270=FACE_OUTER_BOUND('',#546,.T.);
#271=FACE_OUTER_BOUND('',#547,.T.);
#272=FACE_OUTER_BOUND('',#548,.T.);
#273=FACE_OUTER_BOUND('',#549,.T.);
#274=FACE_OUTER_BOUND('',#550,.T.);
#275=FACE_OUTER_BOUND('',#551,.T.);
#276=FACE_OUTER_BOUND('',#552,.T.);
#277=FACE_OUTER_BOUND('',#553,.T.);
#278=FACE_OUTER_BOUND('',#554,.T.);
#279=FACE_OUTER_BOUND('',#555,.T.);
#280=FACE_OUTER_BOUND('',#556,.T.);
#281=FACE_OUTER_BOUND('',#557,.T.);
#282=FACE_OUTER_BOUND('',#558,.T.);
#283=FACE_OUTER_BOUND('',#559,.T.);
#284=FACE_OUTER_BOUND('',#560,.T.);
#285=FACE_OUTER_BOUND('',#561,.T.);
#286=FACE_OUTER_BOUND('',#562,.T.);
#287=FACE_OUTER_BOUND('',#563,.T.);
#288=FACE_OUTER_BOUND('',#564,.T.);
#289=FACE_OUTER_BOUND('',#565,.T.);
#290=FACE_OUTER_BOUND('',#566,.T.);
#291=FACE_OUTER_BOUND('',#567,.T.);
#292=FACE_OUTER_BOUND('',#568,.T.);
#293=FACE_OUTER_BOUND('',#569,.T.);
#294=FACE_OUTER_BOUND('',#570,.T.);
#295=FACE_OUTER_BOUND('',#571,.T.);
#296=FACE_OUTER_BOUND('',#572,.T.);
#297=FACE_OUTER_BOUND('',#573,.T.);
#298=FACE_OUTER_BOUND('',#574,.T.);
#299=FACE_OUTER_BOUND('',#575,.T.);
#300=FACE_OUTER_BOUND('',#576,.T.);
#301=FACE_OUTER_BOUND('',#577,.T.);
#302=FACE_OUTER_BOUND('',#578,.T.);
#303=FACE_OUTER_BOUND('',#579,.T.);
#304=FACE_OUTER_BOUND('',#580,.T.);
#305=FACE_OUTER_BOUND('',#581,.T.);
#306=FACE_OUTER_BOUND('',#582,.T.);
#307=FACE_OUTER_BOUND('',#583,.T.);
#308=FACE_OUTER_BOUND('',#584,.T.);
#309=FACE_OUTER_BOUND('',#585,.T.);
#310=FACE_OUTER_BOUND('',#586,.T.);
#311=FACE_OUTER_BOUND('',#587,.T.);
#312=FACE_OUTER_BOUND('',#588,.T.);
#313=FACE_OUTER_BOUND('',#589,.T.);
#314=FACE_OUTER_BOUND('',#590,.T.);
#315=FACE_OUTER_BOUND('',#591,.T.);
#316=FACE_OUTER_BOUND('',#592,.T.);
#317=FACE_OUTER_BOUND('',#593,.T.);
#318=FACE_OUTER_BOUND('',#594,.T.);
#319=FACE_OUTER_BOUND('',#595,.T.);
#320=FACE_OUTER_BOUND('',#596,.T.);
#321=FACE_OUTER_BOUND('',#597,.T.);
#322=FACE_OUTER_BOUND('',#598,.T.);
#323=FACE_OUTER_BOUND('',#599,.T.);
#324=FACE_OUTER_BOUND('',#600,.T.);
#325=FACE_OUTER_BOUND('',#601,.T.);
#326=FACE_OUTER_BOUND('',#602,.T.);
#327=FACE_OUTER_BOUND('',#603,.T.);
#328=FACE_OUTER_BOUND('',#604,.T.);
#329=FACE_OUTER_BOUND('',#605,.T.);
#330=FACE_OUTER_BOUND('',#606,.T.);
#331=FACE_OUTER_BOUND('',#607,.T.);
#332=FACE_OUTER_BOUND('',#608,.T.);
#333=FACE_OUTER_BOUND('',#609,.T.);
#334=FACE_OUTER_BOUND('',#610,.T.);
#335=FACE_OUTER_BOUND('',#611,.T.);
#336=FACE_OUTER_BOUND('',#613,.T.);
#337=FACE_OUTER_BOUND('',#614,.T.);
#338=FACE_OUTER_BOUND('',#615,.T.);
#339=FACE_OUTER_BOUND('',#616,.T.);
#340=FACE_OUTER_BOUND('',#617,.T.);
#341=FACE_OUTER_BOUND('',#618,.T.);
#342=FACE_OUTER_BOUND('',#619,.T.);
#343=FACE_OUTER_BOUND('',#620,.T.);
#344=FACE_OUTER_BOUND('',#621,.T.);
#345=FACE_OUTER_BOUND('',#622,.T.);
#346=FACE_OUTER_BOUND('',#623,.T.);
#347=FACE_OUTER_BOUND('',#624,.T.);
#348=FACE_OUTER_BOUND('',#625,.T.);
#349=FACE_OUTER_BOUND('',#626,.T.);
#350=FACE_OUTER_BOUND('',#627,.T.);
#351=FACE_OUTER_BOUND('',#628,.T.);
#352=FACE_OUTER_BOUND('',#629,.T.);
#353=FACE_OUTER_BOUND('',#630,.T.);
#354=FACE_OUTER_BOUND('',#631,.T.);
#355=FACE_OUTER_BOUND('',#632,.T.);
#356=FACE_OUTER_BOUND('',#634,.T.);
#357=FACE_OUTER_BOUND('',#635,.T.);
#358=FACE_OUTER_BOUND('',#636,.T.);
#359=FACE_OUTER_BOUND('',#637,.T.);
#360=FACE_OUTER_BOUND('',#638,.T.);
#361=FACE_OUTER_BOUND('',#639,.T.);
#362=FACE_OUTER_BOUND('',#640,.T.);
#363=FACE_OUTER_BOUND('',#641,.T.);
#364=FACE_OUTER_BOUND('',#642,.T.);
#365=FACE_OUTER_BOUND('',#643,.T.);
#366=FACE_OUTER_BOUND('',#644,.T.);
#367=FACE_OUTER_BOUND('',#645,.T.);
#368=FACE_OUTER_BOUND('',#646,.T.);
#369=FACE_OUTER_BOUND('',#647,.T.);
#370=FACE_OUTER_BOUND('',#648,.T.);
#371=FACE_OUTER_BOUND('',#649,.T.);
#372=FACE_OUTER_BOUND('',#650,.T.);
#373=FACE_OUTER_BOUND('',#651,.T.);
#374=FACE_OUTER_BOUND('',#652,.T.);
#375=FACE_OUTER_BOUND('',#653,.T.);
#376=FACE_OUTER_BOUND('',#654,.T.);
#377=FACE_OUTER_BOUND('',#655,.T.);
#378=FACE_OUTER_BOUND('',#656,.T.);
#379=FACE_OUTER_BOUND('',#658,.T.);
#380=FACE_OUTER_BOUND('',#659,.T.);
#381=FACE_OUTER_BOUND('',#660,.T.);
#382=FACE_OUTER_BOUND('',#661,.T.);
#383=FACE_OUTER_BOUND('',#662,.T.);
#384=FACE_OUTER_BOUND('',#663,.T.);
#385=FACE_OUTER_BOUND('',#664,.T.);
#386=FACE_OUTER_BOUND('',#665,.T.);
#387=FACE_OUTER_BOUND('',#666,.T.);
#388=FACE_OUTER_BOUND('',#667,.T.);
#389=FACE_OUTER_BOUND('',#668,.T.);
#390=FACE_OUTER_BOUND('',#669,.T.);
#391=FACE_OUTER_BOUND('',#670,.T.);
#392=FACE_OUTER_BOUND('',#671,.T.);
#393=FACE_OUTER_BOUND('',#672,.T.);
#394=FACE_OUTER_BOUND('',#673,.T.);
#395=FACE_OUTER_BOUND('',#674,.T.);
#396=FACE_OUTER_BOUND('',#675,.T.);
#397=FACE_OUTER_BOUND('',#676,.T.);
#398=FACE_OUTER_BOUND('',#677,.T.);
#399=FACE_OUTER_BOUND('',#678,.T.);
#400=FACE_OUTER_BOUND('',#679,.T.);
#401=FACE_OUTER_BOUND('',#680,.T.);
#402=FACE_OUTER_BOUND('',#681,.T.);
#403=FACE_OUTER_BOUND('',#682,.T.);
#404=FACE_OUTER_BOUND('',#683,.T.);
#405=FACE_OUTER_BOUND('',#684,.T.);
#406=FACE_OUTER_BOUND('',#685,.T.);
#407=FACE_OUTER_BOUND('',#686,.T.);
#408=FACE_OUTER_BOUND('',#687,.T.);
#409=FACE_OUTER_BOUND('',#688,.T.);
#410=FACE_OUTER_BOUND('',#689,.T.);
#411=FACE_OUTER_BOUND('',#690,.T.);
#412=FACE_OUTER_BOUND('',#691,.T.);
#413=FACE_OUTER_BOUND('',#692,.T.);
#414=FACE_OUTER_BOUND('',#693,.T.);
#415=FACE_OUTER_BOUND('',#694,.T.);
#416=FACE_OUTER_BOUND('',#695,.T.);
#417=FACE_OUTER_BOUND('',#696,.T.);
#418=FACE_OUTER_BOUND('',#697,.T.);
#419=FACE_OUTER_BOUND('',#698,.T.);
#420=FACE_OUTER_BOUND('',#700,.T.);
#421=FACE_OUTER_BOUND('',#709,.T.);
#422=FACE_OUTER_BOUND('',#710,.T.);
#423=FACE_OUTER_BOUND('',#711,.T.);
#424=FACE_OUTER_BOUND('',#712,.T.);
#425=FACE_OUTER_BOUND('',#713,.T.);
#426=FACE_OUTER_BOUND('',#714,.T.);
#427=FACE_OUTER_BOUND('',#715,.T.);
#428=FACE_OUTER_BOUND('',#716,.T.);
#429=FACE_OUTER_BOUND('',#717,.T.);
#430=FACE_OUTER_BOUND('',#718,.T.);
#431=FACE_OUTER_BOUND('',#719,.T.);
#432=FACE_OUTER_BOUND('',#720,.T.);
#433=FACE_OUTER_BOUND('',#721,.T.);
#434=FACE_OUTER_BOUND('',#722,.T.);
#435=FACE_OUTER_BOUND('',#723,.T.);
#436=FACE_OUTER_BOUND('',#724,.T.);
#437=FACE_OUTER_BOUND('',#725,.T.);
#438=FACE_OUTER_BOUND('',#726,.T.);
#439=FACE_OUTER_BOUND('',#727,.T.);
#440=FACE_OUTER_BOUND('',#728,.T.);
#441=FACE_OUTER_BOUND('',#729,.T.);
#442=FACE_OUTER_BOUND('',#730,.T.);
#443=FACE_OUTER_BOUND('',#731,.T.);
#444=FACE_OUTER_BOUND('',#732,.T.);
#445=FACE_OUTER_BOUND('',#733,.T.);
#446=FACE_OUTER_BOUND('',#734,.T.);
#447=FACE_OUTER_BOUND('',#735,.T.);
#448=FACE_OUTER_BOUND('',#740,.T.);
#449=FACE_OUTER_BOUND('',#741,.T.);
#450=FACE_OUTER_BOUND('',#742,.T.);
#451=FACE_OUTER_BOUND('',#743,.T.);
#452=FACE_OUTER_BOUND('',#744,.T.);
#453=FACE_OUTER_BOUND('',#745,.T.);
#454=FACE_OUTER_BOUND('',#746,.T.);
#455=FACE_OUTER_BOUND('',#747,.T.);
#456=FACE_OUTER_BOUND('',#748,.T.);
#457=FACE_OUTER_BOUND('',#749,.T.);
#458=FACE_OUTER_BOUND('',#750,.T.);
#459=FACE_OUTER_BOUND('',#751,.T.);
#460=FACE_OUTER_BOUND('',#752,.T.);
#461=FACE_OUTER_BOUND('',#753,.T.);
#462=FACE_OUTER_BOUND('',#754,.T.);
#463=FACE_OUTER_BOUND('',#755,.T.);
#464=FACE_OUTER_BOUND('',#756,.T.);
#465=FACE_OUTER_BOUND('',#757,.T.);
#466=FACE_OUTER_BOUND('',#758,.T.);
#467=FACE_OUTER_BOUND('',#759,.T.);
#468=FACE_OUTER_BOUND('',#760,.T.);
#469=FACE_OUTER_BOUND('',#761,.T.);
#470=FACE_OUTER_BOUND('',#762,.T.);
#471=FACE_OUTER_BOUND('',#763,.T.);
#472=FACE_OUTER_BOUND('',#764,.T.);
#473=FACE_OUTER_BOUND('',#765,.T.);
#474=FACE_OUTER_BOUND('',#766,.T.);
#475=FACE_OUTER_BOUND('',#767,.T.);
#476=FACE_OUTER_BOUND('',#777,.T.);
#477=FACE_OUTER_BOUND('',#778,.T.);
#478=FACE_OUTER_BOUND('',#779,.T.);
#479=FACE_OUTER_BOUND('',#780,.T.);
#480=FACE_OUTER_BOUND('',#781,.T.);
#481=FACE_OUTER_BOUND('',#782,.T.);
#482=FACE_OUTER_BOUND('',#783,.T.);
#483=FACE_OUTER_BOUND('',#784,.T.);
#484=FACE_OUTER_BOUND('',#785,.T.);
#485=FACE_OUTER_BOUND('',#786,.T.);
#486=FACE_OUTER_BOUND('',#787,.T.);
#487=FACE_OUTER_BOUND('',#788,.T.);
#488=FACE_OUTER_BOUND('',#789,.T.);
#489=FACE_OUTER_BOUND('',#790,.T.);
#490=FACE_OUTER_BOUND('',#791,.T.);
#491=FACE_OUTER_BOUND('',#792,.T.);
#492=FACE_OUTER_BOUND('',#793,.T.);
#493=FACE_OUTER_BOUND('',#794,.T.);
#494=FACE_OUTER_BOUND('',#795,.T.);
#495=FACE_OUTER_BOUND('',#796,.T.);
#496=FACE_OUTER_BOUND('',#797,.T.);
#497=FACE_OUTER_BOUND('',#798,.T.);
#498=FACE_OUTER_BOUND('',#799,.T.);
#499=FACE_OUTER_BOUND('',#800,.T.);
#500=FACE_OUTER_BOUND('',#801,.T.);
#501=FACE_OUTER_BOUND('',#802,.T.);
#502=FACE_OUTER_BOUND('',#803,.T.);
#503=FACE_OUTER_BOUND('',#804,.T.);
#504=FACE_OUTER_BOUND('',#805,.T.);
#505=FACE_OUTER_BOUND('',#806,.T.);
#506=FACE_OUTER_BOUND('',#807,.T.);
#507=FACE_OUTER_BOUND('',#808,.T.);
#508=FACE_OUTER_BOUND('',#809,.T.);
#509=FACE_OUTER_BOUND('',#810,.T.);
#510=FACE_OUTER_BOUND('',#811,.T.);
#511=FACE_OUTER_BOUND('',#812,.T.);
#512=FACE_OUTER_BOUND('',#813,.T.);
#513=FACE_OUTER_BOUND('',#814,.T.);
#514=FACE_OUTER_BOUND('',#815,.T.);
#515=FACE_OUTER_BOUND('',#816,.T.);
#516=FACE_OUTER_BOUND('',#817,.T.);
#517=FACE_OUTER_BOUND('',#818,.T.);
#518=FACE_OUTER_BOUND('',#819,.T.);
#519=FACE_OUTER_BOUND('',#820,.T.);
#520=FACE_OUTER_BOUND('',#821,.T.);
#521=FACE_OUTER_BOUND('',#822,.T.);
#522=FACE_OUTER_BOUND('',#823,.T.);
#523=FACE_OUTER_BOUND('',#824,.T.);
#524=FACE_OUTER_BOUND('',#825,.T.);
#525=FACE_OUTER_BOUND('',#826,.T.);
#526=FACE_OUTER_BOUND('',#827,.T.);
#527=FACE_OUTER_BOUND('',#828,.T.);
#528=EDGE_LOOP('',(#3232,#3233,#3234,#3235));
#529=EDGE_LOOP('',(#3236,#3237,#3238,#3239));
#530=EDGE_LOOP('',(#3240,#3241,#3242,#3243));
#531=EDGE_LOOP('',(#3244,#3245,#3246,#3247));
#532=EDGE_LOOP('',(#3248,#3249,#3250,#3251));
#533=EDGE_LOOP('',(#3252,#3253,#3254,#3255));
#534=EDGE_LOOP('',(#3256,#3257,#3258,#3259));
#535=EDGE_LOOP('',(#3260,#3261,#3262,#3263));
#536=EDGE_LOOP('',(#3264,#3265,#3266,#3267));
#537=EDGE_LOOP('',(#3268,#3269,#3270,#3271));
#538=EDGE_LOOP('',(#3272,#3273,#3274,#3275));
#539=EDGE_LOOP('',(#3276,#3277,#3278,#3279));
#540=EDGE_LOOP('',(#3280,#3281,#3282,#3283));
#541=EDGE_LOOP('',(#3284,#3285,#3286,#3287));
#542=EDGE_LOOP('',(#3288,#3289,#3290,#3291));
#543=EDGE_LOOP('',(#3292,#3293,#3294,#3295));
#544=EDGE_LOOP('',(#3296,#3297,#3298,#3299));
#545=EDGE_LOOP('',(#3300,#3301,#3302,#3303));
#546=EDGE_LOOP('',(#3304,#3305,#3306,#3307));
#547=EDGE_LOOP('',(#3308,#3309,#3310,#3311));
#548=EDGE_LOOP('',(#3312,#3313,#3314,#3315));
#549=EDGE_LOOP('',(#3316,#3317,#3318,#3319));
#550=EDGE_LOOP('',(#3320,#3321,#3322,#3323));
#551=EDGE_LOOP('',(#3324,#3325,#3326,#3327));
#552=EDGE_LOOP('',(#3328,#3329,#3330,#3331));
#553=EDGE_LOOP('',(#3332,#3333,#3334,#3335));
#554=EDGE_LOOP('',(#3336,#3337,#3338,#3339));
#555=EDGE_LOOP('',(#3340,#3341,#3342,#3343));
#556=EDGE_LOOP('',(#3344,#3345,#3346,#3347));
#557=EDGE_LOOP('',(#3348,#3349,#3350,#3351));
#558=EDGE_LOOP('',(#3352,#3353,#3354,#3355));
#559=EDGE_LOOP('',(#3356,#3357,#3358,#3359));
#560=EDGE_LOOP('',(#3360,#3361,#3362,#3363));
#561=EDGE_LOOP('',(#3364,#3365,#3366,#3367,#3368,#3369,#3370,#3371,#3372,
#3373,#3374,#3375,#3376,#3377,#3378,#3379,#3380,#3381,#3382,#3383,#3384,
#3385,#3386,#3387,#3388,#3389,#3390,#3391,#3392,#3393,#3394,#3395,#3396));
#562=EDGE_LOOP('',(#3397,#3398,#3399,#3400));
#563=EDGE_LOOP('',(#3401,#3402,#3403,#3404));
#564=EDGE_LOOP('',(#3405,#3406,#3407,#3408));
#565=EDGE_LOOP('',(#3409,#3410,#3411,#3412));
#566=EDGE_LOOP('',(#3413,#3414,#3415,#3416));
#567=EDGE_LOOP('',(#3417,#3418,#3419,#3420));
#568=EDGE_LOOP('',(#3421,#3422,#3423,#3424,#3425,#3426));
#569=EDGE_LOOP('',(#3427,#3428,#3429,#3430));
#570=EDGE_LOOP('',(#3431,#3432,#3433,#3434));
#571=EDGE_LOOP('',(#3435,#3436,#3437,#3438));
#572=EDGE_LOOP('',(#3439,#3440,#3441,#3442));
#573=EDGE_LOOP('',(#3443,#3444,#3445,#3446));
#574=EDGE_LOOP('',(#3447,#3448,#3449,#3450));
#575=EDGE_LOOP('',(#3451,#3452,#3453,#3454));
#576=EDGE_LOOP('',(#3455,#3456,#3457,#3458));
#577=EDGE_LOOP('',(#3459,#3460,#3461,#3462));
#578=EDGE_LOOP('',(#3463,#3464,#3465,#3466));
#579=EDGE_LOOP('',(#3467,#3468,#3469,#3470));
#580=EDGE_LOOP('',(#3471,#3472,#3473,#3474));
#581=EDGE_LOOP('',(#3475,#3476,#3477,#3478));
#582=EDGE_LOOP('',(#3479,#3480,#3481,#3482));
#583=EDGE_LOOP('',(#3483,#3484,#3485,#3486));
#584=EDGE_LOOP('',(#3487,#3488,#3489,#3490));
#585=EDGE_LOOP('',(#3491,#3492,#3493,#3494));
#586=EDGE_LOOP('',(#3495,#3496,#3497,#3498));
#587=EDGE_LOOP('',(#3499,#3500,#3501,#3502));
#588=EDGE_LOOP('',(#3503,#3504,#3505,#3506));
#589=EDGE_LOOP('',(#3507,#3508,#3509,#3510));
#590=EDGE_LOOP('',(#3511,#3512,#3513,#3514));
#591=EDGE_LOOP('',(#3515,#3516,#3517,#3518));
#592=EDGE_LOOP('',(#3519,#3520,#3521,#3522));
#593=EDGE_LOOP('',(#3523,#3524,#3525,#3526));
#594=EDGE_LOOP('',(#3527,#3528,#3529,#3530));
#595=EDGE_LOOP('',(#3531,#3532,#3533,#3534));
#596=EDGE_LOOP('',(#3535,#3536,#3537,#3538));
#597=EDGE_LOOP('',(#3539,#3540,#3541,#3542));
#598=EDGE_LOOP('',(#3543,#3544,#3545,#3546));
#599=EDGE_LOOP('',(#3547,#3548,#3549,#3550));
#600=EDGE_LOOP('',(#3551,#3552,#3553,#3554));
#601=EDGE_LOOP('',(#3555,#3556,#3557,#3558));
#602=EDGE_LOOP('',(#3559,#3560,#3561,#3562));
#603=EDGE_LOOP('',(#3563,#3564,#3565,#3566));
#604=EDGE_LOOP('',(#3567,#3568,#3569,#3570));
#605=EDGE_LOOP('',(#3571,#3572,#3573,#3574));
#606=EDGE_LOOP('',(#3575,#3576,#3577,#3578));
#607=EDGE_LOOP('',(#3579,#3580,#3581,#3582));
#608=EDGE_LOOP('',(#3583,#3584,#3585,#3586));
#609=EDGE_LOOP('',(#3587,#3588,#3589,#3590));
#610=EDGE_LOOP('',(#3591,#3592,#3593,#3594));
#611=EDGE_LOOP('',(#3595,#3596,#3597,#3598,#3599,#3600,#3601,#3602,#3603,
#3604,#3605,#3606,#3607,#3608,#3609,#3610,#3611,#3612,#3613,#3614,#3615,
#3616,#3617,#3618,#3619,#3620,#3621));
#612=EDGE_LOOP('',(#3622,#3623,#3624,#3625,#3626,#3627,#3628,#3629,#3630,
#3631));
#613=EDGE_LOOP('',(#3632,#3633,#3634,#3635));
#614=EDGE_LOOP('',(#3636,#3637,#3638,#3639));
#615=EDGE_LOOP('',(#3640,#3641,#3642,#3643));
#616=EDGE_LOOP('',(#3644,#3645,#3646,#3647));
#617=EDGE_LOOP('',(#3648,#3649,#3650,#3651));
#618=EDGE_LOOP('',(#3652,#3653,#3654,#3655));
#619=EDGE_LOOP('',(#3656,#3657,#3658,#3659));
#620=EDGE_LOOP('',(#3660,#3661,#3662,#3663));
#621=EDGE_LOOP('',(#3664,#3665,#3666,#3667));
#622=EDGE_LOOP('',(#3668,#3669,#3670,#3671));
#623=EDGE_LOOP('',(#3672,#3673,#3674,#3675));
#624=EDGE_LOOP('',(#3676,#3677,#3678,#3679));
#625=EDGE_LOOP('',(#3680,#3681,#3682,#3683));
#626=EDGE_LOOP('',(#3684,#3685,#3686,#3687));
#627=EDGE_LOOP('',(#3688,#3689,#3690,#3691));
#628=EDGE_LOOP('',(#3692,#3693,#3694,#3695));
#629=EDGE_LOOP('',(#3696,#3697,#3698,#3699));
#630=EDGE_LOOP('',(#3700,#3701,#3702,#3703));
#631=EDGE_LOOP('',(#3704,#3705,#3706,#3707));
#632=EDGE_LOOP('',(#3708,#3709,#3710,#3711,#3712,#3713,#3714,#3715,#3716,
#3717,#3718));
#633=EDGE_LOOP('',(#3719,#3720,#3721,#3722,#3723,#3724,#3725,#3726));
#634=EDGE_LOOP('',(#3727,#3728,#3729,#3730));
#635=EDGE_LOOP('',(#3731,#3732,#3733,#3734));
#636=EDGE_LOOP('',(#3735,#3736,#3737,#3738));
#637=EDGE_LOOP('',(#3739,#3740,#3741,#3742));
#638=EDGE_LOOP('',(#3743,#3744,#3745,#3746));
#639=EDGE_LOOP('',(#3747,#3748,#3749,#3750));
#640=EDGE_LOOP('',(#3751,#3752,#3753,#3754));
#641=EDGE_LOOP('',(#3755,#3756,#3757,#3758));
#642=EDGE_LOOP('',(#3759,#3760,#3761,#3762));
#643=EDGE_LOOP('',(#3763,#3764,#3765,#3766));
#644=EDGE_LOOP('',(#3767,#3768,#3769,#3770));
#645=EDGE_LOOP('',(#3771,#3772,#3773,#3774));
#646=EDGE_LOOP('',(#3775,#3776,#3777,#3778));
#647=EDGE_LOOP('',(#3779,#3780,#3781,#3782));
#648=EDGE_LOOP('',(#3783,#3784,#3785,#3786));
#649=EDGE_LOOP('',(#3787,#3788,#3789,#3790));
#650=EDGE_LOOP('',(#3791,#3792,#3793,#3794));
#651=EDGE_LOOP('',(#3795,#3796,#3797,#3798));
#652=EDGE_LOOP('',(#3799,#3800,#3801,#3802));
#653=EDGE_LOOP('',(#3803,#3804,#3805,#3806));
#654=EDGE_LOOP('',(#3807,#3808,#3809,#3810));
#655=EDGE_LOOP('',(#3811,#3812,#3813,#3814));
#656=EDGE_LOOP('',(#3815,#3816,#3817,#3818,#3819,#3820,#3821,#3822,#3823,
#3824,#3825,#3826,#3827,#3828));
#657=EDGE_LOOP('',(#3829,#3830,#3831,#3832,#3833,#3834,#3835,#3836));
#658=EDGE_LOOP('',(#3837,#3838,#3839,#3840));
#659=EDGE_LOOP('',(#3841,#3842,#3843,#3844));
#660=EDGE_LOOP('',(#3845,#3846,#3847,#3848));
#661=EDGE_LOOP('',(#3849,#3850,#3851,#3852));
#662=EDGE_LOOP('',(#3853,#3854,#3855,#3856));
#663=EDGE_LOOP('',(#3857,#3858,#3859,#3860));
#664=EDGE_LOOP('',(#3861,#3862,#3863,#3864));
#665=EDGE_LOOP('',(#3865,#3866,#3867,#3868));
#666=EDGE_LOOP('',(#3869,#3870,#3871,#3872));
#667=EDGE_LOOP('',(#3873,#3874,#3875,#3876));
#668=EDGE_LOOP('',(#3877,#3878,#3879,#3880));
#669=EDGE_LOOP('',(#3881,#3882,#3883,#3884));
#670=EDGE_LOOP('',(#3885,#3886,#3887,#3888));
#671=EDGE_LOOP('',(#3889,#3890,#3891,#3892));
#672=EDGE_LOOP('',(#3893,#3894,#3895,#3896));
#673=EDGE_LOOP('',(#3897,#3898,#3899,#3900));
#674=EDGE_LOOP('',(#3901,#3902,#3903,#3904));
#675=EDGE_LOOP('',(#3905,#3906,#3907,#3908));
#676=EDGE_LOOP('',(#3909,#3910,#3911,#3912));
#677=EDGE_LOOP('',(#3913,#3914,#3915,#3916,#3917,#3918,#3919,#3920,#3921,
#3922,#3923,#3924,#3925,#3926,#3927,#3928,#3929,#3930,#3931));
#678=EDGE_LOOP('',(#3932,#3933,#3934,#3935));
#679=EDGE_LOOP('',(#3936,#3937,#3938,#3939));
#680=EDGE_LOOP('',(#3940,#3941,#3942,#3943));
#681=EDGE_LOOP('',(#3944,#3945,#3946,#3947));
#682=EDGE_LOOP('',(#3948,#3949,#3950,#3951));
#683=EDGE_LOOP('',(#3952,#3953,#3954,#3955));
#684=EDGE_LOOP('',(#3956,#3957,#3958,#3959));
#685=EDGE_LOOP('',(#3960,#3961,#3962,#3963));
#686=EDGE_LOOP('',(#3964,#3965,#3966,#3967));
#687=EDGE_LOOP('',(#3968,#3969,#3970,#3971));
#688=EDGE_LOOP('',(#3972,#3973,#3974,#3975));
#689=EDGE_LOOP('',(#3976,#3977,#3978,#3979));
#690=EDGE_LOOP('',(#3980,#3981,#3982,#3983));
#691=EDGE_LOOP('',(#3984,#3985,#3986,#3987));
#692=EDGE_LOOP('',(#3988,#3989,#3990,#3991));
#693=EDGE_LOOP('',(#3992,#3993,#3994,#3995));
#694=EDGE_LOOP('',(#3996,#3997,#3998,#3999));
#695=EDGE_LOOP('',(#4000,#4001,#4002,#4003));
#696=EDGE_LOOP('',(#4004,#4005,#4006,#4007));
#697=EDGE_LOOP('',(#4008,#4009,#4010,#4011));
#698=EDGE_LOOP('',(#4012,#4013,#4014,#4015,#4016,#4017,#4018,#4019,#4020,
#4021,#4022));
#699=EDGE_LOOP('',(#4023,#4024,#4025,#4026,#4027,#4028,#4029,#4030,#4031));
#700=EDGE_LOOP('',(#4032,#4033,#4034,#4035,#4036,#4037,#4038,#4039));
#701=EDGE_LOOP('',(#4040,#4041,#4042,#4043,#4044,#4045,#4046,#4047,#4048,
#4049,#4050,#4051,#4052,#4053,#4054,#4055,#4056,#4057,#4058,#4059,#4060,
#4061,#4062,#4063,#4064,#4065,#4066,#4067,#4068,#4069,#4070,#4071,#4072));
#702=EDGE_LOOP('',(#4073,#4074,#4075,#4076,#4077,#4078));
#703=EDGE_LOOP('',(#4079,#4080,#4081,#4082));
#704=EDGE_LOOP('',(#4083,#4084,#4085,#4086,#4087,#4088,#4089,#4090,#4091,
#4092,#4093,#4094,#4095,#4096,#4097,#4098,#4099,#4100,#4101,#4102,#4103,
#4104,#4105,#4106,#4107,#4108,#4109));
#705=EDGE_LOOP('',(#4110,#4111,#4112,#4113,#4114,#4115,#4116,#4117,#4118,
#4119,#4120));
#706=EDGE_LOOP('',(#4121,#4122,#4123,#4124,#4125,#4126,#4127,#4128,#4129,
#4130,#4131,#4132,#4133,#4134));
#707=EDGE_LOOP('',(#4135,#4136,#4137,#4138,#4139,#4140,#4141,#4142,#4143,
#4144,#4145,#4146,#4147,#4148,#4149,#4150,#4151,#4152,#4153));
#708=EDGE_LOOP('',(#4154,#4155,#4156,#4157,#4158,#4159,#4160,#4161,#4162,
#4163,#4164));
#709=EDGE_LOOP('',(#4165,#4166,#4167,#4168,#4169,#4170,#4171,#4172,#4173));
#710=EDGE_LOOP('',(#4174,#4175,#4176,#4177,#4178,#4179,#4180,#4181));
#711=EDGE_LOOP('',(#4182,#4183,#4184,#4185,#4186,#4187,#4188,#4189));
#712=EDGE_LOOP('',(#4190,#4191,#4192));
#713=EDGE_LOOP('',(#4193,#4194,#4195,#4196));
#714=EDGE_LOOP('',(#4197,#4198,#4199));
#715=EDGE_LOOP('',(#4200,#4201,#4202,#4203));
#716=EDGE_LOOP('',(#4204,#4205,#4206,#4207));
#717=EDGE_LOOP('',(#4208,#4209,#4210));
#718=EDGE_LOOP('',(#4211,#4212,#4213,#4214));
#719=EDGE_LOOP('',(#4215,#4216,#4217,#4218));
#720=EDGE_LOOP('',(#4219,#4220,#4221));
#721=EDGE_LOOP('',(#4222,#4223,#4224,#4225));
#722=EDGE_LOOP('',(#4226,#4227,#4228,#4229));
#723=EDGE_LOOP('',(#4230,#4231,#4232));
#724=EDGE_LOOP('',(#4233,#4234,#4235,#4236));
#725=EDGE_LOOP('',(#4237,#4238,#4239));
#726=EDGE_LOOP('',(#4240,#4241,#4242,#4243));
#727=EDGE_LOOP('',(#4244,#4245,#4246,#4247));
#728=EDGE_LOOP('',(#4248,#4249,#4250,#4251));
#729=EDGE_LOOP('',(#4252,#4253,#4254,#4255));
#730=EDGE_LOOP('',(#4256,#4257,#4258,#4259));
#731=EDGE_LOOP('',(#4260,#4261,#4262,#4263));
#732=EDGE_LOOP('',(#4264,#4265,#4266,#4267));
#733=EDGE_LOOP('',(#4268,#4269,#4270,#4271));
#734=EDGE_LOOP('',(#4272,#4273,#4274,#4275));
#735=EDGE_LOOP('',(#4276,#4277,#4278,#4279,#4280,#4281,#4282,#4283,#4284,
#4285,#4286,#4287,#4288,#4289,#4290,#4291));
#736=EDGE_LOOP('',(#4292));
#737=EDGE_LOOP('',(#4293));
#738=EDGE_LOOP('',(#4294));
#739=EDGE_LOOP('',(#4295));
#740=EDGE_LOOP('',(#4296,#4297,#4298,#4299,#4300,#4301,#4302,#4303,#4304,
#4305));
#741=EDGE_LOOP('',(#4306,#4307,#4308,#4309));
#742=EDGE_LOOP('',(#4310,#4311,#4312,#4313));
#743=EDGE_LOOP('',(#4314,#4315,#4316,#4317));
#744=EDGE_LOOP('',(#4318,#4319,#4320,#4321));
#745=EDGE_LOOP('',(#4322,#4323,#4324,#4325));
#746=EDGE_LOOP('',(#4326,#4327,#4328,#4329));
#747=EDGE_LOOP('',(#4330,#4331,#4332,#4333));
#748=EDGE_LOOP('',(#4334));
#749=EDGE_LOOP('',(#4335));
#750=EDGE_LOOP('',(#4336));
#751=EDGE_LOOP('',(#4337));
#752=EDGE_LOOP('',(#4338,#4339,#4340,#4341));
#753=EDGE_LOOP('',(#4342,#4343,#4344,#4345));
#754=EDGE_LOOP('',(#4346,#4347,#4348,#4349,#4350,#4351));
#755=EDGE_LOOP('',(#4352,#4353,#4354,#4355));
#756=EDGE_LOOP('',(#4356,#4357,#4358,#4359,#4360,#4361));
#757=EDGE_LOOP('',(#4362,#4363,#4364,#4365,#4366,#4367));
#758=EDGE_LOOP('',(#4368,#4369,#4370,#4371));
#759=EDGE_LOOP('',(#4372,#4373,#4374,#4375));
#760=EDGE_LOOP('',(#4376,#4377,#4378,#4379));
#761=EDGE_LOOP('',(#4380,#4381,#4382,#4383));
#762=EDGE_LOOP('',(#4384,#4385,#4386,#4387));
#763=EDGE_LOOP('',(#4388,#4389,#4390,#4391));
#764=EDGE_LOOP('',(#4392,#4393,#4394,#4395));
#765=EDGE_LOOP('',(#4396,#4397,#4398,#4399));
#766=EDGE_LOOP('',(#4400,#4401,#4402,#4403));
#767=EDGE_LOOP('',(#4404,#4405,#4406,#4407,#4408,#4409,#4410,#4411,#4412,
#4413,#4414,#4415,#4416,#4417,#4418,#4419));
#768=EDGE_LOOP('',(#4420,#4421,#4422,#4423,#4424,#4425,#4426,#4427));
#769=EDGE_LOOP('',(#4428));
#770=EDGE_LOOP('',(#4429,#4430,#4431,#4432,#4433,#4434,#4435,#4436));
#771=EDGE_LOOP('',(#4437,#4438,#4439,#4440,#4441,#4442,#4443,#4444));
#772=EDGE_LOOP('',(#4445));
#773=EDGE_LOOP('',(#4446));
#774=EDGE_LOOP('',(#4447,#4448,#4449,#4450,#4451,#4452,#4453,#4454));
#775=EDGE_LOOP('',(#4455));
#776=EDGE_LOOP('',(#4456,#4457,#4458,#4459,#4460,#4461,#4462,#4463));
#777=EDGE_LOOP('',(#4464,#4465,#4466,#4467));
#778=EDGE_LOOP('',(#4468,#4469,#4470,#4471));
#779=EDGE_LOOP('',(#4472,#4473,#4474,#4475));
#780=EDGE_LOOP('',(#4476,#4477,#4478,#4479));
#781=EDGE_LOOP('',(#4480,#4481,#4482,#4483));
#782=EDGE_LOOP('',(#4484,#4485,#4486,#4487));
#783=EDGE_LOOP('',(#4488,#4489,#4490,#4491));
#784=EDGE_LOOP('',(#4492,#4493,#4494,#4495));
#785=EDGE_LOOP('',(#4496,#4497,#4498,#4499));
#786=EDGE_LOOP('',(#4500,#4501,#4502,#4503));
#787=EDGE_LOOP('',(#4504,#4505,#4506,#4507));
#788=EDGE_LOOP('',(#4508,#4509,#4510,#4511));
#789=EDGE_LOOP('',(#4512,#4513,#4514,#4515));
#790=EDGE_LOOP('',(#4516,#4517,#4518,#4519));
#791=EDGE_LOOP('',(#4520,#4521,#4522,#4523));
#792=EDGE_LOOP('',(#4524,#4525,#4526,#4527));
#793=EDGE_LOOP('',(#4528,#4529,#4530,#4531));
#794=EDGE_LOOP('',(#4532,#4533,#4534,#4535));
#795=EDGE_LOOP('',(#4536,#4537,#4538,#4539));
#796=EDGE_LOOP('',(#4540,#4541,#4542,#4543));
#797=EDGE_LOOP('',(#4544,#4545,#4546,#4547));
#798=EDGE_LOOP('',(#4548,#4549,#4550,#4551));
#799=EDGE_LOOP('',(#4552,#4553,#4554,#4555));
#800=EDGE_LOOP('',(#4556,#4557,#4558,#4559));
#801=EDGE_LOOP('',(#4560,#4561,#4562,#4563));
#802=EDGE_LOOP('',(#4564,#4565,#4566,#4567));
#803=EDGE_LOOP('',(#4568,#4569,#4570,#4571));
#804=EDGE_LOOP('',(#4572,#4573,#4574,#4575));
#805=EDGE_LOOP('',(#4576,#4577,#4578,#4579));
#806=EDGE_LOOP('',(#4580,#4581,#4582,#4583));
#807=EDGE_LOOP('',(#4584,#4585,#4586,#4587));
#808=EDGE_LOOP('',(#4588,#4589,#4590,#4591));
#809=EDGE_LOOP('',(#4592,#4593,#4594,#4595));
#810=EDGE_LOOP('',(#4596,#4597,#4598,#4599));
#811=EDGE_LOOP('',(#4600,#4601,#4602,#4603));
#812=EDGE_LOOP('',(#4604,#4605,#4606,#4607));
#813=EDGE_LOOP('',(#4608,#4609,#4610,#4611));
#814=EDGE_LOOP('',(#4612,#4613,#4614,#4615));
#815=EDGE_LOOP('',(#4616,#4617,#4618,#4619));
#816=EDGE_LOOP('',(#4620,#4621,#4622,#4623));
#817=EDGE_LOOP('',(#4624,#4625,#4626,#4627));
#818=EDGE_LOOP('',(#4628,#4629,#4630,#4631));
#819=EDGE_LOOP('',(#4632,#4633,#4634,#4635));
#820=EDGE_LOOP('',(#4636,#4637,#4638,#4639));
#821=EDGE_LOOP('',(#4640,#4641,#4642,#4643));
#822=EDGE_LOOP('',(#4644,#4645,#4646,#4647));
#823=EDGE_LOOP('',(#4648,#4649,#4650,#4651));
#824=EDGE_LOOP('',(#4652,#4653,#4654,#4655));
#825=EDGE_LOOP('',(#4656,#4657,#4658,#4659));
#826=EDGE_LOOP('',(#4660,#4661,#4662,#4663));
#827=EDGE_LOOP('',(#4664,#4665,#4666,#4667));
#828=EDGE_LOOP('',(#4668,#4669,#4670,#4671,#4672,#4673,#4674,#4675,#4676,
#4677,#4678,#4679,#4680,#4681,#4682,#4683));
#829=EDGE_LOOP('',(#4684,#4685,#4686,#4687,#4688,#4689,#4690,#4691));
#830=EDGE_LOOP('',(#4692));
#831=EDGE_LOOP('',(#4693,#4694,#4695,#4696,#4697,#4698,#4699,#4700));
#832=EDGE_LOOP('',(#4701,#4702,#4703,#4704,#4705,#4706,#4707,#4708));
#833=EDGE_LOOP('',(#4709));
#834=EDGE_LOOP('',(#4710));
#835=EDGE_LOOP('',(#4711,#4712,#4713,#4714,#4715,#4716,#4717,#4718));
#836=EDGE_LOOP('',(#4719));
#837=EDGE_LOOP('',(#4720,#4721,#4722,#4723,#4724,#4725,#4726,#4727));
#838=LINE('',#6220,#1292);
#839=LINE('',#6227,#1293);
#840=LINE('',#6245,#1294);
#841=LINE('',#6268,#1295);
#842=LINE('',#6291,#1296);
#843=LINE('',#6314,#1297);
#844=LINE('',#6337,#1298);
#845=LINE('',#6360,#1299);
#846=LINE('',#6383,#1300);
#847=LINE('',#6406,#1301);
#848=LINE('',#6429,#1302);
#849=LINE('',#6452,#1303);
#850=LINE('',#6475,#1304);
#851=LINE('',#6498,#1305);
#852=LINE('',#6521,#1306);
#853=LINE('',#6529,#1307);
#854=LINE('',#6531,#1308);
#855=LINE('',#6532,#1309);
#856=LINE('',#6550,#1310);
#857=LINE('',#6573,#1311);
#858=LINE('',#6596,#1312);
#859=LINE('',#6619,#1313);
#860=LINE('',#6642,#1314);
#861=LINE('',#6665,#1315);
#862=LINE('',#6688,#1316);
#863=LINE('',#6711,#1317);
#864=LINE('',#6734,#1318);
#865=LINE('',#6757,#1319);
#866=LINE('',#6780,#1320);
#867=LINE('',#6803,#1321);
#868=LINE('',#6826,#1322);
#869=LINE('',#6849,#1323);
#870=LINE('',#6872,#1324);
#871=LINE('',#6895,#1325);
#872=LINE('',#6903,#1326);
#873=LINE('',#6905,#1327);
#874=LINE('',#6906,#1328);
#875=LINE('',#6931,#1329);
#876=LINE('',#6933,#1330);
#877=LINE('',#6935,#1331);
#878=LINE('',#6936,#1332);
#879=LINE('',#6939,#1333);
#880=LINE('',#6941,#1334);
#881=LINE('',#6942,#1335);
#882=LINE('',#6945,#1336);
#883=LINE('',#6947,#1337);
#884=LINE('',#6948,#1338);
#885=LINE('',#6951,#1339);
#886=LINE('',#6953,#1340);
#887=LINE('',#6954,#1341);
#888=LINE('',#6957,#1342);
#889=LINE('',#6959,#1343);
#890=LINE('',#6960,#1344);
#891=LINE('',#6962,#1345);
#892=LINE('',#6963,#1346);
#893=LINE('',#6968,#1347);
#894=LINE('',#6970,#1348);
#895=LINE('',#6972,#1349);
#896=LINE('',#6973,#1350);
#897=LINE('',#6976,#1351);
#898=LINE('',#6978,#1352);
#899=LINE('',#6979,#1353);
#900=LINE('',#6982,#1354);
#901=LINE('',#6984,#1355);
#902=LINE('',#6985,#1356);
#903=LINE('',#6987,#1357);
#904=LINE('',#6988,#1358);
#905=LINE('',#7008,#1359);
#906=LINE('',#7015,#1360);
#907=LINE('',#7033,#1361);
#908=LINE('',#7056,#1362);
#909=LINE('',#7079,#1363);
#910=LINE('',#7102,#1364);
#911=LINE('',#7125,#1365);
#912=LINE('',#7148,#1366);
#913=LINE('',#7171,#1367);
#914=LINE('',#7194,#1368);
#915=LINE('',#7201,#1369);
#916=LINE('',#7202,#1370);
#917=LINE('',#7206,#1371);
#918=LINE('',#7208,#1372);
#919=LINE('',#7210,#1373);
#920=LINE('',#7211,#1374);
#921=LINE('',#7229,#1375);
#922=LINE('',#7252,#1376);
#923=LINE('',#7260,#1377);
#924=LINE('',#7262,#1378);
#925=LINE('',#7263,#1379);
#926=LINE('',#7281,#1380);
#927=LINE('',#7304,#1381);
#928=LINE('',#7327,#1382);
#929=LINE('',#7350,#1383);
#930=LINE('',#7373,#1384);
#931=LINE('',#7396,#1385);
#932=LINE('',#7419,#1386);
#933=LINE('',#7427,#1387);
#934=LINE('',#7429,#1388);
#935=LINE('',#7430,#1389);
#936=LINE('',#7448,#1390);
#937=LINE('',#7471,#1391);
#938=LINE('',#7494,#1392);
#939=LINE('',#7517,#1393);
#940=LINE('',#7540,#1394);
#941=LINE('',#7563,#1395);
#942=LINE('',#7586,#1396);
#943=LINE('',#7609,#1397);
#944=LINE('',#7632,#1398);
#945=LINE('',#7655,#1399);
#946=LINE('',#7678,#1400);
#947=LINE('',#7701,#1401);
#948=LINE('',#7724,#1402);
#949=LINE('',#7747,#1403);
#950=LINE('',#7777,#1404);
#951=LINE('',#7779,#1405);
#952=LINE('',#7781,#1406);
#953=LINE('',#7782,#1407);
#954=LINE('',#7800,#1408);
#955=LINE('',#7823,#1409);
#956=LINE('',#7846,#1410);
#957=LINE('',#7869,#1411);
#958=LINE('',#7892,#1412);
#959=LINE('',#7900,#1413);
#960=LINE('',#7902,#1414);
#961=LINE('',#7903,#1415);
#962=LINE('',#7905,#1416);
#963=LINE('',#7906,#1417);
#964=LINE('',#7910,#1418);
#965=LINE('',#7912,#1419);
#966=LINE('',#7914,#1420);
#967=LINE('',#7915,#1421);
#968=LINE('',#7918,#1422);
#969=LINE('',#7920,#1423);
#970=LINE('',#7921,#1424);
#971=LINE('',#7939,#1425);
#972=LINE('',#7962,#1426);
#973=LINE('',#7985,#1427);
#974=LINE('',#8008,#1428);
#975=LINE('',#8031,#1429);
#976=LINE('',#8054,#1430);
#977=LINE('',#8062,#1431);
#978=LINE('',#8064,#1432);
#979=LINE('',#8065,#1433);
#980=LINE('',#8068,#1434);
#981=LINE('',#8070,#1435);
#982=LINE('',#8071,#1436);
#983=LINE('',#8073,#1437);
#984=LINE('',#8074,#1438);
#985=LINE('',#8094,#1439);
#986=LINE('',#8101,#1440);
#987=LINE('',#8119,#1441);
#988=LINE('',#8142,#1442);
#989=LINE('',#8165,#1443);
#990=LINE('',#8188,#1444);
#991=LINE('',#8211,#1445);
#992=LINE('',#8234,#1446);
#993=LINE('',#8263,#1447);
#994=LINE('',#8265,#1448);
#995=LINE('',#8267,#1449);
#996=LINE('',#8268,#1450);
#997=LINE('',#8271,#1451);
#998=LINE('',#8273,#1452);
#999=LINE('',#8274,#1453);
#1000=LINE('',#8277,#1454);
#1001=LINE('',#8279,#1455);
#1002=LINE('',#8280,#1456);
#1003=LINE('',#8298,#1457);
#1004=LINE('',#8321,#1458);
#1005=LINE('',#8344,#1459);
#1006=LINE('',#8367,#1460);
#1007=LINE('',#8390,#1461);
#1008=LINE('',#8413,#1462);
#1009=LINE('',#8436,#1463);
#1010=LINE('',#8459,#1464);
#1011=LINE('',#8482,#1465);
#1012=LINE('',#8490,#1466);
#1013=LINE('',#8492,#1467);
#1014=LINE('',#8493,#1468);
#1015=LINE('',#8495,#1469);
#1016=LINE('',#8496,#1470);
#1017=LINE('',#8501,#1471);
#1018=LINE('',#8503,#1472);
#1019=LINE('',#8505,#1473);
#1020=LINE('',#8506,#1474);
#1021=LINE('',#8509,#1475);
#1022=LINE('',#8511,#1476);
#1023=LINE('',#8512,#1477);
#1024=LINE('',#8515,#1478);
#1025=LINE('',#8517,#1479);
#1026=LINE('',#8518,#1480);
#1027=LINE('',#8536,#1481);
#1028=LINE('',#8559,#1482);
#1029=LINE('',#8582,#1483);
#1030=LINE('',#8605,#1484);
#1031=LINE('',#8628,#1485);
#1032=LINE('',#8651,#1486);
#1033=LINE('',#8659,#1487);
#1034=LINE('',#8661,#1488);
#1035=LINE('',#8662,#1489);
#1036=LINE('',#8665,#1490);
#1037=LINE('',#8667,#1491);
#1038=LINE('',#8668,#1492);
#1039=LINE('',#8671,#1493);
#1040=LINE('',#8673,#1494);
#1041=LINE('',#8674,#1495);
#1042=LINE('',#8692,#1496);
#1043=LINE('',#8715,#1497);
#1044=LINE('',#8738,#1498);
#1045=LINE('',#8761,#1499);
#1046=LINE('',#8784,#1500);
#1047=LINE('',#8792,#1501);
#1048=LINE('',#8794,#1502);
#1049=LINE('',#8795,#1503);
#1050=LINE('',#8797,#1504);
#1051=LINE('',#8798,#1505);
#1052=LINE('',#8818,#1506);
#1053=LINE('',#8825,#1507);
#1054=LINE('',#8843,#1508);
#1055=LINE('',#8866,#1509);
#1056=LINE('',#8889,#1510);
#1057=LINE('',#8912,#1511);
#1058=LINE('',#8935,#1512);
#1059=LINE('',#8958,#1513);
#1060=LINE('',#8981,#1514);
#1061=LINE('',#9025,#1515);
#1062=LINE('',#9032,#1516);
#1063=LINE('',#9050,#1517);
#1064=LINE('',#9073,#1518);
#1065=LINE('',#9096,#1519);
#1066=LINE('',#9119,#1520);
#1067=LINE('',#9142,#1521);
#1068=LINE('',#9165,#1522);
#1069=LINE('',#9188,#1523);
#1070=LINE('',#9211,#1524);
#1071=LINE('',#9234,#1525);
#1072=LINE('',#9264,#1526);
#1073=LINE('',#9266,#1527);
#1074=LINE('',#9268,#1528);
#1075=LINE('',#9270,#1529);
#1076=LINE('',#9272,#1530);
#1077=LINE('',#9274,#1531);
#1078=LINE('',#9276,#1532);
#1079=LINE('',#9277,#1533);
#1080=LINE('',#9283,#1534);
#1081=LINE('',#9285,#1535);
#1082=LINE('',#9286,#1536);
#1083=LINE('',#9290,#1537);
#1084=LINE('',#9291,#1538);
#1085=LINE('',#9292,#1539);
#1086=LINE('',#9295,#1540);
#1087=LINE('',#9297,#1541);
#1088=LINE('',#9298,#1542);
#1089=LINE('',#9302,#1543);
#1090=LINE('',#9303,#1544);
#1091=LINE('',#9304,#1545);
#1092=LINE('',#9306,#1546);
#1093=LINE('',#9309,#1547);
#1094=LINE('',#9311,#1548);
#1095=LINE('',#9312,#1549);
#1096=LINE('',#9316,#1550);
#1097=LINE('',#9317,#1551);
#1098=LINE('',#9318,#1552);
#1099=LINE('',#9320,#1553);
#1100=LINE('',#9323,#1554);
#1101=LINE('',#9325,#1555);
#1102=LINE('',#9326,#1556);
#1103=LINE('',#9330,#1557);
#1104=LINE('',#9331,#1558);
#1105=LINE('',#9332,#1559);
#1106=LINE('',#9334,#1560);
#1107=LINE('',#9337,#1561);
#1108=LINE('',#9339,#1562);
#1109=LINE('',#9340,#1563);
#1110=LINE('',#9344,#1564);
#1111=LINE('',#9345,#1565);
#1112=LINE('',#9346,#1566);
#1113=LINE('',#9349,#1567);
#1114=LINE('',#9351,#1568);
#1115=LINE('',#9352,#1569);
#1116=LINE('',#9356,#1570);
#1117=LINE('',#9357,#1571);
#1118=LINE('',#9358,#1572);
#1119=LINE('',#9360,#1573);
#1120=LINE('',#9362,#1574);
#1121=LINE('',#9365,#1575);
#1122=LINE('',#9366,#1576);
#1123=LINE('',#9369,#1577);
#1124=LINE('',#9370,#1578);
#1125=LINE('',#9372,#1579);
#1126=LINE('',#9374,#1580);
#1127=LINE('',#9376,#1581);
#1128=LINE('',#9378,#1582);
#1129=LINE('',#9380,#1583);
#1130=LINE('',#9382,#1584);
#1131=LINE('',#9384,#1585);
#1132=LINE('',#9386,#1586);
#1133=LINE('',#9388,#1587);
#1134=LINE('',#9389,#1588);
#1135=LINE('',#9390,#1589);
#1136=LINE('',#9402,#1590);
#1137=LINE('',#9406,#1591);
#1138=LINE('',#9410,#1592);
#1139=LINE('',#9414,#1593);
#1140=LINE('',#9419,#1594);
#1141=LINE('',#9420,#1595);
#1142=LINE('',#9421,#1596);
#1143=LINE('',#9424,#1597);
#1144=LINE('',#9425,#1598);
#1145=LINE('',#9428,#1599);
#1146=LINE('',#9429,#1600);
#1147=LINE('',#9438,#1601);
#1148=LINE('',#9439,#1602);
#1149=LINE('',#9442,#1603);
#1150=LINE('',#9443,#1604);
#1151=LINE('',#9445,#1605);
#1152=LINE('',#9450,#1606);
#1153=LINE('',#9452,#1607);
#1154=LINE('',#9454,#1608);
#1155=LINE('',#9455,#1609);
#1156=LINE('',#9458,#1610);
#1157=LINE('',#9460,#1611);
#1158=LINE('',#9461,#1612);
#1159=LINE('',#9464,#1613);
#1160=LINE('',#9466,#1614);
#1161=LINE('',#9467,#1615);
#1162=LINE('',#9470,#1616);
#1163=LINE('',#9472,#1617);
#1164=LINE('',#9473,#1618);
#1165=LINE('',#9476,#1619);
#1166=LINE('',#9478,#1620);
#1167=LINE('',#9479,#1621);
#1168=LINE('',#9482,#1622);
#1169=LINE('',#9484,#1623);
#1170=LINE('',#9485,#1624);
#1171=LINE('',#9488,#1625);
#1172=LINE('',#9490,#1626);
#1173=LINE('',#9491,#1627);
#1174=LINE('',#9493,#1628);
#1175=LINE('',#9494,#1629);
#1176=LINE('',#9498,#1630);
#1177=LINE('',#9500,#1631);
#1178=LINE('',#9502,#1632);
#1179=LINE('',#9503,#1633);
#1180=LINE('',#9506,#1634);
#1181=LINE('',#9508,#1635);
#1182=LINE('',#9510,#1636);
#1183=LINE('',#9512,#1637);
#1184=LINE('',#9514,#1638);
#1185=LINE('',#9516,#1639);
#1186=LINE('',#9518,#1640);
#1187=LINE('',#9520,#1641);
#1188=LINE('',#9522,#1642);
#1189=LINE('',#9524,#1643);
#1190=LINE('',#9526,#1644);
#1191=LINE('',#9528,#1645);
#1192=LINE('',#9530,#1646);
#1193=LINE('',#9532,#1647);
#1194=LINE('',#9533,#1648);
#1195=LINE('',#9540,#1649);
#1196=LINE('',#9544,#1650);
#1197=LINE('',#9548,#1651);
#1198=LINE('',#9551,#1652);
#1199=LINE('',#9556,#1653);
#1200=LINE('',#9560,#1654);
#1201=LINE('',#9564,#1655);
#1202=LINE('',#9567,#1656);
#1203=LINE('',#9576,#1657);
#1204=LINE('',#9580,#1658);
#1205=LINE('',#9584,#1659);
#1206=LINE('',#9587,#1660);
#1207=LINE('',#9592,#1661);
#1208=LINE('',#9596,#1662);
#1209=LINE('',#9600,#1663);
#1210=LINE('',#9604,#1664);
#1211=LINE('',#9608,#1665);
#1212=LINE('',#9609,#1666);
#1213=LINE('',#9612,#1667);
#1214=LINE('',#9613,#1668);
#1215=LINE('',#9617,#1669);
#1216=LINE('',#9618,#1670);
#1217=LINE('',#9619,#1671);
#1218=LINE('',#9622,#1672);
#1219=LINE('',#9623,#1673);
#1220=LINE('',#9626,#1674);
#1221=LINE('',#9627,#1675);
#1222=LINE('',#9631,#1676);
#1223=LINE('',#9632,#1677);
#1224=LINE('',#9633,#1678);
#1225=LINE('',#9636,#1679);
#1226=LINE('',#9637,#1680);
#1227=LINE('',#9640,#1681);
#1228=LINE('',#9641,#1682);
#1229=LINE('',#9644,#1683);
#1230=LINE('',#9645,#1684);
#1231=LINE('',#9648,#1685);
#1232=LINE('',#9649,#1686);
#1233=LINE('',#9652,#1687);
#1234=LINE('',#9654,#1688);
#1235=LINE('',#9655,#1689);
#1236=LINE('',#9657,#1690);
#1237=LINE('',#9660,#1691);
#1238=LINE('',#9663,#1692);
#1239=LINE('',#9666,#1693);
#1240=LINE('',#9667,#1694);
#1241=LINE('',#9671,#1695);
#1242=LINE('',#9674,#1696);
#1243=LINE('',#9675,#1697);
#1244=LINE('',#9679,#1698);
#1245=LINE('',#9682,#1699);
#1246=LINE('',#9683,#1700);
#1247=LINE('',#9687,#1701);
#1248=LINE('',#9689,#1702);
#1249=LINE('',#9693,#1703);
#1250=LINE('',#9696,#1704);
#1251=LINE('',#9698,#1705);
#1252=LINE('',#9699,#1706);
#1253=LINE('',#9703,#1707);
#1254=LINE('',#9706,#1708);
#1255=LINE('',#9707,#1709);
#1256=LINE('',#9711,#1710);
#1257=LINE('',#9714,#1711);
#1258=LINE('',#9715,#1712);
#1259=LINE('',#9719,#1713);
#1260=LINE('',#9722,#1714);
#1261=LINE('',#9723,#1715);
#1262=LINE('',#9729,#1716);
#1263=LINE('',#9733,#1717);
#1264=LINE('',#9736,#1718);
#1265=LINE('',#9738,#1719);
#1266=LINE('',#9739,#1720);
#1267=LINE('',#9743,#1721);
#1268=LINE('',#9746,#1722);
#1269=LINE('',#9747,#1723);
#1270=LINE('',#9751,#1724);
#1271=LINE('',#9754,#1725);
#1272=LINE('',#9755,#1726);
#1273=LINE('',#9759,#1727);
#1274=LINE('',#9762,#1728);
#1275=LINE('',#9763,#1729);
#1276=LINE('',#9768,#1730);
#1277=LINE('',#9770,#1731);
#1278=LINE('',#9771,#1732);
#1279=LINE('',#9775,#1733);
#1280=LINE('',#9778,#1734);
#1281=LINE('',#9779,#1735);
#1282=LINE('',#9783,#1736);
#1283=LINE('',#9786,#1737);
#1284=LINE('',#9787,#1738);
#1285=LINE('',#9791,#1739);
#1286=LINE('',#9794,#1740);
#1287=LINE('',#9795,#1741);
#1288=LINE('',#9801,#1742);
#1289=LINE('',#9803,#1743);
#1290=LINE('',#9805,#1744);
#1291=LINE('',#9807,#1745);
#1292=VECTOR('',#5345,10.);
#1293=VECTOR('',#5346,10.);
#1294=VECTOR('',#5347,10.);
#1295=VECTOR('',#5348,10.);
#1296=VECTOR('',#5349,10.);
#1297=VECTOR('',#5350,10.);
#1298=VECTOR('',#5351,10.);
#1299=VECTOR('',#5352,10.);
#1300=VECTOR('',#5353,10.);
#1301=VECTOR('',#5354,10.);
#1302=VECTOR('',#5355,10.);
#1303=VECTOR('',#5356,10.);
#1304=VECTOR('',#5357,10.);
#1305=VECTOR('',#5358,10.);
#1306=VECTOR('',#5359,10.);
#1307=VECTOR('',#5362,10.);
#1308=VECTOR('',#5363,10.);
#1309=VECTOR('',#5364,10.);
#1310=VECTOR('',#5365,10.);
#1311=VECTOR('',#5366,10.);
#1312=VECTOR('',#5367,10.);
#1313=VECTOR('',#5368,10.);
#1314=VECTOR('',#5369,10.);
#1315=VECTOR('',#5370,10.);
#1316=VECTOR('',#5371,10.);
#1317=VECTOR('',#5372,10.);
#1318=VECTOR('',#5373,10.);
#1319=VECTOR('',#5374,10.);
#1320=VECTOR('',#5375,10.);
#1321=VECTOR('',#5376,10.);
#1322=VECTOR('',#5377,10.);
#1323=VECTOR('',#5378,10.);
#1324=VECTOR('',#5379,10.);
#1325=VECTOR('',#5380,10.);
#1326=VECTOR('',#5383,10.);
#1327=VECTOR('',#5384,10.);
#1328=VECTOR('',#5385,10.);
#1329=VECTOR('',#5390,10.);
#1330=VECTOR('',#5391,10.);
#1331=VECTOR('',#5392,10.);
#1332=VECTOR('',#5393,10.);
#1333=VECTOR('',#5396,10.);
#1334=VECTOR('',#5397,10.);
#1335=VECTOR('',#5398,10.);
#1336=VECTOR('',#5401,10.);
#1337=VECTOR('',#5402,10.);
#1338=VECTOR('',#5403,10.);
#1339=VECTOR('',#5406,10.);
#1340=VECTOR('',#5407,10.);
#1341=VECTOR('',#5408,10.);
#1342=VECTOR('',#5411,10.);
#1343=VECTOR('',#5412,10.);
#1344=VECTOR('',#5413,10.);
#1345=VECTOR('',#5416,10.);
#1346=VECTOR('',#5417,10.);
#1347=VECTOR('',#5422,10.);
#1348=VECTOR('',#5423,10.);
#1349=VECTOR('',#5424,10.);
#1350=VECTOR('',#5425,10.);
#1351=VECTOR('',#5428,10.);
#1352=VECTOR('',#5429,10.);
#1353=VECTOR('',#5430,10.);
#1354=VECTOR('',#5433,10.);
#1355=VECTOR('',#5434,10.);
#1356=VECTOR('',#5435,10.);
#1357=VECTOR('',#5438,10.);
#1358=VECTOR('',#5439,10.);
#1359=VECTOR('',#5442,10.);
#1360=VECTOR('',#5443,10.);
#1361=VECTOR('',#5444,10.);
#1362=VECTOR('',#5445,10.);
#1363=VECTOR('',#5446,10.);
#1364=VECTOR('',#5447,10.);
#1365=VECTOR('',#5448,10.);
#1366=VECTOR('',#5449,10.);
#1367=VECTOR('',#5450,10.);
#1368=VECTOR('',#5451,10.);
#1369=VECTOR('',#5454,10.);
#1370=VECTOR('',#5455,10.);
#1371=VECTOR('',#5458,10.);
#1372=VECTOR('',#5459,10.);
#1373=VECTOR('',#5460,10.);
#1374=VECTOR('',#5461,10.);
#1375=VECTOR('',#5462,10.);
#1376=VECTOR('',#5463,10.);
#1377=VECTOR('',#5466,10.);
#1378=VECTOR('',#5467,10.);
#1379=VECTOR('',#5468,10.);
#1380=VECTOR('',#5469,10.);
#1381=VECTOR('',#5470,10.);
#1382=VECTOR('',#5471,10.);
#1383=VECTOR('',#5472,10.);
#1384=VECTOR('',#5473,10.);
#1385=VECTOR('',#5474,10.);
#1386=VECTOR('',#5475,10.);
#1387=VECTOR('',#5478,10.);
#1388=VECTOR('',#5479,10.);
#1389=VECTOR('',#5480,10.);
#1390=VECTOR('',#5481,10.);
#1391=VECTOR('',#5482,10.);
#1392=VECTOR('',#5483,10.);
#1393=VECTOR('',#5484,10.);
#1394=VECTOR('',#5485,10.);
#1395=VECTOR('',#5486,10.);
#1396=VECTOR('',#5487,10.);
#1397=VECTOR('',#5488,10.);
#1398=VECTOR('',#5489,10.);
#1399=VECTOR('',#5490,10.);
#1400=VECTOR('',#5491,10.);
#1401=VECTOR('',#5492,10.);
#1402=VECTOR('',#5493,10.);
#1403=VECTOR('',#5494,10.);
#1404=VECTOR('',#5499,10.);
#1405=VECTOR('',#5500,10.);
#1406=VECTOR('',#5501,10.);
#1407=VECTOR('',#5502,10.);
#1408=VECTOR('',#5503,10.);
#1409=VECTOR('',#5504,10.);
#1410=VECTOR('',#5505,10.);
#1411=VECTOR('',#5506,10.);
#1412=VECTOR('',#5507,10.);
#1413=VECTOR('',#5510,10.);
#1414=VECTOR('',#5511,10.);
#1415=VECTOR('',#5512,10.);
#1416=VECTOR('',#5515,10.);
#1417=VECTOR('',#5516,10.);
#1418=VECTOR('',#5519,10.);
#1419=VECTOR('',#5520,10.);
#1420=VECTOR('',#5521,10.);
#1421=VECTOR('',#5522,10.);
#1422=VECTOR('',#5525,10.);
#1423=VECTOR('',#5526,10.);
#1424=VECTOR('',#5527,10.);
#1425=VECTOR('',#5528,10.);
#1426=VECTOR('',#5529,10.);
#1427=VECTOR('',#5530,10.);
#1428=VECTOR('',#5531,10.);
#1429=VECTOR('',#5532,10.);
#1430=VECTOR('',#5533,10.);
#1431=VECTOR('',#5536,10.);
#1432=VECTOR('',#5537,10.);
#1433=VECTOR('',#5538,10.);
#1434=VECTOR('',#5541,10.);
#1435=VECTOR('',#5542,10.);
#1436=VECTOR('',#5543,10.);
#1437=VECTOR('',#5546,10.);
#1438=VECTOR('',#5547,10.);
#1439=VECTOR('',#5550,10.);
#1440=VECTOR('',#5551,10.);
#1441=VECTOR('',#5552,10.);
#1442=VECTOR('',#5553,10.);
#1443=VECTOR('',#5554,10.);
#1444=VECTOR('',#5555,10.);
#1445=VECTOR('',#5556,10.);
#1446=VECTOR('',#5557,10.);
#1447=VECTOR('',#5560,10.);
#1448=VECTOR('',#5561,10.);
#1449=VECTOR('',#5562,10.);
#1450=VECTOR('',#5563,10.);
#1451=VECTOR('',#5566,10.);
#1452=VECTOR('',#5567,10.);
#1453=VECTOR('',#5568,10.);
#1454=VECTOR('',#5571,10.);
#1455=VECTOR('',#5572,10.);
#1456=VECTOR('',#5573,10.);
#1457=VECTOR('',#5574,10.);
#1458=VECTOR('',#5575,10.);
#1459=VECTOR('',#5576,10.);
#1460=VECTOR('',#5577,10.);
#1461=VECTOR('',#5578,10.);
#1462=VECTOR('',#5579,10.);
#1463=VECTOR('',#5580,10.);
#1464=VECTOR('',#5581,10.);
#1465=VECTOR('',#5582,10.);
#1466=VECTOR('',#5585,10.);
#1467=VECTOR('',#5586,10.);
#1468=VECTOR('',#5587,10.);
#1469=VECTOR('',#5590,10.);
#1470=VECTOR('',#5591,10.);
#1471=VECTOR('',#5596,10.);
#1472=VECTOR('',#5597,10.);
#1473=VECTOR('',#5598,10.);
#1474=VECTOR('',#5599,10.);
#1475=VECTOR('',#5602,10.);
#1476=VECTOR('',#5603,10.);
#1477=VECTOR('',#5604,10.);
#1478=VECTOR('',#5607,10.);
#1479=VECTOR('',#5608,10.);
#1480=VECTOR('',#5609,10.);
#1481=VECTOR('',#5610,10.);
#1482=VECTOR('',#5611,10.);
#1483=VECTOR('',#5612,10.);
#1484=VECTOR('',#5613,10.);
#1485=VECTOR('',#5614,10.);
#1486=VECTOR('',#5615,10.);
#1487=VECTOR('',#5618,10.);
#1488=VECTOR('',#5619,10.);
#1489=VECTOR('',#5620,10.);
#1490=VECTOR('',#5623,10.);
#1491=VECTOR('',#5624,10.);
#1492=VECTOR('',#5625,10.);
#1493=VECTOR('',#5628,10.);
#1494=VECTOR('',#5629,10.);
#1495=VECTOR('',#5630,10.);
#1496=VECTOR('',#5631,10.);
#1497=VECTOR('',#5632,10.);
#1498=VECTOR('',#5633,10.);
#1499=VECTOR('',#5634,10.);
#1500=VECTOR('',#5635,10.);
#1501=VECTOR('',#5638,10.);
#1502=VECTOR('',#5639,10.);
#1503=VECTOR('',#5640,10.);
#1504=VECTOR('',#5643,10.);
#1505=VECTOR('',#5644,10.);
#1506=VECTOR('',#5647,10.);
#1507=VECTOR('',#5648,10.);
#1508=VECTOR('',#5649,10.);
#1509=VECTOR('',#5650,10.);
#1510=VECTOR('',#5651,10.);
#1511=VECTOR('',#5652,10.);
#1512=VECTOR('',#5653,10.);
#1513=VECTOR('',#5654,10.);
#1514=VECTOR('',#5655,10.);
#1515=VECTOR('',#5656,10.);
#1516=VECTOR('',#5657,10.);
#1517=VECTOR('',#5658,10.);
#1518=VECTOR('',#5659,10.);
#1519=VECTOR('',#5660,10.);
#1520=VECTOR('',#5661,10.);
#1521=VECTOR('',#5662,10.);
#1522=VECTOR('',#5663,10.);
#1523=VECTOR('',#5664,10.);
#1524=VECTOR('',#5665,10.);
#1525=VECTOR('',#5666,10.);
#1526=VECTOR('',#5671,10.);
#1527=VECTOR('',#5672,10.);
#1528=VECTOR('',#5673,10.);
#1529=VECTOR('',#5674,10.);
#1530=VECTOR('',#5675,10.);
#1531=VECTOR('',#5676,10.);
#1532=VECTOR('',#5677,10.);
#1533=VECTOR('',#5678,10.);
#1534=VECTOR('',#5687,10.);
#1535=VECTOR('',#5688,10.);
#1536=VECTOR('',#5689,10.);
#1537=VECTOR('',#5692,10.);
#1538=VECTOR('',#5693,10.);
#1539=VECTOR('',#5694,10.);
#1540=VECTOR('',#5697,10.);
#1541=VECTOR('',#5698,10.);
#1542=VECTOR('',#5699,10.);
#1543=VECTOR('',#5702,10.);
#1544=VECTOR('',#5703,10.);
#1545=VECTOR('',#5704,10.);
#1546=VECTOR('',#5707,10.);
#1547=VECTOR('',#5710,10.);
#1548=VECTOR('',#5711,10.);
#1549=VECTOR('',#5712,10.);
#1550=VECTOR('',#5715,10.);
#1551=VECTOR('',#5716,10.);
#1552=VECTOR('',#5717,10.);
#1553=VECTOR('',#5720,10.);
#1554=VECTOR('',#5723,10.);
#1555=VECTOR('',#5724,10.);
#1556=VECTOR('',#5725,10.);
#1557=VECTOR('',#5728,10.);
#1558=VECTOR('',#5729,10.);
#1559=VECTOR('',#5730,10.);
#1560=VECTOR('',#5733,10.);
#1561=VECTOR('',#5736,10.);
#1562=VECTOR('',#5737,10.);
#1563=VECTOR('',#5738,10.);
#1564=VECTOR('',#5741,10.);
#1565=VECTOR('',#5742,10.);
#1566=VECTOR('',#5743,10.);
#1567=VECTOR('',#5746,10.);
#1568=VECTOR('',#5747,10.);
#1569=VECTOR('',#5748,10.);
#1570=VECTOR('',#5751,10.);
#1571=VECTOR('',#5752,10.);
#1572=VECTOR('',#5753,10.);
#1573=VECTOR('',#5756,10.);
#1574=VECTOR('',#5759,10.);
#1575=VECTOR('',#5762,10.);
#1576=VECTOR('',#5763,10.);
#1577=VECTOR('',#5766,10.);
#1578=VECTOR('',#5767,10.);
#1579=VECTOR('',#5770,10.);
#1580=VECTOR('',#5773,10.);
#1581=VECTOR('',#5776,10.);
#1582=VECTOR('',#5779,10.);
#1583=VECTOR('',#5782,10.);
#1584=VECTOR('',#5783,10.);
#1585=VECTOR('',#5784,10.);
#1586=VECTOR('',#5785,10.);
#1587=VECTOR('',#5786,10.);
#1588=VECTOR('',#5787,10.);
#1589=VECTOR('',#5788,10.);
#1590=VECTOR('',#5801,1.7);
#1591=VECTOR('',#5806,1.7);
#1592=VECTOR('',#5811,1.7);
#1593=VECTOR('',#5816,1.7);
#1594=VECTOR('',#5821,10.);
#1595=VECTOR('',#5822,10.);
#1596=VECTOR('',#5823,10.);
#1597=VECTOR('',#5826,10.);
#1598=VECTOR('',#5827,10.);
#1599=VECTOR('',#5830,10.);
#1600=VECTOR('',#5831,10.);
#1601=VECTOR('',#5846,10.);
#1602=VECTOR('',#5847,10.);
#1603=VECTOR('',#5850,10.);
#1604=VECTOR('',#5851,10.);
#1605=VECTOR('',#5854,10.);
#1606=VECTOR('',#5859,10.);
#1607=VECTOR('',#5860,10.);
#1608=VECTOR('',#5861,10.);
#1609=VECTOR('',#5862,10.);
#1610=VECTOR('',#5865,10.);
#1611=VECTOR('',#5866,10.);
#1612=VECTOR('',#5867,10.);
#1613=VECTOR('',#5870,10.);
#1614=VECTOR('',#5871,10.);
#1615=VECTOR('',#5872,10.);
#1616=VECTOR('',#5875,10.);
#1617=VECTOR('',#5876,10.);
#1618=VECTOR('',#5877,10.);
#1619=VECTOR('',#5880,10.);
#1620=VECTOR('',#5881,10.);
#1621=VECTOR('',#5882,10.);
#1622=VECTOR('',#5885,10.);
#1623=VECTOR('',#5886,10.);
#1624=VECTOR('',#5887,10.);
#1625=VECTOR('',#5890,10.);
#1626=VECTOR('',#5891,10.);
#1627=VECTOR('',#5892,10.);
#1628=VECTOR('',#5895,10.);
#1629=VECTOR('',#5896,10.);
#1630=VECTOR('',#5899,10.);
#1631=VECTOR('',#5900,10.);
#1632=VECTOR('',#5901,10.);
#1633=VECTOR('',#5902,10.);
#1634=VECTOR('',#5905,10.);
#1635=VECTOR('',#5906,10.);
#1636=VECTOR('',#5907,10.);
#1637=VECTOR('',#5908,10.);
#1638=VECTOR('',#5909,10.);
#1639=VECTOR('',#5910,10.);
#1640=VECTOR('',#5911,10.);
#1641=VECTOR('',#5912,10.);
#1642=VECTOR('',#5913,10.);
#1643=VECTOR('',#5914,10.);
#1644=VECTOR('',#5915,10.);
#1645=VECTOR('',#5916,10.);
#1646=VECTOR('',#5917,10.);
#1647=VECTOR('',#5918,10.);
#1648=VECTOR('',#5919,10.);
#1649=VECTOR('',#5924,10.);
#1650=VECTOR('',#5927,10.);
#1651=VECTOR('',#5930,10.);
#1652=VECTOR('',#5933,10.);
#1653=VECTOR('',#5936,10.);
#1654=VECTOR('',#5939,10.);
#1655=VECTOR('',#5942,10.);
#1656=VECTOR('',#5945,10.);
#1657=VECTOR('',#5952,10.);
#1658=VECTOR('',#5955,10.);
#1659=VECTOR('',#5958,10.);
#1660=VECTOR('',#5961,10.);
#1661=VECTOR('',#5964,10.);
#1662=VECTOR('',#5967,10.);
#1663=VECTOR('',#5970,10.);
#1664=VECTOR('',#5973,10.);
#1665=VECTOR('',#5978,10.);
#1666=VECTOR('',#5979,10.);
#1667=VECTOR('',#5982,10.);
#1668=VECTOR('',#5983,10.);
#1669=VECTOR('',#5986,10.);
#1670=VECTOR('',#5987,10.);
#1671=VECTOR('',#5988,10.);
#1672=VECTOR('',#5991,10.);
#1673=VECTOR('',#5992,10.);
#1674=VECTOR('',#5995,10.);
#1675=VECTOR('',#5996,10.);
#1676=VECTOR('',#5999,10.);
#1677=VECTOR('',#6000,10.);
#1678=VECTOR('',#6001,10.);
#1679=VECTOR('',#6004,10.);
#1680=VECTOR('',#6005,10.);
#1681=VECTOR('',#6008,10.);
#1682=VECTOR('',#6009,10.);
#1683=VECTOR('',#6012,10.);
#1684=VECTOR('',#6013,10.);
#1685=VECTOR('',#6016,10.);
#1686=VECTOR('',#6017,10.);
#1687=VECTOR('',#6020,10.);
#1688=VECTOR('',#6021,10.);
#1689=VECTOR('',#6022,10.);
#1690=VECTOR('',#6025,10.);
#1691=VECTOR('',#6028,10.);
#1692=VECTOR('',#6031,10.);
#1693=VECTOR('',#6034,10.);
#1694=VECTOR('',#6035,10.);
#1695=VECTOR('',#6040,10.);
#1696=VECTOR('',#6043,10.);
#1697=VECTOR('',#6044,10.);
#1698=VECTOR('',#6049,10.);
#1699=VECTOR('',#6052,10.);
#1700=VECTOR('',#6053,10.);
#1701=VECTOR('',#6058,10.);
#1702=VECTOR('',#6061,10.);
#1703=VECTOR('',#6066,1.7);
#1704=VECTOR('',#6069,10.);
#1705=VECTOR('',#6070,10.);
#1706=VECTOR('',#6071,10.);
#1707=VECTOR('',#6076,10.);
#1708=VECTOR('',#6079,10.);
#1709=VECTOR('',#6080,10.);
#1710=VECTOR('',#6085,10.);
#1711=VECTOR('',#6088,10.);
#1712=VECTOR('',#6089,10.);
#1713=VECTOR('',#6094,10.);
#1714=VECTOR('',#6097,10.);
#1715=VECTOR('',#6098,10.);
#1716=VECTOR('',#6107,1.7);
#1717=VECTOR('',#6112,1.7);
#1718=VECTOR('',#6115,10.);
#1719=VECTOR('',#6116,10.);
#1720=VECTOR('',#6117,10.);
#1721=VECTOR('',#6122,10.);
#1722=VECTOR('',#6125,10.);
#1723=VECTOR('',#6126,10.);
#1724=VECTOR('',#6131,10.);
#1725=VECTOR('',#6134,10.);
#1726=VECTOR('',#6135,10.);
#1727=VECTOR('',#6140,10.);
#1728=VECTOR('',#6143,10.);
#1729=VECTOR('',#6144,10.);
#1730=VECTOR('',#6151,10.);
#1731=VECTOR('',#6152,10.);
#1732=VECTOR('',#6153,10.);
#1733=VECTOR('',#6158,10.);
#1734=VECTOR('',#6161,10.);
#1735=VECTOR('',#6162,10.);
#1736=VECTOR('',#6167,10.);
#1737=VECTOR('',#6170,10.);
#1738=VECTOR('',#6171,10.);
#1739=VECTOR('',#6176,10.);
#1740=VECTOR('',#6179,10.);
#1741=VECTOR('',#6180,10.);
#1742=VECTOR('',#6189,1.7);
#1743=VECTOR('',#6192,10.);
#1744=VECTOR('',#6195,10.);
#1745=VECTOR('',#6198,10.);
#1746=B_SPLINE_CURVE_WITH_KNOTS('',3,(#6214,#6215,#6216,#6217,#6218),
 .UNSPECIFIED.,.F.,.F.,(4,1,4),(0.,0.0501058864809835,0.0904680334386425),
 .UNSPECIFIED.);
#1747=B_SPLINE_CURVE_WITH_KNOTS('',3,(#6222,#6223,#6224,#6225,#6226),
 .UNSPECIFIED.,.F.,.F.,(4,1,4),(0.,0.0501058864809835,0.0904680334386425),
 .UNSPECIFIED.);
#1748=B_SPLINE_CURVE_WITH_KNOTS('',3,(#6239,#6240,#6241,#6242,#6243),
 .UNSPECIFIED.,.F.,.F.,(4,1,4),(0.,0.0301307856339455,0.0625994919518499),
 .UNSPECIFIED.);
#1749=B_SPLINE_CURVE_WITH_KNOTS('',3,(#6246,#6247,#6248,#6249,#6250),
 .UNSPECIFIED.,.F.,.F.,(4,1,4),(0.,0.0301307856339455,0.0625994919518499),
 .UNSPECIFIED.);
#1750=B_SPLINE_CURVE_WITH_KNOTS('',3,(#6262,#6263,#6264,#6265,#6266),
 .UNSPECIFIED.,.F.,.F.,(4,1,4),(0.,0.0260030304018247,0.0538159620328232),
 .UNSPECIFIED.);
#1751=B_SPLINE_CURVE_WITH_KNOTS('',3,(#6269,#6270,#6271,#6272,#6273),
 .UNSPECIFIED.,.F.,.F.,(4,1,4),(0.,0.0260030304018247,0.0538159620328232),
 .UNSPECIFIED.);
#1752=B_SPLINE_CURVE_WITH_KNOTS('',3,(#6285,#6286,#6287,#6288,#6289),
 .UNSPECIFIED.,.F.,.F.,(4,1,4),(0.,0.0241078976766233,0.0489582005537831),
 .UNSPECIFIED.);
#1753=B_SPLINE_CURVE_WITH_KNOTS('',3,(#6292,#6293,#6294,#6295,#6296),
 .UNSPECIFIED.,.F.,.F.,(4,1,4),(0.,0.0241078976766233,0.0489582005537831),
 .UNSPECIFIED.);
#1754=B_SPLINE_CURVE_WITH_KNOTS('',3,(#6308,#6309,#6310,#6311,#6312),
 .UNSPECIFIED.,.F.,.F.,(4,1,4),(0.,0.0209052959766831,0.0441470412150363),
 .UNSPECIFIED.);
#1755=B_SPLINE_CURVE_WITH_KNOTS('',3,(#6315,#6316,#6317,#6318,#6319),
 .UNSPECIFIED.,.F.,.F.,(4,1,4),(0.,0.0209052959766831,0.0441470412150363),
 .UNSPECIFIED.);
#1756=B_SPLINE_CURVE_WITH_KNOTS('',3,(#6331,#6332,#6333,#6334,#6335),
 .UNSPECIFIED.,.F.,.F.,(4,1,4),(0.,0.0213616890335782,0.0417757287399357),
 .UNSPECIFIED.);
#1757=B_SPLINE_CURVE_WITH_KNOTS('',3,(#6338,#6339,#6340,#6341,#6342),
 .UNSPECIFIED.,.F.,.F.,(4,1,4),(0.,0.0213616890335782,0.0417757287399357),
 .UNSPECIFIED.);
#1758=B_SPLINE_CURVE_WITH_KNOTS('',3,(#6354,#6355,#6356,#6357,#6358),
 .UNSPECIFIED.,.F.,.F.,(4,1,4),(0.,0.0460101143249325,0.076236819793081),
 .UNSPECIFIED.);
#1759=B_SPLINE_CURVE_WITH_KNOTS('',3,(#6361,#6362,#6363,#6364,#6365),
 .UNSPECIFIED.,.F.,.F.,(4,1,4),(0.,0.0460101143249325,0.076236819793081),
 .UNSPECIFIED.);
#1760=B_SPLINE_CURVE_WITH_KNOTS('',3,(#6377,#6378,#6379,#6380,#6381),
 .UNSPECIFIED.,.F.,.F.,(4,1,4),(0.,0.0152108666071834,0.0451665428233868),
 .UNSPECIFIED.);
#1761=B_SPLINE_CURVE_WITH_KNOTS('',3,(#6384,#6385,#6386,#6387,#6388),
 .UNSPECIFIED.,.F.,.F.,(4,1,4),(0.,0.0152108666071834,0.0451665428233868),
 .UNSPECIFIED.);
#1762=B_SPLINE_CURVE_WITH_KNOTS('',3,(#6400,#6401,#6402,#6403,#6404),
 .UNSPECIFIED.,.F.,.F.,(4,1,4),(0.,0.0105686171838878,0.023139975950417),
 .UNSPECIFIED.);
#1763=B_SPLINE_CURVE_WITH_KNOTS('',3,(#6407,#6408,#6409,#6410,#6411),
 .UNSPECIFIED.,.F.,.F.,(4,1,4),(0.,0.0105686171838878,0.023139975950417),
 .UNSPECIFIED.);
#1764=B_SPLINE_CURVE_WITH_KNOTS('',3,(#6423,#6424,#6425,#6426,#6427),
 .UNSPECIFIED.,.F.,.F.,(4,1,4),(0.,0.00919558016653783,0.0184777879050703),
 .UNSPECIFIED.);
#1765=B_SPLINE_CURVE_WITH_KNOTS('',3,(#6430,#6431,#6432,#6433,#6434),
 .UNSPECIFIED.,.F.,.F.,(4,1,4),(0.,0.00919558016653783,0.0184777879050703),
 .UNSPECIFIED.);
#1766=B_SPLINE_CURVE_WITH_KNOTS('',3,(#6446,#6447,#6448,#6449,#6450),
 .UNSPECIFIED.,.F.,.F.,(4,1,4),(0.,0.0162806731132211,0.0307900855289827),
 .UNSPECIFIED.);
#1767=B_SPLINE_CURVE_WITH_KNOTS('',3,(#6453,#6454,#6455,#6456,#6457),
 .UNSPECIFIED.,.F.,.F.,(4,1,4),(0.,0.0162806731132211,0.0307900855289827),
 .UNSPECIFIED.);
#1768=B_SPLINE_CURVE_WITH_KNOTS('',3,(#6469,#6470,#6471,#6472,#6473),
 .UNSPECIFIED.,.F.,.F.,(4,1,4),(0.,0.0291250401736118,0.0501736983204275),
 .UNSPECIFIED.);
#1769=B_SPLINE_CURVE_WITH_KNOTS('',3,(#6476,#6477,#6478,#6479,#6480),
 .UNSPECIFIED.,.F.,.F.,(4,1,4),(0.,0.0291250401736118,0.0501736983204275),
 .UNSPECIFIED.);
#1770=B_SPLINE_CURVE_WITH_KNOTS('',3,(#6492,#6493,#6494,#6495,#6496),
 .UNSPECIFIED.,.F.,.F.,(4,1,4),(0.,0.0211404760539032,0.0467427714903001),
 .UNSPECIFIED.);
#1771=B_SPLINE_CURVE_WITH_KNOTS('',3,(#6499,#6500,#6501,#6502,#6503),
 .UNSPECIFIED.,.F.,.F.,(4,1,4),(0.,0.0211404760539032,0.0467427714903001),
 .UNSPECIFIED.);
#1772=B_SPLINE_CURVE_WITH_KNOTS('',3,(#6515,#6516,#6517,#6518,#6519),
 .UNSPECIFIED.,.F.,.F.,(4,1,4),(0.,0.0209143613458219,0.0404998938787773),
 .UNSPECIFIED.);
#1773=B_SPLINE_CURVE_WITH_KNOTS('',3,(#6522,#6523,#6524,#6525,#6526),
 .UNSPECIFIED.,.F.,.F.,(4,1,4),(0.,0.0209143613458219,0.0404998938787773),
 .UNSPECIFIED.);
#1774=B_SPLINE_CURVE_WITH_KNOTS('',3,(#6544,#6545,#6546,#6547,#6548),
 .UNSPECIFIED.,.F.,.F.,(4,1,4),(0.,0.0221833495502129,0.0482907883404929),
 .UNSPECIFIED.);
#1775=B_SPLINE_CURVE_WITH_KNOTS('',3,(#6551,#6552,#6553,#6554,#6555),
 .UNSPECIFIED.,.F.,.F.,(4,1,4),(0.,0.0221833495502129,0.0482907883404929),
 .UNSPECIFIED.);
#1776=B_SPLINE_CURVE_WITH_KNOTS('',3,(#6567,#6568,#6569,#6570,#6571),
 .UNSPECIFIED.,.F.,.F.,(4,1,4),(0.,0.025214992964978,0.0469245392552442),
 .UNSPECIFIED.);
#1777=B_SPLINE_CURVE_WITH_KNOTS('',3,(#6574,#6575,#6576,#6577,#6578),
 .UNSPECIFIED.,.F.,.F.,(4,1,4),(0.,0.025214992964978,0.0469245392552442),
 .UNSPECIFIED.);
#1778=B_SPLINE_CURVE_WITH_KNOTS('',3,(#6590,#6591,#6592,#6593,#6594),
 .UNSPECIFIED.,.F.,.F.,(4,1,4),(0.,0.0321199412687051,0.0609422680653401),
 .UNSPECIFIED.);
#1779=B_SPLINE_CURVE_WITH_KNOTS('',3,(#6597,#6598,#6599,#6600,#6601),
 .UNSPECIFIED.,.F.,.F.,(4,1,4),(0.,0.0321199412687051,0.0609422680653401),
 .UNSPECIFIED.);
#1780=B_SPLINE_CURVE_WITH_KNOTS('',3,(#6613,#6614,#6615,#6616,#6617),
 .UNSPECIFIED.,.F.,.F.,(4,1,4),(0.,0.0209647837102618,0.0429442227776647),
 .UNSPECIFIED.);
#1781=B_SPLINE_CURVE_WITH_KNOTS('',3,(#6620,#6621,#6622,#6623,#6624),
 .UNSPECIFIED.,.F.,.F.,(4,1,4),(0.,0.0209647837102618,0.0429442227776647),
 .UNSPECIFIED.);
#1782=B_SPLINE_CURVE_WITH_KNOTS('',3,(#6636,#6637,#6638,#6639,#6640),
 .UNSPECIFIED.,.F.,.F.,(4,1,4),(0.,0.0156313724987349,0.0344932690478314),
 .UNSPECIFIED.);
#1783=B_SPLINE_CURVE_WITH_KNOTS('',3,(#6643,#6644,#6645,#6646,#6647),
 .UNSPECIFIED.,.F.,.F.,(4,1,4),(0.,0.0156313724987349,0.0344932690478314),
 .UNSPECIFIED.);
#1784=B_SPLINE_CURVE_WITH_KNOTS('',3,(#6659,#6660,#6661,#6662,#6663),
 .UNSPECIFIED.,.F.,.F.,(4,1,4),(0.,0.018382590343275,0.036784973341367),
 .UNSPECIFIED.);
#1785=B_SPLINE_CURVE_WITH_KNOTS('',3,(#6666,#6667,#6668,#6669,#6670),
 .UNSPECIFIED.,.F.,.F.,(4,1,4),(0.,0.018382590343275,0.036784973341367),
 .UNSPECIFIED.);
#1786=B_SPLINE_CURVE_WITH_KNOTS('',3,(#6682,#6683,#6684,#6685,#6686),
 .UNSPECIFIED.,.F.,.F.,(4,1,4),(0.,0.0187875120197484,0.0372506863393127),
 .UNSPECIFIED.);
#1787=B_SPLINE_CURVE_WITH_KNOTS('',3,(#6689,#6690,#6691,#6692,#6693),
 .UNSPECIFIED.,.F.,.F.,(4,1,4),(0.,0.0187875120197484,0.0372506863393127),
 .UNSPECIFIED.);
#1788=B_SPLINE_CURVE_WITH_KNOTS('',3,(#6705,#6706,#6707,#6708,#6709),
 .UNSPECIFIED.,.F.,.F.,(4,1,4),(0.,0.0202069720883615,0.0407459578467252),
 .UNSPECIFIED.);
#1789=B_SPLINE_CURVE_WITH_KNOTS('',3,(#6712,#6713,#6714,#6715,#6716),
 .UNSPECIFIED.,.F.,.F.,(4,1,4),(0.,0.0202069720883615,0.0407459578467252),
 .UNSPECIFIED.);
#1790=B_SPLINE_CURVE_WITH_KNOTS('',3,(#6728,#6729,#6730,#6731,#6732),
 .UNSPECIFIED.,.F.,.F.,(4,1,4),(0.,0.0218533230689566,0.0424220811466384),
 .UNSPECIFIED.);
#1791=B_SPLINE_CURVE_WITH_KNOTS('',3,(#6735,#6736,#6737,#6738,#6739),
 .UNSPECIFIED.,.F.,.F.,(4,1,4),(0.,0.0218533230689566,0.0424220811466384),
 .UNSPECIFIED.);
#1792=B_SPLINE_CURVE_WITH_KNOTS('',3,(#6751,#6752,#6753,#6754,#6755),
 .UNSPECIFIED.,.F.,.F.,(4,1,4),(0.,0.047473035042093,0.0785975720250917),
 .UNSPECIFIED.);
#1793=B_SPLINE_CURVE_WITH_KNOTS('',3,(#6758,#6759,#6760,#6761,#6762),
 .UNSPECIFIED.,.F.,.F.,(4,1,4),(0.,0.047473035042093,0.0785975720250917),
 .UNSPECIFIED.);
#1794=B_SPLINE_CURVE_WITH_KNOTS('',3,(#6774,#6775,#6776,#6777,#6778),
 .UNSPECIFIED.,.F.,.F.,(4,1,4),(0.,0.0191050901587307,0.052986234526247),
 .UNSPECIFIED.);
#1795=B_SPLINE_CURVE_WITH_KNOTS('',3,(#6781,#6782,#6783,#6784,#6785),
 .UNSPECIFIED.,.F.,.F.,(4,1,4),(0.,0.0191050901587307,0.052986234526247),
 .UNSPECIFIED.);
#1796=B_SPLINE_CURVE_WITH_KNOTS('',3,(#6797,#6798,#6799,#6800,#6801),
 .UNSPECIFIED.,.F.,.F.,(4,1,4),(0.,0.0153035635226869,0.0309831716238995),
 .UNSPECIFIED.);
#1797=B_SPLINE_CURVE_WITH_KNOTS('',3,(#6804,#6805,#6806,#6807,#6808),
 .UNSPECIFIED.,.F.,.F.,(4,1,4),(0.,0.0153035635226869,0.0309831716238995),
 .UNSPECIFIED.);
#1798=B_SPLINE_CURVE_WITH_KNOTS('',3,(#6820,#6821,#6822,#6823,#6824),
 .UNSPECIFIED.,.F.,.F.,(4,1,4),(0.,0.0193633275006722,0.0371994574720609),
 .UNSPECIFIED.);
#1799=B_SPLINE_CURVE_WITH_KNOTS('',3,(#6827,#6828,#6829,#6830,#6831),
 .UNSPECIFIED.,.F.,.F.,(4,1,4),(0.,0.0193633275006722,0.0371994574720609),
 .UNSPECIFIED.);
#1800=B_SPLINE_CURVE_WITH_KNOTS('',3,(#6843,#6844,#6845,#6846,#6847),
 .UNSPECIFIED.,.F.,.F.,(4,1,4),(0.,0.0296686044709656,0.0528377063845328),
 .UNSPECIFIED.);
#1801=B_SPLINE_CURVE_WITH_KNOTS('',3,(#6850,#6851,#6852,#6853,#6854),
 .UNSPECIFIED.,.F.,.F.,(4,1,4),(0.,0.0296686044709656,0.0528377063845328),
 .UNSPECIFIED.);
#1802=B_SPLINE_CURVE_WITH_KNOTS('',3,(#6866,#6867,#6868,#6869,#6870),
 .UNSPECIFIED.,.F.,.F.,(4,1,4),(0.,0.0252621646999636,0.0553574748723738),
 .UNSPECIFIED.);
#1803=B_SPLINE_CURVE_WITH_KNOTS('',3,(#6873,#6874,#6875,#6876,#6877),
 .UNSPECIFIED.,.F.,.F.,(4,1,4),(0.,0.0252621646999636,0.0553574748723738),
 .UNSPECIFIED.);
#1804=B_SPLINE_CURVE_WITH_KNOTS('',3,(#6889,#6890,#6891,#6892,#6893),
 .UNSPECIFIED.,.F.,.F.,(4,1,4),(0.,0.0269217606317888,0.0511256612240814),
 .UNSPECIFIED.);
#1805=B_SPLINE_CURVE_WITH_KNOTS('',3,(#6896,#6897,#6898,#6899,#6900),
 .UNSPECIFIED.,.F.,.F.,(4,1,4),(0.,0.0269217606317888,0.0511256612240814),
 .UNSPECIFIED.);
#1806=B_SPLINE_CURVE_WITH_KNOTS('',3,(#6917,#6918,#6919,#6920,#6921),
 .UNSPECIFIED.,.F.,.F.,(4,1,4),(0.,0.037900157288856,0.0805564343177688),
 .UNSPECIFIED.);
#1807=B_SPLINE_CURVE_WITH_KNOTS('',3,(#6922,#6923,#6924,#6925,#6926),
 .UNSPECIFIED.,.F.,.F.,(4,1,4),(0.,0.037900157288856,0.0805564343177688),
 .UNSPECIFIED.);
#1808=B_SPLINE_CURVE_WITH_KNOTS('',3,(#7002,#7003,#7004,#7005,#7006),
 .UNSPECIFIED.,.F.,.F.,(4,1,4),(0.,0.0214381102141819,0.0500195430024939),
 .UNSPECIFIED.);
#1809=B_SPLINE_CURVE_WITH_KNOTS('',3,(#7010,#7011,#7012,#7013,#7014),
 .UNSPECIFIED.,.F.,.F.,(4,1,4),(0.,0.0214381102141819,0.0500195430024939),
 .UNSPECIFIED.);
#1810=B_SPLINE_CURVE_WITH_KNOTS('',3,(#7027,#7028,#7029,#7030,#7031),
 .UNSPECIFIED.,.F.,.F.,(4,1,4),(0.,0.0241555052698486,0.0475706624012874),
 .UNSPECIFIED.);
#1811=B_SPLINE_CURVE_WITH_KNOTS('',3,(#7034,#7035,#7036,#7037,#7038),
 .UNSPECIFIED.,.F.,.F.,(4,1,4),(0.,0.0241555052698486,0.0475706624012874),
 .UNSPECIFIED.);
#1812=B_SPLINE_CURVE_WITH_KNOTS('',3,(#7050,#7051,#7052,#7053,#7054),
 .UNSPECIFIED.,.F.,.F.,(4,1,4),(0.,0.0269867394455824,0.0524220547425963),
 .UNSPECIFIED.);
#1813=B_SPLINE_CURVE_WITH_KNOTS('',3,(#7057,#7058,#7059,#7060,#7061),
 .UNSPECIFIED.,.F.,.F.,(4,1,4),(0.,0.0269867394455824,0.0524220547425963),
 .UNSPECIFIED.);
#1814=B_SPLINE_CURVE_WITH_KNOTS('',3,(#7073,#7074,#7075,#7076,#7077),
 .UNSPECIFIED.,.F.,.F.,(4,1,4),(0.,0.0207829260441035,0.0461992436822509),
 .UNSPECIFIED.);
#1815=B_SPLINE_CURVE_WITH_KNOTS('',3,(#7080,#7081,#7082,#7083,#7084),
 .UNSPECIFIED.,.F.,.F.,(4,1,4),(0.,0.0207829260441035,0.0461992436822509),
 .UNSPECIFIED.);
#1816=B_SPLINE_CURVE_WITH_KNOTS('',3,(#7096,#7097,#7098,#7099,#7100),
 .UNSPECIFIED.,.F.,.F.,(4,1,4),(0.,0.0183879696150916,0.0368669259080695),
 .UNSPECIFIED.);
#1817=B_SPLINE_CURVE_WITH_KNOTS('',3,(#7103,#7104,#7105,#7106,#7107),
 .UNSPECIFIED.,.F.,.F.,(4,1,4),(0.,0.0183879696150916,0.0368669259080695),
 .UNSPECIFIED.);
#1818=B_SPLINE_CURVE_WITH_KNOTS('',3,(#7119,#7120,#7121,#7122,#7123),
 .UNSPECIFIED.,.F.,.F.,(4,1,4),(0.,0.0122082228842639,0.0245706273825149),
 .UNSPECIFIED.);
#1819=B_SPLINE_CURVE_WITH_KNOTS('',3,(#7126,#7127,#7128,#7129,#7130),
 .UNSPECIFIED.,.F.,.F.,(4,1,4),(0.,0.0122082228842639,0.0245706273825149),
 .UNSPECIFIED.);
#1820=B_SPLINE_CURVE_WITH_KNOTS('',3,(#7142,#7143,#7144,#7145,#7146),
 .UNSPECIFIED.,.F.,.F.,(4,1,4),(0.,0.0129911934369932,0.0253829049875095),
 .UNSPECIFIED.);
#1821=B_SPLINE_CURVE_WITH_KNOTS('',3,(#7149,#7150,#7151,#7152,#7153),
 .UNSPECIFIED.,.F.,.F.,(4,1,4),(0.,0.0129911934369932,0.0253829049875095),
 .UNSPECIFIED.);
#1822=B_SPLINE_CURVE_WITH_KNOTS('',3,(#7165,#7166,#7167,#7168,#7169),
 .UNSPECIFIED.,.F.,.F.,(4,1,4),(0.,0.0262655038353866,0.0440239899229426),
 .UNSPECIFIED.);
#1823=B_SPLINE_CURVE_WITH_KNOTS('',3,(#7172,#7173,#7174,#7175,#7176),
 .UNSPECIFIED.,.F.,.F.,(4,1,4),(0.,0.0262655038353866,0.0440239899229426),
 .UNSPECIFIED.);
#1824=B_SPLINE_CURVE_WITH_KNOTS('',3,(#7188,#7189,#7190,#7191,#7192),
 .UNSPECIFIED.,.F.,.F.,(4,1,4),(0.,0.0349157223225691,0.0824679749219661),
 .UNSPECIFIED.);
#1825=B_SPLINE_CURVE_WITH_KNOTS('',3,(#7195,#7196,#7197,#7198,#7199),
 .UNSPECIFIED.,.F.,.F.,(4,1,4),(0.,0.0349157223225691,0.0824679749219661),
 .UNSPECIFIED.);
#1826=B_SPLINE_CURVE_WITH_KNOTS('',3,(#7223,#7224,#7225,#7226,#7227),
 .UNSPECIFIED.,.F.,.F.,(4,1,4),(0.,0.0183735155814206,0.0370708052612177),
 .UNSPECIFIED.);
#1827=B_SPLINE_CURVE_WITH_KNOTS('',3,(#7230,#7231,#7232,#7233,#7234),
 .UNSPECIFIED.,.F.,.F.,(4,1,4),(0.,0.0183735155814206,0.0370708052612177),
 .UNSPECIFIED.);
#1828=B_SPLINE_CURVE_WITH_KNOTS('',3,(#7246,#7247,#7248,#7249,#7250),
 .UNSPECIFIED.,.F.,.F.,(4,1,4),(0.,0.0559059575942002,0.086725833700376),
 .UNSPECIFIED.);
#1829=B_SPLINE_CURVE_WITH_KNOTS('',3,(#7253,#7254,#7255,#7256,#7257),
 .UNSPECIFIED.,.F.,.F.,(4,1,4),(0.,0.0559059575942002,0.086725833700376),
 .UNSPECIFIED.);
#1830=B_SPLINE_CURVE_WITH_KNOTS('',3,(#7275,#7276,#7277,#7278,#7279),
 .UNSPECIFIED.,.F.,.F.,(4,1,4),(0.,0.017695038819937,0.0453962468666059),
 .UNSPECIFIED.);
#1831=B_SPLINE_CURVE_WITH_KNOTS('',3,(#7282,#7283,#7284,#7285,#7286),
 .UNSPECIFIED.,.F.,.F.,(4,1,4),(0.,0.017695038819937,0.0453962468666059),
 .UNSPECIFIED.);
#1832=B_SPLINE_CURVE_WITH_KNOTS('',3,(#7298,#7299,#7300,#7301,#7302),
 .UNSPECIFIED.,.F.,.F.,(4,1,4),(0.,0.0176137902064585,0.0370171474367986),
 .UNSPECIFIED.);
#1833=B_SPLINE_CURVE_WITH_KNOTS('',3,(#7305,#7306,#7307,#7308,#7309),
 .UNSPECIFIED.,.F.,.F.,(4,1,4),(0.,0.0176137902064585,0.0370171474367986),
 .UNSPECIFIED.);
#1834=B_SPLINE_CURVE_WITH_KNOTS('',3,(#7321,#7322,#7323,#7324,#7325),
 .UNSPECIFIED.,.F.,.F.,(4,1,4),(0.,0.022407200494803,0.0409041839385696),
 .UNSPECIFIED.);
#1835=B_SPLINE_CURVE_WITH_KNOTS('',3,(#7328,#7329,#7330,#7331,#7332),
 .UNSPECIFIED.,.F.,.F.,(4,1,4),(0.,0.022407200494803,0.0409041839385696),
 .UNSPECIFIED.);
#1836=B_SPLINE_CURVE_WITH_KNOTS('',3,(#7344,#7345,#7346,#7347,#7348),
 .UNSPECIFIED.,.F.,.F.,(4,1,4),(0.,0.0336997098033708,0.0611630121646987),
 .UNSPECIFIED.);
#1837=B_SPLINE_CURVE_WITH_KNOTS('',3,(#7351,#7352,#7353,#7354,#7355),
 .UNSPECIFIED.,.F.,.F.,(4,1,4),(0.,0.0336997098033708,0.0611630121646987),
 .UNSPECIFIED.);
#1838=B_SPLINE_CURVE_WITH_KNOTS('',3,(#7367,#7368,#7369,#7370,#7371),
 .UNSPECIFIED.,.F.,.F.,(4,1,4),(0.,0.0315742464464931,0.0667969207373995),
 .UNSPECIFIED.);
#1839=B_SPLINE_CURVE_WITH_KNOTS('',3,(#7374,#7375,#7376,#7377,#7378),
 .UNSPECIFIED.,.F.,.F.,(4,1,4),(0.,0.0315742464464931,0.0667969207373995),
 .UNSPECIFIED.);
#1840=B_SPLINE_CURVE_WITH_KNOTS('',3,(#7390,#7391,#7392,#7393,#7394),
 .UNSPECIFIED.,.F.,.F.,(4,1,4),(0.,0.0248650979909218,0.0528085275060579),
 .UNSPECIFIED.);
#1841=B_SPLINE_CURVE_WITH_KNOTS('',3,(#7397,#7398,#7399,#7400,#7401),
 .UNSPECIFIED.,.F.,.F.,(4,1,4),(0.,0.0248650979909218,0.0528085275060579),
 .UNSPECIFIED.);
#1842=B_SPLINE_CURVE_WITH_KNOTS('',3,(#7413,#7414,#7415,#7416,#7417),
 .UNSPECIFIED.,.F.,.F.,(4,1,4),(0.,0.0291805255375751,0.0546197139369148),
 .UNSPECIFIED.);
#1843=B_SPLINE_CURVE_WITH_KNOTS('',3,(#7420,#7421,#7422,#7423,#7424),
 .UNSPECIFIED.,.F.,.F.,(4,1,4),(0.,0.0291805255375751,0.0546197139369148),
 .UNSPECIFIED.);
#1844=B_SPLINE_CURVE_WITH_KNOTS('',3,(#7442,#7443,#7444,#7445,#7446),
 .UNSPECIFIED.,.F.,.F.,(4,1,4),(0.,0.0221111689534247,0.0501389839538169),
 .UNSPECIFIED.);
#1845=B_SPLINE_CURVE_WITH_KNOTS('',3,(#7449,#7450,#7451,#7452,#7453),
 .UNSPECIFIED.,.F.,.F.,(4,1,4),(0.,0.0221111689534247,0.0501389839538169),
 .UNSPECIFIED.);
#1846=B_SPLINE_CURVE_WITH_KNOTS('',3,(#7465,#7466,#7467,#7468,#7469),
 .UNSPECIFIED.,.F.,.F.,(4,1,4),(0.,0.0302685536920279,0.0531980550078259),
 .UNSPECIFIED.);
#1847=B_SPLINE_CURVE_WITH_KNOTS('',3,(#7472,#7473,#7474,#7475,#7476),
 .UNSPECIFIED.,.F.,.F.,(4,1,4),(0.,0.0302685536920279,0.0531980550078259),
 .UNSPECIFIED.);
#1848=B_SPLINE_CURVE_WITH_KNOTS('',3,(#7488,#7489,#7490,#7491,#7492),
 .UNSPECIFIED.,.F.,.F.,(4,1,4),(0.,0.0265187098242649,0.0593211525326363),
 .UNSPECIFIED.);
#1849=B_SPLINE_CURVE_WITH_KNOTS('',3,(#7495,#7496,#7497,#7498,#7499),
 .UNSPECIFIED.,.F.,.F.,(4,1,4),(0.,0.0265187098242649,0.0593211525326363),
 .UNSPECIFIED.);
#1850=B_SPLINE_CURVE_WITH_KNOTS('',3,(#7511,#7512,#7513,#7514,#7515),
 .UNSPECIFIED.,.F.,.F.,(4,1,4),(0.,0.0258152494808685,0.0455185109411212),
 .UNSPECIFIED.);
#1851=B_SPLINE_CURVE_WITH_KNOTS('',3,(#7518,#7519,#7520,#7521,#7522),
 .UNSPECIFIED.,.F.,.F.,(4,1,4),(0.,0.0258152494808685,0.0455185109411212),
 .UNSPECIFIED.);
#1852=B_SPLINE_CURVE_WITH_KNOTS('',3,(#7534,#7535,#7536,#7537,#7538),
 .UNSPECIFIED.,.F.,.F.,(4,1,4),(0.,0.00825623113698721,0.0128270451272029),
 .UNSPECIFIED.);
#1853=B_SPLINE_CURVE_WITH_KNOTS('',3,(#7541,#7542,#7543,#7544,#7545),
 .UNSPECIFIED.,.F.,.F.,(4,1,4),(0.,0.00825623113698721,0.0128270451272029),
 .UNSPECIFIED.);
#1854=B_SPLINE_CURVE_WITH_KNOTS('',3,(#7557,#7558,#7559,#7560,#7561),
 .UNSPECIFIED.,.F.,.F.,(4,1,4),(0.,0.0522193110404341,0.089311455348097),
 .UNSPECIFIED.);
#1855=B_SPLINE_CURVE_WITH_KNOTS('',3,(#7564,#7565,#7566,#7567,#7568),
 .UNSPECIFIED.,.F.,.F.,(4,1,4),(0.,0.0522193110404341,0.089311455348097),
 .UNSPECIFIED.);
#1856=B_SPLINE_CURVE_WITH_KNOTS('',3,(#7580,#7581,#7582,#7583,#7584),
 .UNSPECIFIED.,.F.,.F.,(4,1,4),(0.,0.018528515274044,0.0442949145813921),
 .UNSPECIFIED.);
#1857=B_SPLINE_CURVE_WITH_KNOTS('',3,(#7587,#7588,#7589,#7590,#7591),
 .UNSPECIFIED.,.F.,.F.,(4,1,4),(0.,0.018528515274044,0.0442949145813921),
 .UNSPECIFIED.);
#1858=B_SPLINE_CURVE_WITH_KNOTS('',3,(#7603,#7604,#7605,#7606,#7607),
 .UNSPECIFIED.,.F.,.F.,(4,1,4),(0.,0.0191178221120879,0.038958576710533),
 .UNSPECIFIED.);
#1859=B_SPLINE_CURVE_WITH_KNOTS('',3,(#7610,#7611,#7612,#7613,#7614),
 .UNSPECIFIED.,.F.,.F.,(4,1,4),(0.,0.0191178221120879,0.038958576710533),
 .UNSPECIFIED.);
#1860=B_SPLINE_CURVE_WITH_KNOTS('',3,(#7626,#7627,#7628,#7629,#7630),
 .UNSPECIFIED.,.F.,.F.,(4,1,4),(0.,0.0194079520267744,0.038238427823478),
 .UNSPECIFIED.);
#1861=B_SPLINE_CURVE_WITH_KNOTS('',3,(#7633,#7634,#7635,#7636,#7637),
 .UNSPECIFIED.,.F.,.F.,(4,1,4),(0.,0.0194079520267744,0.038238427823478),
 .UNSPECIFIED.);
#1862=B_SPLINE_CURVE_WITH_KNOTS('',3,(#7649,#7650,#7651,#7652,#7653),
 .UNSPECIFIED.,.F.,.F.,(4,1,4),(0.,0.0205050256084784,0.0403986886735882),
 .UNSPECIFIED.);
#1863=B_SPLINE_CURVE_WITH_KNOTS('',3,(#7656,#7657,#7658,#7659,#7660),
 .UNSPECIFIED.,.F.,.F.,(4,1,4),(0.,0.0205050256084784,0.0403986886735882),
 .UNSPECIFIED.);
#1864=B_SPLINE_CURVE_WITH_KNOTS('',3,(#7672,#7673,#7674,#7675,#7676),
 .UNSPECIFIED.,.F.,.F.,(4,1,4),(0.,0.0328013472759324,0.0664667236473917),
 .UNSPECIFIED.);
#1865=B_SPLINE_CURVE_WITH_KNOTS('',3,(#7679,#7680,#7681,#7682,#7683),
 .UNSPECIFIED.,.F.,.F.,(4,1,4),(0.,0.0328013472759324,0.0664667236473917),
 .UNSPECIFIED.);
#1866=B_SPLINE_CURVE_WITH_KNOTS('',3,(#7695,#7696,#7697,#7698,#7699),
 .UNSPECIFIED.,.F.,.F.,(4,1,4),(0.,0.0426246962429531,0.078372433739377),
 .UNSPECIFIED.);
#1867=B_SPLINE_CURVE_WITH_KNOTS('',3,(#7702,#7703,#7704,#7705,#7706),
 .UNSPECIFIED.,.F.,.F.,(4,1,4),(0.,0.0426246962429531,0.078372433739377),
 .UNSPECIFIED.);
#1868=B_SPLINE_CURVE_WITH_KNOTS('',3,(#7718,#7719,#7720,#7721,#7722),
 .UNSPECIFIED.,.F.,.F.,(4,1,4),(0.,0.0271224259273493,0.0552253256778374),
 .UNSPECIFIED.);
#1869=B_SPLINE_CURVE_WITH_KNOTS('',3,(#7725,#7726,#7727,#7728,#7729),
 .UNSPECIFIED.,.F.,.F.,(4,1,4),(0.,0.0271224259273493,0.0552253256778374),
 .UNSPECIFIED.);
#1870=B_SPLINE_CURVE_WITH_KNOTS('',3,(#7741,#7742,#7743,#7744,#7745),
 .UNSPECIFIED.,.F.,.F.,(4,1,4),(0.,0.033288643294749,0.0621166830882631),
 .UNSPECIFIED.);
#1871=B_SPLINE_CURVE_WITH_KNOTS('',3,(#7748,#7749,#7750,#7751,#7752),
 .UNSPECIFIED.,.F.,.F.,(4,1,4),(0.,0.033288643294749,0.0621166830882631),
 .UNSPECIFIED.);
#1872=B_SPLINE_CURVE_WITH_KNOTS('',3,(#7763,#7764,#7765,#7766,#7767),
 .UNSPECIFIED.,.F.,.F.,(4,1,4),(0.,0.0177239235351617,0.037217141494298),
 .UNSPECIFIED.);
#1873=B_SPLINE_CURVE_WITH_KNOTS('',3,(#7768,#7769,#7770,#7771,#7772),
 .UNSPECIFIED.,.F.,.F.,(4,1,4),(0.,0.0177239235351617,0.037217141494298),
 .UNSPECIFIED.);
#1874=B_SPLINE_CURVE_WITH_KNOTS('',3,(#7794,#7795,#7796,#7797,#7798),
 .UNSPECIFIED.,.F.,.F.,(4,1,4),(0.,0.019216437073666,0.0495841262163778),
 .UNSPECIFIED.);
#1875=B_SPLINE_CURVE_WITH_KNOTS('',3,(#7801,#7802,#7803,#7804,#7805),
 .UNSPECIFIED.,.F.,.F.,(4,1,4),(0.,0.019216437073666,0.0495841262163778),
 .UNSPECIFIED.);
#1876=B_SPLINE_CURVE_WITH_KNOTS('',3,(#7817,#7818,#7819,#7820,#7821),
 .UNSPECIFIED.,.F.,.F.,(4,1,4),(0.,0.0208854194430583,0.041559942249103),
 .UNSPECIFIED.);
#1877=B_SPLINE_CURVE_WITH_KNOTS('',3,(#7824,#7825,#7826,#7827,#7828),
 .UNSPECIFIED.,.F.,.F.,(4,1,4),(0.,0.0208854194430583,0.041559942249103),
 .UNSPECIFIED.);
#1878=B_SPLINE_CURVE_WITH_KNOTS('',3,(#7840,#7841,#7842,#7843,#7844),
 .UNSPECIFIED.,.F.,.F.,(4,1,4),(0.,0.0235095886720967,0.0453688502518991),
 .UNSPECIFIED.);
#1879=B_SPLINE_CURVE_WITH_KNOTS('',3,(#7847,#7848,#7849,#7850,#7851),
 .UNSPECIFIED.,.F.,.F.,(4,1,4),(0.,0.0235095886720967,0.0453688502518991),
 .UNSPECIFIED.);
#1880=B_SPLINE_CURVE_WITH_KNOTS('',3,(#7863,#7864,#7865,#7866,#7867),
 .UNSPECIFIED.,.F.,.F.,(4,1,4),(0.,0.0281031249256627,0.0593355193744301),
 .UNSPECIFIED.);
#1881=B_SPLINE_CURVE_WITH_KNOTS('',3,(#7870,#7871,#7872,#7873,#7874),
 .UNSPECIFIED.,.F.,.F.,(4,1,4),(0.,0.0281031249256627,0.0593355193744301),
 .UNSPECIFIED.);
#1882=B_SPLINE_CURVE_WITH_KNOTS('',3,(#7886,#7887,#7888,#7889,#7890),
 .UNSPECIFIED.,.F.,.F.,(4,1,4),(0.,0.0441199400595291,0.0764563828566252),
 .UNSPECIFIED.);
#1883=B_SPLINE_CURVE_WITH_KNOTS('',3,(#7893,#7894,#7895,#7896,#7897),
 .UNSPECIFIED.,.F.,.F.,(4,1,4),(0.,0.0441199400595291,0.0764563828566252),
 .UNSPECIFIED.);
#1884=B_SPLINE_CURVE_WITH_KNOTS('',3,(#7933,#7934,#7935,#7936,#7937),
 .UNSPECIFIED.,.F.,.F.,(4,1,4),(0.,0.0527120008187687,0.12501359196536),
 .UNSPECIFIED.);
#1885=B_SPLINE_CURVE_WITH_KNOTS('',3,(#7940,#7941,#7942,#7943,#7944),
 .UNSPECIFIED.,.F.,.F.,(4,1,4),(0.,0.0527120008187687,0.12501359196536),
 .UNSPECIFIED.);
#1886=B_SPLINE_CURVE_WITH_KNOTS('',3,(#7956,#7957,#7958,#7959,#7960),
 .UNSPECIFIED.,.F.,.F.,(4,1,4),(0.,0.0477953073089095,0.0939915984397311),
 .UNSPECIFIED.);
#1887=B_SPLINE_CURVE_WITH_KNOTS('',3,(#7963,#7964,#7965,#7966,#7967),
 .UNSPECIFIED.,.F.,.F.,(4,1,4),(0.,0.0477953073089095,0.0939915984397311),
 .UNSPECIFIED.);
#1888=B_SPLINE_CURVE_WITH_KNOTS('',3,(#7979,#7980,#7981,#7982,#7983),
 .UNSPECIFIED.,.F.,.F.,(4,1,4),(0.,0.0276027084702946,0.0562767929712902),
 .UNSPECIFIED.);
#1889=B_SPLINE_CURVE_WITH_KNOTS('',3,(#7986,#7987,#7988,#7989,#7990),
 .UNSPECIFIED.,.F.,.F.,(4,1,4),(0.,0.0276027084702946,0.0562767929712902),
 .UNSPECIFIED.);
#1890=B_SPLINE_CURVE_WITH_KNOTS('',3,(#8002,#8003,#8004,#8005,#8006),
 .UNSPECIFIED.,.F.,.F.,(4,1,4),(0.,0.0244273245417344,0.0506067048245201),
 .UNSPECIFIED.);
#1891=B_SPLINE_CURVE_WITH_KNOTS('',3,(#8009,#8010,#8011,#8012,#8013),
 .UNSPECIFIED.,.F.,.F.,(4,1,4),(0.,0.0244273245417344,0.0506067048245201),
 .UNSPECIFIED.);
#1892=B_SPLINE_CURVE_WITH_KNOTS('',3,(#8025,#8026,#8027,#8028,#8029),
 .UNSPECIFIED.,.F.,.F.,(4,1,4),(0.,0.0280028704632078,0.0531269574497465),
 .UNSPECIFIED.);
#1893=B_SPLINE_CURVE_WITH_KNOTS('',3,(#8032,#8033,#8034,#8035,#8036),
 .UNSPECIFIED.,.F.,.F.,(4,1,4),(0.,0.0280028704632078,0.0531269574497465),
 .UNSPECIFIED.);
#1894=B_SPLINE_CURVE_WITH_KNOTS('',3,(#8048,#8049,#8050,#8051,#8052),
 .UNSPECIFIED.,.F.,.F.,(4,1,4),(0.,0.0351426443779997,0.061017925594712),
 .UNSPECIFIED.);
#1895=B_SPLINE_CURVE_WITH_KNOTS('',3,(#8055,#8056,#8057,#8058,#8059),
 .UNSPECIFIED.,.F.,.F.,(4,1,4),(0.,0.0351426443779997,0.061017925594712),
 .UNSPECIFIED.);
#1896=B_SPLINE_CURVE_WITH_KNOTS('',3,(#8088,#8089,#8090,#8091,#8092),
 .UNSPECIFIED.,.F.,.F.,(4,1,4),(0.,0.0307822783351084,0.0625666830927302),
 .UNSPECIFIED.);
#1897=B_SPLINE_CURVE_WITH_KNOTS('',3,(#8096,#8097,#8098,#8099,#8100),
 .UNSPECIFIED.,.F.,.F.,(4,1,4),(0.,0.0307822783351084,0.0625666830927302),
 .UNSPECIFIED.);
#1898=B_SPLINE_CURVE_WITH_KNOTS('',3,(#8113,#8114,#8115,#8116,#8117),
 .UNSPECIFIED.,.F.,.F.,(4,1,4),(0.,0.0330154557025875,0.0646895664016476),
 .UNSPECIFIED.);
#1899=B_SPLINE_CURVE_WITH_KNOTS('',3,(#8120,#8121,#8122,#8123,#8124),
 .UNSPECIFIED.,.F.,.F.,(4,1,4),(0.,0.0330154557025875,0.0646895664016476),
 .UNSPECIFIED.);
#1900=B_SPLINE_CURVE_WITH_KNOTS('',3,(#8136,#8137,#8138,#8139,#8140),
 .UNSPECIFIED.,.F.,.F.,(4,1,4),(0.,0.0518862200258535,0.0915482833461465),
 .UNSPECIFIED.);
#1901=B_SPLINE_CURVE_WITH_KNOTS('',3,(#8143,#8144,#8145,#8146,#8147),
 .UNSPECIFIED.,.F.,.F.,(4,1,4),(0.,0.0518862200258535,0.0915482833461465),
 .UNSPECIFIED.);
#1902=B_SPLINE_CURVE_WITH_KNOTS('',3,(#8159,#8160,#8161,#8162,#8163),
 .UNSPECIFIED.,.F.,.F.,(4,1,4),(0.,0.0372939488484093,0.0847298548205419),
 .UNSPECIFIED.);
#1903=B_SPLINE_CURVE_WITH_KNOTS('',3,(#8166,#8167,#8168,#8169,#8170),
 .UNSPECIFIED.,.F.,.F.,(4,1,4),(0.,0.0372939488484093,0.0847298548205419),
 .UNSPECIFIED.);
#1904=B_SPLINE_CURVE_WITH_KNOTS('',3,(#8182,#8183,#8184,#8185,#8186),
 .UNSPECIFIED.,.F.,.F.,(4,1,4),(0.,0.0304936318271305,0.0622987935456008),
 .UNSPECIFIED.);
#1905=B_SPLINE_CURVE_WITH_KNOTS('',3,(#8189,#8190,#8191,#8192,#8193),
 .UNSPECIFIED.,.F.,.F.,(4,1,4),(0.,0.0304936318271305,0.0622987935456008),
 .UNSPECIFIED.);
#1906=B_SPLINE_CURVE_WITH_KNOTS('',3,(#8205,#8206,#8207,#8208,#8209),
 .UNSPECIFIED.,.F.,.F.,(4,1,4),(0.,0.0328863601209725,0.0634813805561939),
 .UNSPECIFIED.);
#1907=B_SPLINE_CURVE_WITH_KNOTS('',3,(#8212,#8213,#8214,#8215,#8216),
 .UNSPECIFIED.,.F.,.F.,(4,1,4),(0.,0.0328863601209725,0.0634813805561939),
 .UNSPECIFIED.);
#1908=B_SPLINE_CURVE_WITH_KNOTS('',3,(#8228,#8229,#8230,#8231,#8232),
 .UNSPECIFIED.,.F.,.F.,(4,1,4),(0.,0.0489881713041644,0.0877923989837148),
 .UNSPECIFIED.);
#1909=B_SPLINE_CURVE_WITH_KNOTS('',3,(#8235,#8236,#8237,#8238,#8239),
 .UNSPECIFIED.,.F.,.F.,(4,1,4),(0.,0.0489881713041644,0.0877923989837148),
 .UNSPECIFIED.);
#1910=B_SPLINE_CURVE_WITH_KNOTS('',3,(#8250,#8251,#8252,#8253,#8254),
 .UNSPECIFIED.,.F.,.F.,(4,1,4),(0.,0.0381837536149982,0.088348783271788),
 .UNSPECIFIED.);
#1911=B_SPLINE_CURVE_WITH_KNOTS('',3,(#8255,#8256,#8257,#8258,#8259),
 .UNSPECIFIED.,.F.,.F.,(4,1,4),(0.,0.0381837536149982,0.088348783271788),
 .UNSPECIFIED.);
#1912=B_SPLINE_CURVE_WITH_KNOTS('',3,(#8292,#8293,#8294,#8295,#8296),
 .UNSPECIFIED.,.F.,.F.,(4,1,4),(0.,0.0224964544323122,0.0442943693645618),
 .UNSPECIFIED.);
#1913=B_SPLINE_CURVE_WITH_KNOTS('',3,(#8299,#8300,#8301,#8302,#8303),
 .UNSPECIFIED.,.F.,.F.,(4,1,4),(0.,0.0224964544323122,0.0442943693645618),
 .UNSPECIFIED.);
#1914=B_SPLINE_CURVE_WITH_KNOTS('',3,(#8315,#8316,#8317,#8318,#8319),
 .UNSPECIFIED.,.F.,.F.,(4,1,4),(0.,0.0249148363113454,0.0483272067759334),
 .UNSPECIFIED.);
#1915=B_SPLINE_CURVE_WITH_KNOTS('',3,(#8322,#8323,#8324,#8325,#8326),
 .UNSPECIFIED.,.F.,.F.,(4,1,4),(0.,0.0249148363113454,0.0483272067759334),
 .UNSPECIFIED.);
#1916=B_SPLINE_CURVE_WITH_KNOTS('',3,(#8338,#8339,#8340,#8341,#8342),
 .UNSPECIFIED.,.F.,.F.,(4,1,4),(0.,0.033725854882732,0.0680877937068713),
 .UNSPECIFIED.);
#1917=B_SPLINE_CURVE_WITH_KNOTS('',3,(#8345,#8346,#8347,#8348,#8349),
 .UNSPECIFIED.,.F.,.F.,(4,1,4),(0.,0.033725854882732,0.0680877937068713),
 .UNSPECIFIED.);
#1918=B_SPLINE_CURVE_WITH_KNOTS('',3,(#8361,#8362,#8363,#8364,#8365),
 .UNSPECIFIED.,.F.,.F.,(4,1,4),(0.,0.0360647515882229,0.07023049840943),
 .UNSPECIFIED.);
#1919=B_SPLINE_CURVE_WITH_KNOTS('',3,(#8368,#8369,#8370,#8371,#8372),
 .UNSPECIFIED.,.F.,.F.,(4,1,4),(0.,0.0360647515882229,0.07023049840943),
 .UNSPECIFIED.);
#1920=B_SPLINE_CURVE_WITH_KNOTS('',3,(#8384,#8385,#8386,#8387,#8388),
 .UNSPECIFIED.,.F.,.F.,(4,1,4),(0.,0.0415287194445867,0.0804182110404018),
 .UNSPECIFIED.);
#1921=B_SPLINE_CURVE_WITH_KNOTS('',3,(#8391,#8392,#8393,#8394,#8395),
 .UNSPECIFIED.,.F.,.F.,(4,1,4),(0.,0.0415287194445867,0.0804182110404018),
 .UNSPECIFIED.);
#1922=B_SPLINE_CURVE_WITH_KNOTS('',3,(#8407,#8408,#8409,#8410,#8411),
 .UNSPECIFIED.,.F.,.F.,(4,1,4),(0.,0.0386990901590789,0.0808053898153938),
 .UNSPECIFIED.);
#1923=B_SPLINE_CURVE_WITH_KNOTS('',3,(#8414,#8415,#8416,#8417,#8418),
 .UNSPECIFIED.,.F.,.F.,(4,1,4),(0.,0.0386990901590789,0.0808053898153938),
 .UNSPECIFIED.);
#1924=B_SPLINE_CURVE_WITH_KNOTS('',3,(#8430,#8431,#8432,#8433,#8434),
 .UNSPECIFIED.,.F.,.F.,(4,1,4),(0.,0.0344755818997617,0.0704985902315363),
 .UNSPECIFIED.);
#1925=B_SPLINE_CURVE_WITH_KNOTS('',3,(#8437,#8438,#8439,#8440,#8441),
 .UNSPECIFIED.,.F.,.F.,(4,1,4),(0.,0.0344755818997617,0.0704985902315363),
 .UNSPECIFIED.);
#1926=B_SPLINE_CURVE_WITH_KNOTS('',3,(#8453,#8454,#8455,#8456,#8457),
 .UNSPECIFIED.,.F.,.F.,(4,1,4),(0.,0.0335949750116038,0.0672524568665069),
 .UNSPECIFIED.);
#1927=B_SPLINE_CURVE_WITH_KNOTS('',3,(#8460,#8461,#8462,#8463,#8464),
 .UNSPECIFIED.,.F.,.F.,(4,1,4),(0.,0.0335949750116038,0.0672524568665069),
 .UNSPECIFIED.);
#1928=B_SPLINE_CURVE_WITH_KNOTS('',3,(#8476,#8477,#8478,#8479,#8480),
 .UNSPECIFIED.,.F.,.F.,(4,1,4),(0.,0.0469470176578821,0.0951654330530856),
 .UNSPECIFIED.);
#1929=B_SPLINE_CURVE_WITH_KNOTS('',3,(#8483,#8484,#8485,#8486,#8487),
 .UNSPECIFIED.,.F.,.F.,(4,1,4),(0.,0.0469470176578821,0.0951654330530856),
 .UNSPECIFIED.);
#1930=B_SPLINE_CURVE_WITH_KNOTS('',3,(#8530,#8531,#8532,#8533,#8534),
 .UNSPECIFIED.,.F.,.F.,(4,1,4),(0.,0.0246589750088163,0.0574288044240876),
 .UNSPECIFIED.);
#1931=B_SPLINE_CURVE_WITH_KNOTS('',3,(#8537,#8538,#8539,#8540,#8541),
 .UNSPECIFIED.,.F.,.F.,(4,1,4),(0.,0.0246589750088163,0.0574288044240876),
 .UNSPECIFIED.);
#1932=B_SPLINE_CURVE_WITH_KNOTS('',3,(#8553,#8554,#8555,#8556,#8557),
 .UNSPECIFIED.,.F.,.F.,(4,1,4),(0.,0.0212690874836977,0.0418436563418107),
 .UNSPECIFIED.);
#1933=B_SPLINE_CURVE_WITH_KNOTS('',3,(#8560,#8561,#8562,#8563,#8564),
 .UNSPECIFIED.,.F.,.F.,(4,1,4),(0.,0.0212690874836977,0.0418436563418107),
 .UNSPECIFIED.);
#1934=B_SPLINE_CURVE_WITH_KNOTS('',3,(#8576,#8577,#8578,#8579,#8580),
 .UNSPECIFIED.,.F.,.F.,(4,1,4),(0.,0.0216051326258258,0.0433837499644386),
 .UNSPECIFIED.);
#1935=B_SPLINE_CURVE_WITH_KNOTS('',3,(#8583,#8584,#8585,#8586,#8587),
 .UNSPECIFIED.,.F.,.F.,(4,1,4),(0.,0.0216051326258258,0.0433837499644386),
 .UNSPECIFIED.);
#1936=B_SPLINE_CURVE_WITH_KNOTS('',3,(#8599,#8600,#8601,#8602,#8603),
 .UNSPECIFIED.,.F.,.F.,(4,1,4),(0.,0.0187155130803987,0.0392297795322478),
 .UNSPECIFIED.);
#1937=B_SPLINE_CURVE_WITH_KNOTS('',3,(#8606,#8607,#8608,#8609,#8610),
 .UNSPECIFIED.,.F.,.F.,(4,1,4),(0.,0.0187155130803987,0.0392297795322478),
 .UNSPECIFIED.);
#1938=B_SPLINE_CURVE_WITH_KNOTS('',3,(#8622,#8623,#8624,#8625,#8626),
 .UNSPECIFIED.,.F.,.F.,(4,1,4),(0.,0.018742874225806,0.03681343711012),
 .UNSPECIFIED.);
#1939=B_SPLINE_CURVE_WITH_KNOTS('',3,(#8629,#8630,#8631,#8632,#8633),
 .UNSPECIFIED.,.F.,.F.,(4,1,4),(0.,0.018742874225806,0.03681343711012),
 .UNSPECIFIED.);
#1940=B_SPLINE_CURVE_WITH_KNOTS('',3,(#8645,#8646,#8647,#8648,#8649),
 .UNSPECIFIED.,.F.,.F.,(4,1,4),(0.,0.0322052048541887,0.0519789644336261),
 .UNSPECIFIED.);
#1941=B_SPLINE_CURVE_WITH_KNOTS('',3,(#8652,#8653,#8654,#8655,#8656),
 .UNSPECIFIED.,.F.,.F.,(4,1,4),(0.,0.0322052048541887,0.0519789644336261),
 .UNSPECIFIED.);
#1942=B_SPLINE_CURVE_WITH_KNOTS('',3,(#8686,#8687,#8688,#8689,#8690),
 .UNSPECIFIED.,.F.,.F.,(4,1,4),(0.,0.0188252960559579,0.0459844468905975),
 .UNSPECIFIED.);
#1943=B_SPLINE_CURVE_WITH_KNOTS('',3,(#8693,#8694,#8695,#8696,#8697),
 .UNSPECIFIED.,.F.,.F.,(4,1,4),(0.,0.0188252960559579,0.0459844468905975),
 .UNSPECIFIED.);
#1944=B_SPLINE_CURVE_WITH_KNOTS('',3,(#8709,#8710,#8711,#8712,#8713),
 .UNSPECIFIED.,.F.,.F.,(4,1,4),(0.,0.0189155662877464,0.0396761454415789),
 .UNSPECIFIED.);
#1945=B_SPLINE_CURVE_WITH_KNOTS('',3,(#8716,#8717,#8718,#8719,#8720),
 .UNSPECIFIED.,.F.,.F.,(4,1,4),(0.,0.0189155662877464,0.0396761454415789),
 .UNSPECIFIED.);
#1946=B_SPLINE_CURVE_WITH_KNOTS('',3,(#8732,#8733,#8734,#8735,#8736),
 .UNSPECIFIED.,.F.,.F.,(4,1,4),(0.,0.0223194403300612,0.0415888681622462),
 .UNSPECIFIED.);
#1947=B_SPLINE_CURVE_WITH_KNOTS('',3,(#8739,#8740,#8741,#8742,#8743),
 .UNSPECIFIED.,.F.,.F.,(4,1,4),(0.,0.0223194403300612,0.0415888681622462),
 .UNSPECIFIED.);
#1948=B_SPLINE_CURVE_WITH_KNOTS('',3,(#8755,#8756,#8757,#8758,#8759),
 .UNSPECIFIED.,.F.,.F.,(4,1,4),(0.,0.0249166624804382,0.0491534574767369),
 .UNSPECIFIED.);
#1949=B_SPLINE_CURVE_WITH_KNOTS('',3,(#8762,#8763,#8764,#8765,#8766),
 .UNSPECIFIED.,.F.,.F.,(4,1,4),(0.,0.0249166624804382,0.0491534574767369),
 .UNSPECIFIED.);
#1950=B_SPLINE_CURVE_WITH_KNOTS('',3,(#8778,#8779,#8780,#8781,#8782),
 .UNSPECIFIED.,.F.,.F.,(4,1,4),(0.,0.0543062821923386,0.107781328193758),
 .UNSPECIFIED.);
#1951=B_SPLINE_CURVE_WITH_KNOTS('',3,(#8785,#8786,#8787,#8788,#8789),
 .UNSPECIFIED.,.F.,.F.,(4,1,4),(0.,0.0543062821923386,0.107781328193758),
 .UNSPECIFIED.);
#1952=B_SPLINE_CURVE_WITH_KNOTS('',3,(#8812,#8813,#8814,#8815,#8816),
 .UNSPECIFIED.,.F.,.F.,(4,1,4),(0.,0.0531685764836824,0.10621046939181),
 .UNSPECIFIED.);
#1953=B_SPLINE_CURVE_WITH_KNOTS('',3,(#8820,#8821,#8822,#8823,#8824),
 .UNSPECIFIED.,.F.,.F.,(4,1,4),(0.,0.0531685764836824,0.10621046939181),
 .UNSPECIFIED.);
#1954=B_SPLINE_CURVE_WITH_KNOTS('',3,(#8837,#8838,#8839,#8840,#8841),
 .UNSPECIFIED.,.F.,.F.,(4,1,4),(0.,0.0369327097041394,0.0748847276623235),
 .UNSPECIFIED.);
#1955=B_SPLINE_CURVE_WITH_KNOTS('',3,(#8844,#8845,#8846,#8847,#8848),
 .UNSPECIFIED.,.F.,.F.,(4,1,4),(0.,0.0369327097041394,0.0748847276623235),
 .UNSPECIFIED.);
#1956=B_SPLINE_CURVE_WITH_KNOTS('',3,(#8860,#8861,#8862,#8863,#8864),
 .UNSPECIFIED.,.F.,.F.,(4,1,4),(0.,0.0381918866435196,0.0751413393390444),
 .UNSPECIFIED.);
#1957=B_SPLINE_CURVE_WITH_KNOTS('',3,(#8867,#8868,#8869,#8870,#8871),
 .UNSPECIFIED.,.F.,.F.,(4,1,4),(0.,0.0381918866435196,0.0751413393390444),
 .UNSPECIFIED.);
#1958=B_SPLINE_CURVE_WITH_KNOTS('',3,(#8883,#8884,#8885,#8886,#8887),
 .UNSPECIFIED.,.F.,.F.,(4,1,4),(0.,0.0459224796618699,0.0873452682717938),
 .UNSPECIFIED.);
#1959=B_SPLINE_CURVE_WITH_KNOTS('',3,(#8890,#8891,#8892,#8893,#8894),
 .UNSPECIFIED.,.F.,.F.,(4,1,4),(0.,0.0459224796618699,0.0873452682717938),
 .UNSPECIFIED.);
#1960=B_SPLINE_CURVE_WITH_KNOTS('',3,(#8906,#8907,#8908,#8909,#8910),
 .UNSPECIFIED.,.F.,.F.,(4,1,4),(0.,0.058489235375737,0.127584213929608),
 .UNSPECIFIED.);
#1961=B_SPLINE_CURVE_WITH_KNOTS('',3,(#8913,#8914,#8915,#8916,#8917),
 .UNSPECIFIED.,.F.,.F.,(4,1,4),(0.,0.058489235375737,0.127584213929608),
 .UNSPECIFIED.);
#1962=B_SPLINE_CURVE_WITH_KNOTS('',3,(#8929,#8930,#8931,#8932,#8933),
 .UNSPECIFIED.,.F.,.F.,(4,1,4),(0.,0.0554716864105456,0.109508008761733),
 .UNSPECIFIED.);
#1963=B_SPLINE_CURVE_WITH_KNOTS('',3,(#8936,#8937,#8938,#8939,#8940),
 .UNSPECIFIED.,.F.,.F.,(4,1,4),(0.,0.0554716864105456,0.109508008761733),
 .UNSPECIFIED.);
#1964=B_SPLINE_CURVE_WITH_KNOTS('',3,(#8952,#8953,#8954,#8955,#8956),
 .UNSPECIFIED.,.F.,.F.,(4,1,4),(0.,0.0538022229419613,0.108517770535321),
 .UNSPECIFIED.);
#1965=B_SPLINE_CURVE_WITH_KNOTS('',3,(#8959,#8960,#8961,#8962,#8963),
 .UNSPECIFIED.,.F.,.F.,(4,1,4),(0.,0.0538022229419613,0.108517770535321),
 .UNSPECIFIED.);
#1966=B_SPLINE_CURVE_WITH_KNOTS('',3,(#8975,#8976,#8977,#8978,#8979),
 .UNSPECIFIED.,.F.,.F.,(4,1,4),(0.,0.065358501620706,0.122623295377612),
 .UNSPECIFIED.);
#1967=B_SPLINE_CURVE_WITH_KNOTS('',3,(#8982,#8983,#8984,#8985,#8986),
 .UNSPECIFIED.,.F.,.F.,(4,1,4),(0.,0.065358501620706,0.122623295377612),
 .UNSPECIFIED.);
#1968=B_SPLINE_CURVE_WITH_KNOTS('',3,(#8997,#8998,#8999,#9000,#9001),
 .UNSPECIFIED.,.F.,.F.,(4,1,4),(0.,0.0598273593520951,0.137874950974825),
 .UNSPECIFIED.);
#1969=B_SPLINE_CURVE_WITH_KNOTS('',3,(#9002,#9003,#9004,#9005,#9006),
 .UNSPECIFIED.,.F.,.F.,(4,1,4),(0.,0.0598273593520951,0.137874950974825),
 .UNSPECIFIED.);
#1970=B_SPLINE_CURVE_WITH_KNOTS('',3,(#9019,#9020,#9021,#9022,#9023),
 .UNSPECIFIED.,.F.,.F.,(4,1,4),(0.,0.050682568289843,0.101517605185041),
 .UNSPECIFIED.);
#1971=B_SPLINE_CURVE_WITH_KNOTS('',3,(#9027,#9028,#9029,#9030,#9031),
 .UNSPECIFIED.,.F.,.F.,(4,1,4),(0.,0.050682568289843,0.101517605185041),
 .UNSPECIFIED.);
#1972=B_SPLINE_CURVE_WITH_KNOTS('',3,(#9044,#9045,#9046,#9047,#9048),
 .UNSPECIFIED.,.F.,.F.,(4,1,4),(0.,0.0539121413523234,0.105610781513174),
 .UNSPECIFIED.);
#1973=B_SPLINE_CURVE_WITH_KNOTS('',3,(#9051,#9052,#9053,#9054,#9055),
 .UNSPECIFIED.,.F.,.F.,(4,1,4),(0.,0.0539121413523234,0.105610781513174),
 .UNSPECIFIED.);
#1974=B_SPLINE_CURVE_WITH_KNOTS('',3,(#9067,#9068,#9069,#9070,#9071),
 .UNSPECIFIED.,.F.,.F.,(4,1,4),(0.,0.0503255368792334,0.10104370277379),
 .UNSPECIFIED.);
#1975=B_SPLINE_CURVE_WITH_KNOTS('',3,(#9074,#9075,#9076,#9077,#9078),
 .UNSPECIFIED.,.F.,.F.,(4,1,4),(0.,0.0503255368792334,0.10104370277379),
 .UNSPECIFIED.);
#1976=B_SPLINE_CURVE_WITH_KNOTS('',3,(#9090,#9091,#9092,#9093,#9094),
 .UNSPECIFIED.,.F.,.F.,(4,1,4),(0.,0.0515794049342273,0.101820402282571),
 .UNSPECIFIED.);
#1977=B_SPLINE_CURVE_WITH_KNOTS('',3,(#9097,#9098,#9099,#9100,#9101),
 .UNSPECIFIED.,.F.,.F.,(4,1,4),(0.,0.0515794049342273,0.101820402282571),
 .UNSPECIFIED.);
#1978=B_SPLINE_CURVE_WITH_KNOTS('',3,(#9113,#9114,#9115,#9116,#9117),
 .UNSPECIFIED.,.F.,.F.,(4,1,4),(0.,0.0579658530140974,0.11240380573104),
 .UNSPECIFIED.);
#1979=B_SPLINE_CURVE_WITH_KNOTS('',3,(#9120,#9121,#9122,#9123,#9124),
 .UNSPECIFIED.,.F.,.F.,(4,1,4),(0.,0.0579658530140974,0.11240380573104),
 .UNSPECIFIED.);
#1980=B_SPLINE_CURVE_WITH_KNOTS('',3,(#9136,#9137,#9138,#9139,#9140),
 .UNSPECIFIED.,.F.,.F.,(4,1,4),(0.,0.0534561327589062,0.110609802981519),
 .UNSPECIFIED.);
#1981=B_SPLINE_CURVE_WITH_KNOTS('',3,(#9143,#9144,#9145,#9146,#9147),
 .UNSPECIFIED.,.F.,.F.,(4,1,4),(0.,0.0534561327589062,0.110609802981519),
 .UNSPECIFIED.);
#1982=B_SPLINE_CURVE_WITH_KNOTS('',3,(#9159,#9160,#9161,#9162,#9163),
 .UNSPECIFIED.,.F.,.F.,(4,1,4),(0.,0.0503949783903138,0.101316944815853),
 .UNSPECIFIED.);
#1983=B_SPLINE_CURVE_WITH_KNOTS('',3,(#9166,#9167,#9168,#9169,#9170),
 .UNSPECIFIED.,.F.,.F.,(4,1,4),(0.,0.0503949783903138,0.101316944815853),
 .UNSPECIFIED.);
#1984=B_SPLINE_CURVE_WITH_KNOTS('',3,(#9182,#9183,#9184,#9185,#9186),
 .UNSPECIFIED.,.F.,.F.,(4,1,4),(0.,0.0530743574598029,0.104281459805922),
 .UNSPECIFIED.);
#1985=B_SPLINE_CURVE_WITH_KNOTS('',3,(#9189,#9190,#9191,#9192,#9193),
 .UNSPECIFIED.,.F.,.F.,(4,1,4),(0.,0.0530743574598029,0.104281459805922),
 .UNSPECIFIED.);
#1986=B_SPLINE_CURVE_WITH_KNOTS('',3,(#9205,#9206,#9207,#9208,#9209),
 .UNSPECIFIED.,.F.,.F.,(4,1,4),(0.,0.0744171638784141,0.152505759248252),
 .UNSPECIFIED.);
#1987=B_SPLINE_CURVE_WITH_KNOTS('',3,(#9212,#9213,#9214,#9215,#9216),
 .UNSPECIFIED.,.F.,.F.,(4,1,4),(0.,0.0744171638784141,0.152505759248252),
 .UNSPECIFIED.);
#1988=B_SPLINE_CURVE_WITH_KNOTS('',3,(#9228,#9229,#9230,#9231,#9232),
 .UNSPECIFIED.,.F.,.F.,(4,1,4),(0.,0.0897800379015889,0.168001577637219),
 .UNSPECIFIED.);
#1989=B_SPLINE_CURVE_WITH_KNOTS('',3,(#9235,#9236,#9237,#9238,#9239),
 .UNSPECIFIED.,.F.,.F.,(4,1,4),(0.,0.0897800379015889,0.168001577637219),
 .UNSPECIFIED.);
#1990=B_SPLINE_CURVE_WITH_KNOTS('',3,(#9250,#9251,#9252,#9253,#9254),
 .UNSPECIFIED.,.F.,.F.,(4,1,4),(0.,0.0515197903310221,0.103134873158703),
 .UNSPECIFIED.);
#1991=B_SPLINE_CURVE_WITH_KNOTS('',3,(#9255,#9256,#9257,#9258,#9259),
 .UNSPECIFIED.,.F.,.F.,(4,1,4),(0.,0.0515197903310221,0.103134873158703),
 .UNSPECIFIED.);
#1992=VERTEX_POINT('',#6212);
#1993=VERTEX_POINT('',#6213);
#1994=VERTEX_POINT('',#6219);
#1995=VERTEX_POINT('',#6221);
#1996=VERTEX_POINT('',#6238);
#1997=VERTEX_POINT('',#6244);
#1998=VERTEX_POINT('',#6261);
#1999=VERTEX_POINT('',#6267);
#2000=VERTEX_POINT('',#6284);
#2001=VERTEX_POINT('',#6290);
#2002=VERTEX_POINT('',#6307);
#2003=VERTEX_POINT('',#6313);
#2004=VERTEX_POINT('',#6330);
#2005=VERTEX_POINT('',#6336);
#2006=VERTEX_POINT('',#6353);
#2007=VERTEX_POINT('',#6359);
#2008=VERTEX_POINT('',#6376);
#2009=VERTEX_POINT('',#6382);
#2010=VERTEX_POINT('',#6399);
#2011=VERTEX_POINT('',#6405);
#2012=VERTEX_POINT('',#6422);
#2013=VERTEX_POINT('',#6428);
#2014=VERTEX_POINT('',#6445);
#2015=VERTEX_POINT('',#6451);
#2016=VERTEX_POINT('',#6468);
#2017=VERTEX_POINT('',#6474);
#2018=VERTEX_POINT('',#6491);
#2019=VERTEX_POINT('',#6497);
#2020=VERTEX_POINT('',#6514);
#2021=VERTEX_POINT('',#6520);
#2022=VERTEX_POINT('',#6528);
#2023=VERTEX_POINT('',#6530);
#2024=VERTEX_POINT('',#6543);
#2025=VERTEX_POINT('',#6549);
#2026=VERTEX_POINT('',#6566);
#2027=VERTEX_POINT('',#6572);
#2028=VERTEX_POINT('',#6589);
#2029=VERTEX_POINT('',#6595);
#2030=VERTEX_POINT('',#6612);
#2031=VERTEX_POINT('',#6618);
#2032=VERTEX_POINT('',#6635);
#2033=VERTEX_POINT('',#6641);
#2034=VERTEX_POINT('',#6658);
#2035=VERTEX_POINT('',#6664);
#2036=VERTEX_POINT('',#6681);
#2037=VERTEX_POINT('',#6687);
#2038=VERTEX_POINT('',#6704);
#2039=VERTEX_POINT('',#6710);
#2040=VERTEX_POINT('',#6727);
#2041=VERTEX_POINT('',#6733);
#2042=VERTEX_POINT('',#6750);
#2043=VERTEX_POINT('',#6756);
#2044=VERTEX_POINT('',#6773);
#2045=VERTEX_POINT('',#6779);
#2046=VERTEX_POINT('',#6796);
#2047=VERTEX_POINT('',#6802);
#2048=VERTEX_POINT('',#6819);
#2049=VERTEX_POINT('',#6825);
#2050=VERTEX_POINT('',#6842);
#2051=VERTEX_POINT('',#6848);
#2052=VERTEX_POINT('',#6865);
#2053=VERTEX_POINT('',#6871);
#2054=VERTEX_POINT('',#6888);
#2055=VERTEX_POINT('',#6894);
#2056=VERTEX_POINT('',#6902);
#2057=VERTEX_POINT('',#6904);
#2058=VERTEX_POINT('',#6929);
#2059=VERTEX_POINT('',#6930);
#2060=VERTEX_POINT('',#6932);
#2061=VERTEX_POINT('',#6934);
#2062=VERTEX_POINT('',#6938);
#2063=VERTEX_POINT('',#6940);
#2064=VERTEX_POINT('',#6944);
#2065=VERTEX_POINT('',#6946);
#2066=VERTEX_POINT('',#6950);
#2067=VERTEX_POINT('',#6952);
#2068=VERTEX_POINT('',#6956);
#2069=VERTEX_POINT('',#6958);
#2070=VERTEX_POINT('',#6966);
#2071=VERTEX_POINT('',#6967);
#2072=VERTEX_POINT('',#6969);
#2073=VERTEX_POINT('',#6971);
#2074=VERTEX_POINT('',#6975);
#2075=VERTEX_POINT('',#6977);
#2076=VERTEX_POINT('',#6981);
#2077=VERTEX_POINT('',#6983);
#2078=VERTEX_POINT('',#7000);
#2079=VERTEX_POINT('',#7001);
#2080=VERTEX_POINT('',#7007);
#2081=VERTEX_POINT('',#7009);
#2082=VERTEX_POINT('',#7026);
#2083=VERTEX_POINT('',#7032);
#2084=VERTEX_POINT('',#7049);
#2085=VERTEX_POINT('',#7055);
#2086=VERTEX_POINT('',#7072);
#2087=VERTEX_POINT('',#7078);
#2088=VERTEX_POINT('',#7095);
#2089=VERTEX_POINT('',#7101);
#2090=VERTEX_POINT('',#7118);
#2091=VERTEX_POINT('',#7124);
#2092=VERTEX_POINT('',#7141);
#2093=VERTEX_POINT('',#7147);
#2094=VERTEX_POINT('',#7164);
#2095=VERTEX_POINT('',#7170);
#2096=VERTEX_POINT('',#7187);
#2097=VERTEX_POINT('',#7193);
#2098=VERTEX_POINT('',#7204);
#2099=VERTEX_POINT('',#7205);
#2100=VERTEX_POINT('',#7207);
#2101=VERTEX_POINT('',#7209);
#2102=VERTEX_POINT('',#7222);
#2103=VERTEX_POINT('',#7228);
#2104=VERTEX_POINT('',#7245);
#2105=VERTEX_POINT('',#7251);
#2106=VERTEX_POINT('',#7259);
#2107=VERTEX_POINT('',#7261);
#2108=VERTEX_POINT('',#7274);
#2109=VERTEX_POINT('',#7280);
#2110=VERTEX_POINT('',#7297);
#2111=VERTEX_POINT('',#7303);
#2112=VERTEX_POINT('',#7320);
#2113=VERTEX_POINT('',#7326);
#2114=VERTEX_POINT('',#7343);
#2115=VERTEX_POINT('',#7349);
#2116=VERTEX_POINT('',#7366);
#2117=VERTEX_POINT('',#7372);
#2118=VERTEX_POINT('',#7389);
#2119=VERTEX_POINT('',#7395);
#2120=VERTEX_POINT('',#7412);
#2121=VERTEX_POINT('',#7418);
#2122=VERTEX_POINT('',#7426);
#2123=VERTEX_POINT('',#7428);
#2124=VERTEX_POINT('',#7441);
#2125=VERTEX_POINT('',#7447);
#2126=VERTEX_POINT('',#7464);
#2127=VERTEX_POINT('',#7470);
#2128=VERTEX_POINT('',#7487);
#2129=VERTEX_POINT('',#7493);
#2130=VERTEX_POINT('',#7510);
#2131=VERTEX_POINT('',#7516);
#2132=VERTEX_POINT('',#7533);
#2133=VERTEX_POINT('',#7539);
#2134=VERTEX_POINT('',#7556);
#2135=VERTEX_POINT('',#7562);
#2136=VERTEX_POINT('',#7579);
#2137=VERTEX_POINT('',#7585);
#2138=VERTEX_POINT('',#7602);
#2139=VERTEX_POINT('',#7608);
#2140=VERTEX_POINT('',#7625);
#2141=VERTEX_POINT('',#7631);
#2142=VERTEX_POINT('',#7648);
#2143=VERTEX_POINT('',#7654);
#2144=VERTEX_POINT('',#7671);
#2145=VERTEX_POINT('',#7677);
#2146=VERTEX_POINT('',#7694);
#2147=VERTEX_POINT('',#7700);
#2148=VERTEX_POINT('',#7717);
#2149=VERTEX_POINT('',#7723);
#2150=VERTEX_POINT('',#7740);
#2151=VERTEX_POINT('',#7746);
#2152=VERTEX_POINT('',#7775);
#2153=VERTEX_POINT('',#7776);
#2154=VERTEX_POINT('',#7778);
#2155=VERTEX_POINT('',#7780);
#2156=VERTEX_POINT('',#7793);
#2157=VERTEX_POINT('',#7799);
#2158=VERTEX_POINT('',#7816);
#2159=VERTEX_POINT('',#7822);
#2160=VERTEX_POINT('',#7839);
#2161=VERTEX_POINT('',#7845);
#2162=VERTEX_POINT('',#7862);
#2163=VERTEX_POINT('',#7868);
#2164=VERTEX_POINT('',#7885);
#2165=VERTEX_POINT('',#7891);
#2166=VERTEX_POINT('',#7899);
#2167=VERTEX_POINT('',#7901);
#2168=VERTEX_POINT('',#7908);
#2169=VERTEX_POINT('',#7909);
#2170=VERTEX_POINT('',#7911);
#2171=VERTEX_POINT('',#7913);
#2172=VERTEX_POINT('',#7917);
#2173=VERTEX_POINT('',#7919);
#2174=VERTEX_POINT('',#7932);
#2175=VERTEX_POINT('',#7938);
#2176=VERTEX_POINT('',#7955);
#2177=VERTEX_POINT('',#7961);
#2178=VERTEX_POINT('',#7978);
#2179=VERTEX_POINT('',#7984);
#2180=VERTEX_POINT('',#8001);
#2181=VERTEX_POINT('',#8007);
#2182=VERTEX_POINT('',#8024);
#2183=VERTEX_POINT('',#8030);
#2184=VERTEX_POINT('',#8047);
#2185=VERTEX_POINT('',#8053);
#2186=VERTEX_POINT('',#8061);
#2187=VERTEX_POINT('',#8063);
#2188=VERTEX_POINT('',#8067);
#2189=VERTEX_POINT('',#8069);
#2190=VERTEX_POINT('',#8086);
#2191=VERTEX_POINT('',#8087);
#2192=VERTEX_POINT('',#8093);
#2193=VERTEX_POINT('',#8095);
#2194=VERTEX_POINT('',#8112);
#2195=VERTEX_POINT('',#8118);
#2196=VERTEX_POINT('',#8135);
#2197=VERTEX_POINT('',#8141);
#2198=VERTEX_POINT('',#8158);
#2199=VERTEX_POINT('',#8164);
#2200=VERTEX_POINT('',#8181);
#2201=VERTEX_POINT('',#8187);
#2202=VERTEX_POINT('',#8204);
#2203=VERTEX_POINT('',#8210);
#2204=VERTEX_POINT('',#8227);
#2205=VERTEX_POINT('',#8233);
#2206=VERTEX_POINT('',#8261);
#2207=VERTEX_POINT('',#8262);
#2208=VERTEX_POINT('',#8264);
#2209=VERTEX_POINT('',#8266);
#2210=VERTEX_POINT('',#8270);
#2211=VERTEX_POINT('',#8272);
#2212=VERTEX_POINT('',#8276);
#2213=VERTEX_POINT('',#8278);
#2214=VERTEX_POINT('',#8291);
#2215=VERTEX_POINT('',#8297);
#2216=VERTEX_POINT('',#8314);
#2217=VERTEX_POINT('',#8320);
#2218=VERTEX_POINT('',#8337);
#2219=VERTEX_POINT('',#8343);
#2220=VERTEX_POINT('',#8360);
#2221=VERTEX_POINT('',#8366);
#2222=VERTEX_POINT('',#8383);
#2223=VERTEX_POINT('',#8389);
#2224=VERTEX_POINT('',#8406);
#2225=VERTEX_POINT('',#8412);
#2226=VERTEX_POINT('',#8429);
#2227=VERTEX_POINT('',#8435);
#2228=VERTEX_POINT('',#8452);
#2229=VERTEX_POINT('',#8458);
#2230=VERTEX_POINT('',#8475);
#2231=VERTEX_POINT('',#8481);
#2232=VERTEX_POINT('',#8489);
#2233=VERTEX_POINT('',#8491);
#2234=VERTEX_POINT('',#8499);
#2235=VERTEX_POINT('',#8500);
#2236=VERTEX_POINT('',#8502);
#2237=VERTEX_POINT('',#8504);
#2238=VERTEX_POINT('',#8508);
#2239=VERTEX_POINT('',#8510);
#2240=VERTEX_POINT('',#8514);
#2241=VERTEX_POINT('',#8516);
#2242=VERTEX_POINT('',#8529);
#2243=VERTEX_POINT('',#8535);
#2244=VERTEX_POINT('',#8552);
#2245=VERTEX_POINT('',#8558);
#2246=VERTEX_POINT('',#8575);
#2247=VERTEX_POINT('',#8581);
#2248=VERTEX_POINT('',#8598);
#2249=VERTEX_POINT('',#8604);
#2250=VERTEX_POINT('',#8621);
#2251=VERTEX_POINT('',#8627);
#2252=VERTEX_POINT('',#8644);
#2253=VERTEX_POINT('',#8650);
#2254=VERTEX_POINT('',#8658);
#2255=VERTEX_POINT('',#8660);
#2256=VERTEX_POINT('',#8664);
#2257=VERTEX_POINT('',#8666);
#2258=VERTEX_POINT('',#8670);
#2259=VERTEX_POINT('',#8672);
#2260=VERTEX_POINT('',#8685);
#2261=VERTEX_POINT('',#8691);
#2262=VERTEX_POINT('',#8708);
#2263=VERTEX_POINT('',#8714);
#2264=VERTEX_POINT('',#8731);
#2265=VERTEX_POINT('',#8737);
#2266=VERTEX_POINT('',#8754);
#2267=VERTEX_POINT('',#8760);
#2268=VERTEX_POINT('',#8777);
#2269=VERTEX_POINT('',#8783);
#2270=VERTEX_POINT('',#8791);
#2271=VERTEX_POINT('',#8793);
#2272=VERTEX_POINT('',#8810);
#2273=VERTEX_POINT('',#8811);
#2274=VERTEX_POINT('',#8817);
#2275=VERTEX_POINT('',#8819);
#2276=VERTEX_POINT('',#8836);
#2277=VERTEX_POINT('',#8842);
#2278=VERTEX_POINT('',#8859);
#2279=VERTEX_POINT('',#8865);
#2280=VERTEX_POINT('',#8882);
#2281=VERTEX_POINT('',#8888);
#2282=VERTEX_POINT('',#8905);
#2283=VERTEX_POINT('',#8911);
#2284=VERTEX_POINT('',#8928);
#2285=VERTEX_POINT('',#8934);
#2286=VERTEX_POINT('',#8951);
#2287=VERTEX_POINT('',#8957);
#2288=VERTEX_POINT('',#8974);
#2289=VERTEX_POINT('',#8980);
#2290=VERTEX_POINT('',#9017);
#2291=VERTEX_POINT('',#9018);
#2292=VERTEX_POINT('',#9024);
#2293=VERTEX_POINT('',#9026);
#2294=VERTEX_POINT('',#9043);
#2295=VERTEX_POINT('',#9049);
#2296=VERTEX_POINT('',#9066);
#2297=VERTEX_POINT('',#9072);
#2298=VERTEX_POINT('',#9089);
#2299=VERTEX_POINT('',#9095);
#2300=VERTEX_POINT('',#9112);
#2301=VERTEX_POINT('',#9118);
#2302=VERTEX_POINT('',#9135);
#2303=VERTEX_POINT('',#9141);
#2304=VERTEX_POINT('',#9158);
#2305=VERTEX_POINT('',#9164);
#2306=VERTEX_POINT('',#9181);
#2307=VERTEX_POINT('',#9187);
#2308=VERTEX_POINT('',#9204);
#2309=VERTEX_POINT('',#9210);
#2310=VERTEX_POINT('',#9227);
#2311=VERTEX_POINT('',#9233);
#2312=VERTEX_POINT('',#9262);
#2313=VERTEX_POINT('',#9263);
#2314=VERTEX_POINT('',#9265);
#2315=VERTEX_POINT('',#9267);
#2316=VERTEX_POINT('',#9269);
#2317=VERTEX_POINT('',#9271);
#2318=VERTEX_POINT('',#9273);
#2319=VERTEX_POINT('',#9275);
#2320=VERTEX_POINT('',#9282);
#2321=VERTEX_POINT('',#9284);
#2322=VERTEX_POINT('',#9288);
#2323=VERTEX_POINT('',#9289);
#2324=VERTEX_POINT('',#9294);
#2325=VERTEX_POINT('',#9296);
#2326=VERTEX_POINT('',#9300);
#2327=VERTEX_POINT('',#9301);
#2328=VERTEX_POINT('',#9308);
#2329=VERTEX_POINT('',#9310);
#2330=VERTEX_POINT('',#9314);
#2331=VERTEX_POINT('',#9315);
#2332=VERTEX_POINT('',#9322);
#2333=VERTEX_POINT('',#9324);
#2334=VERTEX_POINT('',#9328);
#2335=VERTEX_POINT('',#9329);
#2336=VERTEX_POINT('',#9336);
#2337=VERTEX_POINT('',#9338);
#2338=VERTEX_POINT('',#9342);
#2339=VERTEX_POINT('',#9343);
#2340=VERTEX_POINT('',#9348);
#2341=VERTEX_POINT('',#9350);
#2342=VERTEX_POINT('',#9354);
#2343=VERTEX_POINT('',#9355);
#2344=VERTEX_POINT('',#9364);
#2345=VERTEX_POINT('',#9368);
#2346=VERTEX_POINT('',#9381);
#2347=VERTEX_POINT('',#9383);
#2348=VERTEX_POINT('',#9385);
#2349=VERTEX_POINT('',#9387);
#2350=VERTEX_POINT('',#9391);
#2351=VERTEX_POINT('',#9393);
#2352=VERTEX_POINT('',#9395);
#2353=VERTEX_POINT('',#9397);
#2354=VERTEX_POINT('',#9401);
#2355=VERTEX_POINT('',#9405);
#2356=VERTEX_POINT('',#9409);
#2357=VERTEX_POINT('',#9413);
#2358=VERTEX_POINT('',#9417);
#2359=VERTEX_POINT('',#9418);
#2360=VERTEX_POINT('',#9423);
#2361=VERTEX_POINT('',#9427);
#2362=VERTEX_POINT('',#9437);
#2363=VERTEX_POINT('',#9441);
#2364=VERTEX_POINT('',#9448);
#2365=VERTEX_POINT('',#9449);
#2366=VERTEX_POINT('',#9451);
#2367=VERTEX_POINT('',#9453);
#2368=VERTEX_POINT('',#9457);
#2369=VERTEX_POINT('',#9459);
#2370=VERTEX_POINT('',#9463);
#2371=VERTEX_POINT('',#9465);
#2372=VERTEX_POINT('',#9469);
#2373=VERTEX_POINT('',#9471);
#2374=VERTEX_POINT('',#9475);
#2375=VERTEX_POINT('',#9477);
#2376=VERTEX_POINT('',#9481);
#2377=VERTEX_POINT('',#9483);
#2378=VERTEX_POINT('',#9487);
#2379=VERTEX_POINT('',#9489);
#2380=VERTEX_POINT('',#9496);
#2381=VERTEX_POINT('',#9497);
#2382=VERTEX_POINT('',#9499);
#2383=VERTEX_POINT('',#9501);
#2384=VERTEX_POINT('',#9505);
#2385=VERTEX_POINT('',#9507);
#2386=VERTEX_POINT('',#9509);
#2387=VERTEX_POINT('',#9511);
#2388=VERTEX_POINT('',#9513);
#2389=VERTEX_POINT('',#9515);
#2390=VERTEX_POINT('',#9517);
#2391=VERTEX_POINT('',#9519);
#2392=VERTEX_POINT('',#9521);
#2393=VERTEX_POINT('',#9523);
#2394=VERTEX_POINT('',#9525);
#2395=VERTEX_POINT('',#9527);
#2396=VERTEX_POINT('',#9529);
#2397=VERTEX_POINT('',#9531);
#2398=VERTEX_POINT('',#9534);
#2399=VERTEX_POINT('',#9536);
#2400=VERTEX_POINT('',#9537);
#2401=VERTEX_POINT('',#9539);
#2402=VERTEX_POINT('',#9541);
#2403=VERTEX_POINT('',#9543);
#2404=VERTEX_POINT('',#9545);
#2405=VERTEX_POINT('',#9547);
#2406=VERTEX_POINT('',#9549);
#2407=VERTEX_POINT('',#9552);
#2408=VERTEX_POINT('',#9553);
#2409=VERTEX_POINT('',#9555);
#2410=VERTEX_POINT('',#9557);
#2411=VERTEX_POINT('',#9559);
#2412=VERTEX_POINT('',#9561);
#2413=VERTEX_POINT('',#9563);
#2414=VERTEX_POINT('',#9565);
#2415=VERTEX_POINT('',#9568);
#2416=VERTEX_POINT('',#9570);
#2417=VERTEX_POINT('',#9572);
#2418=VERTEX_POINT('',#9573);
#2419=VERTEX_POINT('',#9575);
#2420=VERTEX_POINT('',#9577);
#2421=VERTEX_POINT('',#9579);
#2422=VERTEX_POINT('',#9581);
#2423=VERTEX_POINT('',#9583);
#2424=VERTEX_POINT('',#9585);
#2425=VERTEX_POINT('',#9588);
#2426=VERTEX_POINT('',#9590);
#2427=VERTEX_POINT('',#9591);
#2428=VERTEX_POINT('',#9593);
#2429=VERTEX_POINT('',#9595);
#2430=VERTEX_POINT('',#9597);
#2431=VERTEX_POINT('',#9599);
#2432=VERTEX_POINT('',#9601);
#2433=VERTEX_POINT('',#9603);
#2434=VERTEX_POINT('',#9607);
#2435=VERTEX_POINT('',#9611);
#2436=VERTEX_POINT('',#9615);
#2437=VERTEX_POINT('',#9616);
#2438=VERTEX_POINT('',#9621);
#2439=VERTEX_POINT('',#9625);
#2440=VERTEX_POINT('',#9629);
#2441=VERTEX_POINT('',#9630);
#2442=VERTEX_POINT('',#9635);
#2443=VERTEX_POINT('',#9639);
#2444=VERTEX_POINT('',#9643);
#2445=VERTEX_POINT('',#9647);
#2446=VERTEX_POINT('',#9651);
#2447=VERTEX_POINT('',#9653);
#2448=VERTEX_POINT('',#9659);
#2449=VERTEX_POINT('',#9661);
#2450=VERTEX_POINT('',#9665);
#2451=VERTEX_POINT('',#9669);
#2452=VERTEX_POINT('',#9673);
#2453=VERTEX_POINT('',#9677);
#2454=VERTEX_POINT('',#9681);
#2455=VERTEX_POINT('',#9685);
#2456=VERTEX_POINT('',#9691);
#2457=VERTEX_POINT('',#9695);
#2458=VERTEX_POINT('',#9697);
#2459=VERTEX_POINT('',#9701);
#2460=VERTEX_POINT('',#9705);
#2461=VERTEX_POINT('',#9709);
#2462=VERTEX_POINT('',#9713);
#2463=VERTEX_POINT('',#9717);
#2464=VERTEX_POINT('',#9721);
#2465=VERTEX_POINT('',#9727);
#2466=VERTEX_POINT('',#9731);
#2467=VERTEX_POINT('',#9735);
#2468=VERTEX_POINT('',#9737);
#2469=VERTEX_POINT('',#9741);
#2470=VERTEX_POINT('',#9745);
#2471=VERTEX_POINT('',#9749);
#2472=VERTEX_POINT('',#9753);
#2473=VERTEX_POINT('',#9757);
#2474=VERTEX_POINT('',#9761);
#2475=VERTEX_POINT('',#9767);
#2476=VERTEX_POINT('',#9769);
#2477=VERTEX_POINT('',#9773);
#2478=VERTEX_POINT('',#9777);
#2479=VERTEX_POINT('',#9781);
#2480=VERTEX_POINT('',#9785);
#2481=VERTEX_POINT('',#9789);
#2482=VERTEX_POINT('',#9793);
#2483=VERTEX_POINT('',#9799);
#2484=EDGE_CURVE('',#1992,#1993,#1746,.T.);
#2485=EDGE_CURVE('',#1992,#1994,#838,.T.);
#2486=EDGE_CURVE('',#1994,#1995,#1747,.T.);
#2487=EDGE_CURVE('',#1993,#1995,#839,.T.);
#2488=EDGE_CURVE('',#1996,#1992,#1748,.T.);
#2489=EDGE_CURVE('',#1996,#1997,#840,.T.);
#2490=EDGE_CURVE('',#1997,#1994,#1749,.T.);
#2491=EDGE_CURVE('',#1998,#1996,#1750,.T.);
#2492=EDGE_CURVE('',#1998,#1999,#841,.T.);
#2493=EDGE_CURVE('',#1999,#1997,#1751,.T.);
#2494=EDGE_CURVE('',#2000,#1998,#1752,.T.);
#2495=EDGE_CURVE('',#2000,#2001,#842,.T.);
#2496=EDGE_CURVE('',#2001,#1999,#1753,.T.);
#2497=EDGE_CURVE('',#2002,#2000,#1754,.T.);
#2498=EDGE_CURVE('',#2002,#2003,#843,.T.);
#2499=EDGE_CURVE('',#2003,#2001,#1755,.T.);
#2500=EDGE_CURVE('',#2004,#2002,#1756,.T.);
#2501=EDGE_CURVE('',#2004,#2005,#844,.T.);
#2502=EDGE_CURVE('',#2005,#2003,#1757,.T.);
#2503=EDGE_CURVE('',#2006,#2004,#1758,.T.);
#2504=EDGE_CURVE('',#2006,#2007,#845,.T.);
#2505=EDGE_CURVE('',#2007,#2005,#1759,.T.);
#2506=EDGE_CURVE('',#2008,#2006,#1760,.T.);
#2507=EDGE_CURVE('',#2008,#2009,#846,.T.);
#2508=EDGE_CURVE('',#2009,#2007,#1761,.T.);
#2509=EDGE_CURVE('',#2010,#2008,#1762,.T.);
#2510=EDGE_CURVE('',#2010,#2011,#847,.T.);
#2511=EDGE_CURVE('',#2011,#2009,#1763,.T.);
#2512=EDGE_CURVE('',#2012,#2010,#1764,.T.);
#2513=EDGE_CURVE('',#2012,#2013,#848,.T.);
#2514=EDGE_CURVE('',#2013,#2011,#1765,.T.);
#2515=EDGE_CURVE('',#2014,#2012,#1766,.T.);
#2516=EDGE_CURVE('',#2014,#2015,#849,.T.);
#2517=EDGE_CURVE('',#2015,#2013,#1767,.T.);
#2518=EDGE_CURVE('',#2016,#2014,#1768,.T.);
#2519=EDGE_CURVE('',#2016,#2017,#850,.T.);
#2520=EDGE_CURVE('',#2017,#2015,#1769,.T.);
#2521=EDGE_CURVE('',#2018,#2016,#1770,.T.);
#2522=EDGE_CURVE('',#2018,#2019,#851,.T.);
#2523=EDGE_CURVE('',#2019,#2017,#1771,.T.);
#2524=EDGE_CURVE('',#2020,#2018,#1772,.T.);
#2525=EDGE_CURVE('',#2020,#2021,#852,.T.);
#2526=EDGE_CURVE('',#2021,#2019,#1773,.T.);
#2527=EDGE_CURVE('',#2022,#2020,#853,.T.);
#2528=EDGE_CURVE('',#2022,#2023,#854,.T.);
#2529=EDGE_CURVE('',#2023,#2021,#855,.T.);
#2530=EDGE_CURVE('',#2024,#2022,#1774,.T.);
#2531=EDGE_CURVE('',#2024,#2025,#856,.T.);
#2532=EDGE_CURVE('',#2025,#2023,#1775,.T.);
#2533=EDGE_CURVE('',#2026,#2024,#1776,.T.);
#2534=EDGE_CURVE('',#2026,#2027,#857,.T.);
#2535=EDGE_CURVE('',#2027,#2025,#1777,.T.);
#2536=EDGE_CURVE('',#2028,#2026,#1778,.T.);
#2537=EDGE_CURVE('',#2028,#2029,#858,.T.);
#2538=EDGE_CURVE('',#2029,#2027,#1779,.T.);
#2539=EDGE_CURVE('',#2030,#2028,#1780,.T.);
#2540=EDGE_CURVE('',#2030,#2031,#859,.T.);
#2541=EDGE_CURVE('',#2031,#2029,#1781,.T.);
#2542=EDGE_CURVE('',#2032,#2030,#1782,.T.);
#2543=EDGE_CURVE('',#2032,#2033,#860,.T.);
#2544=EDGE_CURVE('',#2033,#2031,#1783,.T.);
#2545=EDGE_CURVE('',#2034,#2032,#1784,.T.);
#2546=EDGE_CURVE('',#2034,#2035,#861,.T.);
#2547=EDGE_CURVE('',#2035,#2033,#1785,.T.);
#2548=EDGE_CURVE('',#2036,#2034,#1786,.T.);
#2549=EDGE_CURVE('',#2036,#2037,#862,.T.);
#2550=EDGE_CURVE('',#2037,#2035,#1787,.T.);
#2551=EDGE_CURVE('',#2038,#2036,#1788,.T.);
#2552=EDGE_CURVE('',#2038,#2039,#863,.T.);
#2553=EDGE_CURVE('',#2039,#2037,#1789,.T.);
#2554=EDGE_CURVE('',#2040,#2038,#1790,.T.);
#2555=EDGE_CURVE('',#2040,#2041,#864,.T.);
#2556=EDGE_CURVE('',#2041,#2039,#1791,.T.);
#2557=EDGE_CURVE('',#2042,#2040,#1792,.T.);
#2558=EDGE_CURVE('',#2042,#2043,#865,.T.);
#2559=EDGE_CURVE('',#2043,#2041,#1793,.T.);
#2560=EDGE_CURVE('',#2044,#2042,#1794,.T.);
#2561=EDGE_CURVE('',#2044,#2045,#866,.T.);
#2562=EDGE_CURVE('',#2045,#2043,#1795,.T.);
#2563=EDGE_CURVE('',#2046,#2044,#1796,.T.);
#2564=EDGE_CURVE('',#2046,#2047,#867,.T.);
#2565=EDGE_CURVE('',#2047,#2045,#1797,.T.);
#2566=EDGE_CURVE('',#2048,#2046,#1798,.T.);
#2567=EDGE_CURVE('',#2048,#2049,#868,.T.);
#2568=EDGE_CURVE('',#2049,#2047,#1799,.T.);
#2569=EDGE_CURVE('',#2050,#2048,#1800,.T.);
#2570=EDGE_CURVE('',#2050,#2051,#869,.T.);
#2571=EDGE_CURVE('',#2051,#2049,#1801,.T.);
#2572=EDGE_CURVE('',#2052,#2050,#1802,.T.);
#2573=EDGE_CURVE('',#2052,#2053,#870,.T.);
#2574=EDGE_CURVE('',#2053,#2051,#1803,.T.);
#2575=EDGE_CURVE('',#2054,#2052,#1804,.T.);
#2576=EDGE_CURVE('',#2054,#2055,#871,.T.);
#2577=EDGE_CURVE('',#2055,#2053,#1805,.T.);
#2578=EDGE_CURVE('',#2056,#2054,#872,.T.);
#2579=EDGE_CURVE('',#2056,#2057,#873,.T.);
#2580=EDGE_CURVE('',#2057,#2055,#874,.T.);
#2581=EDGE_CURVE('',#1993,#2056,#1806,.T.);
#2582=EDGE_CURVE('',#1995,#2057,#1807,.T.);
#2583=EDGE_CURVE('',#2058,#2059,#875,.T.);
#2584=EDGE_CURVE('',#2058,#2060,#876,.T.);
#2585=EDGE_CURVE('',#2060,#2061,#877,.T.);
#2586=EDGE_CURVE('',#2059,#2061,#878,.T.);
#2587=EDGE_CURVE('',#2062,#2058,#879,.T.);
#2588=EDGE_CURVE('',#2062,#2063,#880,.T.);
#2589=EDGE_CURVE('',#2063,#2060,#881,.T.);
#2590=EDGE_CURVE('',#2064,#2062,#882,.T.);
#2591=EDGE_CURVE('',#2064,#2065,#883,.T.);
#2592=EDGE_CURVE('',#2065,#2063,#884,.T.);
#2593=EDGE_CURVE('',#2066,#2064,#885,.T.);
#2594=EDGE_CURVE('',#2066,#2067,#886,.T.);
#2595=EDGE_CURVE('',#2067,#2065,#887,.T.);
#2596=EDGE_CURVE('',#2068,#2066,#888,.T.);
#2597=EDGE_CURVE('',#2068,#2069,#889,.T.);
#2598=EDGE_CURVE('',#2069,#2067,#890,.T.);
#2599=EDGE_CURVE('',#2059,#2068,#891,.T.);
#2600=EDGE_CURVE('',#2061,#2069,#892,.T.);
#2601=EDGE_CURVE('',#2070,#2071,#893,.T.);
#2602=EDGE_CURVE('',#2070,#2072,#894,.T.);
#2603=EDGE_CURVE('',#2072,#2073,#895,.T.);
#2604=EDGE_CURVE('',#2071,#2073,#896,.T.);
#2605=EDGE_CURVE('',#2074,#2070,#897,.T.);
#2606=EDGE_CURVE('',#2074,#2075,#898,.T.);
#2607=EDGE_CURVE('',#2075,#2072,#899,.T.);
#2608=EDGE_CURVE('',#2076,#2074,#900,.T.);
#2609=EDGE_CURVE('',#2076,#2077,#901,.T.);
#2610=EDGE_CURVE('',#2077,#2075,#902,.T.);
#2611=EDGE_CURVE('',#2071,#2076,#903,.T.);
#2612=EDGE_CURVE('',#2073,#2077,#904,.T.);
#2613=EDGE_CURVE('',#2078,#2079,#1808,.T.);
#2614=EDGE_CURVE('',#2078,#2080,#905,.T.);
#2615=EDGE_CURVE('',#2080,#2081,#1809,.T.);
#2616=EDGE_CURVE('',#2079,#2081,#906,.T.);
#2617=EDGE_CURVE('',#2082,#2078,#1810,.T.);
#2618=EDGE_CURVE('',#2082,#2083,#907,.T.);
#2619=EDGE_CURVE('',#2083,#2080,#1811,.T.);
#2620=EDGE_CURVE('',#2084,#2082,#1812,.T.);
#2621=EDGE_CURVE('',#2084,#2085,#908,.T.);
#2622=EDGE_CURVE('',#2085,#2083,#1813,.T.);
#2623=EDGE_CURVE('',#2086,#2084,#1814,.T.);
#2624=EDGE_CURVE('',#2086,#2087,#909,.T.);
#2625=EDGE_CURVE('',#2087,#2085,#1815,.T.);
#2626=EDGE_CURVE('',#2088,#2086,#1816,.T.);
#2627=EDGE_CURVE('',#2088,#2089,#910,.T.);
#2628=EDGE_CURVE('',#2089,#2087,#1817,.T.);
#2629=EDGE_CURVE('',#2090,#2088,#1818,.T.);
#2630=EDGE_CURVE('',#2090,#2091,#911,.T.);
#2631=EDGE_CURVE('',#2091,#2089,#1819,.T.);
#2632=EDGE_CURVE('',#2092,#2090,#1820,.T.);
#2633=EDGE_CURVE('',#2092,#2093,#912,.T.);
#2634=EDGE_CURVE('',#2093,#2091,#1821,.T.);
#2635=EDGE_CURVE('',#2094,#2092,#1822,.T.);
#2636=EDGE_CURVE('',#2094,#2095,#913,.T.);
#2637=EDGE_CURVE('',#2095,#2093,#1823,.T.);
#2638=EDGE_CURVE('',#2096,#2094,#1824,.T.);
#2639=EDGE_CURVE('',#2096,#2097,#914,.T.);
#2640=EDGE_CURVE('',#2097,#2095,#1825,.T.);
#2641=EDGE_CURVE('',#2079,#2096,#915,.T.);
#2642=EDGE_CURVE('',#2081,#2097,#916,.T.);
#2643=EDGE_CURVE('',#2098,#2099,#917,.T.);
#2644=EDGE_CURVE('',#2098,#2100,#918,.T.);
#2645=EDGE_CURVE('',#2100,#2101,#919,.T.);
#2646=EDGE_CURVE('',#2099,#2101,#920,.T.);
#2647=EDGE_CURVE('',#2102,#2098,#1826,.T.);
#2648=EDGE_CURVE('',#2102,#2103,#921,.T.);
#2649=EDGE_CURVE('',#2103,#2100,#1827,.T.);
#2650=EDGE_CURVE('',#2104,#2102,#1828,.T.);
#2651=EDGE_CURVE('',#2104,#2105,#922,.T.);
#2652=EDGE_CURVE('',#2105,#2103,#1829,.T.);
#2653=EDGE_CURVE('',#2106,#2104,#923,.T.);
#2654=EDGE_CURVE('',#2106,#2107,#924,.T.);
#2655=EDGE_CURVE('',#2107,#2105,#925,.T.);
#2656=EDGE_CURVE('',#2108,#2106,#1830,.T.);
#2657=EDGE_CURVE('',#2108,#2109,#926,.T.);
#2658=EDGE_CURVE('',#2109,#2107,#1831,.T.);
#2659=EDGE_CURVE('',#2110,#2108,#1832,.T.);
#2660=EDGE_CURVE('',#2110,#2111,#927,.T.);
#2661=EDGE_CURVE('',#2111,#2109,#1833,.T.);
#2662=EDGE_CURVE('',#2112,#2110,#1834,.T.);
#2663=EDGE_CURVE('',#2112,#2113,#928,.T.);
#2664=EDGE_CURVE('',#2113,#2111,#1835,.T.);
#2665=EDGE_CURVE('',#2114,#2112,#1836,.T.);
#2666=EDGE_CURVE('',#2114,#2115,#929,.T.);
#2667=EDGE_CURVE('',#2115,#2113,#1837,.T.);
#2668=EDGE_CURVE('',#2116,#2114,#1838,.T.);
#2669=EDGE_CURVE('',#2116,#2117,#930,.T.);
#2670=EDGE_CURVE('',#2117,#2115,#1839,.T.);
#2671=EDGE_CURVE('',#2118,#2116,#1840,.T.);
#2672=EDGE_CURVE('',#2118,#2119,#931,.T.);
#2673=EDGE_CURVE('',#2119,#2117,#1841,.T.);
#2674=EDGE_CURVE('',#2120,#2118,#1842,.T.);
#2675=EDGE_CURVE('',#2120,#2121,#932,.T.);
#2676=EDGE_CURVE('',#2121,#2119,#1843,.T.);
#2677=EDGE_CURVE('',#2122,#2120,#933,.T.);
#2678=EDGE_CURVE('',#2122,#2123,#934,.T.);
#2679=EDGE_CURVE('',#2123,#2121,#935,.T.);
#2680=EDGE_CURVE('',#2124,#2122,#1844,.T.);
#2681=EDGE_CURVE('',#2124,#2125,#936,.T.);
#2682=EDGE_CURVE('',#2125,#2123,#1845,.T.);
#2683=EDGE_CURVE('',#2126,#2124,#1846,.T.);
#2684=EDGE_CURVE('',#2126,#2127,#937,.T.);
#2685=EDGE_CURVE('',#2127,#2125,#1847,.T.);
#2686=EDGE_CURVE('',#2128,#2126,#1848,.T.);
#2687=EDGE_CURVE('',#2128,#2129,#938,.T.);
#2688=EDGE_CURVE('',#2129,#2127,#1849,.T.);
#2689=EDGE_CURVE('',#2130,#2128,#1850,.T.);
#2690=EDGE_CURVE('',#2130,#2131,#939,.T.);
#2691=EDGE_CURVE('',#2131,#2129,#1851,.T.);
#2692=EDGE_CURVE('',#2132,#2130,#1852,.T.);
#2693=EDGE_CURVE('',#2132,#2133,#940,.T.);
#2694=EDGE_CURVE('',#2133,#2131,#1853,.T.);
#2695=EDGE_CURVE('',#2134,#2132,#1854,.T.);
#2696=EDGE_CURVE('',#2134,#2135,#941,.T.);
#2697=EDGE_CURVE('',#2135,#2133,#1855,.T.);
#2698=EDGE_CURVE('',#2136,#2134,#1856,.T.);
#2699=EDGE_CURVE('',#2136,#2137,#942,.T.);
#2700=EDGE_CURVE('',#2137,#2135,#1857,.T.);
#2701=EDGE_CURVE('',#2138,#2136,#1858,.T.);
#2702=EDGE_CURVE('',#2138,#2139,#943,.T.);
#2703=EDGE_CURVE('',#2139,#2137,#1859,.T.);
#2704=EDGE_CURVE('',#2140,#2138,#1860,.T.);
#2705=EDGE_CURVE('',#2140,#2141,#944,.T.);
#2706=EDGE_CURVE('',#2141,#2139,#1861,.T.);
#2707=EDGE_CURVE('',#2142,#2140,#1862,.T.);
#2708=EDGE_CURVE('',#2142,#2143,#945,.T.);
#2709=EDGE_CURVE('',#2143,#2141,#1863,.T.);
#2710=EDGE_CURVE('',#2144,#2142,#1864,.T.);
#2711=EDGE_CURVE('',#2144,#2145,#946,.T.);
#2712=EDGE_CURVE('',#2145,#2143,#1865,.T.);
#2713=EDGE_CURVE('',#2146,#2144,#1866,.T.);
#2714=EDGE_CURVE('',#2146,#2147,#947,.T.);
#2715=EDGE_CURVE('',#2147,#2145,#1867,.T.);
#2716=EDGE_CURVE('',#2148,#2146,#1868,.T.);
#2717=EDGE_CURVE('',#2148,#2149,#948,.T.);
#2718=EDGE_CURVE('',#2149,#2147,#1869,.T.);
#2719=EDGE_CURVE('',#2150,#2148,#1870,.T.);
#2720=EDGE_CURVE('',#2150,#2151,#949,.T.);
#2721=EDGE_CURVE('',#2151,#2149,#1871,.T.);
#2722=EDGE_CURVE('',#2099,#2150,#1872,.T.);
#2723=EDGE_CURVE('',#2101,#2151,#1873,.T.);
#2724=EDGE_CURVE('',#2152,#2153,#950,.T.);
#2725=EDGE_CURVE('',#2152,#2154,#951,.T.);
#2726=EDGE_CURVE('',#2154,#2155,#952,.T.);
#2727=EDGE_CURVE('',#2153,#2155,#953,.T.);
#2728=EDGE_CURVE('',#2156,#2152,#1874,.T.);
#2729=EDGE_CURVE('',#2156,#2157,#954,.T.);
#2730=EDGE_CURVE('',#2157,#2154,#1875,.T.);
#2731=EDGE_CURVE('',#2158,#2156,#1876,.T.);
#2732=EDGE_CURVE('',#2158,#2159,#955,.T.);
#2733=EDGE_CURVE('',#2159,#2157,#1877,.T.);
#2734=EDGE_CURVE('',#2160,#2158,#1878,.T.);
#2735=EDGE_CURVE('',#2160,#2161,#956,.T.);
#2736=EDGE_CURVE('',#2161,#2159,#1879,.T.);
#2737=EDGE_CURVE('',#2162,#2160,#1880,.T.);
#2738=EDGE_CURVE('',#2162,#2163,#957,.T.);
#2739=EDGE_CURVE('',#2163,#2161,#1881,.T.);
#2740=EDGE_CURVE('',#2164,#2162,#1882,.T.);
#2741=EDGE_CURVE('',#2164,#2165,#958,.T.);
#2742=EDGE_CURVE('',#2165,#2163,#1883,.T.);
#2743=EDGE_CURVE('',#2166,#2164,#959,.T.);
#2744=EDGE_CURVE('',#2166,#2167,#960,.T.);
#2745=EDGE_CURVE('',#2167,#2165,#961,.T.);
#2746=EDGE_CURVE('',#2153,#2166,#962,.T.);
#2747=EDGE_CURVE('',#2155,#2167,#963,.T.);
#2748=EDGE_CURVE('',#2168,#2169,#964,.T.);
#2749=EDGE_CURVE('',#2168,#2170,#965,.T.);
#2750=EDGE_CURVE('',#2170,#2171,#966,.T.);
#2751=EDGE_CURVE('',#2169,#2171,#967,.T.);
#2752=EDGE_CURVE('',#2172,#2168,#968,.T.);
#2753=EDGE_CURVE('',#2172,#2173,#969,.T.);
#2754=EDGE_CURVE('',#2173,#2170,#970,.T.);
#2755=EDGE_CURVE('',#2174,#2172,#1884,.T.);
#2756=EDGE_CURVE('',#2174,#2175,#971,.T.);
#2757=EDGE_CURVE('',#2175,#2173,#1885,.T.);
#2758=EDGE_CURVE('',#2176,#2174,#1886,.T.);
#2759=EDGE_CURVE('',#2176,#2177,#972,.T.);
#2760=EDGE_CURVE('',#2177,#2175,#1887,.T.);
#2761=EDGE_CURVE('',#2178,#2176,#1888,.T.);
#2762=EDGE_CURVE('',#2178,#2179,#973,.T.);
#2763=EDGE_CURVE('',#2179,#2177,#1889,.T.);
#2764=EDGE_CURVE('',#2180,#2178,#1890,.T.);
#2765=EDGE_CURVE('',#2180,#2181,#974,.T.);
#2766=EDGE_CURVE('',#2181,#2179,#1891,.T.);
#2767=EDGE_CURVE('',#2182,#2180,#1892,.T.);
#2768=EDGE_CURVE('',#2182,#2183,#975,.T.);
#2769=EDGE_CURVE('',#2183,#2181,#1893,.T.);
#2770=EDGE_CURVE('',#2184,#2182,#1894,.T.);
#2771=EDGE_CURVE('',#2184,#2185,#976,.T.);
#2772=EDGE_CURVE('',#2185,#2183,#1895,.T.);
#2773=EDGE_CURVE('',#2186,#2184,#977,.T.);
#2774=EDGE_CURVE('',#2186,#2187,#978,.T.);
#2775=EDGE_CURVE('',#2187,#2185,#979,.T.);
#2776=EDGE_CURVE('',#2188,#2186,#980,.T.);
#2777=EDGE_CURVE('',#2188,#2189,#981,.T.);
#2778=EDGE_CURVE('',#2189,#2187,#982,.T.);
#2779=EDGE_CURVE('',#2169,#2188,#983,.T.);
#2780=EDGE_CURVE('',#2171,#2189,#984,.T.);
#2781=EDGE_CURVE('',#2190,#2191,#1896,.T.);
#2782=EDGE_CURVE('',#2190,#2192,#985,.T.);
#2783=EDGE_CURVE('',#2192,#2193,#1897,.T.);
#2784=EDGE_CURVE('',#2191,#2193,#986,.T.);
#2785=EDGE_CURVE('',#2194,#2190,#1898,.T.);
#2786=EDGE_CURVE('',#2194,#2195,#987,.T.);
#2787=EDGE_CURVE('',#2195,#2192,#1899,.T.);
#2788=EDGE_CURVE('',#2196,#2194,#1900,.T.);
#2789=EDGE_CURVE('',#2196,#2197,#988,.T.);
#2790=EDGE_CURVE('',#2197,#2195,#1901,.T.);
#2791=EDGE_CURVE('',#2198,#2196,#1902,.T.);
#2792=EDGE_CURVE('',#2198,#2199,#989,.T.);
#2793=EDGE_CURVE('',#2199,#2197,#1903,.T.);
#2794=EDGE_CURVE('',#2200,#2198,#1904,.T.);
#2795=EDGE_CURVE('',#2200,#2201,#990,.T.);
#2796=EDGE_CURVE('',#2201,#2199,#1905,.T.);
#2797=EDGE_CURVE('',#2202,#2200,#1906,.T.);
#2798=EDGE_CURVE('',#2202,#2203,#991,.T.);
#2799=EDGE_CURVE('',#2203,#2201,#1907,.T.);
#2800=EDGE_CURVE('',#2204,#2202,#1908,.T.);
#2801=EDGE_CURVE('',#2204,#2205,#992,.T.);
#2802=EDGE_CURVE('',#2205,#2203,#1909,.T.);
#2803=EDGE_CURVE('',#2191,#2204,#1910,.T.);
#2804=EDGE_CURVE('',#2193,#2205,#1911,.T.);
#2805=EDGE_CURVE('',#2206,#2207,#993,.T.);
#2806=EDGE_CURVE('',#2206,#2208,#994,.T.);
#2807=EDGE_CURVE('',#2208,#2209,#995,.T.);
#2808=EDGE_CURVE('',#2207,#2209,#996,.T.);
#2809=EDGE_CURVE('',#2210,#2206,#997,.T.);
#2810=EDGE_CURVE('',#2210,#2211,#998,.T.);
#2811=EDGE_CURVE('',#2211,#2208,#999,.T.);
#2812=EDGE_CURVE('',#2212,#2210,#1000,.T.);
#2813=EDGE_CURVE('',#2212,#2213,#1001,.T.);
#2814=EDGE_CURVE('',#2213,#2211,#1002,.T.);
#2815=EDGE_CURVE('',#2214,#2212,#1912,.T.);
#2816=EDGE_CURVE('',#2214,#2215,#1003,.T.);
#2817=EDGE_CURVE('',#2215,#2213,#1913,.T.);
#2818=EDGE_CURVE('',#2216,#2214,#1914,.T.);
#2819=EDGE_CURVE('',#2216,#2217,#1004,.T.);
#2820=EDGE_CURVE('',#2217,#2215,#1915,.T.);
#2821=EDGE_CURVE('',#2218,#2216,#1916,.T.);
#2822=EDGE_CURVE('',#2218,#2219,#1005,.T.);
#2823=EDGE_CURVE('',#2219,#2217,#1917,.T.);
#2824=EDGE_CURVE('',#2220,#2218,#1918,.T.);
#2825=EDGE_CURVE('',#2220,#2221,#1006,.T.);
#2826=EDGE_CURVE('',#2221,#2219,#1919,.T.);
#2827=EDGE_CURVE('',#2222,#2220,#1920,.T.);
#2828=EDGE_CURVE('',#2222,#2223,#1007,.T.);
#2829=EDGE_CURVE('',#2223,#2221,#1921,.T.);
#2830=EDGE_CURVE('',#2224,#2222,#1922,.T.);
#2831=EDGE_CURVE('',#2224,#2225,#1008,.T.);
#2832=EDGE_CURVE('',#2225,#2223,#1923,.T.);
#2833=EDGE_CURVE('',#2226,#2224,#1924,.T.);
#2834=EDGE_CURVE('',#2226,#2227,#1009,.T.);
#2835=EDGE_CURVE('',#2227,#2225,#1925,.T.);
#2836=EDGE_CURVE('',#2228,#2226,#1926,.T.);
#2837=EDGE_CURVE('',#2228,#2229,#1010,.T.);
#2838=EDGE_CURVE('',#2229,#2227,#1927,.T.);
#2839=EDGE_CURVE('',#2230,#2228,#1928,.T.);
#2840=EDGE_CURVE('',#2230,#2231,#1011,.T.);
#2841=EDGE_CURVE('',#2231,#2229,#1929,.T.);
#2842=EDGE_CURVE('',#2232,#2230,#1012,.T.);
#2843=EDGE_CURVE('',#2232,#2233,#1013,.T.);
#2844=EDGE_CURVE('',#2233,#2231,#1014,.T.);
#2845=EDGE_CURVE('',#2207,#2232,#1015,.T.);
#2846=EDGE_CURVE('',#2209,#2233,#1016,.T.);
#2847=EDGE_CURVE('',#2234,#2235,#1017,.T.);
#2848=EDGE_CURVE('',#2234,#2236,#1018,.T.);
#2849=EDGE_CURVE('',#2236,#2237,#1019,.T.);
#2850=EDGE_CURVE('',#2235,#2237,#1020,.T.);
#2851=EDGE_CURVE('',#2238,#2234,#1021,.T.);
#2852=EDGE_CURVE('',#2238,#2239,#1022,.T.);
#2853=EDGE_CURVE('',#2239,#2236,#1023,.T.);
#2854=EDGE_CURVE('',#2240,#2238,#1024,.T.);
#2855=EDGE_CURVE('',#2240,#2241,#1025,.T.);
#2856=EDGE_CURVE('',#2241,#2239,#1026,.T.);
#2857=EDGE_CURVE('',#2242,#2240,#1930,.T.);
#2858=EDGE_CURVE('',#2242,#2243,#1027,.T.);
#2859=EDGE_CURVE('',#2243,#2241,#1931,.T.);
#2860=EDGE_CURVE('',#2244,#2242,#1932,.T.);
#2861=EDGE_CURVE('',#2244,#2245,#1028,.T.);
#2862=EDGE_CURVE('',#2245,#2243,#1933,.T.);
#2863=EDGE_CURVE('',#2246,#2244,#1934,.T.);
#2864=EDGE_CURVE('',#2246,#2247,#1029,.T.);
#2865=EDGE_CURVE('',#2247,#2245,#1935,.T.);
#2866=EDGE_CURVE('',#2248,#2246,#1936,.T.);
#2867=EDGE_CURVE('',#2248,#2249,#1030,.T.);
#2868=EDGE_CURVE('',#2249,#2247,#1937,.T.);
#2869=EDGE_CURVE('',#2250,#2248,#1938,.T.);
#2870=EDGE_CURVE('',#2250,#2251,#1031,.T.);
#2871=EDGE_CURVE('',#2251,#2249,#1939,.T.);
#2872=EDGE_CURVE('',#2252,#2250,#1940,.T.);
#2873=EDGE_CURVE('',#2252,#2253,#1032,.T.);
#2874=EDGE_CURVE('',#2253,#2251,#1941,.T.);
#2875=EDGE_CURVE('',#2254,#2252,#1033,.T.);
#2876=EDGE_CURVE('',#2254,#2255,#1034,.T.);
#2877=EDGE_CURVE('',#2255,#2253,#1035,.T.);
#2878=EDGE_CURVE('',#2256,#2254,#1036,.T.);
#2879=EDGE_CURVE('',#2256,#2257,#1037,.T.);
#2880=EDGE_CURVE('',#2257,#2255,#1038,.T.);
#2881=EDGE_CURVE('',#2258,#2256,#1039,.T.);
#2882=EDGE_CURVE('',#2258,#2259,#1040,.T.);
#2883=EDGE_CURVE('',#2259,#2257,#1041,.T.);
#2884=EDGE_CURVE('',#2260,#2258,#1942,.T.);
#2885=EDGE_CURVE('',#2260,#2261,#1042,.T.);
#2886=EDGE_CURVE('',#2261,#2259,#1943,.T.);
#2887=EDGE_CURVE('',#2262,#2260,#1944,.T.);
#2888=EDGE_CURVE('',#2262,#2263,#1043,.T.);
#2889=EDGE_CURVE('',#2263,#2261,#1945,.T.);
#2890=EDGE_CURVE('',#2264,#2262,#1946,.T.);
#2891=EDGE_CURVE('',#2264,#2265,#1044,.T.);
#2892=EDGE_CURVE('',#2265,#2263,#1947,.T.);
#2893=EDGE_CURVE('',#2266,#2264,#1948,.T.);
#2894=EDGE_CURVE('',#2266,#2267,#1045,.T.);
#2895=EDGE_CURVE('',#2267,#2265,#1949,.T.);
#2896=EDGE_CURVE('',#2268,#2266,#1950,.T.);
#2897=EDGE_CURVE('',#2268,#2269,#1046,.T.);
#2898=EDGE_CURVE('',#2269,#2267,#1951,.T.);
#2899=EDGE_CURVE('',#2270,#2268,#1047,.T.);
#2900=EDGE_CURVE('',#2270,#2271,#1048,.T.);
#2901=EDGE_CURVE('',#2271,#2269,#1049,.T.);
#2902=EDGE_CURVE('',#2235,#2270,#1050,.T.);
#2903=EDGE_CURVE('',#2237,#2271,#1051,.T.);
#2904=EDGE_CURVE('',#2272,#2273,#1952,.T.);
#2905=EDGE_CURVE('',#2272,#2274,#1052,.T.);
#2906=EDGE_CURVE('',#2274,#2275,#1953,.T.);
#2907=EDGE_CURVE('',#2273,#2275,#1053,.T.);
#2908=EDGE_CURVE('',#2276,#2272,#1954,.T.);
#2909=EDGE_CURVE('',#2276,#2277,#1054,.T.);
#2910=EDGE_CURVE('',#2277,#2274,#1955,.T.);
#2911=EDGE_CURVE('',#2278,#2276,#1956,.T.);
#2912=EDGE_CURVE('',#2278,#2279,#1055,.T.);
#2913=EDGE_CURVE('',#2279,#2277,#1957,.T.);
#2914=EDGE_CURVE('',#2280,#2278,#1958,.T.);
#2915=EDGE_CURVE('',#2280,#2281,#1056,.T.);
#2916=EDGE_CURVE('',#2281,#2279,#1959,.T.);
#2917=EDGE_CURVE('',#2282,#2280,#1960,.T.);
#2918=EDGE_CURVE('',#2282,#2283,#1057,.T.);
#2919=EDGE_CURVE('',#2283,#2281,#1961,.T.);
#2920=EDGE_CURVE('',#2284,#2282,#1962,.T.);
#2921=EDGE_CURVE('',#2284,#2285,#1058,.T.);
#2922=EDGE_CURVE('',#2285,#2283,#1963,.T.);
#2923=EDGE_CURVE('',#2286,#2284,#1964,.T.);
#2924=EDGE_CURVE('',#2286,#2287,#1059,.T.);
#2925=EDGE_CURVE('',#2287,#2285,#1965,.T.);
#2926=EDGE_CURVE('',#2288,#2286,#1966,.T.);
#2927=EDGE_CURVE('',#2288,#2289,#1060,.T.);
#2928=EDGE_CURVE('',#2289,#2287,#1967,.T.);
#2929=EDGE_CURVE('',#2273,#2288,#1968,.T.);
#2930=EDGE_CURVE('',#2275,#2289,#1969,.T.);
#2931=EDGE_CURVE('',#2290,#2291,#1970,.T.);
#2932=EDGE_CURVE('',#2290,#2292,#1061,.T.);
#2933=EDGE_CURVE('',#2292,#2293,#1971,.T.);
#2934=EDGE_CURVE('',#2291,#2293,#1062,.T.);
#2935=EDGE_CURVE('',#2294,#2290,#1972,.T.);
#2936=EDGE_CURVE('',#2294,#2295,#1063,.T.);
#2937=EDGE_CURVE('',#2295,#2292,#1973,.T.);
#2938=EDGE_CURVE('',#2296,#2294,#1974,.T.);
#2939=EDGE_CURVE('',#2296,#2297,#1064,.T.);
#2940=EDGE_CURVE('',#2297,#2295,#1975,.T.);
#2941=EDGE_CURVE('',#2298,#2296,#1976,.T.);
#2942=EDGE_CURVE('',#2298,#2299,#1065,.T.);
#2943=EDGE_CURVE('',#2299,#2297,#1977,.T.);
#2944=EDGE_CURVE('',#2300,#2298,#1978,.T.);
#2945=EDGE_CURVE('',#2300,#2301,#1066,.T.);
#2946=EDGE_CURVE('',#2301,#2299,#1979,.T.);
#2947=EDGE_CURVE('',#2302,#2300,#1980,.T.);
#2948=EDGE_CURVE('',#2302,#2303,#1067,.T.);
#2949=EDGE_CURVE('',#2303,#2301,#1981,.T.);
#2950=EDGE_CURVE('',#2304,#2302,#1982,.T.);
#2951=EDGE_CURVE('',#2304,#2305,#1068,.T.);
#2952=EDGE_CURVE('',#2305,#2303,#1983,.T.);
#2953=EDGE_CURVE('',#2306,#2304,#1984,.T.);
#2954=EDGE_CURVE('',#2306,#2307,#1069,.T.);
#2955=EDGE_CURVE('',#2307,#2305,#1985,.T.);
#2956=EDGE_CURVE('',#2308,#2306,#1986,.T.);
#2957=EDGE_CURVE('',#2308,#2309,#1070,.T.);
#2958=EDGE_CURVE('',#2309,#2307,#1987,.T.);
#2959=EDGE_CURVE('',#2310,#2308,#1988,.T.);
#2960=EDGE_CURVE('',#2310,#2311,#1071,.T.);
#2961=EDGE_CURVE('',#2311,#2309,#1989,.T.);
#2962=EDGE_CURVE('',#2291,#2310,#1990,.T.);
#2963=EDGE_CURVE('',#2293,#2311,#1991,.T.);
#2964=EDGE_CURVE('',#2312,#2313,#1072,.T.);
#2965=EDGE_CURVE('',#2314,#2312,#1073,.T.);
#2966=EDGE_CURVE('',#2315,#2314,#1074,.T.);
#2967=EDGE_CURVE('',#2316,#2315,#1075,.T.);
#2968=EDGE_CURVE('',#2317,#2316,#1076,.T.);
#2969=EDGE_CURVE('',#2318,#2317,#1077,.T.);
#2970=EDGE_CURVE('',#2319,#2318,#1078,.T.);
#2971=EDGE_CURVE('',#2313,#2319,#1079,.T.);
#2972=EDGE_CURVE('',#2320,#2312,#1080,.T.);
#2973=EDGE_CURVE('',#2321,#2320,#1081,.T.);
#2974=EDGE_CURVE('',#2312,#2321,#1082,.T.);
#2975=EDGE_CURVE('',#2322,#2323,#1083,.T.);
#2976=EDGE_CURVE('',#2323,#2321,#1084,.T.);
#2977=EDGE_CURVE('',#2320,#2322,#1085,.T.);
#2978=EDGE_CURVE('',#2324,#2313,#1086,.T.);
#2979=EDGE_CURVE('',#2325,#2324,#1087,.T.);
#2980=EDGE_CURVE('',#2313,#2325,#1088,.T.);
#2981=EDGE_CURVE('',#2326,#2327,#1089,.T.);
#2982=EDGE_CURVE('',#2327,#2325,#1090,.T.);
#2983=EDGE_CURVE('',#2324,#2326,#1091,.T.);
#2984=EDGE_CURVE('',#2325,#2320,#1092,.T.);
#2985=EDGE_CURVE('',#2328,#2319,#1093,.T.);
#2986=EDGE_CURVE('',#2329,#2328,#1094,.T.);
#2987=EDGE_CURVE('',#2319,#2329,#1095,.T.);
#2988=EDGE_CURVE('',#2330,#2331,#1096,.T.);
#2989=EDGE_CURVE('',#2331,#2329,#1097,.T.);
#2990=EDGE_CURVE('',#2328,#2330,#1098,.T.);
#2991=EDGE_CURVE('',#2329,#2324,#1099,.T.);
#2992=EDGE_CURVE('',#2332,#2318,#1100,.T.);
#2993=EDGE_CURVE('',#2333,#2332,#1101,.T.);
#2994=EDGE_CURVE('',#2318,#2333,#1102,.T.);
#2995=EDGE_CURVE('',#2334,#2335,#1103,.T.);
#2996=EDGE_CURVE('',#2335,#2333,#1104,.T.);
#2997=EDGE_CURVE('',#2332,#2334,#1105,.T.);
#2998=EDGE_CURVE('',#2333,#2328,#1106,.T.);
#2999=EDGE_CURVE('',#2336,#2316,#1107,.T.);
#3000=EDGE_CURVE('',#2337,#2336,#1108,.T.);
#3001=EDGE_CURVE('',#2316,#2337,#1109,.T.);
#3002=EDGE_CURVE('',#2338,#2339,#1110,.T.);
#3003=EDGE_CURVE('',#2339,#2337,#1111,.T.);
#3004=EDGE_CURVE('',#2336,#2338,#1112,.T.);
#3005=EDGE_CURVE('',#2340,#2317,#1113,.T.);
#3006=EDGE_CURVE('',#2341,#2340,#1114,.T.);
#3007=EDGE_CURVE('',#2317,#2341,#1115,.T.);
#3008=EDGE_CURVE('',#2342,#2343,#1116,.T.);
#3009=EDGE_CURVE('',#2343,#2341,#1117,.T.);
#3010=EDGE_CURVE('',#2340,#2342,#1118,.T.);
#3011=EDGE_CURVE('',#2341,#2332,#1119,.T.);
#3012=EDGE_CURVE('',#2337,#2340,#1120,.T.);
#3013=EDGE_CURVE('',#2344,#2336,#1121,.T.);
#3014=EDGE_CURVE('',#2315,#2344,#1122,.T.);
#3015=EDGE_CURVE('',#2345,#2344,#1123,.T.);
#3016=EDGE_CURVE('',#2314,#2345,#1124,.T.);
#3017=EDGE_CURVE('',#2321,#2345,#1125,.T.);
#3018=EDGE_CURVE('',#2326,#2331,#1126,.T.);
#3019=EDGE_CURVE('',#2330,#2335,#1127,.T.);
#3020=EDGE_CURVE('',#2334,#2343,#1128,.T.);
#3021=EDGE_CURVE('',#2342,#2339,#1129,.T.);
#3022=EDGE_CURVE('',#2338,#2346,#1130,.T.);
#3023=EDGE_CURVE('',#2346,#2347,#1131,.T.);
#3024=EDGE_CURVE('',#2347,#2348,#1132,.T.);
#3025=EDGE_CURVE('',#2348,#2349,#1133,.T.);
#3026=EDGE_CURVE('',#2349,#2323,#1134,.T.);
#3027=EDGE_CURVE('',#2322,#2327,#1135,.T.);
#3028=EDGE_CURVE('',#2350,#2350,#41,.T.);
#3029=EDGE_CURVE('',#2351,#2351,#42,.T.);
#3030=EDGE_CURVE('',#2352,#2352,#43,.T.);
#3031=EDGE_CURVE('',#2353,#2353,#44,.T.);
#3032=EDGE_CURVE('',#2350,#2354,#1136,.T.);
#3033=EDGE_CURVE('',#2354,#2354,#45,.T.);
#3034=EDGE_CURVE('',#2351,#2355,#1137,.T.);
#3035=EDGE_CURVE('',#2355,#2355,#46,.T.);
#3036=EDGE_CURVE('',#2352,#2356,#1138,.T.);
#3037=EDGE_CURVE('',#2356,#2356,#47,.T.);
#3038=EDGE_CURVE('',#2353,#2357,#1139,.T.);
#3039=EDGE_CURVE('',#2357,#2357,#48,.T.);
#3040=EDGE_CURVE('',#2358,#2359,#1140,.T.);
#3041=EDGE_CURVE('',#2358,#2349,#1141,.T.);
#3042=EDGE_CURVE('',#2359,#2348,#1142,.T.);
#3043=EDGE_CURVE('',#2359,#2360,#1143,.T.);
#3044=EDGE_CURVE('',#2360,#2347,#1144,.T.);
#3045=EDGE_CURVE('',#2360,#2361,#1145,.T.);
#3046=EDGE_CURVE('',#2361,#2346,#1146,.T.);
#3047=EDGE_CURVE('',#2362,#2344,#1147,.T.);
#3048=EDGE_CURVE('',#2361,#2362,#1148,.T.);
#3049=EDGE_CURVE('',#2363,#2345,#1149,.T.);
#3050=EDGE_CURVE('',#2363,#2362,#1150,.T.);
#3051=EDGE_CURVE('',#2358,#2363,#1151,.T.);
#3052=EDGE_CURVE('',#2364,#2365,#1152,.T.);
#3053=EDGE_CURVE('',#2365,#2366,#1153,.T.);
#3054=EDGE_CURVE('',#2366,#2367,#1154,.T.);
#3055=EDGE_CURVE('',#2367,#2364,#1155,.T.);
#3056=EDGE_CURVE('',#2365,#2368,#1156,.T.);
#3057=EDGE_CURVE('',#2369,#2368,#1157,.T.);
#3058=EDGE_CURVE('',#2366,#2369,#1158,.T.);
#3059=EDGE_CURVE('',#2368,#2370,#1159,.T.);
#3060=EDGE_CURVE('',#2370,#2371,#1160,.T.);
#3061=EDGE_CURVE('',#2371,#2369,#1161,.T.);
#3062=EDGE_CURVE('',#2370,#2372,#1162,.T.);
#3063=EDGE_CURVE('',#2373,#2372,#1163,.T.);
#3064=EDGE_CURVE('',#2371,#2373,#1164,.T.);
#3065=EDGE_CURVE('',#2372,#2374,#1165,.T.);
#3066=EDGE_CURVE('',#2374,#2375,#1166,.T.);
#3067=EDGE_CURVE('',#2375,#2373,#1167,.T.);
#3068=EDGE_CURVE('',#2374,#2376,#1168,.T.);
#3069=EDGE_CURVE('',#2377,#2376,#1169,.T.);
#3070=EDGE_CURVE('',#2375,#2377,#1170,.T.);
#3071=EDGE_CURVE('',#2376,#2378,#1171,.T.);
#3072=EDGE_CURVE('',#2378,#2379,#1172,.T.);
#3073=EDGE_CURVE('',#2379,#2377,#1173,.T.);
#3074=EDGE_CURVE('',#2379,#2367,#1174,.T.);
#3075=EDGE_CURVE('',#2378,#2364,#1175,.T.);
#3076=EDGE_CURVE('',#2380,#2381,#1176,.T.);
#3077=EDGE_CURVE('',#2381,#2382,#1177,.T.);
#3078=EDGE_CURVE('',#2382,#2383,#1178,.T.);
#3079=EDGE_CURVE('',#2383,#2380,#1179,.T.);
#3080=EDGE_CURVE('',#2384,#2382,#1180,.T.);
#3081=EDGE_CURVE('',#2385,#2384,#1181,.T.);
#3082=EDGE_CURVE('',#2386,#2385,#1182,.T.);
#3083=EDGE_CURVE('',#2387,#2386,#1183,.T.);
#3084=EDGE_CURVE('',#2387,#2388,#1184,.T.);
#3085=EDGE_CURVE('',#2389,#2388,#1185,.T.);
#3086=EDGE_CURVE('',#2389,#2390,#1186,.T.);
#3087=EDGE_CURVE('',#2391,#2390,#1187,.T.);
#3088=EDGE_CURVE('',#2391,#2392,#1188,.T.);
#3089=EDGE_CURVE('',#2393,#2392,#1189,.T.);
#3090=EDGE_CURVE('',#2394,#2393,#1190,.T.);
#3091=EDGE_CURVE('',#2395,#2394,#1191,.T.);
#3092=EDGE_CURVE('',#2396,#2395,#1192,.T.);
#3093=EDGE_CURVE('',#2397,#2396,#1193,.T.);
#3094=EDGE_CURVE('',#2383,#2397,#1194,.T.);
#3095=EDGE_CURVE('',#2398,#2398,#49,.T.);
#3096=EDGE_CURVE('',#2399,#2400,#50,.T.);
#3097=EDGE_CURVE('',#2401,#2399,#1195,.T.);
#3098=EDGE_CURVE('',#2402,#2401,#51,.T.);
#3099=EDGE_CURVE('',#2403,#2402,#1196,.T.);
#3100=EDGE_CURVE('',#2404,#2403,#52,.T.);
#3101=EDGE_CURVE('',#2405,#2404,#1197,.T.);
#3102=EDGE_CURVE('',#2406,#2405,#53,.T.);
#3103=EDGE_CURVE('',#2400,#2406,#1198,.T.);
#3104=EDGE_CURVE('',#2407,#2408,#54,.T.);
#3105=EDGE_CURVE('',#2409,#2407,#1199,.T.);
#3106=EDGE_CURVE('',#2410,#2409,#55,.T.);
#3107=EDGE_CURVE('',#2411,#2410,#1200,.T.);
#3108=EDGE_CURVE('',#2412,#2411,#56,.T.);
#3109=EDGE_CURVE('',#2413,#2412,#1201,.T.);
#3110=EDGE_CURVE('',#2414,#2413,#57,.T.);
#3111=EDGE_CURVE('',#2408,#2414,#1202,.T.);
#3112=EDGE_CURVE('',#2415,#2415,#58,.T.);
#3113=EDGE_CURVE('',#2416,#2416,#59,.T.);
#3114=EDGE_CURVE('',#2417,#2418,#60,.T.);
#3115=EDGE_CURVE('',#2419,#2417,#1203,.T.);
#3116=EDGE_CURVE('',#2420,#2419,#61,.T.);
#3117=EDGE_CURVE('',#2421,#2420,#1204,.T.);
#3118=EDGE_CURVE('',#2422,#2421,#62,.T.);
#3119=EDGE_CURVE('',#2423,#2422,#1205,.T.);
#3120=EDGE_CURVE('',#2424,#2423,#63,.T.);
#3121=EDGE_CURVE('',#2418,#2424,#1206,.T.);
#3122=EDGE_CURVE('',#2425,#2425,#64,.T.);
#3123=EDGE_CURVE('',#2426,#2427,#1207,.T.);
#3124=EDGE_CURVE('',#2428,#2426,#65,.T.);
#3125=EDGE_CURVE('',#2429,#2428,#1208,.T.);
#3126=EDGE_CURVE('',#2430,#2429,#66,.T.);
#3127=EDGE_CURVE('',#2431,#2430,#1209,.T.);
#3128=EDGE_CURVE('',#2432,#2431,#67,.T.);
#3129=EDGE_CURVE('',#2433,#2432,#1210,.T.);
#3130=EDGE_CURVE('',#2427,#2433,#68,.T.);
#3131=EDGE_CURVE('',#2434,#2381,#1211,.T.);
#3132=EDGE_CURVE('',#2384,#2434,#1212,.T.);
#3133=EDGE_CURVE('',#2434,#2435,#1213,.T.);
#3134=EDGE_CURVE('',#2435,#2385,#1214,.T.);
#3135=EDGE_CURVE('',#2436,#2437,#1215,.T.);
#3136=EDGE_CURVE('',#2437,#2387,#1216,.T.);
#3137=EDGE_CURVE('',#2386,#2436,#1217,.T.);
#3138=EDGE_CURVE('',#2438,#2437,#1218,.T.);
#3139=EDGE_CURVE('',#2388,#2438,#1219,.T.);
#3140=EDGE_CURVE('',#2438,#2439,#1220,.T.);
#3141=EDGE_CURVE('',#2439,#2389,#1221,.T.);
#3142=EDGE_CURVE('',#2440,#2441,#1222,.T.);
#3143=EDGE_CURVE('',#2441,#2397,#1223,.T.);
#3144=EDGE_CURVE('',#2396,#2440,#1224,.T.);
#3145=EDGE_CURVE('',#2442,#2395,#1225,.T.);
#3146=EDGE_CURVE('',#2440,#2442,#1226,.T.);
#3147=EDGE_CURVE('',#2443,#2442,#1227,.T.);
#3148=EDGE_CURVE('',#2394,#2443,#1228,.T.);
#3149=EDGE_CURVE('',#2444,#2393,#1229,.T.);
#3150=EDGE_CURVE('',#2443,#2444,#1230,.T.);
#3151=EDGE_CURVE('',#2445,#2444,#1231,.T.);
#3152=EDGE_CURVE('',#2392,#2445,#1232,.T.);
#3153=EDGE_CURVE('',#2390,#2446,#1233,.T.);
#3154=EDGE_CURVE('',#2446,#2447,#1234,.T.);
#3155=EDGE_CURVE('',#2447,#2391,#1235,.T.);
#3156=EDGE_CURVE('',#2446,#2439,#1236,.T.);
#3157=EDGE_CURVE('',#2426,#2448,#1237,.T.);
#3158=EDGE_CURVE('',#2449,#2448,#69,.T.);
#3159=EDGE_CURVE('',#2428,#2449,#1238,.T.);
#3160=EDGE_CURVE('',#2450,#2449,#1239,.T.);
#3161=EDGE_CURVE('',#2429,#2450,#1240,.T.);
#3162=EDGE_CURVE('',#2451,#2450,#70,.T.);
#3163=EDGE_CURVE('',#2430,#2451,#1241,.T.);
#3164=EDGE_CURVE('',#2452,#2451,#1242,.T.);
#3165=EDGE_CURVE('',#2431,#2452,#1243,.T.);
#3166=EDGE_CURVE('',#2453,#2452,#71,.T.);
#3167=EDGE_CURVE('',#2432,#2453,#1244,.T.);
#3168=EDGE_CURVE('',#2454,#2453,#1245,.T.);
#3169=EDGE_CURVE('',#2433,#2454,#1246,.T.);
#3170=EDGE_CURVE('',#2455,#2454,#72,.T.);
#3171=EDGE_CURVE('',#2427,#2455,#1247,.T.);
#3172=EDGE_CURVE('',#2448,#2455,#1248,.T.);
#3173=EDGE_CURVE('',#2456,#2456,#73,.T.);
#3174=EDGE_CURVE('',#2456,#2425,#1249,.T.);
#3175=EDGE_CURVE('',#2417,#2457,#1250,.T.);
#3176=EDGE_CURVE('',#2458,#2457,#1251,.T.);
#3177=EDGE_CURVE('',#2419,#2458,#1252,.T.);
#3178=EDGE_CURVE('',#2459,#2458,#74,.T.);
#3179=EDGE_CURVE('',#2420,#2459,#1253,.T.);
#3180=EDGE_CURVE('',#2460,#2459,#1254,.T.);
#3181=EDGE_CURVE('',#2421,#2460,#1255,.T.);
#3182=EDGE_CURVE('',#2461,#2460,#75,.T.);
#3183=EDGE_CURVE('',#2422,#2461,#1256,.T.);
#3184=EDGE_CURVE('',#2462,#2461,#1257,.T.);
#3185=EDGE_CURVE('',#2423,#2462,#1258,.T.);
#3186=EDGE_CURVE('',#2463,#2462,#76,.T.);
#3187=EDGE_CURVE('',#2424,#2463,#1259,.T.);
#3188=EDGE_CURVE('',#2464,#2463,#1260,.T.);
#3189=EDGE_CURVE('',#2418,#2464,#1261,.T.);
#3190=EDGE_CURVE('',#2457,#2464,#77,.T.);
#3191=EDGE_CURVE('',#2465,#2465,#78,.T.);
#3192=EDGE_CURVE('',#2465,#2416,#1262,.T.);
#3193=EDGE_CURVE('',#2466,#2466,#79,.T.);
#3194=EDGE_CURVE('',#2466,#2415,#1263,.T.);
#3195=EDGE_CURVE('',#2407,#2467,#1264,.T.);
#3196=EDGE_CURVE('',#2468,#2467,#1265,.T.);
#3197=EDGE_CURVE('',#2409,#2468,#1266,.T.);
#3198=EDGE_CURVE('',#2469,#2468,#80,.T.);
#3199=EDGE_CURVE('',#2410,#2469,#1267,.T.);
#3200=EDGE_CURVE('',#2470,#2469,#1268,.T.);
#3201=EDGE_CURVE('',#2411,#2470,#1269,.T.);
#3202=EDGE_CURVE('',#2471,#2470,#81,.T.);
#3203=EDGE_CURVE('',#2412,#2471,#1270,.T.);
#3204=EDGE_CURVE('',#2472,#2471,#1271,.T.);
#3205=EDGE_CURVE('',#2413,#2472,#1272,.T.);
#3206=EDGE_CURVE('',#2473,#2472,#82,.T.);
#3207=EDGE_CURVE('',#2414,#2473,#1273,.T.);
#3208=EDGE_CURVE('',#2474,#2473,#1274,.T.);
#3209=EDGE_CURVE('',#2408,#2474,#1275,.T.);
#3210=EDGE_CURVE('',#2467,#2474,#83,.T.);
#3211=EDGE_CURVE('',#2399,#2475,#1276,.T.);
#3212=EDGE_CURVE('',#2476,#2475,#1277,.T.);
#3213=EDGE_CURVE('',#2401,#2476,#1278,.T.);
#3214=EDGE_CURVE('',#2477,#2476,#84,.T.);
#3215=EDGE_CURVE('',#2402,#2477,#1279,.T.);
#3216=EDGE_CURVE('',#2478,#2477,#1280,.T.);
#3217=EDGE_CURVE('',#2403,#2478,#1281,.T.);
#3218=EDGE_CURVE('',#2479,#2478,#85,.T.);
#3219=EDGE_CURVE('',#2404,#2479,#1282,.T.);
#3220=EDGE_CURVE('',#2480,#2479,#1283,.T.);
#3221=EDGE_CURVE('',#2405,#2480,#1284,.T.);
#3222=EDGE_CURVE('',#2481,#2480,#86,.T.);
#3223=EDGE_CURVE('',#2406,#2481,#1285,.T.);
#3224=EDGE_CURVE('',#2482,#2481,#1286,.T.);
#3225=EDGE_CURVE('',#2400,#2482,#1287,.T.);
#3226=EDGE_CURVE('',#2475,#2482,#87,.T.);
#3227=EDGE_CURVE('',#2483,#2483,#88,.T.);
#3228=EDGE_CURVE('',#2483,#2398,#1288,.T.);
#3229=EDGE_CURVE('',#2445,#2447,#1289,.T.);
#3230=EDGE_CURVE('',#2380,#2441,#1290,.T.);
#3231=EDGE_CURVE('',#2436,#2435,#1291,.T.);
#3232=ORIENTED_EDGE('',*,*,#2484,.F.);
#3233=ORIENTED_EDGE('',*,*,#2485,.T.);
#3234=ORIENTED_EDGE('',*,*,#2486,.T.);
#3235=ORIENTED_EDGE('',*,*,#2487,.F.);
#3236=ORIENTED_EDGE('',*,*,#2488,.F.);
#3237=ORIENTED_EDGE('',*,*,#2489,.T.);
#3238=ORIENTED_EDGE('',*,*,#2490,.T.);
#3239=ORIENTED_EDGE('',*,*,#2485,.F.);
#3240=ORIENTED_EDGE('',*,*,#2491,.F.);
#3241=ORIENTED_EDGE('',*,*,#2492,.T.);
#3242=ORIENTED_EDGE('',*,*,#2493,.T.);
#3243=ORIENTED_EDGE('',*,*,#2489,.F.);
#3244=ORIENTED_EDGE('',*,*,#2494,.F.);
#3245=ORIENTED_EDGE('',*,*,#2495,.T.);
#3246=ORIENTED_EDGE('',*,*,#2496,.T.);
#3247=ORIENTED_EDGE('',*,*,#2492,.F.);
#3248=ORIENTED_EDGE('',*,*,#2497,.F.);
#3249=ORIENTED_EDGE('',*,*,#2498,.T.);
#3250=ORIENTED_EDGE('',*,*,#2499,.T.);
#3251=ORIENTED_EDGE('',*,*,#2495,.F.);
#3252=ORIENTED_EDGE('',*,*,#2500,.F.);
#3253=ORIENTED_EDGE('',*,*,#2501,.T.);
#3254=ORIENTED_EDGE('',*,*,#2502,.T.);
#3255=ORIENTED_EDGE('',*,*,#2498,.F.);
#3256=ORIENTED_EDGE('',*,*,#2503,.F.);
#3257=ORIENTED_EDGE('',*,*,#2504,.T.);
#3258=ORIENTED_EDGE('',*,*,#2505,.T.);
#3259=ORIENTED_EDGE('',*,*,#2501,.F.);
#3260=ORIENTED_EDGE('',*,*,#2506,.F.);
#3261=ORIENTED_EDGE('',*,*,#2507,.T.);
#3262=ORIENTED_EDGE('',*,*,#2508,.T.);
#3263=ORIENTED_EDGE('',*,*,#2504,.F.);
#3264=ORIENTED_EDGE('',*,*,#2509,.F.);
#3265=ORIENTED_EDGE('',*,*,#2510,.T.);
#3266=ORIENTED_EDGE('',*,*,#2511,.T.);
#3267=ORIENTED_EDGE('',*,*,#2507,.F.);
#3268=ORIENTED_EDGE('',*,*,#2512,.F.);
#3269=ORIENTED_EDGE('',*,*,#2513,.T.);
#3270=ORIENTED_EDGE('',*,*,#2514,.T.);
#3271=ORIENTED_EDGE('',*,*,#2510,.F.);
#3272=ORIENTED_EDGE('',*,*,#2515,.F.);
#3273=ORIENTED_EDGE('',*,*,#2516,.T.);
#3274=ORIENTED_EDGE('',*,*,#2517,.T.);
#3275=ORIENTED_EDGE('',*,*,#2513,.F.);
#3276=ORIENTED_EDGE('',*,*,#2518,.F.);
#3277=ORIENTED_EDGE('',*,*,#2519,.T.);
#3278=ORIENTED_EDGE('',*,*,#2520,.T.);
#3279=ORIENTED_EDGE('',*,*,#2516,.F.);
#3280=ORIENTED_EDGE('',*,*,#2521,.F.);
#3281=ORIENTED_EDGE('',*,*,#2522,.T.);
#3282=ORIENTED_EDGE('',*,*,#2523,.T.);
#3283=ORIENTED_EDGE('',*,*,#2519,.F.);
#3284=ORIENTED_EDGE('',*,*,#2524,.F.);
#3285=ORIENTED_EDGE('',*,*,#2525,.T.);
#3286=ORIENTED_EDGE('',*,*,#2526,.T.);
#3287=ORIENTED_EDGE('',*,*,#2522,.F.);
#3288=ORIENTED_EDGE('',*,*,#2527,.F.);
#3289=ORIENTED_EDGE('',*,*,#2528,.T.);
#3290=ORIENTED_EDGE('',*,*,#2529,.T.);
#3291=ORIENTED_EDGE('',*,*,#2525,.F.);
#3292=ORIENTED_EDGE('',*,*,#2530,.F.);
#3293=ORIENTED_EDGE('',*,*,#2531,.T.);
#3294=ORIENTED_EDGE('',*,*,#2532,.T.);
#3295=ORIENTED_EDGE('',*,*,#2528,.F.);
#3296=ORIENTED_EDGE('',*,*,#2533,.F.);
#3297=ORIENTED_EDGE('',*,*,#2534,.T.);
#3298=ORIENTED_EDGE('',*,*,#2535,.T.);
#3299=ORIENTED_EDGE('',*,*,#2531,.F.);
#3300=ORIENTED_EDGE('',*,*,#2536,.F.);
#3301=ORIENTED_EDGE('',*,*,#2537,.T.);
#3302=ORIENTED_EDGE('',*,*,#2538,.T.);
#3303=ORIENTED_EDGE('',*,*,#2534,.F.);
#3304=ORIENTED_EDGE('',*,*,#2539,.F.);
#3305=ORIENTED_EDGE('',*,*,#2540,.T.);
#3306=ORIENTED_EDGE('',*,*,#2541,.T.);
#3307=ORIENTED_EDGE('',*,*,#2537,.F.);
#3308=ORIENTED_EDGE('',*,*,#2542,.F.);
#3309=ORIENTED_EDGE('',*,*,#2543,.T.);
#3310=ORIENTED_EDGE('',*,*,#2544,.T.);
#3311=ORIENTED_EDGE('',*,*,#2540,.F.);
#3312=ORIENTED_EDGE('',*,*,#2545,.F.);
#3313=ORIENTED_EDGE('',*,*,#2546,.T.);
#3314=ORIENTED_EDGE('',*,*,#2547,.T.);
#3315=ORIENTED_EDGE('',*,*,#2543,.F.);
#3316=ORIENTED_EDGE('',*,*,#2548,.F.);
#3317=ORIENTED_EDGE('',*,*,#2549,.T.);
#3318=ORIENTED_EDGE('',*,*,#2550,.T.);
#3319=ORIENTED_EDGE('',*,*,#2546,.F.);
#3320=ORIENTED_EDGE('',*,*,#2551,.F.);
#3321=ORIENTED_EDGE('',*,*,#2552,.T.);
#3322=ORIENTED_EDGE('',*,*,#2553,.T.);
#3323=ORIENTED_EDGE('',*,*,#2549,.F.);
#3324=ORIENTED_EDGE('',*,*,#2554,.F.);
#3325=ORIENTED_EDGE('',*,*,#2555,.T.);
#3326=ORIENTED_EDGE('',*,*,#2556,.T.);
#3327=ORIENTED_EDGE('',*,*,#2552,.F.);
#3328=ORIENTED_EDGE('',*,*,#2557,.F.);
#3329=ORIENTED_EDGE('',*,*,#2558,.T.);
#3330=ORIENTED_EDGE('',*,*,#2559,.T.);
#3331=ORIENTED_EDGE('',*,*,#2555,.F.);
#3332=ORIENTED_EDGE('',*,*,#2560,.F.);
#3333=ORIENTED_EDGE('',*,*,#2561,.T.);
#3334=ORIENTED_EDGE('',*,*,#2562,.T.);
#3335=ORIENTED_EDGE('',*,*,#2558,.F.);
#3336=ORIENTED_EDGE('',*,*,#2563,.F.);
#3337=ORIENTED_EDGE('',*,*,#2564,.T.);
#3338=ORIENTED_EDGE('',*,*,#2565,.T.);
#3339=ORIENTED_EDGE('',*,*,#2561,.F.);
#3340=ORIENTED_EDGE('',*,*,#2566,.F.);
#3341=ORIENTED_EDGE('',*,*,#2567,.T.);
#3342=ORIENTED_EDGE('',*,*,#2568,.T.);
#3343=ORIENTED_EDGE('',*,*,#2564,.F.);
#3344=ORIENTED_EDGE('',*,*,#2569,.F.);
#3345=ORIENTED_EDGE('',*,*,#2570,.T.);
#3346=ORIENTED_EDGE('',*,*,#2571,.T.);
#3347=ORIENTED_EDGE('',*,*,#2567,.F.);
#3348=ORIENTED_EDGE('',*,*,#2572,.F.);
#3349=ORIENTED_EDGE('',*,*,#2573,.T.);
#3350=ORIENTED_EDGE('',*,*,#2574,.T.);
#3351=ORIENTED_EDGE('',*,*,#2570,.F.);
#3352=ORIENTED_EDGE('',*,*,#2575,.F.);
#3353=ORIENTED_EDGE('',*,*,#2576,.T.);
#3354=ORIENTED_EDGE('',*,*,#2577,.T.);
#3355=ORIENTED_EDGE('',*,*,#2573,.F.);
#3356=ORIENTED_EDGE('',*,*,#2578,.F.);
#3357=ORIENTED_EDGE('',*,*,#2579,.T.);
#3358=ORIENTED_EDGE('',*,*,#2580,.T.);
#3359=ORIENTED_EDGE('',*,*,#2576,.F.);
#3360=ORIENTED_EDGE('',*,*,#2581,.F.);
#3361=ORIENTED_EDGE('',*,*,#2487,.T.);
#3362=ORIENTED_EDGE('',*,*,#2582,.T.);
#3363=ORIENTED_EDGE('',*,*,#2579,.F.);
#3364=ORIENTED_EDGE('',*,*,#2582,.F.);
#3365=ORIENTED_EDGE('',*,*,#2486,.F.);
#3366=ORIENTED_EDGE('',*,*,#2490,.F.);
#3367=ORIENTED_EDGE('',*,*,#2493,.F.);
#3368=ORIENTED_EDGE('',*,*,#2496,.F.);
#3369=ORIENTED_EDGE('',*,*,#2499,.F.);
#3370=ORIENTED_EDGE('',*,*,#2502,.F.);
#3371=ORIENTED_EDGE('',*,*,#2505,.F.);
#3372=ORIENTED_EDGE('',*,*,#2508,.F.);
#3373=ORIENTED_EDGE('',*,*,#2511,.F.);
#3374=ORIENTED_EDGE('',*,*,#2514,.F.);
#3375=ORIENTED_EDGE('',*,*,#2517,.F.);
#3376=ORIENTED_EDGE('',*,*,#2520,.F.);
#3377=ORIENTED_EDGE('',*,*,#2523,.F.);
#3378=ORIENTED_EDGE('',*,*,#2526,.F.);
#3379=ORIENTED_EDGE('',*,*,#2529,.F.);
#3380=ORIENTED_EDGE('',*,*,#2532,.F.);
#3381=ORIENTED_EDGE('',*,*,#2535,.F.);
#3382=ORIENTED_EDGE('',*,*,#2538,.F.);
#3383=ORIENTED_EDGE('',*,*,#2541,.F.);
#3384=ORIENTED_EDGE('',*,*,#2544,.F.);
#3385=ORIENTED_EDGE('',*,*,#2547,.F.);
#3386=ORIENTED_EDGE('',*,*,#2550,.F.);
#3387=ORIENTED_EDGE('',*,*,#2553,.F.);
#3388=ORIENTED_EDGE('',*,*,#2556,.F.);
#3389=ORIENTED_EDGE('',*,*,#2559,.F.);
#3390=ORIENTED_EDGE('',*,*,#2562,.F.);
#3391=ORIENTED_EDGE('',*,*,#2565,.F.);
#3392=ORIENTED_EDGE('',*,*,#2568,.F.);
#3393=ORIENTED_EDGE('',*,*,#2571,.F.);
#3394=ORIENTED_EDGE('',*,*,#2574,.F.);
#3395=ORIENTED_EDGE('',*,*,#2577,.F.);
#3396=ORIENTED_EDGE('',*,*,#2580,.F.);
#3397=ORIENTED_EDGE('',*,*,#2583,.F.);
#3398=ORIENTED_EDGE('',*,*,#2584,.T.);
#3399=ORIENTED_EDGE('',*,*,#2585,.T.);
#3400=ORIENTED_EDGE('',*,*,#2586,.F.);
#3401=ORIENTED_EDGE('',*,*,#2587,.F.);
#3402=ORIENTED_EDGE('',*,*,#2588,.T.);
#3403=ORIENTED_EDGE('',*,*,#2589,.T.);
#3404=ORIENTED_EDGE('',*,*,#2584,.F.);
#3405=ORIENTED_EDGE('',*,*,#2590,.F.);
#3406=ORIENTED_EDGE('',*,*,#2591,.T.);
#3407=ORIENTED_EDGE('',*,*,#2592,.T.);
#3408=ORIENTED_EDGE('',*,*,#2588,.F.);
#3409=ORIENTED_EDGE('',*,*,#2593,.F.);
#3410=ORIENTED_EDGE('',*,*,#2594,.T.);
#3411=ORIENTED_EDGE('',*,*,#2595,.T.);
#3412=ORIENTED_EDGE('',*,*,#2591,.F.);
#3413=ORIENTED_EDGE('',*,*,#2596,.F.);
#3414=ORIENTED_EDGE('',*,*,#2597,.T.);
#3415=ORIENTED_EDGE('',*,*,#2598,.T.);
#3416=ORIENTED_EDGE('',*,*,#2594,.F.);
#3417=ORIENTED_EDGE('',*,*,#2599,.F.);
#3418=ORIENTED_EDGE('',*,*,#2586,.T.);
#3419=ORIENTED_EDGE('',*,*,#2600,.T.);
#3420=ORIENTED_EDGE('',*,*,#2597,.F.);
#3421=ORIENTED_EDGE('',*,*,#2600,.F.);
#3422=ORIENTED_EDGE('',*,*,#2585,.F.);
#3423=ORIENTED_EDGE('',*,*,#2589,.F.);
#3424=ORIENTED_EDGE('',*,*,#2592,.F.);
#3425=ORIENTED_EDGE('',*,*,#2595,.F.);
#3426=ORIENTED_EDGE('',*,*,#2598,.F.);
#3427=ORIENTED_EDGE('',*,*,#2601,.F.);
#3428=ORIENTED_EDGE('',*,*,#2602,.T.);
#3429=ORIENTED_EDGE('',*,*,#2603,.T.);
#3430=ORIENTED_EDGE('',*,*,#2604,.F.);
#3431=ORIENTED_EDGE('',*,*,#2605,.F.);
#3432=ORIENTED_EDGE('',*,*,#2606,.T.);
#3433=ORIENTED_EDGE('',*,*,#2607,.T.);
#3434=ORIENTED_EDGE('',*,*,#2602,.F.);
#3435=ORIENTED_EDGE('',*,*,#2608,.F.);
#3436=ORIENTED_EDGE('',*,*,#2609,.T.);
#3437=ORIENTED_EDGE('',*,*,#2610,.T.);
#3438=ORIENTED_EDGE('',*,*,#2606,.F.);
#3439=ORIENTED_EDGE('',*,*,#2611,.F.);
#3440=ORIENTED_EDGE('',*,*,#2604,.T.);
#3441=ORIENTED_EDGE('',*,*,#2612,.T.);
#3442=ORIENTED_EDGE('',*,*,#2609,.F.);
#3443=ORIENTED_EDGE('',*,*,#2612,.F.);
#3444=ORIENTED_EDGE('',*,*,#2603,.F.);
#3445=ORIENTED_EDGE('',*,*,#2607,.F.);
#3446=ORIENTED_EDGE('',*,*,#2610,.F.);
#3447=ORIENTED_EDGE('',*,*,#2613,.F.);
#3448=ORIENTED_EDGE('',*,*,#2614,.T.);
#3449=ORIENTED_EDGE('',*,*,#2615,.T.);
#3450=ORIENTED_EDGE('',*,*,#2616,.F.);
#3451=ORIENTED_EDGE('',*,*,#2617,.F.);
#3452=ORIENTED_EDGE('',*,*,#2618,.T.);
#3453=ORIENTED_EDGE('',*,*,#2619,.T.);
#3454=ORIENTED_EDGE('',*,*,#2614,.F.);
#3455=ORIENTED_EDGE('',*,*,#2620,.F.);
#3456=ORIENTED_EDGE('',*,*,#2621,.T.);
#3457=ORIENTED_EDGE('',*,*,#2622,.T.);
#3458=ORIENTED_EDGE('',*,*,#2618,.F.);
#3459=ORIENTED_EDGE('',*,*,#2623,.F.);
#3460=ORIENTED_EDGE('',*,*,#2624,.T.);
#3461=ORIENTED_EDGE('',*,*,#2625,.T.);
#3462=ORIENTED_EDGE('',*,*,#2621,.F.);
#3463=ORIENTED_EDGE('',*,*,#2626,.F.);
#3464=ORIENTED_EDGE('',*,*,#2627,.T.);
#3465=ORIENTED_EDGE('',*,*,#2628,.T.);
#3466=ORIENTED_EDGE('',*,*,#2624,.F.);
#3467=ORIENTED_EDGE('',*,*,#2629,.F.);
#3468=ORIENTED_EDGE('',*,*,#2630,.T.);
#3469=ORIENTED_EDGE('',*,*,#2631,.T.);
#3470=ORIENTED_EDGE('',*,*,#2627,.F.);
#3471=ORIENTED_EDGE('',*,*,#2632,.F.);
#3472=ORIENTED_EDGE('',*,*,#2633,.T.);
#3473=ORIENTED_EDGE('',*,*,#2634,.T.);
#3474=ORIENTED_EDGE('',*,*,#2630,.F.);
#3475=ORIENTED_EDGE('',*,*,#2635,.F.);
#3476=ORIENTED_EDGE('',*,*,#2636,.T.);
#3477=ORIENTED_EDGE('',*,*,#2637,.T.);
#3478=ORIENTED_EDGE('',*,*,#2633,.F.);
#3479=ORIENTED_EDGE('',*,*,#2638,.F.);
#3480=ORIENTED_EDGE('',*,*,#2639,.T.);
#3481=ORIENTED_EDGE('',*,*,#2640,.T.);
#3482=ORIENTED_EDGE('',*,*,#2636,.F.);
#3483=ORIENTED_EDGE('',*,*,#2641,.F.);
#3484=ORIENTED_EDGE('',*,*,#2616,.T.);
#3485=ORIENTED_EDGE('',*,*,#2642,.T.);
#3486=ORIENTED_EDGE('',*,*,#2639,.F.);
#3487=ORIENTED_EDGE('',*,*,#2643,.F.);
#3488=ORIENTED_EDGE('',*,*,#2644,.T.);
#3489=ORIENTED_EDGE('',*,*,#2645,.T.);
#3490=ORIENTED_EDGE('',*,*,#2646,.F.);
#3491=ORIENTED_EDGE('',*,*,#2647,.F.);
#3492=ORIENTED_EDGE('',*,*,#2648,.T.);
#3493=ORIENTED_EDGE('',*,*,#2649,.T.);
#3494=ORIENTED_EDGE('',*,*,#2644,.F.);
#3495=ORIENTED_EDGE('',*,*,#2650,.F.);
#3496=ORIENTED_EDGE('',*,*,#2651,.T.);
#3497=ORIENTED_EDGE('',*,*,#2652,.T.);
#3498=ORIENTED_EDGE('',*,*,#2648,.F.);
#3499=ORIENTED_EDGE('',*,*,#2653,.F.);
#3500=ORIENTED_EDGE('',*,*,#2654,.T.);
#3501=ORIENTED_EDGE('',*,*,#2655,.T.);
#3502=ORIENTED_EDGE('',*,*,#2651,.F.);
#3503=ORIENTED_EDGE('',*,*,#2656,.F.);
#3504=ORIENTED_EDGE('',*,*,#2657,.T.);
#3505=ORIENTED_EDGE('',*,*,#2658,.T.);
#3506=ORIENTED_EDGE('',*,*,#2654,.F.);
#3507=ORIENTED_EDGE('',*,*,#2659,.F.);
#3508=ORIENTED_EDGE('',*,*,#2660,.T.);
#3509=ORIENTED_EDGE('',*,*,#2661,.T.);
#3510=ORIENTED_EDGE('',*,*,#2657,.F.);
#3511=ORIENTED_EDGE('',*,*,#2662,.F.);
#3512=ORIENTED_EDGE('',*,*,#2663,.T.);
#3513=ORIENTED_EDGE('',*,*,#2664,.T.);
#3514=ORIENTED_EDGE('',*,*,#2660,.F.);
#3515=ORIENTED_EDGE('',*,*,#2665,.F.);
#3516=ORIENTED_EDGE('',*,*,#2666,.T.);
#3517=ORIENTED_EDGE('',*,*,#2667,.T.);
#3518=ORIENTED_EDGE('',*,*,#2663,.F.);
#3519=ORIENTED_EDGE('',*,*,#2668,.F.);
#3520=ORIENTED_EDGE('',*,*,#2669,.T.);
#3521=ORIENTED_EDGE('',*,*,#2670,.T.);
#3522=ORIENTED_EDGE('',*,*,#2666,.F.);
#3523=ORIENTED_EDGE('',*,*,#2671,.F.);
#3524=ORIENTED_EDGE('',*,*,#2672,.T.);
#3525=ORIENTED_EDGE('',*,*,#2673,.T.);
#3526=ORIENTED_EDGE('',*,*,#2669,.F.);
#3527=ORIENTED_EDGE('',*,*,#2674,.F.);
#3528=ORIENTED_EDGE('',*,*,#2675,.T.);
#3529=ORIENTED_EDGE('',*,*,#2676,.T.);
#3530=ORIENTED_EDGE('',*,*,#2672,.F.);
#3531=ORIENTED_EDGE('',*,*,#2677,.F.);
#3532=ORIENTED_EDGE('',*,*,#2678,.T.);
#3533=ORIENTED_EDGE('',*,*,#2679,.T.);
#3534=ORIENTED_EDGE('',*,*,#2675,.F.);
#3535=ORIENTED_EDGE('',*,*,#2680,.F.);
#3536=ORIENTED_EDGE('',*,*,#2681,.T.);
#3537=ORIENTED_EDGE('',*,*,#2682,.T.);
#3538=ORIENTED_EDGE('',*,*,#2678,.F.);
#3539=ORIENTED_EDGE('',*,*,#2683,.F.);
#3540=ORIENTED_EDGE('',*,*,#2684,.T.);
#3541=ORIENTED_EDGE('',*,*,#2685,.T.);
#3542=ORIENTED_EDGE('',*,*,#2681,.F.);
#3543=ORIENTED_EDGE('',*,*,#2686,.F.);
#3544=ORIENTED_EDGE('',*,*,#2687,.T.);
#3545=ORIENTED_EDGE('',*,*,#2688,.T.);
#3546=ORIENTED_EDGE('',*,*,#2684,.F.);
#3547=ORIENTED_EDGE('',*,*,#2689,.F.);
#3548=ORIENTED_EDGE('',*,*,#2690,.T.);
#3549=ORIENTED_EDGE('',*,*,#2691,.T.);
#3550=ORIENTED_EDGE('',*,*,#2687,.F.);
#3551=ORIENTED_EDGE('',*,*,#2692,.F.);
#3552=ORIENTED_EDGE('',*,*,#2693,.T.);
#3553=ORIENTED_EDGE('',*,*,#2694,.T.);
#3554=ORIENTED_EDGE('',*,*,#2690,.F.);
#3555=ORIENTED_EDGE('',*,*,#2695,.F.);
#3556=ORIENTED_EDGE('',*,*,#2696,.T.);
#3557=ORIENTED_EDGE('',*,*,#2697,.T.);
#3558=ORIENTED_EDGE('',*,*,#2693,.F.);
#3559=ORIENTED_EDGE('',*,*,#2698,.F.);
#3560=ORIENTED_EDGE('',*,*,#2699,.T.);
#3561=ORIENTED_EDGE('',*,*,#2700,.T.);
#3562=ORIENTED_EDGE('',*,*,#2696,.F.);
#3563=ORIENTED_EDGE('',*,*,#2701,.F.);
#3564=ORIENTED_EDGE('',*,*,#2702,.T.);
#3565=ORIENTED_EDGE('',*,*,#2703,.T.);
#3566=ORIENTED_EDGE('',*,*,#2699,.F.);
#3567=ORIENTED_EDGE('',*,*,#2704,.F.);
#3568=ORIENTED_EDGE('',*,*,#2705,.T.);
#3569=ORIENTED_EDGE('',*,*,#2706,.T.);
#3570=ORIENTED_EDGE('',*,*,#2702,.F.);
#3571=ORIENTED_EDGE('',*,*,#2707,.F.);
#3572=ORIENTED_EDGE('',*,*,#2708,.T.);
#3573=ORIENTED_EDGE('',*,*,#2709,.T.);
#3574=ORIENTED_EDGE('',*,*,#2705,.F.);
#3575=ORIENTED_EDGE('',*,*,#2710,.F.);
#3576=ORIENTED_EDGE('',*,*,#2711,.T.);
#3577=ORIENTED_EDGE('',*,*,#2712,.T.);
#3578=ORIENTED_EDGE('',*,*,#2708,.F.);
#3579=ORIENTED_EDGE('',*,*,#2713,.F.);
#3580=ORIENTED_EDGE('',*,*,#2714,.T.);
#3581=ORIENTED_EDGE('',*,*,#2715,.T.);
#3582=ORIENTED_EDGE('',*,*,#2711,.F.);
#3583=ORIENTED_EDGE('',*,*,#2716,.F.);
#3584=ORIENTED_EDGE('',*,*,#2717,.T.);
#3585=ORIENTED_EDGE('',*,*,#2718,.T.);
#3586=ORIENTED_EDGE('',*,*,#2714,.F.);
#3587=ORIENTED_EDGE('',*,*,#2719,.F.);
#3588=ORIENTED_EDGE('',*,*,#2720,.T.);
#3589=ORIENTED_EDGE('',*,*,#2721,.T.);
#3590=ORIENTED_EDGE('',*,*,#2717,.F.);
#3591=ORIENTED_EDGE('',*,*,#2722,.F.);
#3592=ORIENTED_EDGE('',*,*,#2646,.T.);
#3593=ORIENTED_EDGE('',*,*,#2723,.T.);
#3594=ORIENTED_EDGE('',*,*,#2720,.F.);
#3595=ORIENTED_EDGE('',*,*,#2723,.F.);
#3596=ORIENTED_EDGE('',*,*,#2645,.F.);
#3597=ORIENTED_EDGE('',*,*,#2649,.F.);
#3598=ORIENTED_EDGE('',*,*,#2652,.F.);
#3599=ORIENTED_EDGE('',*,*,#2655,.F.);
#3600=ORIENTED_EDGE('',*,*,#2658,.F.);
#3601=ORIENTED_EDGE('',*,*,#2661,.F.);
#3602=ORIENTED_EDGE('',*,*,#2664,.F.);
#3603=ORIENTED_EDGE('',*,*,#2667,.F.);
#3604=ORIENTED_EDGE('',*,*,#2670,.F.);
#3605=ORIENTED_EDGE('',*,*,#2673,.F.);
#3606=ORIENTED_EDGE('',*,*,#2676,.F.);
#3607=ORIENTED_EDGE('',*,*,#2679,.F.);
#3608=ORIENTED_EDGE('',*,*,#2682,.F.);
#3609=ORIENTED_EDGE('',*,*,#2685,.F.);
#3610=ORIENTED_EDGE('',*,*,#2688,.F.);
#3611=ORIENTED_EDGE('',*,*,#2691,.F.);
#3612=ORIENTED_EDGE('',*,*,#2694,.F.);
#3613=ORIENTED_EDGE('',*,*,#2697,.F.);
#3614=ORIENTED_EDGE('',*,*,#2700,.F.);
#3615=ORIENTED_EDGE('',*,*,#2703,.F.);
#3616=ORIENTED_EDGE('',*,*,#2706,.F.);
#3617=ORIENTED_EDGE('',*,*,#2709,.F.);
#3618=ORIENTED_EDGE('',*,*,#2712,.F.);
#3619=ORIENTED_EDGE('',*,*,#2715,.F.);
#3620=ORIENTED_EDGE('',*,*,#2718,.F.);
#3621=ORIENTED_EDGE('',*,*,#2721,.F.);
#3622=ORIENTED_EDGE('',*,*,#2642,.F.);
#3623=ORIENTED_EDGE('',*,*,#2615,.F.);
#3624=ORIENTED_EDGE('',*,*,#2619,.F.);
#3625=ORIENTED_EDGE('',*,*,#2622,.F.);
#3626=ORIENTED_EDGE('',*,*,#2625,.F.);
#3627=ORIENTED_EDGE('',*,*,#2628,.F.);
#3628=ORIENTED_EDGE('',*,*,#2631,.F.);
#3629=ORIENTED_EDGE('',*,*,#2634,.F.);
#3630=ORIENTED_EDGE('',*,*,#2637,.F.);
#3631=ORIENTED_EDGE('',*,*,#2640,.F.);
#3632=ORIENTED_EDGE('',*,*,#2724,.F.);
#3633=ORIENTED_EDGE('',*,*,#2725,.T.);
#3634=ORIENTED_EDGE('',*,*,#2726,.T.);
#3635=ORIENTED_EDGE('',*,*,#2727,.F.);
#3636=ORIENTED_EDGE('',*,*,#2728,.F.);
#3637=ORIENTED_EDGE('',*,*,#2729,.T.);
#3638=ORIENTED_EDGE('',*,*,#2730,.T.);
#3639=ORIENTED_EDGE('',*,*,#2725,.F.);
#3640=ORIENTED_EDGE('',*,*,#2731,.F.);
#3641=ORIENTED_EDGE('',*,*,#2732,.T.);
#3642=ORIENTED_EDGE('',*,*,#2733,.T.);
#3643=ORIENTED_EDGE('',*,*,#2729,.F.);
#3644=ORIENTED_EDGE('',*,*,#2734,.F.);
#3645=ORIENTED_EDGE('',*,*,#2735,.T.);
#3646=ORIENTED_EDGE('',*,*,#2736,.T.);
#3647=ORIENTED_EDGE('',*,*,#2732,.F.);
#3648=ORIENTED_EDGE('',*,*,#2737,.F.);
#3649=ORIENTED_EDGE('',*,*,#2738,.T.);
#3650=ORIENTED_EDGE('',*,*,#2739,.T.);
#3651=ORIENTED_EDGE('',*,*,#2735,.F.);
#3652=ORIENTED_EDGE('',*,*,#2740,.F.);
#3653=ORIENTED_EDGE('',*,*,#2741,.T.);
#3654=ORIENTED_EDGE('',*,*,#2742,.T.);
#3655=ORIENTED_EDGE('',*,*,#2738,.F.);
#3656=ORIENTED_EDGE('',*,*,#2743,.F.);
#3657=ORIENTED_EDGE('',*,*,#2744,.T.);
#3658=ORIENTED_EDGE('',*,*,#2745,.T.);
#3659=ORIENTED_EDGE('',*,*,#2741,.F.);
#3660=ORIENTED_EDGE('',*,*,#2746,.F.);
#3661=ORIENTED_EDGE('',*,*,#2727,.T.);
#3662=ORIENTED_EDGE('',*,*,#2747,.T.);
#3663=ORIENTED_EDGE('',*,*,#2744,.F.);
#3664=ORIENTED_EDGE('',*,*,#2748,.F.);
#3665=ORIENTED_EDGE('',*,*,#2749,.T.);
#3666=ORIENTED_EDGE('',*,*,#2750,.T.);
#3667=ORIENTED_EDGE('',*,*,#2751,.F.);
#3668=ORIENTED_EDGE('',*,*,#2752,.F.);
#3669=ORIENTED_EDGE('',*,*,#2753,.T.);
#3670=ORIENTED_EDGE('',*,*,#2754,.T.);
#3671=ORIENTED_EDGE('',*,*,#2749,.F.);
#3672=ORIENTED_EDGE('',*,*,#2755,.F.);
#3673=ORIENTED_EDGE('',*,*,#2756,.T.);
#3674=ORIENTED_EDGE('',*,*,#2757,.T.);
#3675=ORIENTED_EDGE('',*,*,#2753,.F.);
#3676=ORIENTED_EDGE('',*,*,#2758,.F.);
#3677=ORIENTED_EDGE('',*,*,#2759,.T.);
#3678=ORIENTED_EDGE('',*,*,#2760,.T.);
#3679=ORIENTED_EDGE('',*,*,#2756,.F.);
#3680=ORIENTED_EDGE('',*,*,#2761,.F.);
#3681=ORIENTED_EDGE('',*,*,#2762,.T.);
#3682=ORIENTED_EDGE('',*,*,#2763,.T.);
#3683=ORIENTED_EDGE('',*,*,#2759,.F.);
#3684=ORIENTED_EDGE('',*,*,#2764,.F.);
#3685=ORIENTED_EDGE('',*,*,#2765,.T.);
#3686=ORIENTED_EDGE('',*,*,#2766,.T.);
#3687=ORIENTED_EDGE('',*,*,#2762,.F.);
#3688=ORIENTED_EDGE('',*,*,#2767,.F.);
#3689=ORIENTED_EDGE('',*,*,#2768,.T.);
#3690=ORIENTED_EDGE('',*,*,#2769,.T.);
#3691=ORIENTED_EDGE('',*,*,#2765,.F.);
#3692=ORIENTED_EDGE('',*,*,#2770,.F.);
#3693=ORIENTED_EDGE('',*,*,#2771,.T.);
#3694=ORIENTED_EDGE('',*,*,#2772,.T.);
#3695=ORIENTED_EDGE('',*,*,#2768,.F.);
#3696=ORIENTED_EDGE('',*,*,#2773,.F.);
#3697=ORIENTED_EDGE('',*,*,#2774,.T.);
#3698=ORIENTED_EDGE('',*,*,#2775,.T.);
#3699=ORIENTED_EDGE('',*,*,#2771,.F.);
#3700=ORIENTED_EDGE('',*,*,#2776,.F.);
#3701=ORIENTED_EDGE('',*,*,#2777,.T.);
#3702=ORIENTED_EDGE('',*,*,#2778,.T.);
#3703=ORIENTED_EDGE('',*,*,#2774,.F.);
#3704=ORIENTED_EDGE('',*,*,#2779,.F.);
#3705=ORIENTED_EDGE('',*,*,#2751,.T.);
#3706=ORIENTED_EDGE('',*,*,#2780,.T.);
#3707=ORIENTED_EDGE('',*,*,#2777,.F.);
#3708=ORIENTED_EDGE('',*,*,#2780,.F.);
#3709=ORIENTED_EDGE('',*,*,#2750,.F.);
#3710=ORIENTED_EDGE('',*,*,#2754,.F.);
#3711=ORIENTED_EDGE('',*,*,#2757,.F.);
#3712=ORIENTED_EDGE('',*,*,#2760,.F.);
#3713=ORIENTED_EDGE('',*,*,#2763,.F.);
#3714=ORIENTED_EDGE('',*,*,#2766,.F.);
#3715=ORIENTED_EDGE('',*,*,#2769,.F.);
#3716=ORIENTED_EDGE('',*,*,#2772,.F.);
#3717=ORIENTED_EDGE('',*,*,#2775,.F.);
#3718=ORIENTED_EDGE('',*,*,#2778,.F.);
#3719=ORIENTED_EDGE('',*,*,#2747,.F.);
#3720=ORIENTED_EDGE('',*,*,#2726,.F.);
#3721=ORIENTED_EDGE('',*,*,#2730,.F.);
#3722=ORIENTED_EDGE('',*,*,#2733,.F.);
#3723=ORIENTED_EDGE('',*,*,#2736,.F.);
#3724=ORIENTED_EDGE('',*,*,#2739,.F.);
#3725=ORIENTED_EDGE('',*,*,#2742,.F.);
#3726=ORIENTED_EDGE('',*,*,#2745,.F.);
#3727=ORIENTED_EDGE('',*,*,#2781,.F.);
#3728=ORIENTED_EDGE('',*,*,#2782,.T.);
#3729=ORIENTED_EDGE('',*,*,#2783,.T.);
#3730=ORIENTED_EDGE('',*,*,#2784,.F.);
#3731=ORIENTED_EDGE('',*,*,#2785,.F.);
#3732=ORIENTED_EDGE('',*,*,#2786,.T.);
#3733=ORIENTED_EDGE('',*,*,#2787,.T.);
#3734=ORIENTED_EDGE('',*,*,#2782,.F.);
#3735=ORIENTED_EDGE('',*,*,#2788,.F.);
#3736=ORIENTED_EDGE('',*,*,#2789,.T.);
#3737=ORIENTED_EDGE('',*,*,#2790,.T.);
#3738=ORIENTED_EDGE('',*,*,#2786,.F.);
#3739=ORIENTED_EDGE('',*,*,#2791,.F.);
#3740=ORIENTED_EDGE('',*,*,#2792,.T.);
#3741=ORIENTED_EDGE('',*,*,#2793,.T.);
#3742=ORIENTED_EDGE('',*,*,#2789,.F.);
#3743=ORIENTED_EDGE('',*,*,#2794,.F.);
#3744=ORIENTED_EDGE('',*,*,#2795,.T.);
#3745=ORIENTED_EDGE('',*,*,#2796,.T.);
#3746=ORIENTED_EDGE('',*,*,#2792,.F.);
#3747=ORIENTED_EDGE('',*,*,#2797,.F.);
#3748=ORIENTED_EDGE('',*,*,#2798,.T.);
#3749=ORIENTED_EDGE('',*,*,#2799,.T.);
#3750=ORIENTED_EDGE('',*,*,#2795,.F.);
#3751=ORIENTED_EDGE('',*,*,#2800,.F.);
#3752=ORIENTED_EDGE('',*,*,#2801,.T.);
#3753=ORIENTED_EDGE('',*,*,#2802,.T.);
#3754=ORIENTED_EDGE('',*,*,#2798,.F.);
#3755=ORIENTED_EDGE('',*,*,#2803,.F.);
#3756=ORIENTED_EDGE('',*,*,#2784,.T.);
#3757=ORIENTED_EDGE('',*,*,#2804,.T.);
#3758=ORIENTED_EDGE('',*,*,#2801,.F.);
#3759=ORIENTED_EDGE('',*,*,#2805,.F.);
#3760=ORIENTED_EDGE('',*,*,#2806,.T.);
#3761=ORIENTED_EDGE('',*,*,#2807,.T.);
#3762=ORIENTED_EDGE('',*,*,#2808,.F.);
#3763=ORIENTED_EDGE('',*,*,#2809,.F.);
#3764=ORIENTED_EDGE('',*,*,#2810,.T.);
#3765=ORIENTED_EDGE('',*,*,#2811,.T.);
#3766=ORIENTED_EDGE('',*,*,#2806,.F.);
#3767=ORIENTED_EDGE('',*,*,#2812,.F.);
#3768=ORIENTED_EDGE('',*,*,#2813,.T.);
#3769=ORIENTED_EDGE('',*,*,#2814,.T.);
#3770=ORIENTED_EDGE('',*,*,#2810,.F.);
#3771=ORIENTED_EDGE('',*,*,#2815,.F.);
#3772=ORIENTED_EDGE('',*,*,#2816,.T.);
#3773=ORIENTED_EDGE('',*,*,#2817,.T.);
#3774=ORIENTED_EDGE('',*,*,#2813,.F.);
#3775=ORIENTED_EDGE('',*,*,#2818,.F.);
#3776=ORIENTED_EDGE('',*,*,#2819,.T.);
#3777=ORIENTED_EDGE('',*,*,#2820,.T.);
#3778=ORIENTED_EDGE('',*,*,#2816,.F.);
#3779=ORIENTED_EDGE('',*,*,#2821,.F.);
#3780=ORIENTED_EDGE('',*,*,#2822,.T.);
#3781=ORIENTED_EDGE('',*,*,#2823,.T.);
#3782=ORIENTED_EDGE('',*,*,#2819,.F.);
#3783=ORIENTED_EDGE('',*,*,#2824,.F.);
#3784=ORIENTED_EDGE('',*,*,#2825,.T.);
#3785=ORIENTED_EDGE('',*,*,#2826,.T.);
#3786=ORIENTED_EDGE('',*,*,#2822,.F.);
#3787=ORIENTED_EDGE('',*,*,#2827,.F.);
#3788=ORIENTED_EDGE('',*,*,#2828,.T.);
#3789=ORIENTED_EDGE('',*,*,#2829,.T.);
#3790=ORIENTED_EDGE('',*,*,#2825,.F.);
#3791=ORIENTED_EDGE('',*,*,#2830,.F.);
#3792=ORIENTED_EDGE('',*,*,#2831,.T.);
#3793=ORIENTED_EDGE('',*,*,#2832,.T.);
#3794=ORIENTED_EDGE('',*,*,#2828,.F.);
#3795=ORIENTED_EDGE('',*,*,#2833,.F.);
#3796=ORIENTED_EDGE('',*,*,#2834,.T.);
#3797=ORIENTED_EDGE('',*,*,#2835,.T.);
#3798=ORIENTED_EDGE('',*,*,#2831,.F.);
#3799=ORIENTED_EDGE('',*,*,#2836,.F.);
#3800=ORIENTED_EDGE('',*,*,#2837,.T.);
#3801=ORIENTED_EDGE('',*,*,#2838,.T.);
#3802=ORIENTED_EDGE('',*,*,#2834,.F.);
#3803=ORIENTED_EDGE('',*,*,#2839,.F.);
#3804=ORIENTED_EDGE('',*,*,#2840,.T.);
#3805=ORIENTED_EDGE('',*,*,#2841,.T.);
#3806=ORIENTED_EDGE('',*,*,#2837,.F.);
#3807=ORIENTED_EDGE('',*,*,#2842,.F.);
#3808=ORIENTED_EDGE('',*,*,#2843,.T.);
#3809=ORIENTED_EDGE('',*,*,#2844,.T.);
#3810=ORIENTED_EDGE('',*,*,#2840,.F.);
#3811=ORIENTED_EDGE('',*,*,#2845,.F.);
#3812=ORIENTED_EDGE('',*,*,#2808,.T.);
#3813=ORIENTED_EDGE('',*,*,#2846,.T.);
#3814=ORIENTED_EDGE('',*,*,#2843,.F.);
#3815=ORIENTED_EDGE('',*,*,#2846,.F.);
#3816=ORIENTED_EDGE('',*,*,#2807,.F.);
#3817=ORIENTED_EDGE('',*,*,#2811,.F.);
#3818=ORIENTED_EDGE('',*,*,#2814,.F.);
#3819=ORIENTED_EDGE('',*,*,#2817,.F.);
#3820=ORIENTED_EDGE('',*,*,#2820,.F.);
#3821=ORIENTED_EDGE('',*,*,#2823,.F.);
#3822=ORIENTED_EDGE('',*,*,#2826,.F.);
#3823=ORIENTED_EDGE('',*,*,#2829,.F.);
#3824=ORIENTED_EDGE('',*,*,#2832,.F.);
#3825=ORIENTED_EDGE('',*,*,#2835,.F.);
#3826=ORIENTED_EDGE('',*,*,#2838,.F.);
#3827=ORIENTED_EDGE('',*,*,#2841,.F.);
#3828=ORIENTED_EDGE('',*,*,#2844,.F.);
#3829=ORIENTED_EDGE('',*,*,#2804,.F.);
#3830=ORIENTED_EDGE('',*,*,#2783,.F.);
#3831=ORIENTED_EDGE('',*,*,#2787,.F.);
#3832=ORIENTED_EDGE('',*,*,#2790,.F.);
#3833=ORIENTED_EDGE('',*,*,#2793,.F.);
#3834=ORIENTED_EDGE('',*,*,#2796,.F.);
#3835=ORIENTED_EDGE('',*,*,#2799,.F.);
#3836=ORIENTED_EDGE('',*,*,#2802,.F.);
#3837=ORIENTED_EDGE('',*,*,#2847,.F.);
#3838=ORIENTED_EDGE('',*,*,#2848,.T.);
#3839=ORIENTED_EDGE('',*,*,#2849,.T.);
#3840=ORIENTED_EDGE('',*,*,#2850,.F.);
#3841=ORIENTED_EDGE('',*,*,#2851,.F.);
#3842=ORIENTED_EDGE('',*,*,#2852,.T.);
#3843=ORIENTED_EDGE('',*,*,#2853,.T.);
#3844=ORIENTED_EDGE('',*,*,#2848,.F.);
#3845=ORIENTED_EDGE('',*,*,#2854,.F.);
#3846=ORIENTED_EDGE('',*,*,#2855,.T.);
#3847=ORIENTED_EDGE('',*,*,#2856,.T.);
#3848=ORIENTED_EDGE('',*,*,#2852,.F.);
#3849=ORIENTED_EDGE('',*,*,#2857,.F.);
#3850=ORIENTED_EDGE('',*,*,#2858,.T.);
#3851=ORIENTED_EDGE('',*,*,#2859,.T.);
#3852=ORIENTED_EDGE('',*,*,#2855,.F.);
#3853=ORIENTED_EDGE('',*,*,#2860,.F.);
#3854=ORIENTED_EDGE('',*,*,#2861,.T.);
#3855=ORIENTED_EDGE('',*,*,#2862,.T.);
#3856=ORIENTED_EDGE('',*,*,#2858,.F.);
#3857=ORIENTED_EDGE('',*,*,#2863,.F.);
#3858=ORIENTED_EDGE('',*,*,#2864,.T.);
#3859=ORIENTED_EDGE('',*,*,#2865,.T.);
#3860=ORIENTED_EDGE('',*,*,#2861,.F.);
#3861=ORIENTED_EDGE('',*,*,#2866,.F.);
#3862=ORIENTED_EDGE('',*,*,#2867,.T.);
#3863=ORIENTED_EDGE('',*,*,#2868,.T.);
#3864=ORIENTED_EDGE('',*,*,#2864,.F.);
#3865=ORIENTED_EDGE('',*,*,#2869,.F.);
#3866=ORIENTED_EDGE('',*,*,#2870,.T.);
#3867=ORIENTED_EDGE('',*,*,#2871,.T.);
#3868=ORIENTED_EDGE('',*,*,#2867,.F.);
#3869=ORIENTED_EDGE('',*,*,#2872,.F.);
#3870=ORIENTED_EDGE('',*,*,#2873,.T.);
#3871=ORIENTED_EDGE('',*,*,#2874,.T.);
#3872=ORIENTED_EDGE('',*,*,#2870,.F.);
#3873=ORIENTED_EDGE('',*,*,#2875,.F.);
#3874=ORIENTED_EDGE('',*,*,#2876,.T.);
#3875=ORIENTED_EDGE('',*,*,#2877,.T.);
#3876=ORIENTED_EDGE('',*,*,#2873,.F.);
#3877=ORIENTED_EDGE('',*,*,#2878,.F.);
#3878=ORIENTED_EDGE('',*,*,#2879,.T.);
#3879=ORIENTED_EDGE('',*,*,#2880,.T.);
#3880=ORIENTED_EDGE('',*,*,#2876,.F.);
#3881=ORIENTED_EDGE('',*,*,#2881,.F.);
#3882=ORIENTED_EDGE('',*,*,#2882,.T.);
#3883=ORIENTED_EDGE('',*,*,#2883,.T.);
#3884=ORIENTED_EDGE('',*,*,#2879,.F.);
#3885=ORIENTED_EDGE('',*,*,#2884,.F.);
#3886=ORIENTED_EDGE('',*,*,#2885,.T.);
#3887=ORIENTED_EDGE('',*,*,#2886,.T.);
#3888=ORIENTED_EDGE('',*,*,#2882,.F.);
#3889=ORIENTED_EDGE('',*,*,#2887,.F.);
#3890=ORIENTED_EDGE('',*,*,#2888,.T.);
#3891=ORIENTED_EDGE('',*,*,#2889,.T.);
#3892=ORIENTED_EDGE('',*,*,#2885,.F.);
#3893=ORIENTED_EDGE('',*,*,#2890,.F.);
#3894=ORIENTED_EDGE('',*,*,#2891,.T.);
#3895=ORIENTED_EDGE('',*,*,#2892,.T.);
#3896=ORIENTED_EDGE('',*,*,#2888,.F.);
#3897=ORIENTED_EDGE('',*,*,#2893,.F.);
#3898=ORIENTED_EDGE('',*,*,#2894,.T.);
#3899=ORIENTED_EDGE('',*,*,#2895,.T.);
#3900=ORIENTED_EDGE('',*,*,#2891,.F.);
#3901=ORIENTED_EDGE('',*,*,#2896,.F.);
#3902=ORIENTED_EDGE('',*,*,#2897,.T.);
#3903=ORIENTED_EDGE('',*,*,#2898,.T.);
#3904=ORIENTED_EDGE('',*,*,#2894,.F.);
#3905=ORIENTED_EDGE('',*,*,#2899,.F.);
#3906=ORIENTED_EDGE('',*,*,#2900,.T.);
#3907=ORIENTED_EDGE('',*,*,#2901,.T.);
#3908=ORIENTED_EDGE('',*,*,#2897,.F.);
#3909=ORIENTED_EDGE('',*,*,#2902,.F.);
#3910=ORIENTED_EDGE('',*,*,#2850,.T.);
#3911=ORIENTED_EDGE('',*,*,#2903,.T.);
#3912=ORIENTED_EDGE('',*,*,#2900,.F.);
#3913=ORIENTED_EDGE('',*,*,#2903,.F.);
#3914=ORIENTED_EDGE('',*,*,#2849,.F.);
#3915=ORIENTED_EDGE('',*,*,#2853,.F.);
#3916=ORIENTED_EDGE('',*,*,#2856,.F.);
#3917=ORIENTED_EDGE('',*,*,#2859,.F.);
#3918=ORIENTED_EDGE('',*,*,#2862,.F.);
#3919=ORIENTED_EDGE('',*,*,#2865,.F.);
#3920=ORIENTED_EDGE('',*,*,#2868,.F.);
#3921=ORIENTED_EDGE('',*,*,#2871,.F.);
#3922=ORIENTED_EDGE('',*,*,#2874,.F.);
#3923=ORIENTED_EDGE('',*,*,#2877,.F.);
#3924=ORIENTED_EDGE('',*,*,#2880,.F.);
#3925=ORIENTED_EDGE('',*,*,#2883,.F.);
#3926=ORIENTED_EDGE('',*,*,#2886,.F.);
#3927=ORIENTED_EDGE('',*,*,#2889,.F.);
#3928=ORIENTED_EDGE('',*,*,#2892,.F.);
#3929=ORIENTED_EDGE('',*,*,#2895,.F.);
#3930=ORIENTED_EDGE('',*,*,#2898,.F.);
#3931=ORIENTED_EDGE('',*,*,#2901,.F.);
#3932=ORIENTED_EDGE('',*,*,#2904,.F.);
#3933=ORIENTED_EDGE('',*,*,#2905,.T.);
#3934=ORIENTED_EDGE('',*,*,#2906,.T.);
#3935=ORIENTED_EDGE('',*,*,#2907,.F.);
#3936=ORIENTED_EDGE('',*,*,#2908,.F.);
#3937=ORIENTED_EDGE('',*,*,#2909,.T.);
#3938=ORIENTED_EDGE('',*,*,#2910,.T.);
#3939=ORIENTED_EDGE('',*,*,#2905,.F.);
#3940=ORIENTED_EDGE('',*,*,#2911,.F.);
#3941=ORIENTED_EDGE('',*,*,#2912,.T.);
#3942=ORIENTED_EDGE('',*,*,#2913,.T.);
#3943=ORIENTED_EDGE('',*,*,#2909,.F.);
#3944=ORIENTED_EDGE('',*,*,#2914,.F.);
#3945=ORIENTED_EDGE('',*,*,#2915,.T.);
#3946=ORIENTED_EDGE('',*,*,#2916,.T.);
#3947=ORIENTED_EDGE('',*,*,#2912,.F.);
#3948=ORIENTED_EDGE('',*,*,#2917,.F.);
#3949=ORIENTED_EDGE('',*,*,#2918,.T.);
#3950=ORIENTED_EDGE('',*,*,#2919,.T.);
#3951=ORIENTED_EDGE('',*,*,#2915,.F.);
#3952=ORIENTED_EDGE('',*,*,#2920,.F.);
#3953=ORIENTED_EDGE('',*,*,#2921,.T.);
#3954=ORIENTED_EDGE('',*,*,#2922,.T.);
#3955=ORIENTED_EDGE('',*,*,#2918,.F.);
#3956=ORIENTED_EDGE('',*,*,#2923,.F.);
#3957=ORIENTED_EDGE('',*,*,#2924,.T.);
#3958=ORIENTED_EDGE('',*,*,#2925,.T.);
#3959=ORIENTED_EDGE('',*,*,#2921,.F.);
#3960=ORIENTED_EDGE('',*,*,#2926,.F.);
#3961=ORIENTED_EDGE('',*,*,#2927,.T.);
#3962=ORIENTED_EDGE('',*,*,#2928,.T.);
#3963=ORIENTED_EDGE('',*,*,#2924,.F.);
#3964=ORIENTED_EDGE('',*,*,#2929,.F.);
#3965=ORIENTED_EDGE('',*,*,#2907,.T.);
#3966=ORIENTED_EDGE('',*,*,#2930,.T.);
#3967=ORIENTED_EDGE('',*,*,#2927,.F.);
#3968=ORIENTED_EDGE('',*,*,#2931,.F.);
#3969=ORIENTED_EDGE('',*,*,#2932,.T.);
#3970=ORIENTED_EDGE('',*,*,#2933,.T.);
#3971=ORIENTED_EDGE('',*,*,#2934,.F.);
#3972=ORIENTED_EDGE('',*,*,#2935,.F.);
#3973=ORIENTED_EDGE('',*,*,#2936,.T.);
#3974=ORIENTED_EDGE('',*,*,#2937,.T.);
#3975=ORIENTED_EDGE('',*,*,#2932,.F.);
#3976=ORIENTED_EDGE('',*,*,#2938,.F.);
#3977=ORIENTED_EDGE('',*,*,#2939,.T.);
#3978=ORIENTED_EDGE('',*,*,#2940,.T.);
#3979=ORIENTED_EDGE('',*,*,#2936,.F.);
#3980=ORIENTED_EDGE('',*,*,#2941,.F.);
#3981=ORIENTED_EDGE('',*,*,#2942,.T.);
#3982=ORIENTED_EDGE('',*,*,#2943,.T.);
#3983=ORIENTED_EDGE('',*,*,#2939,.F.);
#3984=ORIENTED_EDGE('',*,*,#2944,.F.);
#3985=ORIENTED_EDGE('',*,*,#2945,.T.);
#3986=ORIENTED_EDGE('',*,*,#2946,.T.);
#3987=ORIENTED_EDGE('',*,*,#2942,.F.);
#3988=ORIENTED_EDGE('',*,*,#2947,.F.);
#3989=ORIENTED_EDGE('',*,*,#2948,.T.);
#3990=ORIENTED_EDGE('',*,*,#2949,.T.);
#3991=ORIENTED_EDGE('',*,*,#2945,.F.);
#3992=ORIENTED_EDGE('',*,*,#2950,.F.);
#3993=ORIENTED_EDGE('',*,*,#2951,.T.);
#3994=ORIENTED_EDGE('',*,*,#2952,.T.);
#3995=ORIENTED_EDGE('',*,*,#2948,.F.);
#3996=ORIENTED_EDGE('',*,*,#2953,.F.);
#3997=ORIENTED_EDGE('',*,*,#2954,.T.);
#3998=ORIENTED_EDGE('',*,*,#2955,.T.);
#3999=ORIENTED_EDGE('',*,*,#2951,.F.);
#4000=ORIENTED_EDGE('',*,*,#2956,.F.);
#4001=ORIENTED_EDGE('',*,*,#2957,.T.);
#4002=ORIENTED_EDGE('',*,*,#2958,.T.);
#4003=ORIENTED_EDGE('',*,*,#2954,.F.);
#4004=ORIENTED_EDGE('',*,*,#2959,.F.);
#4005=ORIENTED_EDGE('',*,*,#2960,.T.);
#4006=ORIENTED_EDGE('',*,*,#2961,.T.);
#4007=ORIENTED_EDGE('',*,*,#2957,.F.);
#4008=ORIENTED_EDGE('',*,*,#2962,.F.);
#4009=ORIENTED_EDGE('',*,*,#2934,.T.);
#4010=ORIENTED_EDGE('',*,*,#2963,.T.);
#4011=ORIENTED_EDGE('',*,*,#2960,.F.);
#4012=ORIENTED_EDGE('',*,*,#2963,.F.);
#4013=ORIENTED_EDGE('',*,*,#2933,.F.);
#4014=ORIENTED_EDGE('',*,*,#2937,.F.);
#4015=ORIENTED_EDGE('',*,*,#2940,.F.);
#4016=ORIENTED_EDGE('',*,*,#2943,.F.);
#4017=ORIENTED_EDGE('',*,*,#2946,.F.);
#4018=ORIENTED_EDGE('',*,*,#2949,.F.);
#4019=ORIENTED_EDGE('',*,*,#2952,.F.);
#4020=ORIENTED_EDGE('',*,*,#2955,.F.);
#4021=ORIENTED_EDGE('',*,*,#2958,.F.);
#4022=ORIENTED_EDGE('',*,*,#2961,.F.);
#4023=ORIENTED_EDGE('',*,*,#2930,.F.);
#4024=ORIENTED_EDGE('',*,*,#2906,.F.);
#4025=ORIENTED_EDGE('',*,*,#2910,.F.);
#4026=ORIENTED_EDGE('',*,*,#2913,.F.);
#4027=ORIENTED_EDGE('',*,*,#2916,.F.);
#4028=ORIENTED_EDGE('',*,*,#2919,.F.);
#4029=ORIENTED_EDGE('',*,*,#2922,.F.);
#4030=ORIENTED_EDGE('',*,*,#2925,.F.);
#4031=ORIENTED_EDGE('',*,*,#2928,.F.);
#4032=ORIENTED_EDGE('',*,*,#2964,.F.);
#4033=ORIENTED_EDGE('',*,*,#2965,.F.);
#4034=ORIENTED_EDGE('',*,*,#2966,.F.);
#4035=ORIENTED_EDGE('',*,*,#2967,.F.);
#4036=ORIENTED_EDGE('',*,*,#2968,.F.);
#4037=ORIENTED_EDGE('',*,*,#2969,.F.);
#4038=ORIENTED_EDGE('',*,*,#2970,.F.);
#4039=ORIENTED_EDGE('',*,*,#2971,.F.);
#4040=ORIENTED_EDGE('',*,*,#2484,.T.);
#4041=ORIENTED_EDGE('',*,*,#2581,.T.);
#4042=ORIENTED_EDGE('',*,*,#2578,.T.);
#4043=ORIENTED_EDGE('',*,*,#2575,.T.);
#4044=ORIENTED_EDGE('',*,*,#2572,.T.);
#4045=ORIENTED_EDGE('',*,*,#2569,.T.);
#4046=ORIENTED_EDGE('',*,*,#2566,.T.);
#4047=ORIENTED_EDGE('',*,*,#2563,.T.);
#4048=ORIENTED_EDGE('',*,*,#2560,.T.);
#4049=ORIENTED_EDGE('',*,*,#2557,.T.);
#4050=ORIENTED_EDGE('',*,*,#2554,.T.);
#4051=ORIENTED_EDGE('',*,*,#2551,.T.);
#4052=ORIENTED_EDGE('',*,*,#2548,.T.);
#4053=ORIENTED_EDGE('',*,*,#2545,.T.);
#4054=ORIENTED_EDGE('',*,*,#2542,.T.);
#4055=ORIENTED_EDGE('',*,*,#2539,.T.);
#4056=ORIENTED_EDGE('',*,*,#2536,.T.);
#4057=ORIENTED_EDGE('',*,*,#2533,.T.);
#4058=ORIENTED_EDGE('',*,*,#2530,.T.);
#4059=ORIENTED_EDGE('',*,*,#2527,.T.);
#4060=ORIENTED_EDGE('',*,*,#2524,.T.);
#4061=ORIENTED_EDGE('',*,*,#2521,.T.);
#4062=ORIENTED_EDGE('',*,*,#2518,.T.);
#4063=ORIENTED_EDGE('',*,*,#2515,.T.);
#4064=ORIENTED_EDGE('',*,*,#2512,.T.);
#4065=ORIENTED_EDGE('',*,*,#2509,.T.);
#4066=ORIENTED_EDGE('',*,*,#2506,.T.);
#4067=ORIENTED_EDGE('',*,*,#2503,.T.);
#4068=ORIENTED_EDGE('',*,*,#2500,.T.);
#4069=ORIENTED_EDGE('',*,*,#2497,.T.);
#4070=ORIENTED_EDGE('',*,*,#2494,.T.);
#4071=ORIENTED_EDGE('',*,*,#2491,.T.);
#4072=ORIENTED_EDGE('',*,*,#2488,.T.);
#4073=ORIENTED_EDGE('',*,*,#2583,.T.);
#4074=ORIENTED_EDGE('',*,*,#2599,.T.);
#4075=ORIENTED_EDGE('',*,*,#2596,.T.);
#4076=ORIENTED_EDGE('',*,*,#2593,.T.);
#4077=ORIENTED_EDGE('',*,*,#2590,.T.);
#4078=ORIENTED_EDGE('',*,*,#2587,.T.);
#4079=ORIENTED_EDGE('',*,*,#2601,.T.);
#4080=ORIENTED_EDGE('',*,*,#2611,.T.);
#4081=ORIENTED_EDGE('',*,*,#2608,.T.);
#4082=ORIENTED_EDGE('',*,*,#2605,.T.);
#4083=ORIENTED_EDGE('',*,*,#2643,.T.);
#4084=ORIENTED_EDGE('',*,*,#2722,.T.);
#4085=ORIENTED_EDGE('',*,*,#2719,.T.);
#4086=ORIENTED_EDGE('',*,*,#2716,.T.);
#4087=ORIENTED_EDGE('',*,*,#2713,.T.);
#4088=ORIENTED_EDGE('',*,*,#2710,.T.);
#4089=ORIENTED_EDGE('',*,*,#2707,.T.);
#4090=ORIENTED_EDGE('',*,*,#2704,.T.);
#4091=ORIENTED_EDGE('',*,*,#2701,.T.);
#4092=ORIENTED_EDGE('',*,*,#2698,.T.);
#4093=ORIENTED_EDGE('',*,*,#2695,.T.);
#4094=ORIENTED_EDGE('',*,*,#2692,.T.);
#4095=ORIENTED_EDGE('',*,*,#2689,.T.);
#4096=ORIENTED_EDGE('',*,*,#2686,.T.);
#4097=ORIENTED_EDGE('',*,*,#2683,.T.);
#4098=ORIENTED_EDGE('',*,*,#2680,.T.);
#4099=ORIENTED_EDGE('',*,*,#2677,.T.);
#4100=ORIENTED_EDGE('',*,*,#2674,.T.);
#4101=ORIENTED_EDGE('',*,*,#2671,.T.);
#4102=ORIENTED_EDGE('',*,*,#2668,.T.);
#4103=ORIENTED_EDGE('',*,*,#2665,.T.);
#4104=ORIENTED_EDGE('',*,*,#2662,.T.);
#4105=ORIENTED_EDGE('',*,*,#2659,.T.);
#4106=ORIENTED_EDGE('',*,*,#2656,.T.);
#4107=ORIENTED_EDGE('',*,*,#2653,.T.);
#4108=ORIENTED_EDGE('',*,*,#2650,.T.);
#4109=ORIENTED_EDGE('',*,*,#2647,.T.);
#4110=ORIENTED_EDGE('',*,*,#2748,.T.);
#4111=ORIENTED_EDGE('',*,*,#2779,.T.);
#4112=ORIENTED_EDGE('',*,*,#2776,.T.);
#4113=ORIENTED_EDGE('',*,*,#2773,.T.);
#4114=ORIENTED_EDGE('',*,*,#2770,.T.);
#4115=ORIENTED_EDGE('',*,*,#2767,.T.);
#4116=ORIENTED_EDGE('',*,*,#2764,.T.);
#4117=ORIENTED_EDGE('',*,*,#2761,.T.);
#4118=ORIENTED_EDGE('',*,*,#2758,.T.);
#4119=ORIENTED_EDGE('',*,*,#2755,.T.);
#4120=ORIENTED_EDGE('',*,*,#2752,.T.);
#4121=ORIENTED_EDGE('',*,*,#2805,.T.);
#4122=ORIENTED_EDGE('',*,*,#2845,.T.);
#4123=ORIENTED_EDGE('',*,*,#2842,.T.);
#4124=ORIENTED_EDGE('',*,*,#2839,.T.);
#4125=ORIENTED_EDGE('',*,*,#2836,.T.);
#4126=ORIENTED_EDGE('',*,*,#2833,.T.);
#4127=ORIENTED_EDGE('',*,*,#2830,.T.);
#4128=ORIENTED_EDGE('',*,*,#2827,.T.);
#4129=ORIENTED_EDGE('',*,*,#2824,.T.);
#4130=ORIENTED_EDGE('',*,*,#2821,.T.);
#4131=ORIENTED_EDGE('',*,*,#2818,.T.);
#4132=ORIENTED_EDGE('',*,*,#2815,.T.);
#4133=ORIENTED_EDGE('',*,*,#2812,.T.);
#4134=ORIENTED_EDGE('',*,*,#2809,.T.);
#4135=ORIENTED_EDGE('',*,*,#2847,.T.);
#4136=ORIENTED_EDGE('',*,*,#2902,.T.);
#4137=ORIENTED_EDGE('',*,*,#2899,.T.);
#4138=ORIENTED_EDGE('',*,*,#2896,.T.);
#4139=ORIENTED_EDGE('',*,*,#2893,.T.);
#4140=ORIENTED_EDGE('',*,*,#2890,.T.);
#4141=ORIENTED_EDGE('',*,*,#2887,.T.);
#4142=ORIENTED_EDGE('',*,*,#2884,.T.);
#4143=ORIENTED_EDGE('',*,*,#2881,.T.);
#4144=ORIENTED_EDGE('',*,*,#2878,.T.);
#4145=ORIENTED_EDGE('',*,*,#2875,.T.);
#4146=ORIENTED_EDGE('',*,*,#2872,.T.);
#4147=ORIENTED_EDGE('',*,*,#2869,.T.);
#4148=ORIENTED_EDGE('',*,*,#2866,.T.);
#4149=ORIENTED_EDGE('',*,*,#2863,.T.);
#4150=ORIENTED_EDGE('',*,*,#2860,.T.);
#4151=ORIENTED_EDGE('',*,*,#2857,.T.);
#4152=ORIENTED_EDGE('',*,*,#2854,.T.);
#4153=ORIENTED_EDGE('',*,*,#2851,.T.);
#4154=ORIENTED_EDGE('',*,*,#2931,.T.);
#4155=ORIENTED_EDGE('',*,*,#2962,.T.);
#4156=ORIENTED_EDGE('',*,*,#2959,.T.);
#4157=ORIENTED_EDGE('',*,*,#2956,.T.);
#4158=ORIENTED_EDGE('',*,*,#2953,.T.);
#4159=ORIENTED_EDGE('',*,*,#2950,.T.);
#4160=ORIENTED_EDGE('',*,*,#2947,.T.);
#4161=ORIENTED_EDGE('',*,*,#2944,.T.);
#4162=ORIENTED_EDGE('',*,*,#2941,.T.);
#4163=ORIENTED_EDGE('',*,*,#2938,.T.);
#4164=ORIENTED_EDGE('',*,*,#2935,.T.);
#4165=ORIENTED_EDGE('',*,*,#2904,.T.);
#4166=ORIENTED_EDGE('',*,*,#2929,.T.);
#4167=ORIENTED_EDGE('',*,*,#2926,.T.);
#4168=ORIENTED_EDGE('',*,*,#2923,.T.);
#4169=ORIENTED_EDGE('',*,*,#2920,.T.);
#4170=ORIENTED_EDGE('',*,*,#2917,.T.);
#4171=ORIENTED_EDGE('',*,*,#2914,.T.);
#4172=ORIENTED_EDGE('',*,*,#2911,.T.);
#4173=ORIENTED_EDGE('',*,*,#2908,.T.);
#4174=ORIENTED_EDGE('',*,*,#2781,.T.);
#4175=ORIENTED_EDGE('',*,*,#2803,.T.);
#4176=ORIENTED_EDGE('',*,*,#2800,.T.);
#4177=ORIENTED_EDGE('',*,*,#2797,.T.);
#4178=ORIENTED_EDGE('',*,*,#2794,.T.);
#4179=ORIENTED_EDGE('',*,*,#2791,.T.);
#4180=ORIENTED_EDGE('',*,*,#2788,.T.);
#4181=ORIENTED_EDGE('',*,*,#2785,.T.);
#4182=ORIENTED_EDGE('',*,*,#2724,.T.);
#4183=ORIENTED_EDGE('',*,*,#2746,.T.);
#4184=ORIENTED_EDGE('',*,*,#2743,.T.);
#4185=ORIENTED_EDGE('',*,*,#2740,.T.);
#4186=ORIENTED_EDGE('',*,*,#2737,.T.);
#4187=ORIENTED_EDGE('',*,*,#2734,.T.);
#4188=ORIENTED_EDGE('',*,*,#2731,.T.);
#4189=ORIENTED_EDGE('',*,*,#2728,.T.);
#4190=ORIENTED_EDGE('',*,*,#2972,.F.);
#4191=ORIENTED_EDGE('',*,*,#2973,.F.);
#4192=ORIENTED_EDGE('',*,*,#2974,.F.);
#4193=ORIENTED_EDGE('',*,*,#2975,.T.);
#4194=ORIENTED_EDGE('',*,*,#2976,.T.);
#4195=ORIENTED_EDGE('',*,*,#2973,.T.);
#4196=ORIENTED_EDGE('',*,*,#2977,.T.);
#4197=ORIENTED_EDGE('',*,*,#2978,.F.);
#4198=ORIENTED_EDGE('',*,*,#2979,.F.);
#4199=ORIENTED_EDGE('',*,*,#2980,.F.);
#4200=ORIENTED_EDGE('',*,*,#2981,.T.);
#4201=ORIENTED_EDGE('',*,*,#2982,.T.);
#4202=ORIENTED_EDGE('',*,*,#2979,.T.);
#4203=ORIENTED_EDGE('',*,*,#2983,.T.);
#4204=ORIENTED_EDGE('',*,*,#2972,.T.);
#4205=ORIENTED_EDGE('',*,*,#2964,.T.);
#4206=ORIENTED_EDGE('',*,*,#2980,.T.);
#4207=ORIENTED_EDGE('',*,*,#2984,.T.);
#4208=ORIENTED_EDGE('',*,*,#2985,.F.);
#4209=ORIENTED_EDGE('',*,*,#2986,.F.);
#4210=ORIENTED_EDGE('',*,*,#2987,.F.);
#4211=ORIENTED_EDGE('',*,*,#2988,.T.);
#4212=ORIENTED_EDGE('',*,*,#2989,.T.);
#4213=ORIENTED_EDGE('',*,*,#2986,.T.);
#4214=ORIENTED_EDGE('',*,*,#2990,.T.);
#4215=ORIENTED_EDGE('',*,*,#2978,.T.);
#4216=ORIENTED_EDGE('',*,*,#2971,.T.);
#4217=ORIENTED_EDGE('',*,*,#2987,.T.);
#4218=ORIENTED_EDGE('',*,*,#2991,.T.);
#4219=ORIENTED_EDGE('',*,*,#2992,.F.);
#4220=ORIENTED_EDGE('',*,*,#2993,.F.);
#4221=ORIENTED_EDGE('',*,*,#2994,.F.);
#4222=ORIENTED_EDGE('',*,*,#2995,.T.);
#4223=ORIENTED_EDGE('',*,*,#2996,.T.);
#4224=ORIENTED_EDGE('',*,*,#2993,.T.);
#4225=ORIENTED_EDGE('',*,*,#2997,.T.);
#4226=ORIENTED_EDGE('',*,*,#2985,.T.);
#4227=ORIENTED_EDGE('',*,*,#2970,.T.);
#4228=ORIENTED_EDGE('',*,*,#2994,.T.);
#4229=ORIENTED_EDGE('',*,*,#2998,.T.);
#4230=ORIENTED_EDGE('',*,*,#2999,.F.);
#4231=ORIENTED_EDGE('',*,*,#3000,.F.);
#4232=ORIENTED_EDGE('',*,*,#3001,.F.);
#4233=ORIENTED_EDGE('',*,*,#3002,.T.);
#4234=ORIENTED_EDGE('',*,*,#3003,.T.);
#4235=ORIENTED_EDGE('',*,*,#3000,.T.);
#4236=ORIENTED_EDGE('',*,*,#3004,.T.);
#4237=ORIENTED_EDGE('',*,*,#3005,.F.);
#4238=ORIENTED_EDGE('',*,*,#3006,.F.);
#4239=ORIENTED_EDGE('',*,*,#3007,.F.);
#4240=ORIENTED_EDGE('',*,*,#3008,.T.);
#4241=ORIENTED_EDGE('',*,*,#3009,.T.);
#4242=ORIENTED_EDGE('',*,*,#3006,.T.);
#4243=ORIENTED_EDGE('',*,*,#3010,.T.);
#4244=ORIENTED_EDGE('',*,*,#2992,.T.);
#4245=ORIENTED_EDGE('',*,*,#2969,.T.);
#4246=ORIENTED_EDGE('',*,*,#3007,.T.);
#4247=ORIENTED_EDGE('',*,*,#3011,.T.);
#4248=ORIENTED_EDGE('',*,*,#3005,.T.);
#4249=ORIENTED_EDGE('',*,*,#2968,.T.);
#4250=ORIENTED_EDGE('',*,*,#3001,.T.);
#4251=ORIENTED_EDGE('',*,*,#3012,.T.);
#4252=ORIENTED_EDGE('',*,*,#3013,.T.);
#4253=ORIENTED_EDGE('',*,*,#2999,.T.);
#4254=ORIENTED_EDGE('',*,*,#2967,.T.);
#4255=ORIENTED_EDGE('',*,*,#3014,.T.);
#4256=ORIENTED_EDGE('',*,*,#3015,.T.);
#4257=ORIENTED_EDGE('',*,*,#3014,.F.);
#4258=ORIENTED_EDGE('',*,*,#2966,.T.);
#4259=ORIENTED_EDGE('',*,*,#3016,.T.);
#4260=ORIENTED_EDGE('',*,*,#2965,.T.);
#4261=ORIENTED_EDGE('',*,*,#2974,.T.);
#4262=ORIENTED_EDGE('',*,*,#3017,.T.);
#4263=ORIENTED_EDGE('',*,*,#3016,.F.);
#4264=ORIENTED_EDGE('',*,*,#2983,.F.);
#4265=ORIENTED_EDGE('',*,*,#2991,.F.);
#4266=ORIENTED_EDGE('',*,*,#2989,.F.);
#4267=ORIENTED_EDGE('',*,*,#3018,.F.);
#4268=ORIENTED_EDGE('',*,*,#2990,.F.);
#4269=ORIENTED_EDGE('',*,*,#2998,.F.);
#4270=ORIENTED_EDGE('',*,*,#2996,.F.);
#4271=ORIENTED_EDGE('',*,*,#3019,.F.);
#4272=ORIENTED_EDGE('',*,*,#2997,.F.);
#4273=ORIENTED_EDGE('',*,*,#3011,.F.);
#4274=ORIENTED_EDGE('',*,*,#3009,.F.);
#4275=ORIENTED_EDGE('',*,*,#3020,.F.);
#4276=ORIENTED_EDGE('',*,*,#2981,.F.);
#4277=ORIENTED_EDGE('',*,*,#3018,.T.);
#4278=ORIENTED_EDGE('',*,*,#2988,.F.);
#4279=ORIENTED_EDGE('',*,*,#3019,.T.);
#4280=ORIENTED_EDGE('',*,*,#2995,.F.);
#4281=ORIENTED_EDGE('',*,*,#3020,.T.);
#4282=ORIENTED_EDGE('',*,*,#3008,.F.);
#4283=ORIENTED_EDGE('',*,*,#3021,.T.);
#4284=ORIENTED_EDGE('',*,*,#3002,.F.);
#4285=ORIENTED_EDGE('',*,*,#3022,.T.);
#4286=ORIENTED_EDGE('',*,*,#3023,.T.);
#4287=ORIENTED_EDGE('',*,*,#3024,.T.);
#4288=ORIENTED_EDGE('',*,*,#3025,.T.);
#4289=ORIENTED_EDGE('',*,*,#3026,.T.);
#4290=ORIENTED_EDGE('',*,*,#2975,.F.);
#4291=ORIENTED_EDGE('',*,*,#3027,.T.);
#4292=ORIENTED_EDGE('',*,*,#3028,.T.);
#4293=ORIENTED_EDGE('',*,*,#3029,.T.);
#4294=ORIENTED_EDGE('',*,*,#3030,.T.);
#4295=ORIENTED_EDGE('',*,*,#3031,.T.);
#4296=ORIENTED_EDGE('',*,*,#2613,.T.);
#4297=ORIENTED_EDGE('',*,*,#2641,.T.);
#4298=ORIENTED_EDGE('',*,*,#2638,.T.);
#4299=ORIENTED_EDGE('',*,*,#2635,.T.);
#4300=ORIENTED_EDGE('',*,*,#2632,.T.);
#4301=ORIENTED_EDGE('',*,*,#2629,.T.);
#4302=ORIENTED_EDGE('',*,*,#2626,.T.);
#4303=ORIENTED_EDGE('',*,*,#2623,.T.);
#4304=ORIENTED_EDGE('',*,*,#2620,.T.);
#4305=ORIENTED_EDGE('',*,*,#2617,.T.);
#4306=ORIENTED_EDGE('',*,*,#3028,.F.);
#4307=ORIENTED_EDGE('',*,*,#3032,.T.);
#4308=ORIENTED_EDGE('',*,*,#3033,.F.);
#4309=ORIENTED_EDGE('',*,*,#3032,.F.);
#4310=ORIENTED_EDGE('',*,*,#3029,.F.);
#4311=ORIENTED_EDGE('',*,*,#3034,.T.);
#4312=ORIENTED_EDGE('',*,*,#3035,.F.);
#4313=ORIENTED_EDGE('',*,*,#3034,.F.);
#4314=ORIENTED_EDGE('',*,*,#3030,.F.);
#4315=ORIENTED_EDGE('',*,*,#3036,.T.);
#4316=ORIENTED_EDGE('',*,*,#3037,.F.);
#4317=ORIENTED_EDGE('',*,*,#3036,.F.);
#4318=ORIENTED_EDGE('',*,*,#3031,.F.);
#4319=ORIENTED_EDGE('',*,*,#3038,.T.);
#4320=ORIENTED_EDGE('',*,*,#3039,.F.);
#4321=ORIENTED_EDGE('',*,*,#3038,.F.);
#4322=ORIENTED_EDGE('',*,*,#3040,.F.);
#4323=ORIENTED_EDGE('',*,*,#3041,.T.);
#4324=ORIENTED_EDGE('',*,*,#3025,.F.);
#4325=ORIENTED_EDGE('',*,*,#3042,.F.);
#4326=ORIENTED_EDGE('',*,*,#3043,.F.);
#4327=ORIENTED_EDGE('',*,*,#3042,.T.);
#4328=ORIENTED_EDGE('',*,*,#3024,.F.);
#4329=ORIENTED_EDGE('',*,*,#3044,.F.);
#4330=ORIENTED_EDGE('',*,*,#3045,.F.);
#4331=ORIENTED_EDGE('',*,*,#3044,.T.);
#4332=ORIENTED_EDGE('',*,*,#3023,.F.);
#4333=ORIENTED_EDGE('',*,*,#3046,.F.);
#4334=ORIENTED_EDGE('',*,*,#3039,.T.);
#4335=ORIENTED_EDGE('',*,*,#3037,.T.);
#4336=ORIENTED_EDGE('',*,*,#3035,.T.);
#4337=ORIENTED_EDGE('',*,*,#3033,.T.);
#4338=ORIENTED_EDGE('',*,*,#2982,.F.);
#4339=ORIENTED_EDGE('',*,*,#3027,.F.);
#4340=ORIENTED_EDGE('',*,*,#2977,.F.);
#4341=ORIENTED_EDGE('',*,*,#2984,.F.);
#4342=ORIENTED_EDGE('',*,*,#3003,.F.);
#4343=ORIENTED_EDGE('',*,*,#3021,.F.);
#4344=ORIENTED_EDGE('',*,*,#3010,.F.);
#4345=ORIENTED_EDGE('',*,*,#3012,.F.);
#4346=ORIENTED_EDGE('',*,*,#3013,.F.);
#4347=ORIENTED_EDGE('',*,*,#3047,.F.);
#4348=ORIENTED_EDGE('',*,*,#3048,.F.);
#4349=ORIENTED_EDGE('',*,*,#3046,.T.);
#4350=ORIENTED_EDGE('',*,*,#3022,.F.);
#4351=ORIENTED_EDGE('',*,*,#3004,.F.);
#4352=ORIENTED_EDGE('',*,*,#3015,.F.);
#4353=ORIENTED_EDGE('',*,*,#3049,.F.);
#4354=ORIENTED_EDGE('',*,*,#3050,.T.);
#4355=ORIENTED_EDGE('',*,*,#3047,.T.);
#4356=ORIENTED_EDGE('',*,*,#2976,.F.);
#4357=ORIENTED_EDGE('',*,*,#3026,.F.);
#4358=ORIENTED_EDGE('',*,*,#3041,.F.);
#4359=ORIENTED_EDGE('',*,*,#3051,.T.);
#4360=ORIENTED_EDGE('',*,*,#3049,.T.);
#4361=ORIENTED_EDGE('',*,*,#3017,.F.);
#4362=ORIENTED_EDGE('',*,*,#3048,.T.);
#4363=ORIENTED_EDGE('',*,*,#3050,.F.);
#4364=ORIENTED_EDGE('',*,*,#3051,.F.);
#4365=ORIENTED_EDGE('',*,*,#3040,.T.);
#4366=ORIENTED_EDGE('',*,*,#3043,.T.);
#4367=ORIENTED_EDGE('',*,*,#3045,.T.);
#4368=ORIENTED_EDGE('',*,*,#3052,.T.);
#4369=ORIENTED_EDGE('',*,*,#3053,.T.);
#4370=ORIENTED_EDGE('',*,*,#3054,.T.);
#4371=ORIENTED_EDGE('',*,*,#3055,.T.);
#4372=ORIENTED_EDGE('',*,*,#3053,.F.);
#4373=ORIENTED_EDGE('',*,*,#3056,.T.);
#4374=ORIENTED_EDGE('',*,*,#3057,.F.);
#4375=ORIENTED_EDGE('',*,*,#3058,.F.);
#4376=ORIENTED_EDGE('',*,*,#3059,.T.);
#4377=ORIENTED_EDGE('',*,*,#3060,.T.);
#4378=ORIENTED_EDGE('',*,*,#3061,.T.);
#4379=ORIENTED_EDGE('',*,*,#3057,.T.);
#4380=ORIENTED_EDGE('',*,*,#3060,.F.);
#4381=ORIENTED_EDGE('',*,*,#3062,.T.);
#4382=ORIENTED_EDGE('',*,*,#3063,.F.);
#4383=ORIENTED_EDGE('',*,*,#3064,.F.);
#4384=ORIENTED_EDGE('',*,*,#3065,.T.);
#4385=ORIENTED_EDGE('',*,*,#3066,.T.);
#4386=ORIENTED_EDGE('',*,*,#3067,.T.);
#4387=ORIENTED_EDGE('',*,*,#3063,.T.);
#4388=ORIENTED_EDGE('',*,*,#3066,.F.);
#4389=ORIENTED_EDGE('',*,*,#3068,.T.);
#4390=ORIENTED_EDGE('',*,*,#3069,.F.);
#4391=ORIENTED_EDGE('',*,*,#3070,.F.);
#4392=ORIENTED_EDGE('',*,*,#3071,.T.);
#4393=ORIENTED_EDGE('',*,*,#3072,.T.);
#4394=ORIENTED_EDGE('',*,*,#3073,.T.);
#4395=ORIENTED_EDGE('',*,*,#3069,.T.);
#4396=ORIENTED_EDGE('',*,*,#3055,.F.);
#4397=ORIENTED_EDGE('',*,*,#3074,.F.);
#4398=ORIENTED_EDGE('',*,*,#3072,.F.);
#4399=ORIENTED_EDGE('',*,*,#3075,.T.);
#4400=ORIENTED_EDGE('',*,*,#3076,.T.);
#4401=ORIENTED_EDGE('',*,*,#3077,.T.);
#4402=ORIENTED_EDGE('',*,*,#3078,.T.);
#4403=ORIENTED_EDGE('',*,*,#3079,.T.);
#4404=ORIENTED_EDGE('',*,*,#3078,.F.);
#4405=ORIENTED_EDGE('',*,*,#3080,.F.);
#4406=ORIENTED_EDGE('',*,*,#3081,.F.);
#4407=ORIENTED_EDGE('',*,*,#3082,.F.);
#4408=ORIENTED_EDGE('',*,*,#3083,.F.);
#4409=ORIENTED_EDGE('',*,*,#3084,.T.);
#4410=ORIENTED_EDGE('',*,*,#3085,.F.);
#4411=ORIENTED_EDGE('',*,*,#3086,.T.);
#4412=ORIENTED_EDGE('',*,*,#3087,.F.);
#4413=ORIENTED_EDGE('',*,*,#3088,.T.);
#4414=ORIENTED_EDGE('',*,*,#3089,.F.);
#4415=ORIENTED_EDGE('',*,*,#3090,.F.);
#4416=ORIENTED_EDGE('',*,*,#3091,.F.);
#4417=ORIENTED_EDGE('',*,*,#3092,.F.);
#4418=ORIENTED_EDGE('',*,*,#3093,.F.);
#4419=ORIENTED_EDGE('',*,*,#3094,.F.);
#4420=ORIENTED_EDGE('',*,*,#3052,.F.);
#4421=ORIENTED_EDGE('',*,*,#3075,.F.);
#4422=ORIENTED_EDGE('',*,*,#3071,.F.);
#4423=ORIENTED_EDGE('',*,*,#3068,.F.);
#4424=ORIENTED_EDGE('',*,*,#3065,.F.);
#4425=ORIENTED_EDGE('',*,*,#3062,.F.);
#4426=ORIENTED_EDGE('',*,*,#3059,.F.);
#4427=ORIENTED_EDGE('',*,*,#3056,.F.);
#4428=ORIENTED_EDGE('',*,*,#3095,.F.);
#4429=ORIENTED_EDGE('',*,*,#3096,.F.);
#4430=ORIENTED_EDGE('',*,*,#3097,.F.);
#4431=ORIENTED_EDGE('',*,*,#3098,.F.);
#4432=ORIENTED_EDGE('',*,*,#3099,.F.);
#4433=ORIENTED_EDGE('',*,*,#3100,.F.);
#4434=ORIENTED_EDGE('',*,*,#3101,.F.);
#4435=ORIENTED_EDGE('',*,*,#3102,.F.);
#4436=ORIENTED_EDGE('',*,*,#3103,.F.);
#4437=ORIENTED_EDGE('',*,*,#3104,.F.);
#4438=ORIENTED_EDGE('',*,*,#3105,.F.);
#4439=ORIENTED_EDGE('',*,*,#3106,.F.);
#4440=ORIENTED_EDGE('',*,*,#3107,.F.);
#4441=ORIENTED_EDGE('',*,*,#3108,.F.);
#4442=ORIENTED_EDGE('',*,*,#3109,.F.);
#4443=ORIENTED_EDGE('',*,*,#3110,.F.);
#4444=ORIENTED_EDGE('',*,*,#3111,.F.);
#4445=ORIENTED_EDGE('',*,*,#3112,.F.);
#4446=ORIENTED_EDGE('',*,*,#3113,.F.);
#4447=ORIENTED_EDGE('',*,*,#3114,.F.);
#4448=ORIENTED_EDGE('',*,*,#3115,.F.);
#4449=ORIENTED_EDGE('',*,*,#3116,.F.);
#4450=ORIENTED_EDGE('',*,*,#3117,.F.);
#4451=ORIENTED_EDGE('',*,*,#3118,.F.);
#4452=ORIENTED_EDGE('',*,*,#3119,.F.);
#4453=ORIENTED_EDGE('',*,*,#3120,.F.);
#4454=ORIENTED_EDGE('',*,*,#3121,.F.);
#4455=ORIENTED_EDGE('',*,*,#3122,.F.);
#4456=ORIENTED_EDGE('',*,*,#3123,.F.);
#4457=ORIENTED_EDGE('',*,*,#3124,.F.);
#4458=ORIENTED_EDGE('',*,*,#3125,.F.);
#4459=ORIENTED_EDGE('',*,*,#3126,.F.);
#4460=ORIENTED_EDGE('',*,*,#3127,.F.);
#4461=ORIENTED_EDGE('',*,*,#3128,.F.);
#4462=ORIENTED_EDGE('',*,*,#3129,.F.);
#4463=ORIENTED_EDGE('',*,*,#3130,.F.);
#4464=ORIENTED_EDGE('',*,*,#3077,.F.);
#4465=ORIENTED_EDGE('',*,*,#3131,.F.);
#4466=ORIENTED_EDGE('',*,*,#3132,.F.);
#4467=ORIENTED_EDGE('',*,*,#3080,.T.);
#4468=ORIENTED_EDGE('',*,*,#3133,.T.);
#4469=ORIENTED_EDGE('',*,*,#3134,.T.);
#4470=ORIENTED_EDGE('',*,*,#3081,.T.);
#4471=ORIENTED_EDGE('',*,*,#3132,.T.);
#4472=ORIENTED_EDGE('',*,*,#3135,.T.);
#4473=ORIENTED_EDGE('',*,*,#3136,.T.);
#4474=ORIENTED_EDGE('',*,*,#3083,.T.);
#4475=ORIENTED_EDGE('',*,*,#3137,.T.);
#4476=ORIENTED_EDGE('',*,*,#3136,.F.);
#4477=ORIENTED_EDGE('',*,*,#3138,.F.);
#4478=ORIENTED_EDGE('',*,*,#3139,.F.);
#4479=ORIENTED_EDGE('',*,*,#3084,.F.);
#4480=ORIENTED_EDGE('',*,*,#3085,.T.);
#4481=ORIENTED_EDGE('',*,*,#3139,.T.);
#4482=ORIENTED_EDGE('',*,*,#3140,.T.);
#4483=ORIENTED_EDGE('',*,*,#3141,.T.);
#4484=ORIENTED_EDGE('',*,*,#3142,.T.);
#4485=ORIENTED_EDGE('',*,*,#3143,.T.);
#4486=ORIENTED_EDGE('',*,*,#3093,.T.);
#4487=ORIENTED_EDGE('',*,*,#3144,.T.);
#4488=ORIENTED_EDGE('',*,*,#3144,.F.);
#4489=ORIENTED_EDGE('',*,*,#3092,.T.);
#4490=ORIENTED_EDGE('',*,*,#3145,.F.);
#4491=ORIENTED_EDGE('',*,*,#3146,.F.);
#4492=ORIENTED_EDGE('',*,*,#3147,.T.);
#4493=ORIENTED_EDGE('',*,*,#3145,.T.);
#4494=ORIENTED_EDGE('',*,*,#3091,.T.);
#4495=ORIENTED_EDGE('',*,*,#3148,.T.);
#4496=ORIENTED_EDGE('',*,*,#3148,.F.);
#4497=ORIENTED_EDGE('',*,*,#3090,.T.);
#4498=ORIENTED_EDGE('',*,*,#3149,.F.);
#4499=ORIENTED_EDGE('',*,*,#3150,.F.);
#4500=ORIENTED_EDGE('',*,*,#3151,.T.);
#4501=ORIENTED_EDGE('',*,*,#3149,.T.);
#4502=ORIENTED_EDGE('',*,*,#3089,.T.);
#4503=ORIENTED_EDGE('',*,*,#3152,.T.);
#4504=ORIENTED_EDGE('',*,*,#3087,.T.);
#4505=ORIENTED_EDGE('',*,*,#3153,.T.);
#4506=ORIENTED_EDGE('',*,*,#3154,.T.);
#4507=ORIENTED_EDGE('',*,*,#3155,.T.);
#4508=ORIENTED_EDGE('',*,*,#3141,.F.);
#4509=ORIENTED_EDGE('',*,*,#3156,.F.);
#4510=ORIENTED_EDGE('',*,*,#3153,.F.);
#4511=ORIENTED_EDGE('',*,*,#3086,.F.);
#4512=ORIENTED_EDGE('',*,*,#3124,.T.);
#4513=ORIENTED_EDGE('',*,*,#3157,.T.);
#4514=ORIENTED_EDGE('',*,*,#3158,.F.);
#4515=ORIENTED_EDGE('',*,*,#3159,.F.);
#4516=ORIENTED_EDGE('',*,*,#3125,.T.);
#4517=ORIENTED_EDGE('',*,*,#3159,.T.);
#4518=ORIENTED_EDGE('',*,*,#3160,.F.);
#4519=ORIENTED_EDGE('',*,*,#3161,.F.);
#4520=ORIENTED_EDGE('',*,*,#3126,.T.);
#4521=ORIENTED_EDGE('',*,*,#3161,.T.);
#4522=ORIENTED_EDGE('',*,*,#3162,.F.);
#4523=ORIENTED_EDGE('',*,*,#3163,.F.);
#4524=ORIENTED_EDGE('',*,*,#3127,.T.);
#4525=ORIENTED_EDGE('',*,*,#3163,.T.);
#4526=ORIENTED_EDGE('',*,*,#3164,.F.);
#4527=ORIENTED_EDGE('',*,*,#3165,.F.);
#4528=ORIENTED_EDGE('',*,*,#3128,.T.);
#4529=ORIENTED_EDGE('',*,*,#3165,.T.);
#4530=ORIENTED_EDGE('',*,*,#3166,.F.);
#4531=ORIENTED_EDGE('',*,*,#3167,.F.);
#4532=ORIENTED_EDGE('',*,*,#3129,.T.);
#4533=ORIENTED_EDGE('',*,*,#3167,.T.);
#4534=ORIENTED_EDGE('',*,*,#3168,.F.);
#4535=ORIENTED_EDGE('',*,*,#3169,.F.);
#4536=ORIENTED_EDGE('',*,*,#3130,.T.);
#4537=ORIENTED_EDGE('',*,*,#3169,.T.);
#4538=ORIENTED_EDGE('',*,*,#3170,.F.);
#4539=ORIENTED_EDGE('',*,*,#3171,.F.);
#4540=ORIENTED_EDGE('',*,*,#3123,.T.);
#4541=ORIENTED_EDGE('',*,*,#3171,.T.);
#4542=ORIENTED_EDGE('',*,*,#3172,.F.);
#4543=ORIENTED_EDGE('',*,*,#3157,.F.);
#4544=ORIENTED_EDGE('',*,*,#3173,.F.);
#4545=ORIENTED_EDGE('',*,*,#3174,.T.);
#4546=ORIENTED_EDGE('',*,*,#3122,.T.);
#4547=ORIENTED_EDGE('',*,*,#3174,.F.);
#4548=ORIENTED_EDGE('',*,*,#3115,.T.);
#4549=ORIENTED_EDGE('',*,*,#3175,.T.);
#4550=ORIENTED_EDGE('',*,*,#3176,.F.);
#4551=ORIENTED_EDGE('',*,*,#3177,.F.);
#4552=ORIENTED_EDGE('',*,*,#3116,.T.);
#4553=ORIENTED_EDGE('',*,*,#3177,.T.);
#4554=ORIENTED_EDGE('',*,*,#3178,.F.);
#4555=ORIENTED_EDGE('',*,*,#3179,.F.);
#4556=ORIENTED_EDGE('',*,*,#3117,.T.);
#4557=ORIENTED_EDGE('',*,*,#3179,.T.);
#4558=ORIENTED_EDGE('',*,*,#3180,.F.);
#4559=ORIENTED_EDGE('',*,*,#3181,.F.);
#4560=ORIENTED_EDGE('',*,*,#3118,.T.);
#4561=ORIENTED_EDGE('',*,*,#3181,.T.);
#4562=ORIENTED_EDGE('',*,*,#3182,.F.);
#4563=ORIENTED_EDGE('',*,*,#3183,.F.);
#4564=ORIENTED_EDGE('',*,*,#3119,.T.);
#4565=ORIENTED_EDGE('',*,*,#3183,.T.);
#4566=ORIENTED_EDGE('',*,*,#3184,.F.);
#4567=ORIENTED_EDGE('',*,*,#3185,.F.);
#4568=ORIENTED_EDGE('',*,*,#3120,.T.);
#4569=ORIENTED_EDGE('',*,*,#3185,.T.);
#4570=ORIENTED_EDGE('',*,*,#3186,.F.);
#4571=ORIENTED_EDGE('',*,*,#3187,.F.);
#4572=ORIENTED_EDGE('',*,*,#3121,.T.);
#4573=ORIENTED_EDGE('',*,*,#3187,.T.);
#4574=ORIENTED_EDGE('',*,*,#3188,.F.);
#4575=ORIENTED_EDGE('',*,*,#3189,.F.);
#4576=ORIENTED_EDGE('',*,*,#3114,.T.);
#4577=ORIENTED_EDGE('',*,*,#3189,.T.);
#4578=ORIENTED_EDGE('',*,*,#3190,.F.);
#4579=ORIENTED_EDGE('',*,*,#3175,.F.);
#4580=ORIENTED_EDGE('',*,*,#3191,.F.);
#4581=ORIENTED_EDGE('',*,*,#3192,.T.);
#4582=ORIENTED_EDGE('',*,*,#3113,.T.);
#4583=ORIENTED_EDGE('',*,*,#3192,.F.);
#4584=ORIENTED_EDGE('',*,*,#3193,.F.);
#4585=ORIENTED_EDGE('',*,*,#3194,.T.);
#4586=ORIENTED_EDGE('',*,*,#3112,.T.);
#4587=ORIENTED_EDGE('',*,*,#3194,.F.);
#4588=ORIENTED_EDGE('',*,*,#3105,.T.);
#4589=ORIENTED_EDGE('',*,*,#3195,.T.);
#4590=ORIENTED_EDGE('',*,*,#3196,.F.);
#4591=ORIENTED_EDGE('',*,*,#3197,.F.);
#4592=ORIENTED_EDGE('',*,*,#3106,.T.);
#4593=ORIENTED_EDGE('',*,*,#3197,.T.);
#4594=ORIENTED_EDGE('',*,*,#3198,.F.);
#4595=ORIENTED_EDGE('',*,*,#3199,.F.);
#4596=ORIENTED_EDGE('',*,*,#3107,.T.);
#4597=ORIENTED_EDGE('',*,*,#3199,.T.);
#4598=ORIENTED_EDGE('',*,*,#3200,.F.);
#4599=ORIENTED_EDGE('',*,*,#3201,.F.);
#4600=ORIENTED_EDGE('',*,*,#3108,.T.);
#4601=ORIENTED_EDGE('',*,*,#3201,.T.);
#4602=ORIENTED_EDGE('',*,*,#3202,.F.);
#4603=ORIENTED_EDGE('',*,*,#3203,.F.);
#4604=ORIENTED_EDGE('',*,*,#3109,.T.);
#4605=ORIENTED_EDGE('',*,*,#3203,.T.);
#4606=ORIENTED_EDGE('',*,*,#3204,.F.);
#4607=ORIENTED_EDGE('',*,*,#3205,.F.);
#4608=ORIENTED_EDGE('',*,*,#3110,.T.);
#4609=ORIENTED_EDGE('',*,*,#3205,.T.);
#4610=ORIENTED_EDGE('',*,*,#3206,.F.);
#4611=ORIENTED_EDGE('',*,*,#3207,.F.);
#4612=ORIENTED_EDGE('',*,*,#3111,.T.);
#4613=ORIENTED_EDGE('',*,*,#3207,.T.);
#4614=ORIENTED_EDGE('',*,*,#3208,.F.);
#4615=ORIENTED_EDGE('',*,*,#3209,.F.);
#4616=ORIENTED_EDGE('',*,*,#3104,.T.);
#4617=ORIENTED_EDGE('',*,*,#3209,.T.);
#4618=ORIENTED_EDGE('',*,*,#3210,.F.);
#4619=ORIENTED_EDGE('',*,*,#3195,.F.);
#4620=ORIENTED_EDGE('',*,*,#3097,.T.);
#4621=ORIENTED_EDGE('',*,*,#3211,.T.);
#4622=ORIENTED_EDGE('',*,*,#3212,.F.);
#4623=ORIENTED_EDGE('',*,*,#3213,.F.);
#4624=ORIENTED_EDGE('',*,*,#3098,.T.);
#4625=ORIENTED_EDGE('',*,*,#3213,.T.);
#4626=ORIENTED_EDGE('',*,*,#3214,.F.);
#4627=ORIENTED_EDGE('',*,*,#3215,.F.);
#4628=ORIENTED_EDGE('',*,*,#3099,.T.);
#4629=ORIENTED_EDGE('',*,*,#3215,.T.);
#4630=ORIENTED_EDGE('',*,*,#3216,.F.);
#4631=ORIENTED_EDGE('',*,*,#3217,.F.);
#4632=ORIENTED_EDGE('',*,*,#3100,.T.);
#4633=ORIENTED_EDGE('',*,*,#3217,.T.);
#4634=ORIENTED_EDGE('',*,*,#3218,.F.);
#4635=ORIENTED_EDGE('',*,*,#3219,.F.);
#4636=ORIENTED_EDGE('',*,*,#3101,.T.);
#4637=ORIENTED_EDGE('',*,*,#3219,.T.);
#4638=ORIENTED_EDGE('',*,*,#3220,.F.);
#4639=ORIENTED_EDGE('',*,*,#3221,.F.);
#4640=ORIENTED_EDGE('',*,*,#3102,.T.);
#4641=ORIENTED_EDGE('',*,*,#3221,.T.);
#4642=ORIENTED_EDGE('',*,*,#3222,.F.);
#4643=ORIENTED_EDGE('',*,*,#3223,.F.);
#4644=ORIENTED_EDGE('',*,*,#3103,.T.);
#4645=ORIENTED_EDGE('',*,*,#3223,.T.);
#4646=ORIENTED_EDGE('',*,*,#3224,.F.);
#4647=ORIENTED_EDGE('',*,*,#3225,.F.);
#4648=ORIENTED_EDGE('',*,*,#3096,.T.);
#4649=ORIENTED_EDGE('',*,*,#3225,.T.);
#4650=ORIENTED_EDGE('',*,*,#3226,.F.);
#4651=ORIENTED_EDGE('',*,*,#3211,.F.);
#4652=ORIENTED_EDGE('',*,*,#3227,.F.);
#4653=ORIENTED_EDGE('',*,*,#3228,.T.);
#4654=ORIENTED_EDGE('',*,*,#3095,.T.);
#4655=ORIENTED_EDGE('',*,*,#3228,.F.);
#4656=ORIENTED_EDGE('',*,*,#3152,.F.);
#4657=ORIENTED_EDGE('',*,*,#3088,.F.);
#4658=ORIENTED_EDGE('',*,*,#3155,.F.);
#4659=ORIENTED_EDGE('',*,*,#3229,.F.);
#4660=ORIENTED_EDGE('',*,*,#3079,.F.);
#4661=ORIENTED_EDGE('',*,*,#3094,.T.);
#4662=ORIENTED_EDGE('',*,*,#3143,.F.);
#4663=ORIENTED_EDGE('',*,*,#3230,.F.);
#4664=ORIENTED_EDGE('',*,*,#3134,.F.);
#4665=ORIENTED_EDGE('',*,*,#3231,.F.);
#4666=ORIENTED_EDGE('',*,*,#3137,.F.);
#4667=ORIENTED_EDGE('',*,*,#3082,.T.);
#4668=ORIENTED_EDGE('',*,*,#3076,.F.);
#4669=ORIENTED_EDGE('',*,*,#3230,.T.);
#4670=ORIENTED_EDGE('',*,*,#3142,.F.);
#4671=ORIENTED_EDGE('',*,*,#3146,.T.);
#4672=ORIENTED_EDGE('',*,*,#3147,.F.);
#4673=ORIENTED_EDGE('',*,*,#3150,.T.);
#4674=ORIENTED_EDGE('',*,*,#3151,.F.);
#4675=ORIENTED_EDGE('',*,*,#3229,.T.);
#4676=ORIENTED_EDGE('',*,*,#3154,.F.);
#4677=ORIENTED_EDGE('',*,*,#3156,.T.);
#4678=ORIENTED_EDGE('',*,*,#3140,.F.);
#4679=ORIENTED_EDGE('',*,*,#3138,.T.);
#4680=ORIENTED_EDGE('',*,*,#3135,.F.);
#4681=ORIENTED_EDGE('',*,*,#3231,.T.);
#4682=ORIENTED_EDGE('',*,*,#3133,.F.);
#4683=ORIENTED_EDGE('',*,*,#3131,.T.);
#4684=ORIENTED_EDGE('',*,*,#3058,.T.);
#4685=ORIENTED_EDGE('',*,*,#3061,.F.);
#4686=ORIENTED_EDGE('',*,*,#3064,.T.);
#4687=ORIENTED_EDGE('',*,*,#3067,.F.);
#4688=ORIENTED_EDGE('',*,*,#3070,.T.);
#4689=ORIENTED_EDGE('',*,*,#3073,.F.);
#4690=ORIENTED_EDGE('',*,*,#3074,.T.);
#4691=ORIENTED_EDGE('',*,*,#3054,.F.);
#4692=ORIENTED_EDGE('',*,*,#3227,.T.);
#4693=ORIENTED_EDGE('',*,*,#3226,.T.);
#4694=ORIENTED_EDGE('',*,*,#3224,.T.);
#4695=ORIENTED_EDGE('',*,*,#3222,.T.);
#4696=ORIENTED_EDGE('',*,*,#3220,.T.);
#4697=ORIENTED_EDGE('',*,*,#3218,.T.);
#4698=ORIENTED_EDGE('',*,*,#3216,.T.);
#4699=ORIENTED_EDGE('',*,*,#3214,.T.);
#4700=ORIENTED_EDGE('',*,*,#3212,.T.);
#4701=ORIENTED_EDGE('',*,*,#3210,.T.);
#4702=ORIENTED_EDGE('',*,*,#3208,.T.);
#4703=ORIENTED_EDGE('',*,*,#3206,.T.);
#4704=ORIENTED_EDGE('',*,*,#3204,.T.);
#4705=ORIENTED_EDGE('',*,*,#3202,.T.);
#4706=ORIENTED_EDGE('',*,*,#3200,.T.);
#4707=ORIENTED_EDGE('',*,*,#3198,.T.);
#4708=ORIENTED_EDGE('',*,*,#3196,.T.);
#4709=ORIENTED_EDGE('',*,*,#3193,.T.);
#4710=ORIENTED_EDGE('',*,*,#3191,.T.);
#4711=ORIENTED_EDGE('',*,*,#3190,.T.);
#4712=ORIENTED_EDGE('',*,*,#3188,.T.);
#4713=ORIENTED_EDGE('',*,*,#3186,.T.);
#4714=ORIENTED_EDGE('',*,*,#3184,.T.);
#4715=ORIENTED_EDGE('',*,*,#3182,.T.);
#4716=ORIENTED_EDGE('',*,*,#3180,.T.);
#4717=ORIENTED_EDGE('',*,*,#3178,.T.);
#4718=ORIENTED_EDGE('',*,*,#3176,.T.);
#4719=ORIENTED_EDGE('',*,*,#3173,.T.);
#4720=ORIENTED_EDGE('',*,*,#3172,.T.);
#4721=ORIENTED_EDGE('',*,*,#3170,.T.);
#4722=ORIENTED_EDGE('',*,*,#3168,.T.);
#4723=ORIENTED_EDGE('',*,*,#3166,.T.);
#4724=ORIENTED_EDGE('',*,*,#3164,.T.);
#4725=ORIENTED_EDGE('',*,*,#3162,.T.);
#4726=ORIENTED_EDGE('',*,*,#3160,.T.);
#4727=ORIENTED_EDGE('',*,*,#3158,.T.);
#4728=B_SPLINE_SURFACE_WITH_KNOTS('',3,1,((#6202,#6203),(#6204,#6205),(#6206,
#6207),(#6208,#6209),(#6210,#6211)),.UNSPECIFIED.,.F.,.F.,.F.,(4,1,4),(2,
2),(0.,0.0501058864809835,0.0904680334386425),(0.,0.02),.UNSPECIFIED.);
#4729=B_SPLINE_SURFACE_WITH_KNOTS('',3,1,((#6228,#6229),(#6230,#6231),(#6232,
#6233),(#6234,#6235),(#6236,#6237)),.UNSPECIFIED.,.F.,.F.,.F.,(4,1,4),(2,
2),(0.,0.0301307856339455,0.0625994919518499),(0.,0.02),.UNSPECIFIED.);
#4730=B_SPLINE_SURFACE_WITH_KNOTS('',3,1,((#6251,#6252),(#6253,#6254),(#6255,
#6256),(#6257,#6258),(#6259,#6260)),.UNSPECIFIED.,.F.,.F.,.F.,(4,1,4),(2,
2),(0.,0.0260030304018247,0.0538159620328232),(0.,0.02),.UNSPECIFIED.);
#4731=B_SPLINE_SURFACE_WITH_KNOTS('',3,1,((#6274,#6275),(#6276,#6277),(#6278,
#6279),(#6280,#6281),(#6282,#6283)),.UNSPECIFIED.,.F.,.F.,.F.,(4,1,4),(2,
2),(0.,0.0241078976766233,0.0489582005537831),(0.,0.02),.UNSPECIFIED.);
#4732=B_SPLINE_SURFACE_WITH_KNOTS('',3,1,((#6297,#6298),(#6299,#6300),(#6301,
#6302),(#6303,#6304),(#6305,#6306)),.UNSPECIFIED.,.F.,.F.,.F.,(4,1,4),(2,
2),(0.,0.0209052959766831,0.0441470412150363),(0.,0.02),.UNSPECIFIED.);
#4733=B_SPLINE_SURFACE_WITH_KNOTS('',3,1,((#6320,#6321),(#6322,#6323),(#6324,
#6325),(#6326,#6327),(#6328,#6329)),.UNSPECIFIED.,.F.,.F.,.F.,(4,1,4),(2,
2),(0.,0.0213616890335782,0.0417757287399357),(0.,0.02),.UNSPECIFIED.);
#4734=B_SPLINE_SURFACE_WITH_KNOTS('',3,1,((#6343,#6344),(#6345,#6346),(#6347,
#6348),(#6349,#6350),(#6351,#6352)),.UNSPECIFIED.,.F.,.F.,.F.,(4,1,4),(2,
2),(0.,0.0460101143249325,0.076236819793081),(0.,0.02),.UNSPECIFIED.);
#4735=B_SPLINE_SURFACE_WITH_KNOTS('',3,1,((#6366,#6367),(#6368,#6369),(#6370,
#6371),(#6372,#6373),(#6374,#6375)),.UNSPECIFIED.,.F.,.F.,.F.,(4,1,4),(2,
2),(0.,0.0152108666071834,0.0451665428233868),(0.,0.02),.UNSPECIFIED.);
#4736=B_SPLINE_SURFACE_WITH_KNOTS('',3,1,((#6389,#6390),(#6391,#6392),(#6393,
#6394),(#6395,#6396),(#6397,#6398)),.UNSPECIFIED.,.F.,.F.,.F.,(4,1,4),(2,
2),(0.,0.0105686171838878,0.023139975950417),(0.,0.02),.UNSPECIFIED.);
#4737=B_SPLINE_SURFACE_WITH_KNOTS('',3,1,((#6412,#6413),(#6414,#6415),(#6416,
#6417),(#6418,#6419),(#6420,#6421)),.UNSPECIFIED.,.F.,.F.,.F.,(4,1,4),(2,
2),(0.,0.00919558016653783,0.0184777879050703),(0.,0.02),.UNSPECIFIED.);
#4738=B_SPLINE_SURFACE_WITH_KNOTS('',3,1,((#6435,#6436),(#6437,#6438),(#6439,
#6440),(#6441,#6442),(#6443,#6444)),.UNSPECIFIED.,.F.,.F.,.F.,(4,1,4),(2,
2),(0.,0.0162806731132211,0.0307900855289827),(0.,0.02),.UNSPECIFIED.);
#4739=B_SPLINE_SURFACE_WITH_KNOTS('',3,1,((#6458,#6459),(#6460,#6461),(#6462,
#6463),(#6464,#6465),(#6466,#6467)),.UNSPECIFIED.,.F.,.F.,.F.,(4,1,4),(2,
2),(0.,0.0291250401736118,0.0501736983204275),(0.,0.02),.UNSPECIFIED.);
#4740=B_SPLINE_SURFACE_WITH_KNOTS('',3,1,((#6481,#6482),(#6483,#6484),(#6485,
#6486),(#6487,#6488),(#6489,#6490)),.UNSPECIFIED.,.F.,.F.,.F.,(4,1,4),(2,
2),(0.,0.0211404760539032,0.0467427714903001),(0.,0.02),.UNSPECIFIED.);
#4741=B_SPLINE_SURFACE_WITH_KNOTS('',3,1,((#6504,#6505),(#6506,#6507),(#6508,
#6509),(#6510,#6511),(#6512,#6513)),.UNSPECIFIED.,.F.,.F.,.F.,(4,1,4),(2,
2),(0.,0.0209143613458219,0.0404998938787773),(0.,0.02),.UNSPECIFIED.);
#4742=B_SPLINE_SURFACE_WITH_KNOTS('',3,1,((#6533,#6534),(#6535,#6536),(#6537,
#6538),(#6539,#6540),(#6541,#6542)),.UNSPECIFIED.,.F.,.F.,.F.,(4,1,4),(2,
2),(0.,0.0221833495502129,0.0482907883404929),(0.,0.02),.UNSPECIFIED.);
#4743=B_SPLINE_SURFACE_WITH_KNOTS('',3,1,((#6556,#6557),(#6558,#6559),(#6560,
#6561),(#6562,#6563),(#6564,#6565)),.UNSPECIFIED.,.F.,.F.,.F.,(4,1,4),(2,
2),(0.,0.025214992964978,0.0469245392552442),(0.,0.02),.UNSPECIFIED.);
#4744=B_SPLINE_SURFACE_WITH_KNOTS('',3,1,((#6579,#6580),(#6581,#6582),(#6583,
#6584),(#6585,#6586),(#6587,#6588)),.UNSPECIFIED.,.F.,.F.,.F.,(4,1,4),(2,
2),(0.,0.0321199412687051,0.0609422680653401),(0.,0.02),.UNSPECIFIED.);
#4745=B_SPLINE_SURFACE_WITH_KNOTS('',3,1,((#6602,#6603),(#6604,#6605),(#6606,
#6607),(#6608,#6609),(#6610,#6611)),.UNSPECIFIED.,.F.,.F.,.F.,(4,1,4),(2,
2),(0.,0.0209647837102618,0.0429442227776647),(0.,0.02),.UNSPECIFIED.);
#4746=B_SPLINE_SURFACE_WITH_KNOTS('',3,1,((#6625,#6626),(#6627,#6628),(#6629,
#6630),(#6631,#6632),(#6633,#6634)),.UNSPECIFIED.,.F.,.F.,.F.,(4,1,4),(2,
2),(0.,0.0156313724987349,0.0344932690478314),(0.,0.02),.UNSPECIFIED.);
#4747=B_SPLINE_SURFACE_WITH_KNOTS('',3,1,((#6648,#6649),(#6650,#6651),(#6652,
#6653),(#6654,#6655),(#6656,#6657)),.UNSPECIFIED.,.F.,.F.,.F.,(4,1,4),(2,
2),(0.,0.018382590343275,0.036784973341367),(0.,0.02),.UNSPECIFIED.);
#4748=B_SPLINE_SURFACE_WITH_KNOTS('',3,1,((#6671,#6672),(#6673,#6674),(#6675,
#6676),(#6677,#6678),(#6679,#6680)),.UNSPECIFIED.,.F.,.F.,.F.,(4,1,4),(2,
2),(0.,0.0187875120197484,0.0372506863393127),(0.,0.02),.UNSPECIFIED.);
#4749=B_SPLINE_SURFACE_WITH_KNOTS('',3,1,((#6694,#6695),(#6696,#6697),(#6698,
#6699),(#6700,#6701),(#6702,#6703)),.UNSPECIFIED.,.F.,.F.,.F.,(4,1,4),(2,
2),(0.,0.0202069720883615,0.0407459578467252),(0.,0.02),.UNSPECIFIED.);
#4750=B_SPLINE_SURFACE_WITH_KNOTS('',3,1,((#6717,#6718),(#6719,#6720),(#6721,
#6722),(#6723,#6724),(#6725,#6726)),.UNSPECIFIED.,.F.,.F.,.F.,(4,1,4),(2,
2),(0.,0.0218533230689566,0.0424220811466384),(0.,0.02),.UNSPECIFIED.);
#4751=B_SPLINE_SURFACE_WITH_KNOTS('',3,1,((#6740,#6741),(#6742,#6743),(#6744,
#6745),(#6746,#6747),(#6748,#6749)),.UNSPECIFIED.,.F.,.F.,.F.,(4,1,4),(2,
2),(0.,0.047473035042093,0.0785975720250917),(0.,0.02),.UNSPECIFIED.);
#4752=B_SPLINE_SURFACE_WITH_KNOTS('',3,1,((#6763,#6764),(#6765,#6766),(#6767,
#6768),(#6769,#6770),(#6771,#6772)),.UNSPECIFIED.,.F.,.F.,.F.,(4,1,4),(2,
2),(0.,0.0191050901587307,0.052986234526247),(0.,0.02),.UNSPECIFIED.);
#4753=B_SPLINE_SURFACE_WITH_KNOTS('',3,1,((#6786,#6787),(#6788,#6789),(#6790,
#6791),(#6792,#6793),(#6794,#6795)),.UNSPECIFIED.,.F.,.F.,.F.,(4,1,4),(2,
2),(0.,0.0153035635226869,0.0309831716238995),(0.,0.02),.UNSPECIFIED.);
#4754=B_SPLINE_SURFACE_WITH_KNOTS('',3,1,((#6809,#6810),(#6811,#6812),(#6813,
#6814),(#6815,#6816),(#6817,#6818)),.UNSPECIFIED.,.F.,.F.,.F.,(4,1,4),(2,
2),(0.,0.0193633275006722,0.0371994574720609),(0.,0.02),.UNSPECIFIED.);
#4755=B_SPLINE_SURFACE_WITH_KNOTS('',3,1,((#6832,#6833),(#6834,#6835),(#6836,
#6837),(#6838,#6839),(#6840,#6841)),.UNSPECIFIED.,.F.,.F.,.F.,(4,1,4),(2,
2),(0.,0.0296686044709656,0.0528377063845328),(0.,0.02),.UNSPECIFIED.);
#4756=B_SPLINE_SURFACE_WITH_KNOTS('',3,1,((#6855,#6856),(#6857,#6858),(#6859,
#6860),(#6861,#6862),(#6863,#6864)),.UNSPECIFIED.,.F.,.F.,.F.,(4,1,4),(2,
2),(0.,0.0252621646999636,0.0553574748723738),(0.,0.02),.UNSPECIFIED.);
#4757=B_SPLINE_SURFACE_WITH_KNOTS('',3,1,((#6878,#6879),(#6880,#6881),(#6882,
#6883),(#6884,#6885),(#6886,#6887)),.UNSPECIFIED.,.F.,.F.,.F.,(4,1,4),(2,
2),(0.,0.0269217606317888,0.0511256612240814),(0.,0.02),.UNSPECIFIED.);
#4758=B_SPLINE_SURFACE_WITH_KNOTS('',3,1,((#6907,#6908),(#6909,#6910),(#6911,
#6912),(#6913,#6914),(#6915,#6916)),.UNSPECIFIED.,.F.,.F.,.F.,(4,1,4),(2,
2),(0.,0.037900157288856,0.0805564343177688),(0.,0.02),.UNSPECIFIED.);
#4759=B_SPLINE_SURFACE_WITH_KNOTS('',3,1,((#6990,#6991),(#6992,#6993),(#6994,
#6995),(#6996,#6997),(#6998,#6999)),.UNSPECIFIED.,.F.,.F.,.F.,(4,1,4),(2,
2),(0.,0.0214381102141819,0.0500195430024939),(0.,0.02),.UNSPECIFIED.);
#4760=B_SPLINE_SURFACE_WITH_KNOTS('',3,1,((#7016,#7017),(#7018,#7019),(#7020,
#7021),(#7022,#7023),(#7024,#7025)),.UNSPECIFIED.,.F.,.F.,.F.,(4,1,4),(2,
2),(0.,0.0241555052698486,0.0475706624012874),(0.,0.02),.UNSPECIFIED.);
#4761=B_SPLINE_SURFACE_WITH_KNOTS('',3,1,((#7039,#7040),(#7041,#7042),(#7043,
#7044),(#7045,#7046),(#7047,#7048)),.UNSPECIFIED.,.F.,.F.,.F.,(4,1,4),(2,
2),(0.,0.0269867394455824,0.0524220547425963),(0.,0.02),.UNSPECIFIED.);
#4762=B_SPLINE_SURFACE_WITH_KNOTS('',3,1,((#7062,#7063),(#7064,#7065),(#7066,
#7067),(#7068,#7069),(#7070,#7071)),.UNSPECIFIED.,.F.,.F.,.F.,(4,1,4),(2,
2),(0.,0.0207829260441035,0.0461992436822509),(0.,0.02),.UNSPECIFIED.);
#4763=B_SPLINE_SURFACE_WITH_KNOTS('',3,1,((#7085,#7086),(#7087,#7088),(#7089,
#7090),(#7091,#7092),(#7093,#7094)),.UNSPECIFIED.,.F.,.F.,.F.,(4,1,4),(2,
2),(0.,0.0183879696150916,0.0368669259080695),(0.,0.02),.UNSPECIFIED.);
#4764=B_SPLINE_SURFACE_WITH_KNOTS('',3,1,((#7108,#7109),(#7110,#7111),(#7112,
#7113),(#7114,#7115),(#7116,#7117)),.UNSPECIFIED.,.F.,.F.,.F.,(4,1,4),(2,
2),(0.,0.0122082228842639,0.0245706273825149),(0.,0.02),.UNSPECIFIED.);
#4765=B_SPLINE_SURFACE_WITH_KNOTS('',3,1,((#7131,#7132),(#7133,#7134),(#7135,
#7136),(#7137,#7138),(#7139,#7140)),.UNSPECIFIED.,.F.,.F.,.F.,(4,1,4),(2,
2),(0.,0.0129911934369932,0.0253829049875095),(0.,0.02),.UNSPECIFIED.);
#4766=B_SPLINE_SURFACE_WITH_KNOTS('',3,1,((#7154,#7155),(#7156,#7157),(#7158,
#7159),(#7160,#7161),(#7162,#7163)),.UNSPECIFIED.,.F.,.F.,.F.,(4,1,4),(2,
2),(0.,0.0262655038353866,0.0440239899229426),(0.,0.02),.UNSPECIFIED.);
#4767=B_SPLINE_SURFACE_WITH_KNOTS('',3,1,((#7177,#7178),(#7179,#7180),(#7181,
#7182),(#7183,#7184),(#7185,#7186)),.UNSPECIFIED.,.F.,.F.,.F.,(4,1,4),(2,
2),(0.,0.0349157223225691,0.0824679749219661),(0.,0.02),.UNSPECIFIED.);
#4768=B_SPLINE_SURFACE_WITH_KNOTS('',3,1,((#7212,#7213),(#7214,#7215),(#7216,
#7217),(#7218,#7219),(#7220,#7221)),.UNSPECIFIED.,.F.,.F.,.F.,(4,1,4),(2,
2),(0.,0.0183735155814206,0.0370708052612177),(0.,0.02),.UNSPECIFIED.);
#4769=B_SPLINE_SURFACE_WITH_KNOTS('',3,1,((#7235,#7236),(#7237,#7238),(#7239,
#7240),(#7241,#7242),(#7243,#7244)),.UNSPECIFIED.,.F.,.F.,.F.,(4,1,4),(2,
2),(0.,0.0559059575942002,0.086725833700376),(0.,0.02),.UNSPECIFIED.);
#4770=B_SPLINE_SURFACE_WITH_KNOTS('',3,1,((#7264,#7265),(#7266,#7267),(#7268,
#7269),(#7270,#7271),(#7272,#7273)),.UNSPECIFIED.,.F.,.F.,.F.,(4,1,4),(2,
2),(0.,0.017695038819937,0.0453962468666059),(0.,0.02),.UNSPECIFIED.);
#4771=B_SPLINE_SURFACE_WITH_KNOTS('',3,1,((#7287,#7288),(#7289,#7290),(#7291,
#7292),(#7293,#7294),(#7295,#7296)),.UNSPECIFIED.,.F.,.F.,.F.,(4,1,4),(2,
2),(0.,0.0176137902064585,0.0370171474367986),(0.,0.02),.UNSPECIFIED.);
#4772=B_SPLINE_SURFACE_WITH_KNOTS('',3,1,((#7310,#7311),(#7312,#7313),(#7314,
#7315),(#7316,#7317),(#7318,#7319)),.UNSPECIFIED.,.F.,.F.,.F.,(4,1,4),(2,
2),(0.,0.022407200494803,0.0409041839385696),(0.,0.02),.UNSPECIFIED.);
#4773=B_SPLINE_SURFACE_WITH_KNOTS('',3,1,((#7333,#7334),(#7335,#7336),(#7337,
#7338),(#7339,#7340),(#7341,#7342)),.UNSPECIFIED.,.F.,.F.,.F.,(4,1,4),(2,
2),(0.,0.0336997098033708,0.0611630121646987),(0.,0.02),.UNSPECIFIED.);
#4774=B_SPLINE_SURFACE_WITH_KNOTS('',3,1,((#7356,#7357),(#7358,#7359),(#7360,
#7361),(#7362,#7363),(#7364,#7365)),.UNSPECIFIED.,.F.,.F.,.F.,(4,1,4),(2,
2),(0.,0.0315742464464931,0.0667969207373995),(0.,0.02),.UNSPECIFIED.);
#4775=B_SPLINE_SURFACE_WITH_KNOTS('',3,1,((#7379,#7380),(#7381,#7382),(#7383,
#7384),(#7385,#7386),(#7387,#7388)),.UNSPECIFIED.,.F.,.F.,.F.,(4,1,4),(2,
2),(0.,0.0248650979909218,0.0528085275060579),(0.,0.02),.UNSPECIFIED.);
#4776=B_SPLINE_SURFACE_WITH_KNOTS('',3,1,((#7402,#7403),(#7404,#7405),(#7406,
#7407),(#7408,#7409),(#7410,#7411)),.UNSPECIFIED.,.F.,.F.,.F.,(4,1,4),(2,
2),(0.,0.0291805255375751,0.0546197139369148),(0.,0.02),.UNSPECIFIED.);
#4777=B_SPLINE_SURFACE_WITH_KNOTS('',3,1,((#7431,#7432),(#7433,#7434),(#7435,
#7436),(#7437,#7438),(#7439,#7440)),.UNSPECIFIED.,.F.,.F.,.F.,(4,1,4),(2,
2),(0.,0.0221111689534247,0.0501389839538169),(0.,0.02),.UNSPECIFIED.);
#4778=B_SPLINE_SURFACE_WITH_KNOTS('',3,1,((#7454,#7455),(#7456,#7457),(#7458,
#7459),(#7460,#7461),(#7462,#7463)),.UNSPECIFIED.,.F.,.F.,.F.,(4,1,4),(2,
2),(0.,0.0302685536920279,0.0531980550078259),(0.,0.02),.UNSPECIFIED.);
#4779=B_SPLINE_SURFACE_WITH_KNOTS('',3,1,((#7477,#7478),(#7479,#7480),(#7481,
#7482),(#7483,#7484),(#7485,#7486)),.UNSPECIFIED.,.F.,.F.,.F.,(4,1,4),(2,
2),(0.,0.0265187098242649,0.0593211525326363),(0.,0.02),.UNSPECIFIED.);
#4780=B_SPLINE_SURFACE_WITH_KNOTS('',3,1,((#7500,#7501),(#7502,#7503),(#7504,
#7505),(#7506,#7507),(#7508,#7509)),.UNSPECIFIED.,.F.,.F.,.F.,(4,1,4),(2,
2),(0.,0.0258152494808685,0.0455185109411212),(0.,0.02),.UNSPECIFIED.);
#4781=B_SPLINE_SURFACE_WITH_KNOTS('',3,1,((#7523,#7524),(#7525,#7526),(#7527,
#7528),(#7529,#7530),(#7531,#7532)),.UNSPECIFIED.,.F.,.F.,.F.,(4,1,4),(2,
2),(0.,0.00825623113698721,0.0128270451272029),(0.,0.02),.UNSPECIFIED.);
#4782=B_SPLINE_SURFACE_WITH_KNOTS('',3,1,((#7546,#7547),(#7548,#7549),(#7550,
#7551),(#7552,#7553),(#7554,#7555)),.UNSPECIFIED.,.F.,.F.,.F.,(4,1,4),(2,
2),(0.,0.0522193110404341,0.089311455348097),(0.,0.02),.UNSPECIFIED.);
#4783=B_SPLINE_SURFACE_WITH_KNOTS('',3,1,((#7569,#7570),(#7571,#7572),(#7573,
#7574),(#7575,#7576),(#7577,#7578)),.UNSPECIFIED.,.F.,.F.,.F.,(4,1,4),(2,
2),(0.,0.018528515274044,0.0442949145813921),(0.,0.02),.UNSPECIFIED.);
#4784=B_SPLINE_SURFACE_WITH_KNOTS('',3,1,((#7592,#7593),(#7594,#7595),(#7596,
#7597),(#7598,#7599),(#7600,#7601)),.UNSPECIFIED.,.F.,.F.,.F.,(4,1,4),(2,
2),(0.,0.0191178221120879,0.038958576710533),(0.,0.02),.UNSPECIFIED.);
#4785=B_SPLINE_SURFACE_WITH_KNOTS('',3,1,((#7615,#7616),(#7617,#7618),(#7619,
#7620),(#7621,#7622),(#7623,#7624)),.UNSPECIFIED.,.F.,.F.,.F.,(4,1,4),(2,
2),(0.,0.0194079520267744,0.038238427823478),(0.,0.02),.UNSPECIFIED.);
#4786=B_SPLINE_SURFACE_WITH_KNOTS('',3,1,((#7638,#7639),(#7640,#7641),(#7642,
#7643),(#7644,#7645),(#7646,#7647)),.UNSPECIFIED.,.F.,.F.,.F.,(4,1,4),(2,
2),(0.,0.0205050256084784,0.0403986886735882),(0.,0.02),.UNSPECIFIED.);
#4787=B_SPLINE_SURFACE_WITH_KNOTS('',3,1,((#7661,#7662),(#7663,#7664),(#7665,
#7666),(#7667,#7668),(#7669,#7670)),.UNSPECIFIED.,.F.,.F.,.F.,(4,1,4),(2,
2),(0.,0.0328013472759324,0.0664667236473917),(0.,0.02),.UNSPECIFIED.);
#4788=B_SPLINE_SURFACE_WITH_KNOTS('',3,1,((#7684,#7685),(#7686,#7687),(#7688,
#7689),(#7690,#7691),(#7692,#7693)),.UNSPECIFIED.,.F.,.F.,.F.,(4,1,4),(2,
2),(0.,0.0426246962429531,0.078372433739377),(0.,0.02),.UNSPECIFIED.);
#4789=B_SPLINE_SURFACE_WITH_KNOTS('',3,1,((#7707,#7708),(#7709,#7710),(#7711,
#7712),(#7713,#7714),(#7715,#7716)),.UNSPECIFIED.,.F.,.F.,.F.,(4,1,4),(2,
2),(0.,0.0271224259273493,0.0552253256778374),(0.,0.02),.UNSPECIFIED.);
#4790=B_SPLINE_SURFACE_WITH_KNOTS('',3,1,((#7730,#7731),(#7732,#7733),(#7734,
#7735),(#7736,#7737),(#7738,#7739)),.UNSPECIFIED.,.F.,.F.,.F.,(4,1,4),(2,
2),(0.,0.033288643294749,0.0621166830882631),(0.,0.02),.UNSPECIFIED.);
#4791=B_SPLINE_SURFACE_WITH_KNOTS('',3,1,((#7753,#7754),(#7755,#7756),(#7757,
#7758),(#7759,#7760),(#7761,#7762)),.UNSPECIFIED.,.F.,.F.,.F.,(4,1,4),(2,
2),(0.,0.0177239235351617,0.037217141494298),(0.,0.02),.UNSPECIFIED.);
#4792=B_SPLINE_SURFACE_WITH_KNOTS('',3,1,((#7783,#7784),(#7785,#7786),(#7787,
#7788),(#7789,#7790),(#7791,#7792)),.UNSPECIFIED.,.F.,.F.,.F.,(4,1,4),(2,
2),(0.,0.019216437073666,0.0495841262163778),(0.,0.02),.UNSPECIFIED.);
#4793=B_SPLINE_SURFACE_WITH_KNOTS('',3,1,((#7806,#7807),(#7808,#7809),(#7810,
#7811),(#7812,#7813),(#7814,#7815)),.UNSPECIFIED.,.F.,.F.,.F.,(4,1,4),(2,
2),(0.,0.0208854194430583,0.041559942249103),(0.,0.02),.UNSPECIFIED.);
#4794=B_SPLINE_SURFACE_WITH_KNOTS('',3,1,((#7829,#7830),(#7831,#7832),(#7833,
#7834),(#7835,#7836),(#7837,#7838)),.UNSPECIFIED.,.F.,.F.,.F.,(4,1,4),(2,
2),(0.,0.0235095886720967,0.0453688502518991),(0.,0.02),.UNSPECIFIED.);
#4795=B_SPLINE_SURFACE_WITH_KNOTS('',3,1,((#7852,#7853),(#7854,#7855),(#7856,
#7857),(#7858,#7859),(#7860,#7861)),.UNSPECIFIED.,.F.,.F.,.F.,(4,1,4),(2,
2),(0.,0.0281031249256627,0.0593355193744301),(0.,0.02),.UNSPECIFIED.);
#4796=B_SPLINE_SURFACE_WITH_KNOTS('',3,1,((#7875,#7876),(#7877,#7878),(#7879,
#7880),(#7881,#7882),(#7883,#7884)),.UNSPECIFIED.,.F.,.F.,.F.,(4,1,4),(2,
2),(0.,0.0441199400595291,0.0764563828566252),(0.,0.02),.UNSPECIFIED.);
#4797=B_SPLINE_SURFACE_WITH_KNOTS('',3,1,((#7922,#7923),(#7924,#7925),(#7926,
#7927),(#7928,#7929),(#7930,#7931)),.UNSPECIFIED.,.F.,.F.,.F.,(4,1,4),(2,
2),(0.,0.0527120008187687,0.12501359196536),(0.,0.02),.UNSPECIFIED.);
#4798=B_SPLINE_SURFACE_WITH_KNOTS('',3,1,((#7945,#7946),(#7947,#7948),(#7949,
#7950),(#7951,#7952),(#7953,#7954)),.UNSPECIFIED.,.F.,.F.,.F.,(4,1,4),(2,
2),(0.,0.0477953073089095,0.0939915984397311),(0.,0.02),.UNSPECIFIED.);
#4799=B_SPLINE_SURFACE_WITH_KNOTS('',3,1,((#7968,#7969),(#7970,#7971),(#7972,
#7973),(#7974,#7975),(#7976,#7977)),.UNSPECIFIED.,.F.,.F.,.F.,(4,1,4),(2,
2),(0.,0.0276027084702946,0.0562767929712902),(0.,0.02),.UNSPECIFIED.);
#4800=B_SPLINE_SURFACE_WITH_KNOTS('',3,1,((#7991,#7992),(#7993,#7994),(#7995,
#7996),(#7997,#7998),(#7999,#8000)),.UNSPECIFIED.,.F.,.F.,.F.,(4,1,4),(2,
2),(0.,0.0244273245417344,0.0506067048245201),(0.,0.02),.UNSPECIFIED.);
#4801=B_SPLINE_SURFACE_WITH_KNOTS('',3,1,((#8014,#8015),(#8016,#8017),(#8018,
#8019),(#8020,#8021),(#8022,#8023)),.UNSPECIFIED.,.F.,.F.,.F.,(4,1,4),(2,
2),(0.,0.0280028704632078,0.0531269574497465),(0.,0.02),.UNSPECIFIED.);
#4802=B_SPLINE_SURFACE_WITH_KNOTS('',3,1,((#8037,#8038),(#8039,#8040),(#8041,
#8042),(#8043,#8044),(#8045,#8046)),.UNSPECIFIED.,.F.,.F.,.F.,(4,1,4),(2,
2),(0.,0.0351426443779997,0.061017925594712),(0.,0.02),.UNSPECIFIED.);
#4803=B_SPLINE_SURFACE_WITH_KNOTS('',3,1,((#8076,#8077),(#8078,#8079),(#8080,
#8081),(#8082,#8083),(#8084,#8085)),.UNSPECIFIED.,.F.,.F.,.F.,(4,1,4),(2,
2),(0.,0.0307822783351084,0.0625666830927302),(0.,0.02),.UNSPECIFIED.);
#4804=B_SPLINE_SURFACE_WITH_KNOTS('',3,1,((#8102,#8103),(#8104,#8105),(#8106,
#8107),(#8108,#8109),(#8110,#8111)),.UNSPECIFIED.,.F.,.F.,.F.,(4,1,4),(2,
2),(0.,0.0330154557025875,0.0646895664016476),(0.,0.02),.UNSPECIFIED.);
#4805=B_SPLINE_SURFACE_WITH_KNOTS('',3,1,((#8125,#8126),(#8127,#8128),(#8129,
#8130),(#8131,#8132),(#8133,#8134)),.UNSPECIFIED.,.F.,.F.,.F.,(4,1,4),(2,
2),(0.,0.0518862200258535,0.0915482833461465),(0.,0.02),.UNSPECIFIED.);
#4806=B_SPLINE_SURFACE_WITH_KNOTS('',3,1,((#8148,#8149),(#8150,#8151),(#8152,
#8153),(#8154,#8155),(#8156,#8157)),.UNSPECIFIED.,.F.,.F.,.F.,(4,1,4),(2,
2),(0.,0.0372939488484093,0.0847298548205419),(0.,0.02),.UNSPECIFIED.);
#4807=B_SPLINE_SURFACE_WITH_KNOTS('',3,1,((#8171,#8172),(#8173,#8174),(#8175,
#8176),(#8177,#8178),(#8179,#8180)),.UNSPECIFIED.,.F.,.F.,.F.,(4,1,4),(2,
2),(0.,0.0304936318271305,0.0622987935456008),(0.,0.02),.UNSPECIFIED.);
#4808=B_SPLINE_SURFACE_WITH_KNOTS('',3,1,((#8194,#8195),(#8196,#8197),(#8198,
#8199),(#8200,#8201),(#8202,#8203)),.UNSPECIFIED.,.F.,.F.,.F.,(4,1,4),(2,
2),(0.,0.0328863601209725,0.0634813805561939),(0.,0.02),.UNSPECIFIED.);
#4809=B_SPLINE_SURFACE_WITH_KNOTS('',3,1,((#8217,#8218),(#8219,#8220),(#8221,
#8222),(#8223,#8224),(#8225,#8226)),.UNSPECIFIED.,.F.,.F.,.F.,(4,1,4),(2,
2),(0.,0.0489881713041644,0.0877923989837148),(0.,0.02),.UNSPECIFIED.);
#4810=B_SPLINE_SURFACE_WITH_KNOTS('',3,1,((#8240,#8241),(#8242,#8243),(#8244,
#8245),(#8246,#8247),(#8248,#8249)),.UNSPECIFIED.,.F.,.F.,.F.,(4,1,4),(2,
2),(0.,0.0381837536149982,0.088348783271788),(0.,0.02),.UNSPECIFIED.);
#4811=B_SPLINE_SURFACE_WITH_KNOTS('',3,1,((#8281,#8282),(#8283,#8284),(#8285,
#8286),(#8287,#8288),(#8289,#8290)),.UNSPECIFIED.,.F.,.F.,.F.,(4,1,4),(2,
2),(0.,0.0224964544323122,0.0442943693645618),(0.,0.02),.UNSPECIFIED.);
#4812=B_SPLINE_SURFACE_WITH_KNOTS('',3,1,((#8304,#8305),(#8306,#8307),(#8308,
#8309),(#8310,#8311),(#8312,#8313)),.UNSPECIFIED.,.F.,.F.,.F.,(4,1,4),(2,
2),(0.,0.0249148363113454,0.0483272067759334),(0.,0.02),.UNSPECIFIED.);
#4813=B_SPLINE_SURFACE_WITH_KNOTS('',3,1,((#8327,#8328),(#8329,#8330),(#8331,
#8332),(#8333,#8334),(#8335,#8336)),.UNSPECIFIED.,.F.,.F.,.F.,(4,1,4),(2,
2),(0.,0.033725854882732,0.0680877937068713),(0.,0.02),.UNSPECIFIED.);
#4814=B_SPLINE_SURFACE_WITH_KNOTS('',3,1,((#8350,#8351),(#8352,#8353),(#8354,
#8355),(#8356,#8357),(#8358,#8359)),.UNSPECIFIED.,.F.,.F.,.F.,(4,1,4),(2,
2),(0.,0.0360647515882229,0.07023049840943),(0.,0.02),.UNSPECIFIED.);
#4815=B_SPLINE_SURFACE_WITH_KNOTS('',3,1,((#8373,#8374),(#8375,#8376),(#8377,
#8378),(#8379,#8380),(#8381,#8382)),.UNSPECIFIED.,.F.,.F.,.F.,(4,1,4),(2,
2),(0.,0.0415287194445867,0.0804182110404018),(0.,0.02),.UNSPECIFIED.);
#4816=B_SPLINE_SURFACE_WITH_KNOTS('',3,1,((#8396,#8397),(#8398,#8399),(#8400,
#8401),(#8402,#8403),(#8404,#8405)),.UNSPECIFIED.,.F.,.F.,.F.,(4,1,4),(2,
2),(0.,0.0386990901590789,0.0808053898153938),(0.,0.02),.UNSPECIFIED.);
#4817=B_SPLINE_SURFACE_WITH_KNOTS('',3,1,((#8419,#8420),(#8421,#8422),(#8423,
#8424),(#8425,#8426),(#8427,#8428)),.UNSPECIFIED.,.F.,.F.,.F.,(4,1,4),(2,
2),(0.,0.0344755818997617,0.0704985902315363),(0.,0.02),.UNSPECIFIED.);
#4818=B_SPLINE_SURFACE_WITH_KNOTS('',3,1,((#8442,#8443),(#8444,#8445),(#8446,
#8447),(#8448,#8449),(#8450,#8451)),.UNSPECIFIED.,.F.,.F.,.F.,(4,1,4),(2,
2),(0.,0.0335949750116038,0.0672524568665069),(0.,0.02),.UNSPECIFIED.);
#4819=B_SPLINE_SURFACE_WITH_KNOTS('',3,1,((#8465,#8466),(#8467,#8468),(#8469,
#8470),(#8471,#8472),(#8473,#8474)),.UNSPECIFIED.,.F.,.F.,.F.,(4,1,4),(2,
2),(0.,0.0469470176578821,0.0951654330530856),(0.,0.02),.UNSPECIFIED.);
#4820=B_SPLINE_SURFACE_WITH_KNOTS('',3,1,((#8519,#8520),(#8521,#8522),(#8523,
#8524),(#8525,#8526),(#8527,#8528)),.UNSPECIFIED.,.F.,.F.,.F.,(4,1,4),(2,
2),(0.,0.0246589750088163,0.0574288044240876),(0.,0.02),.UNSPECIFIED.);
#4821=B_SPLINE_SURFACE_WITH_KNOTS('',3,1,((#8542,#8543),(#8544,#8545),(#8546,
#8547),(#8548,#8549),(#8550,#8551)),.UNSPECIFIED.,.F.,.F.,.F.,(4,1,4),(2,
2),(0.,0.0212690874836977,0.0418436563418107),(0.,0.02),.UNSPECIFIED.);
#4822=B_SPLINE_SURFACE_WITH_KNOTS('',3,1,((#8565,#8566),(#8567,#8568),(#8569,
#8570),(#8571,#8572),(#8573,#8574)),.UNSPECIFIED.,.F.,.F.,.F.,(4,1,4),(2,
2),(0.,0.0216051326258258,0.0433837499644386),(0.,0.02),.UNSPECIFIED.);
#4823=B_SPLINE_SURFACE_WITH_KNOTS('',3,1,((#8588,#8589),(#8590,#8591),(#8592,
#8593),(#8594,#8595),(#8596,#8597)),.UNSPECIFIED.,.F.,.F.,.F.,(4,1,4),(2,
2),(0.,0.0187155130803987,0.0392297795322478),(0.,0.02),.UNSPECIFIED.);
#4824=B_SPLINE_SURFACE_WITH_KNOTS('',3,1,((#8611,#8612),(#8613,#8614),(#8615,
#8616),(#8617,#8618),(#8619,#8620)),.UNSPECIFIED.,.F.,.F.,.F.,(4,1,4),(2,
2),(0.,0.018742874225806,0.03681343711012),(0.,0.02),.UNSPECIFIED.);
#4825=B_SPLINE_SURFACE_WITH_KNOTS('',3,1,((#8634,#8635),(#8636,#8637),(#8638,
#8639),(#8640,#8641),(#8642,#8643)),.UNSPECIFIED.,.F.,.F.,.F.,(4,1,4),(2,
2),(0.,0.0322052048541887,0.0519789644336261),(0.,0.02),.UNSPECIFIED.);
#4826=B_SPLINE_SURFACE_WITH_KNOTS('',3,1,((#8675,#8676),(#8677,#8678),(#8679,
#8680),(#8681,#8682),(#8683,#8684)),.UNSPECIFIED.,.F.,.F.,.F.,(4,1,4),(2,
2),(0.,0.0188252960559579,0.0459844468905975),(0.,0.02),.UNSPECIFIED.);
#4827=B_SPLINE_SURFACE_WITH_KNOTS('',3,1,((#8698,#8699),(#8700,#8701),(#8702,
#8703),(#8704,#8705),(#8706,#8707)),.UNSPECIFIED.,.F.,.F.,.F.,(4,1,4),(2,
2),(0.,0.0189155662877464,0.0396761454415789),(0.,0.02),.UNSPECIFIED.);
#4828=B_SPLINE_SURFACE_WITH_KNOTS('',3,1,((#8721,#8722),(#8723,#8724),(#8725,
#8726),(#8727,#8728),(#8729,#8730)),.UNSPECIFIED.,.F.,.F.,.F.,(4,1,4),(2,
2),(0.,0.0223194403300612,0.0415888681622462),(0.,0.02),.UNSPECIFIED.);
#4829=B_SPLINE_SURFACE_WITH_KNOTS('',3,1,((#8744,#8745),(#8746,#8747),(#8748,
#8749),(#8750,#8751),(#8752,#8753)),.UNSPECIFIED.,.F.,.F.,.F.,(4,1,4),(2,
2),(0.,0.0249166624804382,0.0491534574767369),(0.,0.02),.UNSPECIFIED.);
#4830=B_SPLINE_SURFACE_WITH_KNOTS('',3,1,((#8767,#8768),(#8769,#8770),(#8771,
#8772),(#8773,#8774),(#8775,#8776)),.UNSPECIFIED.,.F.,.F.,.F.,(4,1,4),(2,
2),(0.,0.0543062821923386,0.107781328193758),(0.,0.02),.UNSPECIFIED.);
#4831=B_SPLINE_SURFACE_WITH_KNOTS('',3,1,((#8800,#8801),(#8802,#8803),(#8804,
#8805),(#8806,#8807),(#8808,#8809)),.UNSPECIFIED.,.F.,.F.,.F.,(4,1,4),(2,
2),(0.,0.0531685764836824,0.10621046939181),(0.,0.02),.UNSPECIFIED.);
#4832=B_SPLINE_SURFACE_WITH_KNOTS('',3,1,((#8826,#8827),(#8828,#8829),(#8830,
#8831),(#8832,#8833),(#8834,#8835)),.UNSPECIFIED.,.F.,.F.,.F.,(4,1,4),(2,
2),(0.,0.0369327097041394,0.0748847276623235),(0.,0.02),.UNSPECIFIED.);
#4833=B_SPLINE_SURFACE_WITH_KNOTS('',3,1,((#8849,#8850),(#8851,#8852),(#8853,
#8854),(#8855,#8856),(#8857,#8858)),.UNSPECIFIED.,.F.,.F.,.F.,(4,1,4),(2,
2),(0.,0.0381918866435196,0.0751413393390444),(0.,0.02),.UNSPECIFIED.);
#4834=B_SPLINE_SURFACE_WITH_KNOTS('',3,1,((#8872,#8873),(#8874,#8875),(#8876,
#8877),(#8878,#8879),(#8880,#8881)),.UNSPECIFIED.,.F.,.F.,.F.,(4,1,4),(2,
2),(0.,0.0459224796618699,0.0873452682717938),(0.,0.02),.UNSPECIFIED.);
#4835=B_SPLINE_SURFACE_WITH_KNOTS('',3,1,((#8895,#8896),(#8897,#8898),(#8899,
#8900),(#8901,#8902),(#8903,#8904)),.UNSPECIFIED.,.F.,.F.,.F.,(4,1,4),(2,
2),(0.,0.058489235375737,0.127584213929608),(0.,0.02),.UNSPECIFIED.);
#4836=B_SPLINE_SURFACE_WITH_KNOTS('',3,1,((#8918,#8919),(#8920,#8921),(#8922,
#8923),(#8924,#8925),(#8926,#8927)),.UNSPECIFIED.,.F.,.F.,.F.,(4,1,4),(2,
2),(0.,0.0554716864105456,0.109508008761733),(0.,0.02),.UNSPECIFIED.);
#4837=B_SPLINE_SURFACE_WITH_KNOTS('',3,1,((#8941,#8942),(#8943,#8944),(#8945,
#8946),(#8947,#8948),(#8949,#8950)),.UNSPECIFIED.,.F.,.F.,.F.,(4,1,4),(2,
2),(0.,0.0538022229419613,0.108517770535321),(0.,0.02),.UNSPECIFIED.);
#4838=B_SPLINE_SURFACE_WITH_KNOTS('',3,1,((#8964,#8965),(#8966,#8967),(#8968,
#8969),(#8970,#8971),(#8972,#8973)),.UNSPECIFIED.,.F.,.F.,.F.,(4,1,4),(2,
2),(0.,0.065358501620706,0.122623295377612),(0.,0.02),.UNSPECIFIED.);
#4839=B_SPLINE_SURFACE_WITH_KNOTS('',3,1,((#8987,#8988),(#8989,#8990),(#8991,
#8992),(#8993,#8994),(#8995,#8996)),.UNSPECIFIED.,.F.,.F.,.F.,(4,1,4),(2,
2),(0.,0.0598273593520951,0.137874950974825),(0.,0.02),.UNSPECIFIED.);
#4840=B_SPLINE_SURFACE_WITH_KNOTS('',3,1,((#9007,#9008),(#9009,#9010),(#9011,
#9012),(#9013,#9014),(#9015,#9016)),.UNSPECIFIED.,.F.,.F.,.F.,(4,1,4),(2,
2),(0.,0.050682568289843,0.101517605185041),(0.,0.02),.UNSPECIFIED.);
#4841=B_SPLINE_SURFACE_WITH_KNOTS('',3,1,((#9033,#9034),(#9035,#9036),(#9037,
#9038),(#9039,#9040),(#9041,#9042)),.UNSPECIFIED.,.F.,.F.,.F.,(4,1,4),(2,
2),(0.,0.0539121413523234,0.105610781513174),(0.,0.02),.UNSPECIFIED.);
#4842=B_SPLINE_SURFACE_WITH_KNOTS('',3,1,((#9056,#9057),(#9058,#9059),(#9060,
#9061),(#9062,#9063),(#9064,#9065)),.UNSPECIFIED.,.F.,.F.,.F.,(4,1,4),(2,
2),(0.,0.0503255368792334,0.10104370277379),(0.,0.02),.UNSPECIFIED.);
#4843=B_SPLINE_SURFACE_WITH_KNOTS('',3,1,((#9079,#9080),(#9081,#9082),(#9083,
#9084),(#9085,#9086),(#9087,#9088)),.UNSPECIFIED.,.F.,.F.,.F.,(4,1,4),(2,
2),(0.,0.0515794049342273,0.101820402282571),(0.,0.02),.UNSPECIFIED.);
#4844=B_SPLINE_SURFACE_WITH_KNOTS('',3,1,((#9102,#9103),(#9104,#9105),(#9106,
#9107),(#9108,#9109),(#9110,#9111)),.UNSPECIFIED.,.F.,.F.,.F.,(4,1,4),(2,
2),(0.,0.0579658530140974,0.11240380573104),(0.,0.02),.UNSPECIFIED.);
#4845=B_SPLINE_SURFACE_WITH_KNOTS('',3,1,((#9125,#9126),(#9127,#9128),(#9129,
#9130),(#9131,#9132),(#9133,#9134)),.UNSPECIFIED.,.F.,.F.,.F.,(4,1,4),(2,
2),(0.,0.0534561327589062,0.110609802981519),(0.,0.02),.UNSPECIFIED.);
#4846=B_SPLINE_SURFACE_WITH_KNOTS('',3,1,((#9148,#9149),(#9150,#9151),(#9152,
#9153),(#9154,#9155),(#9156,#9157)),.UNSPECIFIED.,.F.,.F.,.F.,(4,1,4),(2,
2),(0.,0.0503949783903138,0.101316944815853),(0.,0.02),.UNSPECIFIED.);
#4847=B_SPLINE_SURFACE_WITH_KNOTS('',3,1,((#9171,#9172),(#9173,#9174),(#9175,
#9176),(#9177,#9178),(#9179,#9180)),.UNSPECIFIED.,.F.,.F.,.F.,(4,1,4),(2,
2),(0.,0.0530743574598029,0.104281459805922),(0.,0.02),.UNSPECIFIED.);
#4848=B_SPLINE_SURFACE_WITH_KNOTS('',3,1,((#9194,#9195),(#9196,#9197),(#9198,
#9199),(#9200,#9201),(#9202,#9203)),.UNSPECIFIED.,.F.,.F.,.F.,(4,1,4),(2,
2),(0.,0.0744171638784141,0.152505759248252),(0.,0.02),.UNSPECIFIED.);
#4849=B_SPLINE_SURFACE_WITH_KNOTS('',3,1,((#9217,#9218),(#9219,#9220),(#9221,
#9222),(#9223,#9224),(#9225,#9226)),.UNSPECIFIED.,.F.,.F.,.F.,(4,1,4),(2,
2),(0.,0.0897800379015889,0.168001577637219),(0.,0.02),.UNSPECIFIED.);
#4850=B_SPLINE_SURFACE_WITH_KNOTS('',3,1,((#9240,#9241),(#9242,#9243),(#9244,
#9245),(#9246,#9247),(#9248,#9249)),.UNSPECIFIED.,.F.,.F.,.F.,(4,1,4),(2,
2),(0.,0.0515197903310221,0.103134873158703),(0.,0.02),.UNSPECIFIED.);
#4851=ADVANCED_FACE('',(#252),#4728,.F.);
#4852=ADVANCED_FACE('',(#253),#4729,.F.);
#4853=ADVANCED_FACE('',(#254),#4730,.F.);
#4854=ADVANCED_FACE('',(#255),#4731,.F.);
#4855=ADVANCED_FACE('',(#256),#4732,.F.);
#4856=ADVANCED_FACE('',(#257),#4733,.F.);
#4857=ADVANCED_FACE('',(#258),#4734,.F.);
#4858=ADVANCED_FACE('',(#259),#4735,.F.);
#4859=ADVANCED_FACE('',(#260),#4736,.F.);
#4860=ADVANCED_FACE('',(#261),#4737,.F.);
#4861=ADVANCED_FACE('',(#262),#4738,.F.);
#4862=ADVANCED_FACE('',(#263),#4739,.F.);
#4863=ADVANCED_FACE('',(#264),#4740,.F.);
#4864=ADVANCED_FACE('',(#265),#4741,.F.);
#4865=ADVANCED_FACE('',(#266),#123,.F.);
#4866=ADVANCED_FACE('',(#267),#4742,.F.);
#4867=ADVANCED_FACE('',(#268),#4743,.F.);
#4868=ADVANCED_FACE('',(#269),#4744,.F.);
#4869=ADVANCED_FACE('',(#270),#4745,.F.);
#4870=ADVANCED_FACE('',(#271),#4746,.F.);
#4871=ADVANCED_FACE('',(#272),#4747,.F.);
#4872=ADVANCED_FACE('',(#273),#4748,.F.);
#4873=ADVANCED_FACE('',(#274),#4749,.F.);
#4874=ADVANCED_FACE('',(#275),#4750,.F.);
#4875=ADVANCED_FACE('',(#276),#4751,.F.);
#4876=ADVANCED_FACE('',(#277),#4752,.F.);
#4877=ADVANCED_FACE('',(#278),#4753,.F.);
#4878=ADVANCED_FACE('',(#279),#4754,.F.);
#4879=ADVANCED_FACE('',(#280),#4755,.F.);
#4880=ADVANCED_FACE('',(#281),#4756,.F.);
#4881=ADVANCED_FACE('',(#282),#4757,.F.);
#4882=ADVANCED_FACE('',(#283),#124,.F.);
#4883=ADVANCED_FACE('',(#284),#4758,.F.);
#4884=ADVANCED_FACE('',(#285),#125,.T.);
#4885=ADVANCED_FACE('',(#286),#126,.F.);
#4886=ADVANCED_FACE('',(#287),#127,.F.);
#4887=ADVANCED_FACE('',(#288),#128,.F.);
#4888=ADVANCED_FACE('',(#289),#129,.F.);
#4889=ADVANCED_FACE('',(#290),#130,.F.);
#4890=ADVANCED_FACE('',(#291),#131,.F.);
#4891=ADVANCED_FACE('',(#292),#132,.F.);
#4892=ADVANCED_FACE('',(#293),#133,.F.);
#4893=ADVANCED_FACE('',(#294),#134,.F.);
#4894=ADVANCED_FACE('',(#295),#135,.F.);
#4895=ADVANCED_FACE('',(#296),#136,.F.);
#4896=ADVANCED_FACE('',(#297),#137,.F.);
#4897=ADVANCED_FACE('',(#298),#4759,.F.);
#4898=ADVANCED_FACE('',(#299),#4760,.F.);
#4899=ADVANCED_FACE('',(#300),#4761,.F.);
#4900=ADVANCED_FACE('',(#301),#4762,.F.);
#4901=ADVANCED_FACE('',(#302),#4763,.F.);
#4902=ADVANCED_FACE('',(#303),#4764,.F.);
#4903=ADVANCED_FACE('',(#304),#4765,.F.);
#4904=ADVANCED_FACE('',(#305),#4766,.F.);
#4905=ADVANCED_FACE('',(#306),#4767,.F.);
#4906=ADVANCED_FACE('',(#307),#138,.F.);
#4907=ADVANCED_FACE('',(#308),#139,.F.);
#4908=ADVANCED_FACE('',(#309),#4768,.F.);
#4909=ADVANCED_FACE('',(#310),#4769,.F.);
#4910=ADVANCED_FACE('',(#311),#140,.F.);
#4911=ADVANCED_FACE('',(#312),#4770,.F.);
#4912=ADVANCED_FACE('',(#313),#4771,.F.);
#4913=ADVANCED_FACE('',(#314),#4772,.F.);
#4914=ADVANCED_FACE('',(#315),#4773,.F.);
#4915=ADVANCED_FACE('',(#316),#4774,.F.);
#4916=ADVANCED_FACE('',(#317),#4775,.F.);
#4917=ADVANCED_FACE('',(#318),#4776,.F.);
#4918=ADVANCED_FACE('',(#319),#141,.F.);
#4919=ADVANCED_FACE('',(#320),#4777,.F.);
#4920=ADVANCED_FACE('',(#321),#4778,.F.);
#4921=ADVANCED_FACE('',(#322),#4779,.F.);
#4922=ADVANCED_FACE('',(#323),#4780,.F.);
#4923=ADVANCED_FACE('',(#324),#4781,.F.);
#4924=ADVANCED_FACE('',(#325),#4782,.F.);
#4925=ADVANCED_FACE('',(#326),#4783,.F.);
#4926=ADVANCED_FACE('',(#327),#4784,.F.);
#4927=ADVANCED_FACE('',(#328),#4785,.F.);
#4928=ADVANCED_FACE('',(#329),#4786,.F.);
#4929=ADVANCED_FACE('',(#330),#4787,.F.);
#4930=ADVANCED_FACE('',(#331),#4788,.F.);
#4931=ADVANCED_FACE('',(#332),#4789,.F.);
#4932=ADVANCED_FACE('',(#333),#4790,.F.);
#4933=ADVANCED_FACE('',(#334),#4791,.F.);
#4934=ADVANCED_FACE('',(#335,#89),#142,.T.);
#4935=ADVANCED_FACE('',(#336),#143,.F.);
#4936=ADVANCED_FACE('',(#337),#4792,.F.);
#4937=ADVANCED_FACE('',(#338),#4793,.F.);
#4938=ADVANCED_FACE('',(#339),#4794,.F.);
#4939=ADVANCED_FACE('',(#340),#4795,.F.);
#4940=ADVANCED_FACE('',(#341),#4796,.F.);
#4941=ADVANCED_FACE('',(#342),#144,.F.);
#4942=ADVANCED_FACE('',(#343),#145,.F.);
#4943=ADVANCED_FACE('',(#344),#146,.F.);
#4944=ADVANCED_FACE('',(#345),#147,.F.);
#4945=ADVANCED_FACE('',(#346),#4797,.F.);
#4946=ADVANCED_FACE('',(#347),#4798,.F.);
#4947=ADVANCED_FACE('',(#348),#4799,.F.);
#4948=ADVANCED_FACE('',(#349),#4800,.F.);
#4949=ADVANCED_FACE('',(#350),#4801,.F.);
#4950=ADVANCED_FACE('',(#351),#4802,.F.);
#4951=ADVANCED_FACE('',(#352),#148,.F.);
#4952=ADVANCED_FACE('',(#353),#149,.F.);
#4953=ADVANCED_FACE('',(#354),#150,.F.);
#4954=ADVANCED_FACE('',(#355,#90),#151,.T.);
#4955=ADVANCED_FACE('',(#356),#4803,.F.);
#4956=ADVANCED_FACE('',(#357),#4804,.F.);
#4957=ADVANCED_FACE('',(#358),#4805,.F.);
#4958=ADVANCED_FACE('',(#359),#4806,.F.);
#4959=ADVANCED_FACE('',(#360),#4807,.F.);
#4960=ADVANCED_FACE('',(#361),#4808,.F.);
#4961=ADVANCED_FACE('',(#362),#4809,.F.);
#4962=ADVANCED_FACE('',(#363),#4810,.F.);
#4963=ADVANCED_FACE('',(#364),#152,.F.);
#4964=ADVANCED_FACE('',(#365),#153,.F.);
#4965=ADVANCED_FACE('',(#366),#154,.F.);
#4966=ADVANCED_FACE('',(#367),#4811,.F.);
#4967=ADVANCED_FACE('',(#368),#4812,.F.);
#4968=ADVANCED_FACE('',(#369),#4813,.F.);
#4969=ADVANCED_FACE('',(#370),#4814,.F.);
#4970=ADVANCED_FACE('',(#371),#4815,.F.);
#4971=ADVANCED_FACE('',(#372),#4816,.F.);
#4972=ADVANCED_FACE('',(#373),#4817,.F.);
#4973=ADVANCED_FACE('',(#374),#4818,.F.);
#4974=ADVANCED_FACE('',(#375),#4819,.F.);
#4975=ADVANCED_FACE('',(#376),#155,.F.);
#4976=ADVANCED_FACE('',(#377),#156,.F.);
#4977=ADVANCED_FACE('',(#378,#91),#157,.T.);
#4978=ADVANCED_FACE('',(#379),#158,.F.);
#4979=ADVANCED_FACE('',(#380),#159,.F.);
#4980=ADVANCED_FACE('',(#381),#160,.F.);
#4981=ADVANCED_FACE('',(#382),#4820,.F.);
#4982=ADVANCED_FACE('',(#383),#4821,.F.);
#4983=ADVANCED_FACE('',(#384),#4822,.F.);
#4984=ADVANCED_FACE('',(#385),#4823,.F.);
#4985=ADVANCED_FACE('',(#386),#4824,.F.);
#4986=ADVANCED_FACE('',(#387),#4825,.F.);
#4987=ADVANCED_FACE('',(#388),#161,.F.);
#4988=ADVANCED_FACE('',(#389),#162,.F.);
#4989=ADVANCED_FACE('',(#390),#163,.F.);
#4990=ADVANCED_FACE('',(#391),#4826,.F.);
#4991=ADVANCED_FACE('',(#392),#4827,.F.);
#4992=ADVANCED_FACE('',(#393),#4828,.F.);
#4993=ADVANCED_FACE('',(#394),#4829,.F.);
#4994=ADVANCED_FACE('',(#395),#4830,.F.);
#4995=ADVANCED_FACE('',(#396),#164,.F.);
#4996=ADVANCED_FACE('',(#397),#165,.F.);
#4997=ADVANCED_FACE('',(#398),#166,.T.);
#4998=ADVANCED_FACE('',(#399),#4831,.F.);
#4999=ADVANCED_FACE('',(#400),#4832,.F.);
#5000=ADVANCED_FACE('',(#401),#4833,.F.);
#5001=ADVANCED_FACE('',(#402),#4834,.F.);
#5002=ADVANCED_FACE('',(#403),#4835,.F.);
#5003=ADVANCED_FACE('',(#404),#4836,.F.);
#5004=ADVANCED_FACE('',(#405),#4837,.F.);
#5005=ADVANCED_FACE('',(#406),#4838,.F.);
#5006=ADVANCED_FACE('',(#407),#4839,.F.);
#5007=ADVANCED_FACE('',(#408),#4840,.F.);
#5008=ADVANCED_FACE('',(#409),#4841,.F.);
#5009=ADVANCED_FACE('',(#410),#4842,.F.);
#5010=ADVANCED_FACE('',(#411),#4843,.F.);
#5011=ADVANCED_FACE('',(#412),#4844,.F.);
#5012=ADVANCED_FACE('',(#413),#4845,.F.);
#5013=ADVANCED_FACE('',(#414),#4846,.F.);
#5014=ADVANCED_FACE('',(#415),#4847,.F.);
#5015=ADVANCED_FACE('',(#416),#4848,.F.);
#5016=ADVANCED_FACE('',(#417),#4849,.F.);
#5017=ADVANCED_FACE('',(#418),#4850,.F.);
#5018=ADVANCED_FACE('',(#419,#92),#167,.T.);
#5019=ADVANCED_FACE('',(#420,#93,#94,#95,#96,#97,#98,#99,#100),#168,.T.);
#5020=ADVANCED_FACE('',(#421),#169,.T.);
#5021=ADVANCED_FACE('',(#422),#170,.T.);
#5022=ADVANCED_FACE('',(#423),#171,.T.);
#5023=ADVANCED_FACE('',(#424),#172,.T.);
#5024=ADVANCED_FACE('',(#425),#173,.T.);
#5025=ADVANCED_FACE('',(#426),#174,.T.);
#5026=ADVANCED_FACE('',(#427),#175,.T.);
#5027=ADVANCED_FACE('',(#428),#176,.T.);
#5028=ADVANCED_FACE('',(#429),#177,.T.);
#5029=ADVANCED_FACE('',(#430),#178,.T.);
#5030=ADVANCED_FACE('',(#431),#179,.T.);
#5031=ADVANCED_FACE('',(#432),#180,.T.);
#5032=ADVANCED_FACE('',(#433),#181,.T.);
#5033=ADVANCED_FACE('',(#434),#182,.T.);
#5034=ADVANCED_FACE('',(#435),#183,.T.);
#5035=ADVANCED_FACE('',(#436),#184,.T.);
#5036=ADVANCED_FACE('',(#437),#185,.T.);
#5037=ADVANCED_FACE('',(#438),#186,.T.);
#5038=ADVANCED_FACE('',(#439),#187,.T.);
#5039=ADVANCED_FACE('',(#440),#188,.T.);
#5040=ADVANCED_FACE('',(#441),#189,.T.);
#5041=ADVANCED_FACE('',(#442),#190,.T.);
#5042=ADVANCED_FACE('',(#443),#191,.T.);
#5043=ADVANCED_FACE('',(#444),#192,.T.);
#5044=ADVANCED_FACE('',(#445),#193,.T.);
#5045=ADVANCED_FACE('',(#446),#194,.T.);
#5046=ADVANCED_FACE('',(#447,#101,#102,#103,#104),#195,.T.);
#5047=ADVANCED_FACE('',(#448),#196,.T.);
#5048=ADVANCED_FACE('',(#449),#17,.F.);
#5049=ADVANCED_FACE('',(#450),#18,.F.);
#5050=ADVANCED_FACE('',(#451),#19,.F.);
#5051=ADVANCED_FACE('',(#452),#20,.F.);
#5052=ADVANCED_FACE('',(#453),#197,.T.);
#5053=ADVANCED_FACE('',(#454),#198,.T.);
#5054=ADVANCED_FACE('',(#455),#199,.T.);
#5055=ADVANCED_FACE('',(#456),#200,.T.);
#5056=ADVANCED_FACE('',(#457),#201,.T.);
#5057=ADVANCED_FACE('',(#458),#202,.T.);
#5058=ADVANCED_FACE('',(#459),#203,.T.);
#5059=ADVANCED_FACE('',(#460),#204,.T.);
#5060=ADVANCED_FACE('',(#461),#205,.T.);
#5061=ADVANCED_FACE('',(#462),#206,.T.);
#5062=ADVANCED_FACE('',(#463),#207,.T.);
#5063=ADVANCED_FACE('',(#464),#208,.T.);
#5064=ADVANCED_FACE('',(#465),#209,.T.);
#5065=ADVANCED_FACE('',(#466),#210,.T.);
#5066=ADVANCED_FACE('',(#467),#211,.T.);
#5067=ADVANCED_FACE('',(#468),#212,.T.);
#5068=ADVANCED_FACE('',(#469),#213,.T.);
#5069=ADVANCED_FACE('',(#470),#214,.T.);
#5070=ADVANCED_FACE('',(#471),#215,.T.);
#5071=ADVANCED_FACE('',(#472),#216,.T.);
#5072=ADVANCED_FACE('',(#473),#217,.T.);
#5073=ADVANCED_FACE('',(#474),#218,.T.);
#5074=ADVANCED_FACE('',(#475,#105,#106,#107,#108,#109,#110,#111,#112,#113),
#219,.F.);
#5075=ADVANCED_FACE('',(#476),#220,.T.);
#5076=ADVANCED_FACE('',(#477),#221,.T.);
#5077=ADVANCED_FACE('',(#478),#222,.T.);
#5078=ADVANCED_FACE('',(#479),#223,.T.);
#5079=ADVANCED_FACE('',(#480),#224,.T.);
#5080=ADVANCED_FACE('',(#481),#225,.T.);
#5081=ADVANCED_FACE('',(#482),#226,.T.);
#5082=ADVANCED_FACE('',(#483),#227,.T.);
#5083=ADVANCED_FACE('',(#484),#228,.T.);
#5084=ADVANCED_FACE('',(#485),#229,.T.);
#5085=ADVANCED_FACE('',(#486),#230,.T.);
#5086=ADVANCED_FACE('',(#487),#231,.T.);
#5087=ADVANCED_FACE('',(#488),#21,.F.);
#5088=ADVANCED_FACE('',(#489),#232,.T.);
#5089=ADVANCED_FACE('',(#490),#22,.F.);
#5090=ADVANCED_FACE('',(#491),#233,.T.);
#5091=ADVANCED_FACE('',(#492),#23,.F.);
#5092=ADVANCED_FACE('',(#493),#234,.T.);
#5093=ADVANCED_FACE('',(#494),#24,.F.);
#5094=ADVANCED_FACE('',(#495),#235,.T.);
#5095=ADVANCED_FACE('',(#496),#25,.F.);
#5096=ADVANCED_FACE('',(#497),#236,.T.);
#5097=ADVANCED_FACE('',(#498),#26,.F.);
#5098=ADVANCED_FACE('',(#499),#237,.T.);
#5099=ADVANCED_FACE('',(#500),#27,.F.);
#5100=ADVANCED_FACE('',(#501),#238,.T.);
#5101=ADVANCED_FACE('',(#502),#28,.F.);
#5102=ADVANCED_FACE('',(#503),#239,.T.);
#5103=ADVANCED_FACE('',(#504),#29,.F.);
#5104=ADVANCED_FACE('',(#505),#30,.F.);
#5105=ADVANCED_FACE('',(#506),#31,.F.);
#5106=ADVANCED_FACE('',(#507),#240,.T.);
#5107=ADVANCED_FACE('',(#508),#32,.F.);
#5108=ADVANCED_FACE('',(#509),#241,.T.);
#5109=ADVANCED_FACE('',(#510),#33,.F.);
#5110=ADVANCED_FACE('',(#511),#242,.T.);
#5111=ADVANCED_FACE('',(#512),#34,.F.);
#5112=ADVANCED_FACE('',(#513),#243,.T.);
#5113=ADVANCED_FACE('',(#514),#35,.F.);
#5114=ADVANCED_FACE('',(#515),#244,.T.);
#5115=ADVANCED_FACE('',(#516),#36,.F.);
#5116=ADVANCED_FACE('',(#517),#245,.T.);
#5117=ADVANCED_FACE('',(#518),#37,.F.);
#5118=ADVANCED_FACE('',(#519),#246,.T.);
#5119=ADVANCED_FACE('',(#520),#38,.F.);
#5120=ADVANCED_FACE('',(#521),#247,.T.);
#5121=ADVANCED_FACE('',(#522),#39,.F.);
#5122=ADVANCED_FACE('',(#523),#40,.F.);
#5123=ADVANCED_FACE('',(#524),#248,.T.);
#5124=ADVANCED_FACE('',(#525),#249,.T.);
#5125=ADVANCED_FACE('',(#526),#250,.T.);
#5126=ADVANCED_FACE('',(#527,#114,#115,#116,#117,#118,#119,#120,#121,#122),
#251,.T.);
#5127=CLOSED_SHELL('',(#4851,#4852,#4853,#4854,#4855,#4856,#4857,#4858,
#4859,#4860,#4861,#4862,#4863,#4864,#4865,#4866,#4867,#4868,#4869,#4870,
#4871,#4872,#4873,#4874,#4875,#4876,#4877,#4878,#4879,#4880,#4881,#4882,
#4883,#4884,#4885,#4886,#4887,#4888,#4889,#4890,#4891,#4892,#4893,#4894,
#4895,#4896,#4897,#4898,#4899,#4900,#4901,#4902,#4903,#4904,#4905,#4906,
#4907,#4908,#4909,#4910,#4911,#4912,#4913,#4914,#4915,#4916,#4917,#4918,
#4919,#4920,#4921,#4922,#4923,#4924,#4925,#4926,#4927,#4928,#4929,#4930,
#4931,#4932,#4933,#4934,#4935,#4936,#4937,#4938,#4939,#4940,#4941,#4942,
#4943,#4944,#4945,#4946,#4947,#4948,#4949,#4950,#4951,#4952,#4953,#4954,
#4955,#4956,#4957,#4958,#4959,#4960,#4961,#4962,#4963,#4964,#4965,#4966,
#4967,#4968,#4969,#4970,#4971,#4972,#4973,#4974,#4975,#4976,#4977,#4978,
#4979,#4980,#4981,#4982,#4983,#4984,#4985,#4986,#4987,#4988,#4989,#4990,
#4991,#4992,#4993,#4994,#4995,#4996,#4997,#4998,#4999,#5000,#5001,#5002,
#5003,#5004,#5005,#5006,#5007,#5008,#5009,#5010,#5011,#5012,#5013,#5014,
#5015,#5016,#5017,#5018,#5019,#5020,#5021,#5022,#5023,#5024,#5025,#5026,
#5027,#5028,#5029,#5030,#5031,#5032,#5033,#5034,#5035,#5036,#5037,#5038,
#5039,#5040,#5041,#5042,#5043,#5044,#5045,#5046,#5047,#5048,#5049,#5050,
#5051,#5052,#5053,#5054,#5055,#5056,#5057,#5058,#5059,#5060,#5061,#5062,
#5063,#5064));
#5128=CLOSED_SHELL('',(#5065,#5066,#5067,#5068,#5069,#5070,#5071,#5072,
#5073,#5074,#5075,#5076,#5077,#5078,#5079,#5080,#5081,#5082,#5083,#5084,
#5085,#5086,#5087,#5088,#5089,#5090,#5091,#5092,#5093,#5094,#5095,#5096,
#5097,#5098,#5099,#5100,#5101,#5102,#5103,#5104,#5105,#5106,#5107,#5108,
#5109,#5110,#5111,#5112,#5113,#5114,#5115,#5116,#5117,#5118,#5119,#5120,
#5121,#5122,#5123,#5124,#5125,#5126));
#5129=DERIVED_UNIT_ELEMENT(#5131,1.);
#5130=DERIVED_UNIT_ELEMENT(#9814,-3.);
#5131=(
MASS_UNIT()
NAMED_UNIT(*)
SI_UNIT(.KILO.,.GRAM.)
);
#5132=DERIVED_UNIT((#5129,#5130));
#5133=MEASURE_REPRESENTATION_ITEM('density measure',
POSITIVE_RATIO_MEASURE(7850.),#5132);
#5134=PROPERTY_DEFINITION_REPRESENTATION(#5139,#5136);
#5135=PROPERTY_DEFINITION_REPRESENTATION(#5140,#5137);
#5136=REPRESENTATION('material name',(#5138),#9811);
#5137=REPRESENTATION('density',(#5133),#9811);
#5138=DESCRIPTIVE_REPRESENTATION_ITEM('Steel','Steel');
#5139=PROPERTY_DEFINITION('material property','material name',#9821);
#5140=PROPERTY_DEFINITION('material property','density of part',#9821);
#5141=AXIS2_PLACEMENT_3D('',#6201,#5343,#5344);
#5142=AXIS2_PLACEMENT_3D('',#6527,#5360,#5361);
#5143=AXIS2_PLACEMENT_3D('',#6901,#5381,#5382);
#5144=AXIS2_PLACEMENT_3D('',#6927,#5386,#5387);
#5145=AXIS2_PLACEMENT_3D('',#6928,#5388,#5389);
#5146=AXIS2_PLACEMENT_3D('',#6937,#5394,#5395);
#5147=AXIS2_PLACEMENT_3D('',#6943,#5399,#5400);
#5148=AXIS2_PLACEMENT_3D('',#6949,#5404,#5405);
#5149=AXIS2_PLACEMENT_3D('',#6955,#5409,#5410);
#5150=AXIS2_PLACEMENT_3D('',#6961,#5414,#5415);
#5151=AXIS2_PLACEMENT_3D('',#6964,#5418,#5419);
#5152=AXIS2_PLACEMENT_3D('',#6965,#5420,#5421);
#5153=AXIS2_PLACEMENT_3D('',#6974,#5426,#5427);
#5154=AXIS2_PLACEMENT_3D('',#6980,#5431,#5432);
#5155=AXIS2_PLACEMENT_3D('',#6986,#5436,#5437);
#5156=AXIS2_PLACEMENT_3D('',#6989,#5440,#5441);
#5157=AXIS2_PLACEMENT_3D('',#7200,#5452,#5453);
#5158=AXIS2_PLACEMENT_3D('',#7203,#5456,#5457);
#5159=AXIS2_PLACEMENT_3D('',#7258,#5464,#5465);
#5160=AXIS2_PLACEMENT_3D('',#7425,#5476,#5477);
#5161=AXIS2_PLACEMENT_3D('',#7773,#5495,#5496);
#5162=AXIS2_PLACEMENT_3D('',#7774,#5497,#5498);
#5163=AXIS2_PLACEMENT_3D('',#7898,#5508,#5509);
#5164=AXIS2_PLACEMENT_3D('',#7904,#5513,#5514);
#5165=AXIS2_PLACEMENT_3D('',#7907,#5517,#5518);
#5166=AXIS2_PLACEMENT_3D('',#7916,#5523,#5524);
#5167=AXIS2_PLACEMENT_3D('',#8060,#5534,#5535);
#5168=AXIS2_PLACEMENT_3D('',#8066,#5539,#5540);
#5169=AXIS2_PLACEMENT_3D('',#8072,#5544,#5545);
#5170=AXIS2_PLACEMENT_3D('',#8075,#5548,#5549);
#5171=AXIS2_PLACEMENT_3D('',#8260,#5558,#5559);
#5172=AXIS2_PLACEMENT_3D('',#8269,#5564,#5565);
#5173=AXIS2_PLACEMENT_3D('',#8275,#5569,#5570);
#5174=AXIS2_PLACEMENT_3D('',#8488,#5583,#5584);
#5175=AXIS2_PLACEMENT_3D('',#8494,#5588,#5589);
#5176=AXIS2_PLACEMENT_3D('',#8497,#5592,#5593);
#5177=AXIS2_PLACEMENT_3D('',#8498,#5594,#5595);
#5178=AXIS2_PLACEMENT_3D('',#8507,#5600,#5601);
#5179=AXIS2_PLACEMENT_3D('',#8513,#5605,#5606);
#5180=AXIS2_PLACEMENT_3D('',#8657,#5616,#5617);
#5181=AXIS2_PLACEMENT_3D('',#8663,#5621,#5622);
#5182=AXIS2_PLACEMENT_3D('',#8669,#5626,#5627);
#5183=AXIS2_PLACEMENT_3D('',#8790,#5636,#5637);
#5184=AXIS2_PLACEMENT_3D('',#8796,#5641,#5642);
#5185=AXIS2_PLACEMENT_3D('',#8799,#5645,#5646);
#5186=AXIS2_PLACEMENT_3D('',#9260,#5667,#5668);
#5187=AXIS2_PLACEMENT_3D('',#9261,#5669,#5670);
#5188=AXIS2_PLACEMENT_3D('',#9278,#5679,#5680);
#5189=AXIS2_PLACEMENT_3D('',#9279,#5681,#5682);
#5190=AXIS2_PLACEMENT_3D('',#9280,#5683,#5684);
#5191=AXIS2_PLACEMENT_3D('',#9281,#5685,#5686);
#5192=AXIS2_PLACEMENT_3D('',#9287,#5690,#5691);
#5193=AXIS2_PLACEMENT_3D('',#9293,#5695,#5696);
#5194=AXIS2_PLACEMENT_3D('',#9299,#5700,#5701);
#5195=AXIS2_PLACEMENT_3D('',#9305,#5705,#5706);
#5196=AXIS2_PLACEMENT_3D('',#9307,#5708,#5709);
#5197=AXIS2_PLACEMENT_3D('',#9313,#5713,#5714);
#5198=AXIS2_PLACEMENT_3D('',#9319,#5718,#5719);
#5199=AXIS2_PLACEMENT_3D('',#9321,#5721,#5722);
#5200=AXIS2_PLACEMENT_3D('',#9327,#5726,#5727);
#5201=AXIS2_PLACEMENT_3D('',#9333,#5731,#5732);
#5202=AXIS2_PLACEMENT_3D('',#9335,#5734,#5735);
#5203=AXIS2_PLACEMENT_3D('',#9341,#5739,#5740);
#5204=AXIS2_PLACEMENT_3D('',#9347,#5744,#5745);
#5205=AXIS2_PLACEMENT_3D('',#9353,#5749,#5750);
#5206=AXIS2_PLACEMENT_3D('',#9359,#5754,#5755);
#5207=AXIS2_PLACEMENT_3D('',#9361,#5757,#5758);
#5208=AXIS2_PLACEMENT_3D('',#9363,#5760,#5761);
#5209=AXIS2_PLACEMENT_3D('',#9367,#5764,#5765);
#5210=AXIS2_PLACEMENT_3D('',#9371,#5768,#5769);
#5211=AXIS2_PLACEMENT_3D('',#9373,#5771,#5772);
#5212=AXIS2_PLACEMENT_3D('',#9375,#5774,#5775);
#5213=AXIS2_PLACEMENT_3D('',#9377,#5777,#5778);
#5214=AXIS2_PLACEMENT_3D('',#9379,#5780,#5781);
#5215=AXIS2_PLACEMENT_3D('',#9392,#5789,#5790);
#5216=AXIS2_PLACEMENT_3D('',#9394,#5791,#5792);
#5217=AXIS2_PLACEMENT_3D('',#9396,#5793,#5794);
#5218=AXIS2_PLACEMENT_3D('',#9398,#5795,#5796);
#5219=AXIS2_PLACEMENT_3D('',#9399,#5797,#5798);
#5220=AXIS2_PLACEMENT_3D('',#9400,#5799,#5800);
#5221=AXIS2_PLACEMENT_3D('',#9403,#5802,#5803);
#5222=AXIS2_PLACEMENT_3D('',#9404,#5804,#5805);
#5223=AXIS2_PLACEMENT_3D('',#9407,#5807,#5808);
#5224=AXIS2_PLACEMENT_3D('',#9408,#5809,#5810);
#5225=AXIS2_PLACEMENT_3D('',#9411,#5812,#5813);
#5226=AXIS2_PLACEMENT_3D('',#9412,#5814,#5815);
#5227=AXIS2_PLACEMENT_3D('',#9415,#5817,#5818);
#5228=AXIS2_PLACEMENT_3D('',#9416,#5819,#5820);
#5229=AXIS2_PLACEMENT_3D('',#9422,#5824,#5825);
#5230=AXIS2_PLACEMENT_3D('',#9426,#5828,#5829);
#5231=AXIS2_PLACEMENT_3D('',#9430,#5832,#5833);
#5232=AXIS2_PLACEMENT_3D('',#9431,#5834,#5835);
#5233=AXIS2_PLACEMENT_3D('',#9432,#5836,#5837);
#5234=AXIS2_PLACEMENT_3D('',#9433,#5838,#5839);
#5235=AXIS2_PLACEMENT_3D('',#9434,#5840,#5841);
#5236=AXIS2_PLACEMENT_3D('',#9435,#5842,#5843);
#5237=AXIS2_PLACEMENT_3D('',#9436,#5844,#5845);
#5238=AXIS2_PLACEMENT_3D('',#9440,#5848,#5849);
#5239=AXIS2_PLACEMENT_3D('',#9444,#5852,#5853);
#5240=AXIS2_PLACEMENT_3D('',#9446,#5855,#5856);
#5241=AXIS2_PLACEMENT_3D('',#9447,#5857,#5858);
#5242=AXIS2_PLACEMENT_3D('',#9456,#5863,#5864);
#5243=AXIS2_PLACEMENT_3D('',#9462,#5868,#5869);
#5244=AXIS2_PLACEMENT_3D('',#9468,#5873,#5874);
#5245=AXIS2_PLACEMENT_3D('',#9474,#5878,#5879);
#5246=AXIS2_PLACEMENT_3D('',#9480,#5883,#5884);
#5247=AXIS2_PLACEMENT_3D('',#9486,#5888,#5889);
#5248=AXIS2_PLACEMENT_3D('',#9492,#5893,#5894);
#5249=AXIS2_PLACEMENT_3D('',#9495,#5897,#5898);
#5250=AXIS2_PLACEMENT_3D('',#9504,#5903,#5904);
#5251=AXIS2_PLACEMENT_3D('',#9535,#5920,#5921);
#5252=AXIS2_PLACEMENT_3D('',#9538,#5922,#5923);
#5253=AXIS2_PLACEMENT_3D('',#9542,#5925,#5926);
#5254=AXIS2_PLACEMENT_3D('',#9546,#5928,#5929);
#5255=AXIS2_PLACEMENT_3D('',#9550,#5931,#5932);
#5256=AXIS2_PLACEMENT_3D('',#9554,#5934,#5935);
#5257=AXIS2_PLACEMENT_3D('',#9558,#5937,#5938);
#5258=AXIS2_PLACEMENT_3D('',#9562,#5940,#5941);
#5259=AXIS2_PLACEMENT_3D('',#9566,#5943,#5944);
#5260=AXIS2_PLACEMENT_3D('',#9569,#5946,#5947);
#5261=AXIS2_PLACEMENT_3D('',#9571,#5948,#5949);
#5262=AXIS2_PLACEMENT_3D('',#9574,#5950,#5951);
#5263=AXIS2_PLACEMENT_3D('',#9578,#5953,#5954);
#5264=AXIS2_PLACEMENT_3D('',#9582,#5956,#5957);
#5265=AXIS2_PLACEMENT_3D('',#9586,#5959,#5960);
#5266=AXIS2_PLACEMENT_3D('',#9589,#5962,#5963);
#5267=AXIS2_PLACEMENT_3D('',#9594,#5965,#5966);
#5268=AXIS2_PLACEMENT_3D('',#9598,#5968,#5969);
#5269=AXIS2_PLACEMENT_3D('',#9602,#5971,#5972);
#5270=AXIS2_PLACEMENT_3D('',#9605,#5974,#5975);
#5271=AXIS2_PLACEMENT_3D('',#9606,#5976,#5977);
#5272=AXIS2_PLACEMENT_3D('',#9610,#5980,#5981);
#5273=AXIS2_PLACEMENT_3D('',#9614,#5984,#5985);
#5274=AXIS2_PLACEMENT_3D('',#9620,#5989,#5990);
#5275=AXIS2_PLACEMENT_3D('',#9624,#5993,#5994);
#5276=AXIS2_PLACEMENT_3D('',#9628,#5997,#5998);
#5277=AXIS2_PLACEMENT_3D('',#9634,#6002,#6003);
#5278=AXIS2_PLACEMENT_3D('',#9638,#6006,#6007);
#5279=AXIS2_PLACEMENT_3D('',#9642,#6010,#6011);
#5280=AXIS2_PLACEMENT_3D('',#9646,#6014,#6015);
#5281=AXIS2_PLACEMENT_3D('',#9650,#6018,#6019);
#5282=AXIS2_PLACEMENT_3D('',#9656,#6023,#6024);
#5283=AXIS2_PLACEMENT_3D('',#9658,#6026,#6027);
#5284=AXIS2_PLACEMENT_3D('',#9662,#6029,#6030);
#5285=AXIS2_PLACEMENT_3D('',#9664,#6032,#6033);
#5286=AXIS2_PLACEMENT_3D('',#9668,#6036,#6037);
#5287=AXIS2_PLACEMENT_3D('',#9670,#6038,#6039);
#5288=AXIS2_PLACEMENT_3D('',#9672,#6041,#6042);
#5289=AXIS2_PLACEMENT_3D('',#9676,#6045,#6046);
#5290=AXIS2_PLACEMENT_3D('',#9678,#6047,#6048);
#5291=AXIS2_PLACEMENT_3D('',#9680,#6050,#6051);
#5292=AXIS2_PLACEMENT_3D('',#9684,#6054,#6055);
#5293=AXIS2_PLACEMENT_3D('',#9686,#6056,#6057);
#5294=AXIS2_PLACEMENT_3D('',#9688,#6059,#6060);
#5295=AXIS2_PLACEMENT_3D('',#9690,#6062,#6063);
#5296=AXIS2_PLACEMENT_3D('',#9692,#6064,#6065);
#5297=AXIS2_PLACEMENT_3D('',#9694,#6067,#6068);
#5298=AXIS2_PLACEMENT_3D('',#9700,#6072,#6073);
#5299=AXIS2_PLACEMENT_3D('',#9702,#6074,#6075);
#5300=AXIS2_PLACEMENT_3D('',#9704,#6077,#6078);
#5301=AXIS2_PLACEMENT_3D('',#9708,#6081,#6082);
#5302=AXIS2_PLACEMENT_3D('',#9710,#6083,#6084);
#5303=AXIS2_PLACEMENT_3D('',#9712,#6086,#6087);
#5304=AXIS2_PLACEMENT_3D('',#9716,#6090,#6091);
#5305=AXIS2_PLACEMENT_3D('',#9718,#6092,#6093);
#5306=AXIS2_PLACEMENT_3D('',#9720,#6095,#6096);
#5307=AXIS2_PLACEMENT_3D('',#9724,#6099,#6100);
#5308=AXIS2_PLACEMENT_3D('',#9725,#6101,#6102);
#5309=AXIS2_PLACEMENT_3D('',#9726,#6103,#6104);
#5310=AXIS2_PLACEMENT_3D('',#9728,#6105,#6106);
#5311=AXIS2_PLACEMENT_3D('',#9730,#6108,#6109);
#5312=AXIS2_PLACEMENT_3D('',#9732,#6110,#6111);
#5313=AXIS2_PLACEMENT_3D('',#9734,#6113,#6114);
#5314=AXIS2_PLACEMENT_3D('',#9740,#6118,#6119);
#5315=AXIS2_PLACEMENT_3D('',#9742,#6120,#6121);
#5316=AXIS2_PLACEMENT_3D('',#9744,#6123,#6124);
#5317=AXIS2_PLACEMENT_3D('',#9748,#6127,#6128);
#5318=AXIS2_PLACEMENT_3D('',#9750,#6129,#6130);
#5319=AXIS2_PLACEMENT_3D('',#9752,#6132,#6133);
#5320=AXIS2_PLACEMENT_3D('',#9756,#6136,#6137);
#5321=AXIS2_PLACEMENT_3D('',#9758,#6138,#6139);
#5322=AXIS2_PLACEMENT_3D('',#9760,#6141,#6142);
#5323=AXIS2_PLACEMENT_3D('',#9764,#6145,#6146);
#5324=AXIS2_PLACEMENT_3D('',#9765,#6147,#6148);
#5325=AXIS2_PLACEMENT_3D('',#9766,#6149,#6150);
#5326=AXIS2_PLACEMENT_3D('',#9772,#6154,#6155);
#5327=AXIS2_PLACEMENT_3D('',#9774,#6156,#6157);
#5328=AXIS2_PLACEMENT_3D('',#9776,#6159,#6160);
#5329=AXIS2_PLACEMENT_3D('',#9780,#6163,#6164);
#5330=AXIS2_PLACEMENT_3D('',#9782,#6165,#6166);
#5331=AXIS2_PLACEMENT_3D('',#9784,#6168,#6169);
#5332=AXIS2_PLACEMENT_3D('',#9788,#6172,#6173);
#5333=AXIS2_PLACEMENT_3D('',#9790,#6174,#6175);
#5334=AXIS2_PLACEMENT_3D('',#9792,#6177,#6178);
#5335=AXIS2_PLACEMENT_3D('',#9796,#6181,#6182);
#5336=AXIS2_PLACEMENT_3D('',#9797,#6183,#6184);
#5337=AXIS2_PLACEMENT_3D('',#9798,#6185,#6186);
#5338=AXIS2_PLACEMENT_3D('',#9800,#6187,#6188);
#5339=AXIS2_PLACEMENT_3D('',#9802,#6190,#6191);
#5340=AXIS2_PLACEMENT_3D('',#9804,#6193,#6194);
#5341=AXIS2_PLACEMENT_3D('',#9806,#6196,#6197);
#5342=AXIS2_PLACEMENT_3D('',#9808,#6199,#6200);
#5343=DIRECTION('axis',(0.,0.,1.));
#5344=DIRECTION('refdir',(1.,0.,0.));
#5345=DIRECTION('',(0.,0.,1.));
#5346=DIRECTION('',(0.,0.,1.));
#5347=DIRECTION('',(0.,0.,1.));
#5348=DIRECTION('',(0.,0.,1.));
#5349=DIRECTION('',(0.,0.,1.));
#5350=DIRECTION('',(0.,0.,1.));
#5351=DIRECTION('',(0.,0.,1.));
#5352=DIRECTION('',(0.,0.,1.));
#5353=DIRECTION('',(0.,0.,1.));
#5354=DIRECTION('',(0.,0.,1.));
#5355=DIRECTION('',(0.,0.,1.));
#5356=DIRECTION('',(0.,0.,1.));
#5357=DIRECTION('',(0.,0.,1.));
#5358=DIRECTION('',(0.,0.,1.));
#5359=DIRECTION('',(0.,0.,1.));
#5360=DIRECTION('center_axis',(-0.135113973057808,-0.990830063272474,0.));
#5361=DIRECTION('ref_axis',(0.990830063272474,-0.135113973057808,0.));
#5362=DIRECTION('',(0.990830063272474,-0.135113973057808,0.));
#5363=DIRECTION('',(0.,0.,1.));
#5364=DIRECTION('',(0.990830063272474,-0.135113973057808,0.));
#5365=DIRECTION('',(0.,0.,1.));
#5366=DIRECTION('',(0.,0.,1.));
#5367=DIRECTION('',(0.,0.,1.));
#5368=DIRECTION('',(0.,0.,1.));
#5369=DIRECTION('',(0.,0.,1.));
#5370=DIRECTION('',(0.,0.,1.));
#5371=DIRECTION('',(0.,0.,1.));
#5372=DIRECTION('',(0.,0.,1.));
#5373=DIRECTION('',(0.,0.,1.));
#5374=DIRECTION('',(0.,0.,1.));
#5375=DIRECTION('',(0.,0.,1.));
#5376=DIRECTION('',(0.,0.,1.));
#5377=DIRECTION('',(0.,0.,1.));
#5378=DIRECTION('',(0.,0.,1.));
#5379=DIRECTION('',(0.,0.,1.));
#5380=DIRECTION('',(0.,0.,1.));
#5381=DIRECTION('center_axis',(0.155393624885149,0.987852631390459,0.));
#5382=DIRECTION('ref_axis',(-0.987852631390459,0.155393624885149,0.));
#5383=DIRECTION('',(-0.987852631390459,0.155393624885149,0.));
#5384=DIRECTION('',(0.,0.,1.));
#5385=DIRECTION('',(-0.987852631390459,0.155393624885149,0.));
#5386=DIRECTION('center_axis',(0.,0.,-1.));
#5387=DIRECTION('ref_axis',(1.,0.,0.));
#5388=DIRECTION('center_axis',(-0.997768070478605,-0.0667748270937645,0.));
#5389=DIRECTION('ref_axis',(0.0667748270937645,-0.997768070478605,0.));
#5390=DIRECTION('',(0.0667748270937645,-0.997768070478605,0.));
#5391=DIRECTION('',(0.,0.,1.));
#5392=DIRECTION('',(0.0667748270937645,-0.997768070478605,0.));
#5393=DIRECTION('',(0.,0.,1.));
#5394=DIRECTION('center_axis',(-1.,0.,0.));
#5395=DIRECTION('ref_axis',(0.,-1.,0.));
#5396=DIRECTION('',(0.,-1.,0.));
#5397=DIRECTION('',(0.,0.,1.));
#5398=DIRECTION('',(0.,-1.,0.));
#5399=DIRECTION('center_axis',(0.,1.,0.));
#5400=DIRECTION('ref_axis',(-1.,0.,0.));
#5401=DIRECTION('',(-1.,0.,0.));
#5402=DIRECTION('',(0.,0.,1.));
#5403=DIRECTION('',(-1.,0.,0.));
#5404=DIRECTION('center_axis',(1.,0.,0.));
#5405=DIRECTION('ref_axis',(0.,1.,0.));
#5406=DIRECTION('',(0.,1.,0.));
#5407=DIRECTION('',(0.,0.,1.));
#5408=DIRECTION('',(0.,1.,0.));
#5409=DIRECTION('center_axis',(0.997504123845895,-0.070608235429263,0.));
#5410=DIRECTION('ref_axis',(0.070608235429263,0.997504123845895,0.));
#5411=DIRECTION('',(0.070608235429263,0.997504123845895,0.));
#5412=DIRECTION('',(0.,0.,1.));
#5413=DIRECTION('',(0.070608235429263,0.997504123845895,0.));
#5414=DIRECTION('center_axis',(0.,-1.,0.));
#5415=DIRECTION('ref_axis',(1.,0.,0.));
#5416=DIRECTION('',(1.,0.,0.));
#5417=DIRECTION('',(1.,0.,0.));
#5418=DIRECTION('center_axis',(0.,0.,1.));
#5419=DIRECTION('ref_axis',(1.,0.,0.));
#5420=DIRECTION('center_axis',(-1.,0.,0.));
#5421=DIRECTION('ref_axis',(0.,-1.,0.));
#5422=DIRECTION('',(0.,-1.,0.));
#5423=DIRECTION('',(0.,0.,1.));
#5424=DIRECTION('',(0.,-1.,0.));
#5425=DIRECTION('',(0.,0.,1.));
#5426=DIRECTION('center_axis',(0.,1.,0.));
#5427=DIRECTION('ref_axis',(-1.,0.,0.));
#5428=DIRECTION('',(-1.,0.,0.));
#5429=DIRECTION('',(0.,0.,1.));
#5430=DIRECTION('',(-1.,0.,0.));
#5431=DIRECTION('center_axis',(1.,0.,0.));
#5432=DIRECTION('ref_axis',(0.,1.,0.));
#5433=DIRECTION('',(0.,1.,0.));
#5434=DIRECTION('',(0.,0.,1.));
#5435=DIRECTION('',(0.,1.,0.));
#5436=DIRECTION('center_axis',(0.,-1.,0.));
#5437=DIRECTION('ref_axis',(1.,0.,0.));
#5438=DIRECTION('',(1.,0.,0.));
#5439=DIRECTION('',(1.,0.,0.));
#5440=DIRECTION('center_axis',(0.,0.,1.));
#5441=DIRECTION('ref_axis',(1.,0.,0.));
#5442=DIRECTION('',(0.,0.,1.));
#5443=DIRECTION('',(0.,0.,1.));
#5444=DIRECTION('',(0.,0.,1.));
#5445=DIRECTION('',(0.,0.,1.));
#5446=DIRECTION('',(0.,0.,1.));
#5447=DIRECTION('',(0.,0.,1.));
#5448=DIRECTION('',(0.,0.,1.));
#5449=DIRECTION('',(0.,0.,1.));
#5450=DIRECTION('',(0.,0.,1.));
#5451=DIRECTION('',(0.,0.,1.));
#5452=DIRECTION('center_axis',(1.,0.,0.));
#5453=DIRECTION('ref_axis',(0.,1.,0.));
#5454=DIRECTION('',(0.,1.,0.));
#5455=DIRECTION('',(0.,1.,0.));
#5456=DIRECTION('center_axis',(0.,-1.,0.));
#5457=DIRECTION('ref_axis',(1.,0.,0.));
#5458=DIRECTION('',(1.,0.,0.));
#5459=DIRECTION('',(0.,0.,1.));
#5460=DIRECTION('',(1.,0.,0.));
#5461=DIRECTION('',(0.,0.,1.));
#5462=DIRECTION('',(0.,0.,1.));
#5463=DIRECTION('',(0.,0.,1.));
#5464=DIRECTION('center_axis',(-1.,0.,0.));
#5465=DIRECTION('ref_axis',(0.,-1.,0.));
#5466=DIRECTION('',(0.,-1.,0.));
#5467=DIRECTION('',(0.,0.,1.));
#5468=DIRECTION('',(0.,-1.,0.));
#5469=DIRECTION('',(0.,0.,1.));
#5470=DIRECTION('',(0.,0.,1.));
#5471=DIRECTION('',(0.,0.,1.));
#5472=DIRECTION('',(0.,0.,1.));
#5473=DIRECTION('',(0.,0.,1.));
#5474=DIRECTION('',(0.,0.,1.));
#5475=DIRECTION('',(0.,0.,1.));
#5476=DIRECTION('center_axis',(0.135113973057808,-0.990830063272474,0.));
#5477=DIRECTION('ref_axis',(0.990830063272474,0.135113973057808,0.));
#5478=DIRECTION('',(0.990830063272474,0.135113973057808,0.));
#5479=DIRECTION('',(0.,0.,1.));
#5480=DIRECTION('',(0.990830063272474,0.135113973057808,0.));
#5481=DIRECTION('',(0.,0.,1.));
#5482=DIRECTION('',(0.,0.,1.));
#5483=DIRECTION('',(0.,0.,1.));
#5484=DIRECTION('',(0.,0.,1.));
#5485=DIRECTION('',(0.,0.,1.));
#5486=DIRECTION('',(0.,0.,1.));
#5487=DIRECTION('',(0.,0.,1.));
#5488=DIRECTION('',(0.,0.,1.));
#5489=DIRECTION('',(0.,0.,1.));
#5490=DIRECTION('',(0.,0.,1.));
#5491=DIRECTION('',(0.,0.,1.));
#5492=DIRECTION('',(0.,0.,1.));
#5493=DIRECTION('',(0.,0.,1.));
#5494=DIRECTION('',(0.,0.,1.));
#5495=DIRECTION('center_axis',(0.,0.,-1.));
#5496=DIRECTION('ref_axis',(1.,0.,0.));
#5497=DIRECTION('center_axis',(0.,-1.,0.));
#5498=DIRECTION('ref_axis',(1.,0.,0.));
#5499=DIRECTION('',(1.,0.,0.));
#5500=DIRECTION('',(0.,0.,1.));
#5501=DIRECTION('',(1.,0.,0.));
#5502=DIRECTION('',(0.,0.,1.));
#5503=DIRECTION('',(0.,0.,1.));
#5504=DIRECTION('',(0.,0.,1.));
#5505=DIRECTION('',(0.,0.,1.));
#5506=DIRECTION('',(0.,0.,1.));
#5507=DIRECTION('',(0.,0.,1.));
#5508=DIRECTION('center_axis',(0.,1.,0.));
#5509=DIRECTION('ref_axis',(-1.,0.,0.));
#5510=DIRECTION('',(-1.,0.,0.));
#5511=DIRECTION('',(0.,0.,1.));
#5512=DIRECTION('',(-1.,0.,0.));
#5513=DIRECTION('center_axis',(-1.,0.,0.));
#5514=DIRECTION('ref_axis',(0.,-1.,0.));
#5515=DIRECTION('',(0.,-1.,0.));
#5516=DIRECTION('',(0.,-1.,0.));
#5517=DIRECTION('center_axis',(-1.,0.,0.));
#5518=DIRECTION('ref_axis',(0.,-1.,0.));
#5519=DIRECTION('',(0.,-1.,0.));
#5520=DIRECTION('',(0.,0.,1.));
#5521=DIRECTION('',(0.,-1.,0.));
#5522=DIRECTION('',(0.,0.,1.));
#5523=DIRECTION('center_axis',(0.,-1.,0.));
#5524=DIRECTION('ref_axis',(1.,0.,0.));
#5525=DIRECTION('',(1.,0.,0.));
#5526=DIRECTION('',(0.,0.,1.));
#5527=DIRECTION('',(1.,0.,0.));
#5528=DIRECTION('',(0.,0.,1.));
#5529=DIRECTION('',(0.,0.,1.));
#5530=DIRECTION('',(0.,0.,1.));
#5531=DIRECTION('',(0.,0.,1.));
#5532=DIRECTION('',(0.,0.,1.));
#5533=DIRECTION('',(0.,0.,1.));
#5534=DIRECTION('center_axis',(0.,1.,0.));
#5535=DIRECTION('ref_axis',(-1.,0.,0.));
#5536=DIRECTION('',(-1.,0.,0.));
#5537=DIRECTION('',(0.,0.,1.));
#5538=DIRECTION('',(-1.,0.,0.));
#5539=DIRECTION('center_axis',(1.,0.,0.));
#5540=DIRECTION('ref_axis',(0.,1.,0.));
#5541=DIRECTION('',(0.,1.,0.));
#5542=DIRECTION('',(0.,0.,1.));
#5543=DIRECTION('',(0.,1.,0.));
#5544=DIRECTION('center_axis',(0.,-1.,0.));
#5545=DIRECTION('ref_axis',(1.,0.,0.));
#5546=DIRECTION('',(1.,0.,0.));
#5547=DIRECTION('',(1.,0.,0.));
#5548=DIRECTION('center_axis',(0.,0.,-1.));
#5549=DIRECTION('ref_axis',(1.,0.,0.));
#5550=DIRECTION('',(0.,0.,1.));
#5551=DIRECTION('',(0.,0.,1.));
#5552=DIRECTION('',(0.,0.,1.));
#5553=DIRECTION('',(0.,0.,1.));
#5554=DIRECTION('',(0.,0.,1.));
#5555=DIRECTION('',(0.,0.,1.));
#5556=DIRECTION('',(0.,0.,1.));
#5557=DIRECTION('',(0.,0.,1.));
#5558=DIRECTION('center_axis',(-1.,0.,0.));
#5559=DIRECTION('ref_axis',(0.,-1.,0.));
#5560=DIRECTION('',(0.,-1.,0.));
#5561=DIRECTION('',(0.,0.,1.));
#5562=DIRECTION('',(0.,-1.,0.));
#5563=DIRECTION('',(0.,0.,1.));
#5564=DIRECTION('center_axis',(0.,1.,0.));
#5565=DIRECTION('ref_axis',(-1.,0.,0.));
#5566=DIRECTION('',(-1.,0.,0.));
#5567=DIRECTION('',(0.,0.,1.));
#5568=DIRECTION('',(-1.,0.,0.));
#5569=DIRECTION('center_axis',(1.,0.,0.));
#5570=DIRECTION('ref_axis',(0.,1.,0.));
#5571=DIRECTION('',(0.,1.,0.));
#5572=DIRECTION('',(0.,0.,1.));
#5573=DIRECTION('',(0.,1.,0.));
#5574=DIRECTION('',(0.,0.,1.));
#5575=DIRECTION('',(0.,0.,1.));
#5576=DIRECTION('',(0.,0.,1.));
#5577=DIRECTION('',(0.,0.,1.));
#5578=DIRECTION('',(0.,0.,1.));
#5579=DIRECTION('',(0.,0.,1.));
#5580=DIRECTION('',(0.,0.,1.));
#5581=DIRECTION('',(0.,0.,1.));
#5582=DIRECTION('',(0.,0.,1.));
#5583=DIRECTION('center_axis',(1.,0.,0.));
#5584=DIRECTION('ref_axis',(0.,1.,0.));
#5585=DIRECTION('',(0.,1.,0.));
#5586=DIRECTION('',(0.,0.,1.));
#5587=DIRECTION('',(0.,1.,0.));
#5588=DIRECTION('center_axis',(0.,-1.,0.));
#5589=DIRECTION('ref_axis',(1.,0.,0.));
#5590=DIRECTION('',(1.,0.,0.));
#5591=DIRECTION('',(1.,0.,0.));
#5592=DIRECTION('center_axis',(0.,0.,-1.));
#5593=DIRECTION('ref_axis',(1.,0.,0.));
#5594=DIRECTION('center_axis',(-1.,0.,0.));
#5595=DIRECTION('ref_axis',(0.,-1.,0.));
#5596=DIRECTION('',(0.,-1.,0.));
#5597=DIRECTION('',(0.,0.,1.));
#5598=DIRECTION('',(0.,-1.,0.));
#5599=DIRECTION('',(0.,0.,1.));
#5600=DIRECTION('center_axis',(0.,1.,0.));
#5601=DIRECTION('ref_axis',(-1.,0.,0.));
#5602=DIRECTION('',(-1.,0.,0.));
#5603=DIRECTION('',(0.,0.,1.));
#5604=DIRECTION('',(-1.,0.,0.));
#5605=DIRECTION('center_axis',(1.,0.,0.));
#5606=DIRECTION('ref_axis',(0.,1.,0.));
#5607=DIRECTION('',(0.,1.,0.));
#5608=DIRECTION('',(0.,0.,1.));
#5609=DIRECTION('',(0.,1.,0.));
#5610=DIRECTION('',(0.,0.,1.));
#5611=DIRECTION('',(0.,0.,1.));
#5612=DIRECTION('',(0.,0.,1.));
#5613=DIRECTION('',(0.,0.,1.));
#5614=DIRECTION('',(0.,0.,1.));
#5615=DIRECTION('',(0.,0.,1.));
#5616=DIRECTION('center_axis',(-1.,0.,0.));
#5617=DIRECTION('ref_axis',(0.,-1.,0.));
#5618=DIRECTION('',(0.,-1.,0.));
#5619=DIRECTION('',(0.,0.,1.));
#5620=DIRECTION('',(0.,-1.,0.));
#5621=DIRECTION('center_axis',(0.,1.,0.));
#5622=DIRECTION('ref_axis',(-1.,0.,0.));
#5623=DIRECTION('',(-1.,0.,0.));
#5624=DIRECTION('',(0.,0.,1.));
#5625=DIRECTION('',(-1.,0.,0.));
#5626=DIRECTION('center_axis',(1.,0.,0.));
#5627=DIRECTION('ref_axis',(0.,1.,0.));
#5628=DIRECTION('',(0.,1.,0.));
#5629=DIRECTION('',(0.,0.,1.));
#5630=DIRECTION('',(0.,1.,0.));
#5631=DIRECTION('',(0.,0.,1.));
#5632=DIRECTION('',(0.,0.,1.));
#5633=DIRECTION('',(0.,0.,1.));
#5634=DIRECTION('',(0.,0.,1.));
#5635=DIRECTION('',(0.,0.,1.));
#5636=DIRECTION('center_axis',(1.,0.,0.));
#5637=DIRECTION('ref_axis',(0.,1.,0.));
#5638=DIRECTION('',(0.,1.,0.));
#5639=DIRECTION('',(0.,0.,1.));
#5640=DIRECTION('',(0.,1.,0.));
#5641=DIRECTION('center_axis',(0.,-1.,0.));
#5642=DIRECTION('ref_axis',(1.,0.,0.));
#5643=DIRECTION('',(1.,0.,0.));
#5644=DIRECTION('',(1.,0.,0.));
#5645=DIRECTION('center_axis',(0.,0.,-1.));
#5646=DIRECTION('ref_axis',(1.,0.,0.));
#5647=DIRECTION('',(0.,0.,1.));
#5648=DIRECTION('',(0.,0.,1.));
#5649=DIRECTION('',(0.,0.,1.));
#5650=DIRECTION('',(0.,0.,1.));
#5651=DIRECTION('',(0.,0.,1.));
#5652=DIRECTION('',(0.,0.,1.));
#5653=DIRECTION('',(0.,0.,1.));
#5654=DIRECTION('',(0.,0.,1.));
#5655=DIRECTION('',(0.,0.,1.));
#5656=DIRECTION('',(0.,0.,1.));
#5657=DIRECTION('',(0.,0.,1.));
#5658=DIRECTION('',(0.,0.,1.));
#5659=DIRECTION('',(0.,0.,1.));
#5660=DIRECTION('',(0.,0.,1.));
#5661=DIRECTION('',(0.,0.,1.));
#5662=DIRECTION('',(0.,0.,1.));
#5663=DIRECTION('',(0.,0.,1.));
#5664=DIRECTION('',(0.,0.,1.));
#5665=DIRECTION('',(0.,0.,1.));
#5666=DIRECTION('',(0.,0.,1.));
#5667=DIRECTION('center_axis',(0.,0.,-1.));
#5668=DIRECTION('ref_axis',(1.,0.,0.));
#5669=DIRECTION('center_axis',(0.,0.,-1.));
#5670=DIRECTION('ref_axis',(-1.,0.,0.));
#5671=DIRECTION('',(-1.,0.,0.));
#5672=DIRECTION('',(0.,1.,0.));
#5673=DIRECTION('',(-1.,0.,0.));
#5674=DIRECTION('',(0.,-1.,0.));
#5675=DIRECTION('',(-1.,0.,0.));
#5676=DIRECTION('',(0.,1.,0.));
#5677=DIRECTION('',(1.,0.,0.));
#5678=DIRECTION('',(1.34076809929975E-16,-1.,0.));
#5679=DIRECTION('center_axis',(0.,0.,-1.));
#5680=DIRECTION('ref_axis',(-1.,0.,0.));
#5681=DIRECTION('center_axis',(0.,0.,-1.));
#5682=DIRECTION('ref_axis',(-1.,0.,0.));
#5683=DIRECTION('center_axis',(0.,0.,-1.));
#5684=DIRECTION('ref_axis',(-1.,0.,0.));
#5685=DIRECTION('center_axis',(0.577350269189627,0.577350269189627,-0.577350269189624));
#5686=DIRECTION('ref_axis',(-0.707106781186546,0.,-0.707106781186549));
#5687=DIRECTION('',(0.,-0.707106781186546,-0.707106781186549));
#5688=DIRECTION('',(-0.707106781186548,0.707106781186548,0.));
#5689=DIRECTION('',(0.707106781186546,0.,0.707106781186549));
#5690=DIRECTION('center_axis',(0.707106781186548,0.707106781186548,0.));
#5691=DIRECTION('ref_axis',(0.,0.,-1.));
#5692=DIRECTION('',(0.707106781186548,-0.707106781186548,0.));
#5693=DIRECTION('',(0.,0.,-1.));
#5694=DIRECTION('',(0.,0.,1.));
#5695=DIRECTION('center_axis',(-0.577350269189625,0.577350269189627,-0.577350269189625));
#5696=DIRECTION('ref_axis',(-0.707106781186547,0.,0.707106781186548));
#5697=DIRECTION('',(0.707106781186548,0.,-0.707106781186547));
#5698=DIRECTION('',(-0.707106781186549,-0.707106781186546,0.));
#5699=DIRECTION('',(0.,0.707106781186546,0.707106781186549));
#5700=DIRECTION('center_axis',(-0.707106781186546,0.707106781186549,0.));
#5701=DIRECTION('ref_axis',(0.,0.,1.));
#5702=DIRECTION('',(0.707106781186549,0.707106781186546,0.));
#5703=DIRECTION('',(0.,0.,-1.));
#5704=DIRECTION('',(0.,0.,1.));
#5705=DIRECTION('center_axis',(0.,0.707106781186549,-0.707106781186546));
#5706=DIRECTION('ref_axis',(-1.,0.,0.));
#5707=DIRECTION('',(1.,0.,0.));
#5708=DIRECTION('center_axis',(-0.577350269189626,-0.577350269189628,-0.577350269189624));
#5709=DIRECTION('ref_axis',(-0.707106781186547,0.,0.707106781186548));
#5710=DIRECTION('',(-6.2803698347351E-15,0.707106781186547,-0.707106781186548));
#5711=DIRECTION('',(0.707106781186549,-0.707106781186546,0.));
#5712=DIRECTION('',(-0.707106781186547,1.57009245868378E-15,0.707106781186548));
#5713=DIRECTION('center_axis',(-0.707106781186546,-0.707106781186549,0.));
#5714=DIRECTION('ref_axis',(0.,0.,1.));
#5715=DIRECTION('',(-0.707106781186549,0.707106781186546,0.));
#5716=DIRECTION('',(0.,0.,-1.));
#5717=DIRECTION('',(0.,0.,1.));
#5718=DIRECTION('center_axis',(-0.707106781186547,-9.4806621501345E-17,
-0.707106781186548));
#5719=DIRECTION('ref_axis',(-0.707106781186548,0.,0.707106781186547));
#5720=DIRECTION('',(-1.34076809929975E-16,1.,0.));
#5721=DIRECTION('center_axis',(0.577350269189627,-0.577350269189626,-0.577350269189625));
#5722=DIRECTION('ref_axis',(-0.707106781186546,0.,-0.707106781186549));
#5723=DIRECTION('',(-0.707106781186546,0.,-0.707106781186549));
#5724=DIRECTION('',(0.707106781186547,0.707106781186548,0.));
#5725=DIRECTION('',(0.,-0.707106781186547,0.707106781186548));
#5726=DIRECTION('center_axis',(0.707106781186548,-0.707106781186547,0.));
#5727=DIRECTION('ref_axis',(0.,0.,-1.));
#5728=DIRECTION('',(-0.707106781186547,-0.707106781186548,0.));
#5729=DIRECTION('',(0.,0.,-1.));
#5730=DIRECTION('',(0.,0.,1.));
#5731=DIRECTION('center_axis',(0.,-0.707106781186548,-0.707106781186547));
#5732=DIRECTION('ref_axis',(-1.,0.,0.));
#5733=DIRECTION('',(-1.,0.,0.));
#5734=DIRECTION('center_axis',(-0.577350269189627,0.577350269189627,-0.577350269189624));
#5735=DIRECTION('ref_axis',(-0.707106781186546,0.,0.707106781186549));
#5736=DIRECTION('',(0.707106781186546,0.,-0.707106781186549));
#5737=DIRECTION('',(-0.707106781186548,-0.707106781186548,0.));
#5738=DIRECTION('',(0.,0.707106781186546,0.707106781186549));
#5739=DIRECTION('center_axis',(-0.707106781186548,0.707106781186548,0.));
#5740=DIRECTION('ref_axis',(0.,0.,1.));
#5741=DIRECTION('',(0.707106781186548,0.707106781186548,0.));
#5742=DIRECTION('',(0.,0.,-1.));
#5743=DIRECTION('',(0.,0.,1.));
#5744=DIRECTION('center_axis',(0.577350269189623,0.577350269189633,-0.577350269189621));
#5745=DIRECTION('ref_axis',(-0.707106781186546,0.,-0.707106781186549));
#5746=DIRECTION('',(1.25607396694702E-14,-0.707106781186546,-0.707106781186549));
#5747=DIRECTION('',(-0.707106781186554,0.707106781186541,0.));
#5748=DIRECTION('',(0.707106781186546,0.,0.707106781186549));
#5749=DIRECTION('center_axis',(0.707106781186541,0.707106781186554,0.));
#5750=DIRECTION('ref_axis',(0.,0.,-1.));
#5751=DIRECTION('',(0.707106781186554,-0.707106781186541,0.));
#5752=DIRECTION('',(0.,0.,-1.));
#5753=DIRECTION('',(0.,0.,1.));
#5754=DIRECTION('center_axis',(0.707106781186549,0.,-0.707106781186546));
#5755=DIRECTION('ref_axis',(-0.707106781186546,0.,-0.707106781186549));
#5756=DIRECTION('',(0.,-1.,0.));
#5757=DIRECTION('center_axis',(0.,0.707106781186549,-0.707106781186546));
#5758=DIRECTION('ref_axis',(-1.,0.,0.));
#5759=DIRECTION('',(1.,0.,0.));
#5760=DIRECTION('center_axis',(-0.707106781186549,0.,-0.707106781186546));
#5761=DIRECTION('ref_axis',(-0.707106781186546,0.,0.707106781186549));
#5762=DIRECTION('',(0.,1.,0.));
#5763=DIRECTION('',(-0.577350269189624,0.577350269189627,0.577350269189626));
#5764=DIRECTION('center_axis',(0.,0.707106781186547,-0.707106781186548));
#5765=DIRECTION('ref_axis',(-1.,0.,0.));
#5766=DIRECTION('',(1.,0.,0.));
#5767=DIRECTION('',(0.577350269189624,0.577350269189627,0.577350269189626));
#5768=DIRECTION('center_axis',(0.707106781186549,0.,-0.707106781186546));
#5769=DIRECTION('ref_axis',(-0.707106781186546,0.,-0.707106781186549));
#5770=DIRECTION('',(0.,-1.,0.));
#5771=DIRECTION('center_axis',(-1.,-1.34076809929975E-16,0.));
#5772=DIRECTION('ref_axis',(-1.34076809929975E-16,1.,0.));
#5773=DIRECTION('',(1.34076809929975E-16,-1.,0.));
#5774=DIRECTION('center_axis',(0.,-1.,0.));
#5775=DIRECTION('ref_axis',(-1.,0.,0.));
#5776=DIRECTION('',(1.,0.,0.));
#5777=DIRECTION('center_axis',(1.,0.,0.));
#5778=DIRECTION('ref_axis',(0.,-1.,0.));
#5779=DIRECTION('',(0.,1.,0.));
#5780=DIRECTION('center_axis',(0.,0.,1.));
#5781=DIRECTION('ref_axis',(1.,0.,0.));
#5782=DIRECTION('',(-1.,0.,0.));
#5783=DIRECTION('',(0.,-1.,0.));
#5784=DIRECTION('',(-1.,0.,0.));
#5785=DIRECTION('',(-1.53050596444628E-16,1.,0.));
#5786=DIRECTION('',(1.,0.,0.));
#5787=DIRECTION('',(0.,1.,0.));
#5788=DIRECTION('',(-1.,0.,0.));
#5789=DIRECTION('center_axis',(0.,0.,-1.));
#5790=DIRECTION('ref_axis',(1.,0.,0.));
#5791=DIRECTION('center_axis',(0.,0.,-1.));
#5792=DIRECTION('ref_axis',(1.,0.,0.));
#5793=DIRECTION('center_axis',(0.,0.,-1.));
#5794=DIRECTION('ref_axis',(1.,0.,0.));
#5795=DIRECTION('center_axis',(0.,0.,-1.));
#5796=DIRECTION('ref_axis',(1.,0.,0.));
#5797=DIRECTION('center_axis',(0.,0.,-1.));
#5798=DIRECTION('ref_axis',(-1.,0.,0.));
#5799=DIRECTION('center_axis',(0.,0.,1.));
#5800=DIRECTION('ref_axis',(1.,0.,0.));
#5801=DIRECTION('',(0.,0.,-1.));
#5802=DIRECTION('center_axis',(0.,0.,1.));
#5803=DIRECTION('ref_axis',(1.,0.,0.));
#5804=DIRECTION('center_axis',(0.,0.,1.));
#5805=DIRECTION('ref_axis',(1.,0.,0.));
#5806=DIRECTION('',(0.,0.,-1.));
#5807=DIRECTION('center_axis',(0.,0.,1.));
#5808=DIRECTION('ref_axis',(1.,0.,0.));
#5809=DIRECTION('center_axis',(0.,0.,1.));
#5810=DIRECTION('ref_axis',(1.,0.,0.));
#5811=DIRECTION('',(0.,0.,-1.));
#5812=DIRECTION('center_axis',(0.,0.,1.));
#5813=DIRECTION('ref_axis',(1.,0.,0.));
#5814=DIRECTION('center_axis',(0.,0.,1.));
#5815=DIRECTION('ref_axis',(1.,0.,0.));
#5816=DIRECTION('',(0.,0.,-1.));
#5817=DIRECTION('center_axis',(0.,0.,1.));
#5818=DIRECTION('ref_axis',(1.,0.,0.));
#5819=DIRECTION('center_axis',(0.,-1.,0.));
#5820=DIRECTION('ref_axis',(1.,0.,0.));
#5821=DIRECTION('',(-1.,0.,0.));
#5822=DIRECTION('',(0.,0.,1.));
#5823=DIRECTION('',(0.,0.,1.));
#5824=DIRECTION('center_axis',(1.,1.53050596444628E-16,0.));
#5825=DIRECTION('ref_axis',(-1.53050596444628E-16,1.,0.));
#5826=DIRECTION('',(1.53050596444628E-16,-1.,0.));
#5827=DIRECTION('',(0.,0.,1.));
#5828=DIRECTION('center_axis',(0.,1.,0.));
#5829=DIRECTION('ref_axis',(-1.,0.,0.));
#5830=DIRECTION('',(1.,0.,0.));
#5831=DIRECTION('',(0.,0.,1.));
#5832=DIRECTION('center_axis',(0.,0.,1.));
#5833=DIRECTION('ref_axis',(1.,0.,0.));
#5834=DIRECTION('center_axis',(0.,0.,1.));
#5835=DIRECTION('ref_axis',(1.,0.,0.));
#5836=DIRECTION('center_axis',(0.,0.,1.));
#5837=DIRECTION('ref_axis',(1.,0.,0.));
#5838=DIRECTION('center_axis',(0.,0.,1.));
#5839=DIRECTION('ref_axis',(1.,0.,0.));
#5840=DIRECTION('center_axis',(0.,1.,0.));
#5841=DIRECTION('ref_axis',(1.,0.,0.));
#5842=DIRECTION('center_axis',(0.,1.,0.));
#5843=DIRECTION('ref_axis',(1.,0.,0.));
#5844=DIRECTION('center_axis',(-1.,0.,0.));
#5845=DIRECTION('ref_axis',(0.,1.,0.));
#5846=DIRECTION('',(0.,0.,-1.));
#5847=DIRECTION('',(0.,1.,0.));
#5848=DIRECTION('center_axis',(0.,1.,0.));
#5849=DIRECTION('ref_axis',(1.,0.,0.));
#5850=DIRECTION('',(0.,0.,-1.));
#5851=DIRECTION('',(1.,0.,0.));
#5852=DIRECTION('center_axis',(1.,0.,0.));
#5853=DIRECTION('ref_axis',(0.,-1.,0.));
#5854=DIRECTION('',(0.,-1.,0.));
#5855=DIRECTION('center_axis',(0.,0.,1.));
#5856=DIRECTION('ref_axis',(1.,0.,0.));
#5857=DIRECTION('center_axis',(-0.707106781186549,0.707106781186546,0.));
#5858=DIRECTION('ref_axis',(0.,0.,1.));
#5859=DIRECTION('',(-0.707106781186546,-0.707106781186549,0.));
#5860=DIRECTION('',(0.,0.,1.));
#5861=DIRECTION('',(0.707106781186546,0.707106781186549,0.));
#5862=DIRECTION('',(0.,0.,-1.));
#5863=DIRECTION('center_axis',(0.,1.,0.));
#5864=DIRECTION('ref_axis',(-1.,0.,0.));
#5865=DIRECTION('',(-1.,0.,0.));
#5866=DIRECTION('',(0.,0.,-1.));
#5867=DIRECTION('',(-1.,0.,0.));
#5868=DIRECTION('center_axis',(0.707106781186546,0.707106781186549,0.));
#5869=DIRECTION('ref_axis',(0.,0.,-1.));
#5870=DIRECTION('',(-0.707106781186549,0.707106781186546,0.));
#5871=DIRECTION('',(0.,0.,1.));
#5872=DIRECTION('',(0.707106781186549,-0.707106781186546,0.));
#5873=DIRECTION('center_axis',(1.,0.,0.));
#5874=DIRECTION('ref_axis',(0.,1.,0.));
#5875=DIRECTION('',(0.,1.,0.));
#5876=DIRECTION('',(0.,0.,-1.));
#5877=DIRECTION('',(0.,1.,0.));
#5878=DIRECTION('center_axis',(0.707106781186548,-0.707106781186548,0.));
#5879=DIRECTION('ref_axis',(0.,0.,-1.));
#5880=DIRECTION('',(0.707106781186548,0.707106781186548,0.));
#5881=DIRECTION('',(0.,0.,1.));
#5882=DIRECTION('',(-0.707106781186548,-0.707106781186548,0.));
#5883=DIRECTION('center_axis',(0.,-1.,0.));
#5884=DIRECTION('ref_axis',(1.,0.,0.));
#5885=DIRECTION('',(1.,0.,0.));
#5886=DIRECTION('',(0.,0.,-1.));
#5887=DIRECTION('',(1.,0.,0.));
#5888=DIRECTION('center_axis',(-0.707106781186548,-0.707106781186548,0.));
#5889=DIRECTION('ref_axis',(0.,0.,1.));
#5890=DIRECTION('',(0.707106781186548,-0.707106781186548,0.));
#5891=DIRECTION('',(0.,0.,1.));
#5892=DIRECTION('',(-0.707106781186548,0.707106781186548,0.));
#5893=DIRECTION('center_axis',(-1.,0.,0.));
#5894=DIRECTION('ref_axis',(0.,-1.,0.));
#5895=DIRECTION('',(0.,-1.,0.));
#5896=DIRECTION('',(0.,-1.,0.));
#5897=DIRECTION('center_axis',(-0.707106781186549,-0.707106781186546,0.));
#5898=DIRECTION('ref_axis',(0.,0.,1.));
#5899=DIRECTION('',(-0.707106781186546,0.707106781186549,0.));
#5900=DIRECTION('',(0.,0.,-1.));
#5901=DIRECTION('',(0.707106781186546,-0.707106781186549,0.));
#5902=DIRECTION('',(0.,0.,1.));
#5903=DIRECTION('center_axis',(0.,0.,1.));
#5904=DIRECTION('ref_axis',(1.,0.,0.));
#5905=DIRECTION('',(1.34076809929975E-16,-1.,0.));
#5906=DIRECTION('',(-0.707106781186548,-0.707106781186547,0.));
#5907=DIRECTION('',(-1.,0.,0.));
#5908=DIRECTION('',(-0.707106781186548,0.707106781186548,0.));
#5909=DIRECTION('',(0.,-1.,0.));
#5910=DIRECTION('',(-0.707106781186546,0.707106781186549,0.));
#5911=DIRECTION('',(1.,0.,0.));
#5912=DIRECTION('',(-0.707106781186552,-0.707106781186543,0.));
#5913=DIRECTION('',(0.,1.,0.));
#5914=DIRECTION('',(-0.707106781186548,-0.707106781186548,0.));
#5915=DIRECTION('',(-1.,0.,0.));
#5916=DIRECTION('',(-0.707106781186554,0.707106781186541,0.));
#5917=DIRECTION('',(0.,1.,0.));
#5918=DIRECTION('',(0.707106781186546,0.707106781186549,0.));
#5919=DIRECTION('',(1.,0.,0.));
#5920=DIRECTION('center_axis',(0.,0.,-1.));
#5921=DIRECTION('ref_axis',(1.,0.,0.));
#5922=DIRECTION('center_axis',(0.,0.,-1.));
#5923=DIRECTION('ref_axis',(0.,1.,0.));
#5924=DIRECTION('',(0.,1.,0.));
#5925=DIRECTION('center_axis',(0.,0.,-1.));
#5926=DIRECTION('ref_axis',(-1.,0.,0.));
#5927=DIRECTION('',(-1.,0.,0.));
#5928=DIRECTION('center_axis',(0.,0.,-1.));
#5929=DIRECTION('ref_axis',(0.,-1.,0.));
#5930=DIRECTION('',(0.,-1.,0.));
#5931=DIRECTION('center_axis',(0.,0.,-1.));
#5932=DIRECTION('ref_axis',(1.,0.,0.));
#5933=DIRECTION('',(1.,0.,0.));
#5934=DIRECTION('center_axis',(0.,0.,-1.));
#5935=DIRECTION('ref_axis',(0.,1.,0.));
#5936=DIRECTION('',(0.,1.,0.));
#5937=DIRECTION('center_axis',(0.,0.,-1.));
#5938=DIRECTION('ref_axis',(-1.,0.,0.));
#5939=DIRECTION('',(-1.,0.,0.));
#5940=DIRECTION('center_axis',(0.,0.,-1.));
#5941=DIRECTION('ref_axis',(0.,-1.,0.));
#5942=DIRECTION('',(0.,-1.,0.));
#5943=DIRECTION('center_axis',(0.,0.,-1.));
#5944=DIRECTION('ref_axis',(1.,0.,0.));
#5945=DIRECTION('',(1.,0.,0.));
#5946=DIRECTION('center_axis',(0.,0.,-1.));
#5947=DIRECTION('ref_axis',(1.,0.,0.));
#5948=DIRECTION('center_axis',(0.,0.,-1.));
#5949=DIRECTION('ref_axis',(1.,0.,0.));
#5950=DIRECTION('center_axis',(0.,0.,-1.));
#5951=DIRECTION('ref_axis',(0.,1.,0.));
#5952=DIRECTION('',(0.,1.,0.));
#5953=DIRECTION('center_axis',(0.,0.,-1.));
#5954=DIRECTION('ref_axis',(-1.,0.,0.));
#5955=DIRECTION('',(-1.,0.,0.));
#5956=DIRECTION('center_axis',(0.,0.,-1.));
#5957=DIRECTION('ref_axis',(0.,-1.,0.));
#5958=DIRECTION('',(0.,-1.,0.));
#5959=DIRECTION('center_axis',(0.,0.,-1.));
#5960=DIRECTION('ref_axis',(1.,0.,0.));
#5961=DIRECTION('',(1.,0.,0.));
#5962=DIRECTION('center_axis',(0.,0.,-1.));
#5963=DIRECTION('ref_axis',(1.,0.,0.));
#5964=DIRECTION('',(0.,1.,0.));
#5965=DIRECTION('center_axis',(0.,0.,-1.));
#5966=DIRECTION('ref_axis',(-1.,0.,0.));
#5967=DIRECTION('',(-1.,0.,0.));
#5968=DIRECTION('center_axis',(0.,0.,-1.));
#5969=DIRECTION('ref_axis',(0.,-1.,0.));
#5970=DIRECTION('',(0.,-1.,0.));
#5971=DIRECTION('center_axis',(0.,0.,-1.));
#5972=DIRECTION('ref_axis',(1.,0.,0.));
#5973=DIRECTION('',(1.,0.,0.));
#5974=DIRECTION('center_axis',(0.,0.,-1.));
#5975=DIRECTION('ref_axis',(0.,1.,0.));
#5976=DIRECTION('center_axis',(-1.,-1.34076809929975E-16,0.));
#5977=DIRECTION('ref_axis',(1.34076809929975E-16,-1.,0.));
#5978=DIRECTION('',(1.34076809929975E-16,-1.,0.));
#5979=DIRECTION('',(0.,0.,1.));
#5980=DIRECTION('center_axis',(-0.707106781186547,0.707106781186548,0.));
#5981=DIRECTION('ref_axis',(0.,0.,1.));
#5982=DIRECTION('',(0.707106781186548,0.707106781186547,0.));
#5983=DIRECTION('',(0.,0.,-1.));
#5984=DIRECTION('center_axis',(0.707106781186548,0.707106781186548,0.));
#5985=DIRECTION('ref_axis',(0.,0.,-1.));
#5986=DIRECTION('',(0.707106781186548,-0.707106781186548,0.));
#5987=DIRECTION('',(0.,0.,-1.));
#5988=DIRECTION('',(0.,0.,1.));
#5989=DIRECTION('center_axis',(1.,0.,0.));
#5990=DIRECTION('ref_axis',(0.,1.,0.));
#5991=DIRECTION('',(0.,1.,0.));
#5992=DIRECTION('',(0.,0.,1.));
#5993=DIRECTION('center_axis',(0.707106781186549,0.707106781186546,0.));
#5994=DIRECTION('ref_axis',(0.,0.,-1.));
#5995=DIRECTION('',(0.707106781186546,-0.707106781186549,0.));
#5996=DIRECTION('',(0.,0.,-1.));
#5997=DIRECTION('center_axis',(0.707106781186549,-0.707106781186546,0.));
#5998=DIRECTION('ref_axis',(0.,0.,-1.));
#5999=DIRECTION('',(-0.707106781186546,-0.707106781186549,0.));
#6000=DIRECTION('',(0.,0.,-1.));
#6001=DIRECTION('',(0.,0.,1.));
#6002=DIRECTION('center_axis',(1.,0.,0.));
#6003=DIRECTION('ref_axis',(0.,1.,0.));
#6004=DIRECTION('',(0.,0.,-1.));
#6005=DIRECTION('',(0.,1.,0.));
#6006=DIRECTION('center_axis',(0.707106781186541,0.707106781186554,0.));
#6007=DIRECTION('ref_axis',(0.,0.,-1.));
#6008=DIRECTION('',(0.707106781186554,-0.707106781186541,0.));
#6009=DIRECTION('',(0.,0.,1.));
#6010=DIRECTION('center_axis',(0.,1.,0.));
#6011=DIRECTION('ref_axis',(-1.,0.,0.));
#6012=DIRECTION('',(0.,0.,-1.));
#6013=DIRECTION('',(-1.,0.,0.));
#6014=DIRECTION('center_axis',(-0.707106781186548,0.707106781186548,0.));
#6015=DIRECTION('ref_axis',(0.,0.,1.));
#6016=DIRECTION('',(0.707106781186548,0.707106781186548,0.));
#6017=DIRECTION('',(0.,0.,1.));
#6018=DIRECTION('center_axis',(-0.707106781186543,0.707106781186552,0.));
#6019=DIRECTION('ref_axis',(0.,0.,1.));
#6020=DIRECTION('',(0.,0.,1.));
#6021=DIRECTION('',(0.707106781186552,0.707106781186543,0.));
#6022=DIRECTION('',(0.,0.,-1.));
#6023=DIRECTION('center_axis',(0.,1.,0.));
#6024=DIRECTION('ref_axis',(-1.,0.,0.));
#6025=DIRECTION('',(-1.,0.,0.));
#6026=DIRECTION('center_axis',(0.,0.,1.));
#6027=DIRECTION('ref_axis',(-1.,0.,0.));
#6028=DIRECTION('',(0.,0.,1.));
#6029=DIRECTION('center_axis',(0.,0.,-1.));
#6030=DIRECTION('ref_axis',(-1.,0.,0.));
#6031=DIRECTION('',(0.,0.,1.));
#6032=DIRECTION('center_axis',(0.,1.,0.));
#6033=DIRECTION('ref_axis',(-1.,0.,0.));
#6034=DIRECTION('',(-1.,0.,0.));
#6035=DIRECTION('',(0.,0.,1.));
#6036=DIRECTION('center_axis',(0.,0.,1.));
#6037=DIRECTION('ref_axis',(0.,-1.,0.));
#6038=DIRECTION('center_axis',(0.,0.,-1.));
#6039=DIRECTION('ref_axis',(0.,-1.,0.));
#6040=DIRECTION('',(0.,0.,1.));
#6041=DIRECTION('center_axis',(-1.,0.,0.));
#6042=DIRECTION('ref_axis',(0.,-1.,0.));
#6043=DIRECTION('',(0.,-1.,0.));
#6044=DIRECTION('',(0.,0.,1.));
#6045=DIRECTION('center_axis',(0.,0.,1.));
#6046=DIRECTION('ref_axis',(1.,0.,0.));
#6047=DIRECTION('center_axis',(0.,0.,-1.));
#6048=DIRECTION('ref_axis',(1.,0.,0.));
#6049=DIRECTION('',(0.,0.,1.));
#6050=DIRECTION('center_axis',(0.,-1.,0.));
#6051=DIRECTION('ref_axis',(1.,0.,0.));
#6052=DIRECTION('',(1.,0.,0.));
#6053=DIRECTION('',(0.,0.,1.));
#6054=DIRECTION('center_axis',(0.,0.,1.));
#6055=DIRECTION('ref_axis',(0.,1.,0.));
#6056=DIRECTION('center_axis',(0.,0.,-1.));
#6057=DIRECTION('ref_axis',(0.,1.,0.));
#6058=DIRECTION('',(0.,0.,1.));
#6059=DIRECTION('center_axis',(1.,0.,0.));
#6060=DIRECTION('ref_axis',(0.,1.,0.));
#6061=DIRECTION('',(0.,1.,0.));
#6062=DIRECTION('center_axis',(0.,0.,1.));
#6063=DIRECTION('ref_axis',(1.,0.,0.));
#6064=DIRECTION('center_axis',(0.,0.,-1.));
#6065=DIRECTION('ref_axis',(1.,0.,0.));
#6066=DIRECTION('',(0.,0.,-1.));
#6067=DIRECTION('center_axis',(1.,0.,0.));
#6068=DIRECTION('ref_axis',(0.,1.,0.));
#6069=DIRECTION('',(0.,0.,1.));
#6070=DIRECTION('',(0.,1.,0.));
#6071=DIRECTION('',(0.,0.,1.));
#6072=DIRECTION('center_axis',(0.,0.,1.));
#6073=DIRECTION('ref_axis',(-1.,0.,0.));
#6074=DIRECTION('center_axis',(0.,0.,-1.));
#6075=DIRECTION('ref_axis',(-1.,0.,0.));
#6076=DIRECTION('',(0.,0.,1.));
#6077=DIRECTION('center_axis',(0.,1.,0.));
#6078=DIRECTION('ref_axis',(-1.,0.,0.));
#6079=DIRECTION('',(-1.,0.,0.));
#6080=DIRECTION('',(0.,0.,1.));
#6081=DIRECTION('center_axis',(0.,0.,1.));
#6082=DIRECTION('ref_axis',(0.,-1.,0.));
#6083=DIRECTION('center_axis',(0.,0.,-1.));
#6084=DIRECTION('ref_axis',(0.,-1.,0.));
#6085=DIRECTION('',(0.,0.,1.));
#6086=DIRECTION('center_axis',(-1.,0.,0.));
#6087=DIRECTION('ref_axis',(0.,-1.,0.));
#6088=DIRECTION('',(0.,-1.,0.));
#6089=DIRECTION('',(0.,0.,1.));
#6090=DIRECTION('center_axis',(0.,0.,1.));
#6091=DIRECTION('ref_axis',(1.,0.,0.));
#6092=DIRECTION('center_axis',(0.,0.,-1.));
#6093=DIRECTION('ref_axis',(1.,0.,0.));
#6094=DIRECTION('',(0.,0.,1.));
#6095=DIRECTION('center_axis',(0.,-1.,0.));
#6096=DIRECTION('ref_axis',(1.,0.,0.));
#6097=DIRECTION('',(1.,0.,0.));
#6098=DIRECTION('',(0.,0.,1.));
#6099=DIRECTION('center_axis',(0.,0.,1.));
#6100=DIRECTION('ref_axis',(0.,1.,0.));
#6101=DIRECTION('center_axis',(0.,0.,-1.));
#6102=DIRECTION('ref_axis',(0.,1.,0.));
#6103=DIRECTION('center_axis',(0.,0.,1.));
#6104=DIRECTION('ref_axis',(1.,0.,0.));
#6105=DIRECTION('center_axis',(0.,0.,-1.));
#6106=DIRECTION('ref_axis',(1.,0.,0.));
#6107=DIRECTION('',(0.,0.,-1.));
#6108=DIRECTION('center_axis',(0.,0.,1.));
#6109=DIRECTION('ref_axis',(1.,0.,0.));
#6110=DIRECTION('center_axis',(0.,0.,-1.));
#6111=DIRECTION('ref_axis',(1.,0.,0.));
#6112=DIRECTION('',(0.,0.,-1.));
#6113=DIRECTION('center_axis',(1.,0.,0.));
#6114=DIRECTION('ref_axis',(0.,1.,0.));
#6115=DIRECTION('',(0.,0.,1.));
#6116=DIRECTION('',(0.,1.,0.));
#6117=DIRECTION('',(0.,0.,1.));
#6118=DIRECTION('center_axis',(0.,0.,1.));
#6119=DIRECTION('ref_axis',(-1.,0.,0.));
#6120=DIRECTION('center_axis',(0.,0.,-1.));
#6121=DIRECTION('ref_axis',(-1.,0.,0.));
#6122=DIRECTION('',(0.,0.,1.));
#6123=DIRECTION('center_axis',(0.,1.,0.));
#6124=DIRECTION('ref_axis',(-1.,0.,0.));
#6125=DIRECTION('',(-1.,0.,0.));
#6126=DIRECTION('',(0.,0.,1.));
#6127=DIRECTION('center_axis',(0.,0.,1.));
#6128=DIRECTION('ref_axis',(0.,-1.,0.));
#6129=DIRECTION('center_axis',(0.,0.,-1.));
#6130=DIRECTION('ref_axis',(0.,-1.,0.));
#6131=DIRECTION('',(0.,0.,1.));
#6132=DIRECTION('center_axis',(-1.,0.,0.));
#6133=DIRECTION('ref_axis',(0.,-1.,0.));
#6134=DIRECTION('',(0.,-1.,0.));
#6135=DIRECTION('',(0.,0.,1.));
#6136=DIRECTION('center_axis',(0.,0.,1.));
#6137=DIRECTION('ref_axis',(1.,0.,0.));
#6138=DIRECTION('center_axis',(0.,0.,-1.));
#6139=DIRECTION('ref_axis',(1.,0.,0.));
#6140=DIRECTION('',(0.,0.,1.));
#6141=DIRECTION('center_axis',(0.,-1.,0.));
#6142=DIRECTION('ref_axis',(1.,0.,0.));
#6143=DIRECTION('',(1.,0.,0.));
#6144=DIRECTION('',(0.,0.,1.));
#6145=DIRECTION('center_axis',(0.,0.,1.));
#6146=DIRECTION('ref_axis',(0.,1.,0.));
#6147=DIRECTION('center_axis',(0.,0.,-1.));
#6148=DIRECTION('ref_axis',(0.,1.,0.));
#6149=DIRECTION('center_axis',(1.,0.,0.));
#6150=DIRECTION('ref_axis',(0.,1.,0.));
#6151=DIRECTION('',(0.,0.,1.));
#6152=DIRECTION('',(0.,1.,0.));
#6153=DIRECTION('',(0.,0.,1.));
#6154=DIRECTION('center_axis',(0.,0.,1.));
#6155=DIRECTION('ref_axis',(-1.,0.,0.));
#6156=DIRECTION('center_axis',(0.,0.,-1.));
#6157=DIRECTION('ref_axis',(-1.,0.,0.));
#6158=DIRECTION('',(0.,0.,1.));
#6159=DIRECTION('center_axis',(0.,1.,0.));
#6160=DIRECTION('ref_axis',(-1.,0.,0.));
#6161=DIRECTION('',(-1.,0.,0.));
#6162=DIRECTION('',(0.,0.,1.));
#6163=DIRECTION('center_axis',(0.,0.,1.));
#6164=DIRECTION('ref_axis',(0.,-1.,0.));
#6165=DIRECTION('center_axis',(0.,0.,-1.));
#6166=DIRECTION('ref_axis',(0.,-1.,0.));
#6167=DIRECTION('',(0.,0.,1.));
#6168=DIRECTION('center_axis',(-1.,0.,0.));
#6169=DIRECTION('ref_axis',(0.,-1.,0.));
#6170=DIRECTION('',(0.,-1.,0.));
#6171=DIRECTION('',(0.,0.,1.));
#6172=DIRECTION('center_axis',(0.,0.,1.));
#6173=DIRECTION('ref_axis',(1.,0.,0.));
#6174=DIRECTION('center_axis',(0.,0.,-1.));
#6175=DIRECTION('ref_axis',(1.,0.,0.));
#6176=DIRECTION('',(0.,0.,1.));
#6177=DIRECTION('center_axis',(0.,-1.,0.));
#6178=DIRECTION('ref_axis',(1.,0.,0.));
#6179=DIRECTION('',(1.,0.,0.));
#6180=DIRECTION('',(0.,0.,1.));
#6181=DIRECTION('center_axis',(0.,0.,1.));
#6182=DIRECTION('ref_axis',(0.,1.,0.));
#6183=DIRECTION('center_axis',(0.,0.,-1.));
#6184=DIRECTION('ref_axis',(0.,1.,0.));
#6185=DIRECTION('center_axis',(0.,0.,1.));
#6186=DIRECTION('ref_axis',(1.,0.,0.));
#6187=DIRECTION('center_axis',(0.,0.,-1.));
#6188=DIRECTION('ref_axis',(1.,0.,0.));
#6189=DIRECTION('',(0.,0.,-1.));
#6190=DIRECTION('center_axis',(-1.,0.,0.));
#6191=DIRECTION('ref_axis',(0.,-1.,0.));
#6192=DIRECTION('',(0.,-1.,0.));
#6193=DIRECTION('center_axis',(0.,-1.,0.));
#6194=DIRECTION('ref_axis',(1.,0.,0.));
#6195=DIRECTION('',(1.,0.,0.));
#6196=DIRECTION('center_axis',(0.,1.,0.));
#6197=DIRECTION('ref_axis',(-1.,0.,0.));
#6198=DIRECTION('',(-1.,0.,0.));
#6199=DIRECTION('center_axis',(0.,0.,1.));
#6200=DIRECTION('ref_axis',(1.,0.,0.));
#6201=CARTESIAN_POINT('',(0.,0.,0.));
#6202=CARTESIAN_POINT('Ctrl Pts',(25.3240115568042,14.9345160275698,-3.));
#6203=CARTESIAN_POINT('Ctrl Pts',(25.3240115568042,14.9345160275698,-2.8));
#6204=CARTESIAN_POINT('Ctrl Pts',(25.4941926661244,14.9393184042287,-3.));
#6205=CARTESIAN_POINT('Ctrl Pts',(25.4941926661244,14.9393184042287,-2.8));
#6206=CARTESIAN_POINT('Ctrl Pts',(25.801460960728,14.9479892731161,-3.));
#6207=CARTESIAN_POINT('Ctrl Pts',(25.801460960728,14.9479892731161,-2.8));
#6208=CARTESIAN_POINT('Ctrl Pts',(26.066576699512,15.1009323294472,-3.));
#6209=CARTESIAN_POINT('Ctrl Pts',(26.066576699512,15.1009323294472,-2.8));
#6210=CARTESIAN_POINT('Ctrl Pts',(26.1848575994372,15.1691675931215,-3.));
#6211=CARTESIAN_POINT('Ctrl Pts',(26.1848575994372,15.1691675931215,-2.8));
#6212=CARTESIAN_POINT('',(25.3240115568042,14.9345160275698,-3.));
#6213=CARTESIAN_POINT('',(26.1848575994372,15.1691675931215,-3.));
#6214=CARTESIAN_POINT('Ctrl Pts',(25.3240115568042,14.9345160275698,-3.));
#6215=CARTESIAN_POINT('Ctrl Pts',(25.4941926661244,14.9393184042287,-3.));
#6216=CARTESIAN_POINT('Ctrl Pts',(25.801460960728,14.9479892731161,-3.));
#6217=CARTESIAN_POINT('Ctrl Pts',(26.066576699512,15.1009323294472,-3.));
#6218=CARTESIAN_POINT('Ctrl Pts',(26.1848575994372,15.1691675931215,-3.));
#6219=CARTESIAN_POINT('',(25.3240115568042,14.9345160275698,-2.8));
#6220=CARTESIAN_POINT('',(25.3240115568042,14.9345160275698,-3.));
#6221=CARTESIAN_POINT('',(26.1848575994372,15.1691675931215,-2.8));
#6222=CARTESIAN_POINT('Ctrl Pts',(25.3240115568042,14.9345160275698,-2.8));
#6223=CARTESIAN_POINT('Ctrl Pts',(25.4941926661244,14.9393184042287,-2.8));
#6224=CARTESIAN_POINT('Ctrl Pts',(25.801460960728,14.9479892731161,-2.8));
#6225=CARTESIAN_POINT('Ctrl Pts',(26.066576699512,15.1009323294472,-2.8));
#6226=CARTESIAN_POINT('Ctrl Pts',(26.1848575994372,15.1691675931215,-2.8));
#6227=CARTESIAN_POINT('',(26.1848575994372,15.1691675931215,-3.));
#6228=CARTESIAN_POINT('Ctrl Pts',(24.7128249332309,15.0532055646181,-3.));
#6229=CARTESIAN_POINT('Ctrl Pts',(24.7128249332309,15.0532055646181,-2.8));
#6230=CARTESIAN_POINT('Ctrl Pts',(24.8077998877174,15.0186010821616,-3.));
#6231=CARTESIAN_POINT('Ctrl Pts',(24.8077998877174,15.0186010821616,-2.8));
#6232=CARTESIAN_POINT('Ctrl Pts',(25.0051191335955,14.9467070715853,-3.));
#6233=CARTESIAN_POINT('Ctrl Pts',(25.0051191335955,14.9467070715853,-2.8));
#6234=CARTESIAN_POINT('Ctrl Pts',(25.2151000109391,14.9386796431116,-3.));
#6235=CARTESIAN_POINT('Ctrl Pts',(25.2151000109391,14.9386796431116,-2.8));
#6236=CARTESIAN_POINT('Ctrl Pts',(25.3240115568042,14.9345160275698,-3.));
#6237=CARTESIAN_POINT('Ctrl Pts',(25.3240115568042,14.9345160275698,-2.8));
#6238=CARTESIAN_POINT('',(24.7128249332309,15.0532055646181,-3.));
#6239=CARTESIAN_POINT('Ctrl Pts',(24.7128249332309,15.0532055646181,-3.));
#6240=CARTESIAN_POINT('Ctrl Pts',(24.8077998877174,15.0186010821616,-3.));
#6241=CARTESIAN_POINT('Ctrl Pts',(25.0051191335955,14.9467070715853,-3.));
#6242=CARTESIAN_POINT('Ctrl Pts',(25.2151000109391,14.9386796431116,-3.));
#6243=CARTESIAN_POINT('Ctrl Pts',(25.3240115568042,14.9345160275698,-3.));
#6244=CARTESIAN_POINT('',(24.7128249332309,15.0532055646181,-2.8));
#6245=CARTESIAN_POINT('',(24.7128249332309,15.0532055646181,-3.));
#6246=CARTESIAN_POINT('Ctrl Pts',(24.7128249332309,15.0532055646181,-2.8));
#6247=CARTESIAN_POINT('Ctrl Pts',(24.8077998877174,15.0186010821616,-2.8));
#6248=CARTESIAN_POINT('Ctrl Pts',(25.0051191335955,14.9467070715853,-2.8));
#6249=CARTESIAN_POINT('Ctrl Pts',(25.2151000109391,14.9386796431116,-2.8));
#6250=CARTESIAN_POINT('Ctrl Pts',(25.3240115568042,14.9345160275698,-2.8));
#6251=CARTESIAN_POINT('Ctrl Pts',(24.299455396831,15.3888130933046,-3.));
#6252=CARTESIAN_POINT('Ctrl Pts',(24.299455396831,15.3888130933046,-2.8));
#6253=CARTESIAN_POINT('Ctrl Pts',(24.3539180019066,15.3199869174804,-3.));
#6254=CARTESIAN_POINT('Ctrl Pts',(24.3539180019066,15.3199869174804,-2.8));
#6255=CARTESIAN_POINT('Ctrl Pts',(24.4666339985294,15.177544024949,-3.));
#6256=CARTESIAN_POINT('Ctrl Pts',(24.4666339985294,15.177544024949,-2.8));
#6257=CARTESIAN_POINT('Ctrl Pts',(24.6289417476615,15.0955706750719,-3.));
#6258=CARTESIAN_POINT('Ctrl Pts',(24.6289417476615,15.0955706750719,-2.8));
#6259=CARTESIAN_POINT('Ctrl Pts',(24.7128249332309,15.0532055646181,-3.));
#6260=CARTESIAN_POINT('Ctrl Pts',(24.7128249332309,15.0532055646181,-2.8));
#6261=CARTESIAN_POINT('',(24.299455396831,15.3888130933046,-3.));
#6262=CARTESIAN_POINT('Ctrl Pts',(24.299455396831,15.3888130933046,-3.));
#6263=CARTESIAN_POINT('Ctrl Pts',(24.3539180019066,15.3199869174804,-3.));
#6264=CARTESIAN_POINT('Ctrl Pts',(24.4666339985294,15.177544024949,-3.));
#6265=CARTESIAN_POINT('Ctrl Pts',(24.6289417476615,15.0955706750719,-3.));
#6266=CARTESIAN_POINT('Ctrl Pts',(24.7128249332309,15.0532055646181,-3.));
#6267=CARTESIAN_POINT('',(24.299455396831,15.3888130933046,-2.8));
#6268=CARTESIAN_POINT('',(24.299455396831,15.3888130933046,-3.));
#6269=CARTESIAN_POINT('Ctrl Pts',(24.299455396831,15.3888130933046,-2.8));
#6270=CARTESIAN_POINT('Ctrl Pts',(24.3539180019066,15.3199869174804,-2.8));
#6271=CARTESIAN_POINT('Ctrl Pts',(24.4666339985294,15.177544024949,-2.8));
#6272=CARTESIAN_POINT('Ctrl Pts',(24.6289417476615,15.0955706750719,-2.8));
#6273=CARTESIAN_POINT('Ctrl Pts',(24.7128249332309,15.0532055646181,-2.8));
#6274=CARTESIAN_POINT('Ctrl Pts',(24.1562081500888,15.8512962609529,-3.));
#6275=CARTESIAN_POINT('Ctrl Pts',(24.1562081500888,15.8512962609529,-2.8));
#6276=CARTESIAN_POINT('Ctrl Pts',(24.1625306347599,15.770103085124,-3.));
#6277=CARTESIAN_POINT('Ctrl Pts',(24.1625306347599,15.770103085124,-2.8));
#6278=CARTESIAN_POINT('Ctrl Pts',(24.1753703056711,15.6052163812249,-3.));
#6279=CARTESIAN_POINT('Ctrl Pts',(24.1753703056711,15.6052163812249,-2.8));
#6280=CARTESIAN_POINT('Ctrl Pts',(24.2576776618205,15.4616730890836,-3.));
#6281=CARTESIAN_POINT('Ctrl Pts',(24.2576776618205,15.4616730890836,-2.8));
#6282=CARTESIAN_POINT('Ctrl Pts',(24.299455396831,15.3888130933046,-3.));
#6283=CARTESIAN_POINT('Ctrl Pts',(24.299455396831,15.3888130933046,-2.8));
#6284=CARTESIAN_POINT('',(24.1562081500888,15.8512962609529,-3.));
#6285=CARTESIAN_POINT('Ctrl Pts',(24.1562081500888,15.8512962609529,-3.));
#6286=CARTESIAN_POINT('Ctrl Pts',(24.1625306347599,15.770103085124,-3.));
#6287=CARTESIAN_POINT('Ctrl Pts',(24.1753703056711,15.6052163812249,-3.));
#6288=CARTESIAN_POINT('Ctrl Pts',(24.2576776618205,15.4616730890836,-3.));
#6289=CARTESIAN_POINT('Ctrl Pts',(24.299455396831,15.3888130933046,-3.));
#6290=CARTESIAN_POINT('',(24.1562081500888,15.8512962609529,-2.8));
#6291=CARTESIAN_POINT('',(24.1562081500888,15.8512962609529,-3.));
#6292=CARTESIAN_POINT('Ctrl Pts',(24.1562081500888,15.8512962609529,-2.8));
#6293=CARTESIAN_POINT('Ctrl Pts',(24.1625306347599,15.770103085124,-2.8));
#6294=CARTESIAN_POINT('Ctrl Pts',(24.1753703056711,15.6052163812249,-2.8));
#6295=CARTESIAN_POINT('Ctrl Pts',(24.2576776618205,15.4616730890836,-2.8));
#6296=CARTESIAN_POINT('Ctrl Pts',(24.299455396831,15.3888130933046,-2.8));
#6297=CARTESIAN_POINT('Ctrl Pts',(24.2735345289111,16.2714869529009,-3.));
#6298=CARTESIAN_POINT('Ctrl Pts',(24.2735345289111,16.2714869529009,-2.8));
#6299=CARTESIAN_POINT('Ctrl Pts',(24.2393405603035,16.2096772970183,-3.));
#6300=CARTESIAN_POINT('Ctrl Pts',(24.2393405603035,16.2096772970183,-2.8));
#6301=CARTESIAN_POINT('Ctrl Pts',(24.1671309851265,16.0791499211429,-3.));
#6302=CARTESIAN_POINT('Ctrl Pts',(24.1671309851265,16.0791499211429,-2.8));
#6303=CARTESIAN_POINT('Ctrl Pts',(24.1599753309892,15.9298808000205,-3.));
#6304=CARTESIAN_POINT('Ctrl Pts',(24.1599753309892,15.9298808000205,-2.8));
#6305=CARTESIAN_POINT('Ctrl Pts',(24.1562081500888,15.8512962609529,-3.));
#6306=CARTESIAN_POINT('Ctrl Pts',(24.1562081500888,15.8512962609529,-2.8));
#6307=CARTESIAN_POINT('',(24.2735345289111,16.2714869529009,-3.));
#6308=CARTESIAN_POINT('Ctrl Pts',(24.2735345289111,16.2714869529009,-3.));
#6309=CARTESIAN_POINT('Ctrl Pts',(24.2393405603035,16.2096772970183,-3.));
#6310=CARTESIAN_POINT('Ctrl Pts',(24.1671309851265,16.0791499211429,-3.));
#6311=CARTESIAN_POINT('Ctrl Pts',(24.1599753309892,15.9298808000205,-3.));
#6312=CARTESIAN_POINT('Ctrl Pts',(24.1562081500888,15.8512962609529,-3.));
#6313=CARTESIAN_POINT('',(24.2735345289111,16.2714869529009,-2.8));
#6314=CARTESIAN_POINT('',(24.2735345289111,16.2714869529009,-3.));
#6315=CARTESIAN_POINT('Ctrl Pts',(24.2735345289111,16.2714869529009,-2.8));
#6316=CARTESIAN_POINT('Ctrl Pts',(24.2393405603035,16.2096772970183,-2.8));
#6317=CARTESIAN_POINT('Ctrl Pts',(24.1671309851265,16.0791499211429,-2.8));
#6318=CARTESIAN_POINT('Ctrl Pts',(24.1599753309892,15.9298808000205,-2.8));
#6319=CARTESIAN_POINT('Ctrl Pts',(24.1562081500888,15.8512962609529,-2.8));
#6320=CARTESIAN_POINT('Ctrl Pts',(24.5968635007739,16.5293312817812,-3.));
#6321=CARTESIAN_POINT('Ctrl Pts',(24.5968635007739,16.5293312817812,-2.8));
#6322=CARTESIAN_POINT('Ctrl Pts',(24.5323587189374,16.4970843712487,-3.));
#6323=CARTESIAN_POINT('Ctrl Pts',(24.5323587189374,16.4970843712487,-2.8));
#6324=CARTESIAN_POINT('Ctrl Pts',(24.4062107226721,16.4340210907661,-3.));
#6325=CARTESIAN_POINT('Ctrl Pts',(24.4062107226721,16.4340210907661,-2.8));
#6326=CARTESIAN_POINT('Ctrl Pts',(24.3170860190548,16.3248394323668,-3.));
#6327=CARTESIAN_POINT('Ctrl Pts',(24.3170860190548,16.3248394323668,-2.8));
#6328=CARTESIAN_POINT('Ctrl Pts',(24.2735345289111,16.2714869529009,-3.));
#6329=CARTESIAN_POINT('Ctrl Pts',(24.2735345289111,16.2714869529009,-2.8));
#6330=CARTESIAN_POINT('',(24.5968635007739,16.5293312817812,-3.));
#6331=CARTESIAN_POINT('Ctrl Pts',(24.5968635007739,16.5293312817812,-3.));
#6332=CARTESIAN_POINT('Ctrl Pts',(24.5323587189374,16.4970843712487,-3.));
#6333=CARTESIAN_POINT('Ctrl Pts',(24.4062107226721,16.4340210907661,-3.));
#6334=CARTESIAN_POINT('Ctrl Pts',(24.3170860190548,16.3248394323668,-3.));
#6335=CARTESIAN_POINT('Ctrl Pts',(24.2735345289111,16.2714869529009,-3.));
#6336=CARTESIAN_POINT('',(24.5968635007739,16.5293312817812,-2.8));
#6337=CARTESIAN_POINT('',(24.5968635007739,16.5293312817812,-3.));
#6338=CARTESIAN_POINT('Ctrl Pts',(24.5968635007739,16.5293312817812,-2.8));
#6339=CARTESIAN_POINT('Ctrl Pts',(24.5323587189374,16.4970843712487,-2.8));
#6340=CARTESIAN_POINT('Ctrl Pts',(24.4062107226721,16.4340210907661,-2.8));
#6341=CARTESIAN_POINT('Ctrl Pts',(24.3170860190548,16.3248394323668,-2.8));
#6342=CARTESIAN_POINT('Ctrl Pts',(24.2735345289111,16.2714869529009,-2.8));
#6343=CARTESIAN_POINT('Ctrl Pts',(25.3240115568042,16.7571622878313,-3.));
#6344=CARTESIAN_POINT('Ctrl Pts',(25.3240115568042,16.7571622878313,-2.8));
#6345=CARTESIAN_POINT('Ctrl Pts',(25.1756668711687,16.7177654351514,-3.));
#6346=CARTESIAN_POINT('Ctrl Pts',(25.1756668711687,16.7177654351514,-2.8));
#6347=CARTESIAN_POINT('Ctrl Pts',(24.9298659808213,16.6524865111095,-3.));
#6348=CARTESIAN_POINT('Ctrl Pts',(24.9298659808213,16.6524865111095,-2.8));
#6349=CARTESIAN_POINT('Ctrl Pts',(24.6914082555137,16.5642970302348,-3.));
#6350=CARTESIAN_POINT('Ctrl Pts',(24.6914082555137,16.5642970302348,-2.8));
#6351=CARTESIAN_POINT('Ctrl Pts',(24.5968635007739,16.5293312817812,-3.));
#6352=CARTESIAN_POINT('Ctrl Pts',(24.5968635007739,16.5293312817812,-2.8));
#6353=CARTESIAN_POINT('',(25.3240115568042,16.7571622878313,-3.));
#6354=CARTESIAN_POINT('Ctrl Pts',(25.3240115568042,16.7571622878313,-3.));
#6355=CARTESIAN_POINT('Ctrl Pts',(25.1756668711687,16.7177654351514,-3.));
#6356=CARTESIAN_POINT('Ctrl Pts',(24.9298659808213,16.6524865111095,-3.));
#6357=CARTESIAN_POINT('Ctrl Pts',(24.6914082555137,16.5642970302348,-3.));
#6358=CARTESIAN_POINT('Ctrl Pts',(24.5968635007739,16.5293312817812,-3.));
#6359=CARTESIAN_POINT('',(25.3240115568042,16.7571622878313,-2.8));
#6360=CARTESIAN_POINT('',(25.3240115568042,16.7571622878313,-3.));
#6361=CARTESIAN_POINT('Ctrl Pts',(25.3240115568042,16.7571622878313,-2.8));
#6362=CARTESIAN_POINT('Ctrl Pts',(25.1756668711687,16.7177654351514,-2.8));
#6363=CARTESIAN_POINT('Ctrl Pts',(24.9298659808213,16.6524865111095,-2.8));
#6364=CARTESIAN_POINT('Ctrl Pts',(24.6914082555137,16.5642970302348,-2.8));
#6365=CARTESIAN_POINT('Ctrl Pts',(24.5968635007739,16.5293312817812,-2.8));
#6366=CARTESIAN_POINT('Ctrl Pts',(25.7578451558948,16.8826741725206,-3.));
#6367=CARTESIAN_POINT('Ctrl Pts',(25.7578451558948,16.8826741725206,-2.8));
#6368=CARTESIAN_POINT('Ctrl Pts',(25.709482540854,16.8674344464735,-3.));
#6369=CARTESIAN_POINT('Ctrl Pts',(25.709482540854,16.8674344464735,-2.8));
#6370=CARTESIAN_POINT('Ctrl Pts',(25.5658765136826,16.8221822095759,-3.));
#6371=CARTESIAN_POINT('Ctrl Pts',(25.5658765136826,16.8221822095759,-2.8));
#6372=CARTESIAN_POINT('Ctrl Pts',(25.4204574343212,16.7830895800264,-3.));
#6373=CARTESIAN_POINT('Ctrl Pts',(25.4204574343212,16.7830895800264,-2.8));
#6374=CARTESIAN_POINT('Ctrl Pts',(25.3240115568042,16.7571622878313,-3.));
#6375=CARTESIAN_POINT('Ctrl Pts',(25.3240115568042,16.7571622878313,-2.8));
#6376=CARTESIAN_POINT('',(25.7578451558948,16.8826741725206,-3.));
#6377=CARTESIAN_POINT('Ctrl Pts',(25.7578451558948,16.8826741725206,-3.));
#6378=CARTESIAN_POINT('Ctrl Pts',(25.709482540854,16.8674344464735,-3.));
#6379=CARTESIAN_POINT('Ctrl Pts',(25.5658765136826,16.8221822095759,-3.));
#6380=CARTESIAN_POINT('Ctrl Pts',(25.4204574343212,16.7830895800264,-3.));
#6381=CARTESIAN_POINT('Ctrl Pts',(25.3240115568042,16.7571622878313,-3.));
#6382=CARTESIAN_POINT('',(25.7578451558948,16.8826741725206,-2.8));
#6383=CARTESIAN_POINT('',(25.7578451558948,16.8826741725206,-3.));
#6384=CARTESIAN_POINT('Ctrl Pts',(25.7578451558948,16.8826741725206,-2.8));
#6385=CARTESIAN_POINT('Ctrl Pts',(25.709482540854,16.8674344464735,-2.8));
#6386=CARTESIAN_POINT('Ctrl Pts',(25.5658765136826,16.8221822095759,-2.8));
#6387=CARTESIAN_POINT('Ctrl Pts',(25.4204574343212,16.7830895800264,-2.8));
#6388=CARTESIAN_POINT('Ctrl Pts',(25.3240115568042,16.7571622878313,-2.8));
#6389=CARTESIAN_POINT('Ctrl Pts',(25.9461129829288,17.0136428624392,-3.));
#6390=CARTESIAN_POINT('Ctrl Pts',(25.9461129829288,17.0136428624392,-2.8));
#6391=CARTESIAN_POINT('Ctrl Pts',(25.9216672705888,16.9877910250296,-3.));
#6392=CARTESIAN_POINT('Ctrl Pts',(25.9216672705888,16.9877910250296,-2.8));
#6393=CARTESIAN_POINT('Ctrl Pts',(25.8681434097283,16.9311884548424,-3.));
#6394=CARTESIAN_POINT('Ctrl Pts',(25.8681434097283,16.9311884548424,-2.8));
#6395=CARTESIAN_POINT('Ctrl Pts',(25.7966731339374,16.899752516223,-3.));
#6396=CARTESIAN_POINT('Ctrl Pts',(25.7966731339374,16.899752516223,-2.8));
#6397=CARTESIAN_POINT('Ctrl Pts',(25.7578451558948,16.8826741725206,-3.));
#6398=CARTESIAN_POINT('Ctrl Pts',(25.7578451558948,16.8826741725206,-2.8));
#6399=CARTESIAN_POINT('',(25.9461129829288,17.0136428624392,-3.));
#6400=CARTESIAN_POINT('Ctrl Pts',(25.9461129829288,17.0136428624392,-3.));
#6401=CARTESIAN_POINT('Ctrl Pts',(25.9216672705888,16.9877910250296,-3.));
#6402=CARTESIAN_POINT('Ctrl Pts',(25.8681434097283,16.9311884548424,-3.));
#6403=CARTESIAN_POINT('Ctrl Pts',(25.7966731339374,16.899752516223,-3.));
#6404=CARTESIAN_POINT('Ctrl Pts',(25.7578451558948,16.8826741725206,-3.));
#6405=CARTESIAN_POINT('',(25.9461129829288,17.0136428624392,-2.8));
#6406=CARTESIAN_POINT('',(25.9461129829288,17.0136428624392,-3.));
#6407=CARTESIAN_POINT('Ctrl Pts',(25.9461129829288,17.0136428624392,-2.8));
#6408=CARTESIAN_POINT('Ctrl Pts',(25.9216672705888,16.9877910250296,-2.8));
#6409=CARTESIAN_POINT('Ctrl Pts',(25.8681434097283,16.9311884548424,-2.8));
#6410=CARTESIAN_POINT('Ctrl Pts',(25.7966731339374,16.899752516223,-2.8));
#6411=CARTESIAN_POINT('Ctrl Pts',(25.7578451558948,16.8826741725206,-2.8));
#6412=CARTESIAN_POINT('Ctrl Pts',(26.0061402246356,17.1855390816927,-3.));
#6413=CARTESIAN_POINT('Ctrl Pts',(26.0061402246356,17.1855390816927,-2.8));
#6414=CARTESIAN_POINT('Ctrl Pts',(26.003592588848,17.1544431446501,-3.));
#6415=CARTESIAN_POINT('Ctrl Pts',(26.003592588848,17.1544431446501,-2.8));
#6416=CARTESIAN_POINT('Ctrl Pts',(25.9984733171011,17.0919583292304,-3.));
#6417=CARTESIAN_POINT('Ctrl Pts',(25.9984733171011,17.0919583292304,-2.8));
#6418=CARTESIAN_POINT('Ctrl Pts',(25.9636208927025,17.0398294815305,-3.));
#6419=CARTESIAN_POINT('Ctrl Pts',(25.9636208927025,17.0398294815305,-2.8));
#6420=CARTESIAN_POINT('Ctrl Pts',(25.9461129829288,17.0136428624392,-3.));
#6421=CARTESIAN_POINT('Ctrl Pts',(25.9461129829288,17.0136428624392,-2.8));
#6422=CARTESIAN_POINT('',(26.0061402246356,17.1855390816927,-3.));
#6423=CARTESIAN_POINT('Ctrl Pts',(26.0061402246356,17.1855390816927,-3.));
#6424=CARTESIAN_POINT('Ctrl Pts',(26.003592588848,17.1544431446501,-3.));
#6425=CARTESIAN_POINT('Ctrl Pts',(25.9984733171011,17.0919583292304,-3.));
#6426=CARTESIAN_POINT('Ctrl Pts',(25.9636208927025,17.0398294815305,-3.));
#6427=CARTESIAN_POINT('Ctrl Pts',(25.9461129829288,17.0136428624392,-3.));
#6428=CARTESIAN_POINT('',(26.0061402246356,17.1855390816927,-2.8));
#6429=CARTESIAN_POINT('',(26.0061402246356,17.1855390816927,-3.));
#6430=CARTESIAN_POINT('Ctrl Pts',(26.0061402246356,17.1855390816927,-2.8));
#6431=CARTESIAN_POINT('Ctrl Pts',(26.003592588848,17.1544431446501,-2.8));
#6432=CARTESIAN_POINT('Ctrl Pts',(25.9984733171011,17.0919583292304,-2.8));
#6433=CARTESIAN_POINT('Ctrl Pts',(25.9636208927025,17.0398294815305,-2.8));
#6434=CARTESIAN_POINT('Ctrl Pts',(25.9461129829288,17.0136428624392,-2.8));
#6435=CARTESIAN_POINT('Ctrl Pts',(25.8615286275744,17.4474764615297,-3.));
#6436=CARTESIAN_POINT('Ctrl Pts',(25.8615286275744,17.4474764615297,-2.8));
#6437=CARTESIAN_POINT('Ctrl Pts',(25.9036648499517,17.4101981498637,-3.));
#6438=CARTESIAN_POINT('Ctrl Pts',(25.9036648499517,17.4101981498637,-2.8));
#6439=CARTESIAN_POINT('Ctrl Pts',(25.9833530717986,17.3396972315914,-3.));
#6440=CARTESIAN_POINT('Ctrl Pts',(25.9833530717986,17.3396972315914,-2.8));
#6441=CARTESIAN_POINT('Ctrl Pts',(25.9988415080208,17.2349158800153,-3.));
#6442=CARTESIAN_POINT('Ctrl Pts',(25.9988415080208,17.2349158800153,-2.8));
#6443=CARTESIAN_POINT('Ctrl Pts',(26.0061402246356,17.1855390816927,-3.));
#6444=CARTESIAN_POINT('Ctrl Pts',(26.0061402246356,17.1855390816927,-2.8));
#6445=CARTESIAN_POINT('',(25.8615286275744,17.4474764615297,-3.));
#6446=CARTESIAN_POINT('Ctrl Pts',(25.8615286275744,17.4474764615297,-3.));
#6447=CARTESIAN_POINT('Ctrl Pts',(25.9036648499517,17.4101981498637,-3.));
#6448=CARTESIAN_POINT('Ctrl Pts',(25.9833530717986,17.3396972315914,-3.));
#6449=CARTESIAN_POINT('Ctrl Pts',(25.9988415080208,17.2349158800153,-3.));
#6450=CARTESIAN_POINT('Ctrl Pts',(26.0061402246356,17.1855390816927,-3.));
#6451=CARTESIAN_POINT('',(25.8615286275744,17.4474764615297,-2.8));
#6452=CARTESIAN_POINT('',(25.8615286275744,17.4474764615297,-3.));
#6453=CARTESIAN_POINT('Ctrl Pts',(25.8615286275744,17.4474764615297,-2.8));
#6454=CARTESIAN_POINT('Ctrl Pts',(25.9036648499517,17.4101981498637,-2.8));
#6455=CARTESIAN_POINT('Ctrl Pts',(25.9833530717986,17.3396972315914,-2.8));
#6456=CARTESIAN_POINT('Ctrl Pts',(25.9988415080208,17.2349158800153,-2.8));
#6457=CARTESIAN_POINT('Ctrl Pts',(26.0061402246356,17.1855390816927,-2.8));
#6458=CARTESIAN_POINT('Ctrl Pts',(25.3785819932818,17.55934484303,-3.));
#6459=CARTESIAN_POINT('Ctrl Pts',(25.3785819932818,17.55934484303,-2.8));
#6460=CARTESIAN_POINT('Ctrl Pts',(25.4774218776976,17.5585482128917,-3.));
#6461=CARTESIAN_POINT('Ctrl Pts',(25.4774218776976,17.5585482128917,-2.8));
#6462=CARTESIAN_POINT('Ctrl Pts',(25.6476933181193,17.5571758583818,-3.));
#6463=CARTESIAN_POINT('Ctrl Pts',(25.6476933181193,17.5571758583818,-2.8));
#6464=CARTESIAN_POINT('Ctrl Pts',(25.7983329324066,17.4798964096722,-3.));
#6465=CARTESIAN_POINT('Ctrl Pts',(25.7983329324066,17.4798964096722,-2.8));
#6466=CARTESIAN_POINT('Ctrl Pts',(25.8615286275744,17.4474764615297,-3.));
#6467=CARTESIAN_POINT('Ctrl Pts',(25.8615286275744,17.4474764615297,-2.8));
#6468=CARTESIAN_POINT('',(25.3785819932818,17.55934484303,-3.));
#6469=CARTESIAN_POINT('Ctrl Pts',(25.3785819932818,17.55934484303,-3.));
#6470=CARTESIAN_POINT('Ctrl Pts',(25.4774218776976,17.5585482128917,-3.));
#6471=CARTESIAN_POINT('Ctrl Pts',(25.6476933181193,17.5571758583818,-3.));
#6472=CARTESIAN_POINT('Ctrl Pts',(25.7983329324066,17.4798964096722,-3.));
#6473=CARTESIAN_POINT('Ctrl Pts',(25.8615286275744,17.4474764615297,-3.));
#6474=CARTESIAN_POINT('',(25.3785819932818,17.55934484303,-2.8));
#6475=CARTESIAN_POINT('',(25.3785819932818,17.55934484303,-3.));
#6476=CARTESIAN_POINT('Ctrl Pts',(25.3785819932818,17.55934484303,-2.8));
#6477=CARTESIAN_POINT('Ctrl Pts',(25.4774218776976,17.5585482128917,-2.8));
#6478=CARTESIAN_POINT('Ctrl Pts',(25.6476933181193,17.5571758583818,-2.8));
#6479=CARTESIAN_POINT('Ctrl Pts',(25.7983329324066,17.4798964096722,-2.8));
#6480=CARTESIAN_POINT('Ctrl Pts',(25.8615286275744,17.4474764615297,-2.8));
#6481=CARTESIAN_POINT('Ctrl Pts',(24.9351985380054,17.4338335543871,-3.));
#6482=CARTESIAN_POINT('Ctrl Pts',(24.9351985380054,17.4338335543871,-2.8));
#6483=CARTESIAN_POINT('Ctrl Pts',(24.99674862016,17.4703538064668,-3.));
#6484=CARTESIAN_POINT('Ctrl Pts',(24.99674862016,17.4703538064668,-2.8));
#6485=CARTESIAN_POINT('Ctrl Pts',(25.1328392842505,17.5511021204297,-3.));
#6486=CARTESIAN_POINT('Ctrl Pts',(25.1328392842505,17.5511021204297,-2.8));
#6487=CARTESIAN_POINT('Ctrl Pts',(25.2916157673146,17.5564278145693,-3.));
#6488=CARTESIAN_POINT('Ctrl Pts',(25.2916157673146,17.5564278145693,-2.8));
#6489=CARTESIAN_POINT('Ctrl Pts',(25.3785819932818,17.55934484303,-3.));
#6490=CARTESIAN_POINT('Ctrl Pts',(25.3785819932818,17.55934484303,-2.8));
#6491=CARTESIAN_POINT('',(24.9351985380054,17.4338335543871,-3.));
#6492=CARTESIAN_POINT('Ctrl Pts',(24.9351985380054,17.4338335543871,-3.));
#6493=CARTESIAN_POINT('Ctrl Pts',(24.99674862016,17.4703538064668,-3.));
#6494=CARTESIAN_POINT('Ctrl Pts',(25.1328392842505,17.5511021204297,-3.));
#6495=CARTESIAN_POINT('Ctrl Pts',(25.2916157673146,17.5564278145693,-3.));
#6496=CARTESIAN_POINT('Ctrl Pts',(25.3785819932818,17.55934484303,-3.));
#6497=CARTESIAN_POINT('',(24.9351985380054,17.4338335543871,-2.8));
#6498=CARTESIAN_POINT('',(24.9351985380054,17.4338335543871,-3.));
#6499=CARTESIAN_POINT('Ctrl Pts',(24.9351985380054,17.4338335543871,-2.8));
#6500=CARTESIAN_POINT('Ctrl Pts',(24.99674862016,17.4703538064668,-2.8));
#6501=CARTESIAN_POINT('Ctrl Pts',(25.1328392842505,17.5511021204297,-2.8));
#6502=CARTESIAN_POINT('Ctrl Pts',(25.2916157673146,17.5564278145693,-2.8));
#6503=CARTESIAN_POINT('Ctrl Pts',(25.3785819932818,17.55934484303,-2.8));
#6504=CARTESIAN_POINT('Ctrl Pts',(24.7455669566989,17.0845837146044,-3.));
#6505=CARTESIAN_POINT('Ctrl Pts',(24.7455669566989,17.0845837146044,-2.8));
#6506=CARTESIAN_POINT('Ctrl Pts',(24.7607493711208,17.1543282467063,-3.));
#6507=CARTESIAN_POINT('Ctrl Pts',(24.7607493711208,17.1543282467063,-2.8));
#6508=CARTESIAN_POINT('Ctrl Pts',(24.7901495599548,17.2893859757971,-3.));
#6509=CARTESIAN_POINT('Ctrl Pts',(24.7901495599548,17.2893859757971,-2.8));
#6510=CARTESIAN_POINT('Ctrl Pts',(24.8879181632433,17.3867492126634,-3.));
#6511=CARTESIAN_POINT('Ctrl Pts',(24.8879181632433,17.3867492126634,-2.8));
#6512=CARTESIAN_POINT('Ctrl Pts',(24.9351985380054,17.4338335543871,-3.));
#6513=CARTESIAN_POINT('Ctrl Pts',(24.9351985380054,17.4338335543871,-2.8));
#6514=CARTESIAN_POINT('',(24.7455669566989,17.0845837146044,-3.));
#6515=CARTESIAN_POINT('Ctrl Pts',(24.7455669566989,17.0845837146044,-3.));
#6516=CARTESIAN_POINT('Ctrl Pts',(24.7607493711208,17.1543282467063,-3.));
#6517=CARTESIAN_POINT('Ctrl Pts',(24.7901495599548,17.2893859757971,-3.));
#6518=CARTESIAN_POINT('Ctrl Pts',(24.8879181632433,17.3867492126634,-3.));
#6519=CARTESIAN_POINT('Ctrl Pts',(24.9351985380054,17.4338335543871,-3.));
#6520=CARTESIAN_POINT('',(24.7455669566989,17.0845837146044,-2.8));
#6521=CARTESIAN_POINT('',(24.7455669566989,17.0845837146044,-3.));
#6522=CARTESIAN_POINT('Ctrl Pts',(24.7455669566989,17.0845837146044,-2.8));
#6523=CARTESIAN_POINT('Ctrl Pts',(24.7607493711208,17.1543282467063,-2.8));
#6524=CARTESIAN_POINT('Ctrl Pts',(24.7901495599548,17.2893859757971,-2.8));
#6525=CARTESIAN_POINT('Ctrl Pts',(24.8879181632433,17.3867492126634,-2.8));
#6526=CARTESIAN_POINT('Ctrl Pts',(24.9351985380054,17.4338335543871,-2.8));
#6527=CARTESIAN_POINT('Origin',(24.2653490230441,17.1500683575869,-3.));
#6528=CARTESIAN_POINT('',(24.2653490230441,17.1500683575869,-3.));
#6529=CARTESIAN_POINT('',(32.4998088972226,16.0271809616284,-3.));
#6530=CARTESIAN_POINT('',(24.2653490230441,17.1500683575869,-2.8));
#6531=CARTESIAN_POINT('',(24.2653490230441,17.1500683575869,-3.));
#6532=CARTESIAN_POINT('',(24.2653490230441,17.1500683575869,-2.8));
#6533=CARTESIAN_POINT('Ctrl Pts',(24.4345165416598,17.5989086180925,-3.));
#6534=CARTESIAN_POINT('Ctrl Pts',(24.4345165416598,17.5989086180925,-2.8));
#6535=CARTESIAN_POINT('Ctrl Pts',(24.3962772047829,17.534964379188,-3.));
#6536=CARTESIAN_POINT('Ctrl Pts',(24.3962772047829,17.534964379188,-2.8));
#6537=CARTESIAN_POINT('Ctrl Pts',(24.3130342427937,17.3957645843353,-3.));
#6538=CARTESIAN_POINT('Ctrl Pts',(24.3130342427937,17.3957645843353,-2.8));
#6539=CARTESIAN_POINT('Ctrl Pts',(24.2820824722649,17.2362867991844,-3.));
#6540=CARTESIAN_POINT('Ctrl Pts',(24.2820824722649,17.2362867991844,-2.8));
#6541=CARTESIAN_POINT('Ctrl Pts',(24.2653490230441,17.1500683575869,-3.));
#6542=CARTESIAN_POINT('Ctrl Pts',(24.2653490230441,17.1500683575869,-2.8));
#6543=CARTESIAN_POINT('',(24.4345165416598,17.5989086180925,-3.));
#6544=CARTESIAN_POINT('Ctrl Pts',(24.4345165416598,17.5989086180925,-3.));
#6545=CARTESIAN_POINT('Ctrl Pts',(24.3962772047829,17.534964379188,-3.));
#6546=CARTESIAN_POINT('Ctrl Pts',(24.3130342427937,17.3957645843353,-3.));
#6547=CARTESIAN_POINT('Ctrl Pts',(24.2820824722649,17.2362867991844,-3.));
#6548=CARTESIAN_POINT('Ctrl Pts',(24.2653490230441,17.1500683575869,-3.));
#6549=CARTESIAN_POINT('',(24.4345165416598,17.5989086180925,-2.8));
#6550=CARTESIAN_POINT('',(24.4345165416598,17.5989086180925,-3.));
#6551=CARTESIAN_POINT('Ctrl Pts',(24.4345165416598,17.5989086180925,-2.8));
#6552=CARTESIAN_POINT('Ctrl Pts',(24.3962772047829,17.534964379188,-2.8));
#6553=CARTESIAN_POINT('Ctrl Pts',(24.3130342427937,17.3957645843353,-2.8));
#6554=CARTESIAN_POINT('Ctrl Pts',(24.2820824722649,17.2362867991844,-2.8));
#6555=CARTESIAN_POINT('Ctrl Pts',(24.2653490230441,17.1500683575869,-2.8));
#6556=CARTESIAN_POINT('Ctrl Pts',(24.8151440545917,17.8649390488863,-3.));
#6557=CARTESIAN_POINT('Ctrl Pts',(24.8151440545917,17.8649390488863,-2.8));
#6558=CARTESIAN_POINT('Ctrl Pts',(24.7366670285561,17.8316893535607,-3.));
#6559=CARTESIAN_POINT('Ctrl Pts',(24.7366670285561,17.8316893535607,-2.8));
#6560=CARTESIAN_POINT('Ctrl Pts',(24.5906230342565,17.7698124125003,-3.));
#6561=CARTESIAN_POINT('Ctrl Pts',(24.5906230342565,17.7698124125003,-2.8));
#6562=CARTESIAN_POINT('Ctrl Pts',(24.4838943559092,17.6529669450359,-3.));
#6563=CARTESIAN_POINT('Ctrl Pts',(24.4838943559092,17.6529669450359,-2.8));
#6564=CARTESIAN_POINT('Ctrl Pts',(24.4345165416598,17.5989086180925,-3.));
#6565=CARTESIAN_POINT('Ctrl Pts',(24.4345165416598,17.5989086180925,-2.8));
#6566=CARTESIAN_POINT('',(24.8151440545917,17.8649390488863,-3.));
#6567=CARTESIAN_POINT('Ctrl Pts',(24.8151440545917,17.8649390488863,-3.));
#6568=CARTESIAN_POINT('Ctrl Pts',(24.7366670285561,17.8316893535607,-3.));
#6569=CARTESIAN_POINT('Ctrl Pts',(24.5906230342565,17.7698124125003,-3.));
#6570=CARTESIAN_POINT('Ctrl Pts',(24.4838943559092,17.6529669450359,-3.));
#6571=CARTESIAN_POINT('Ctrl Pts',(24.4345165416598,17.5989086180925,-3.));
#6572=CARTESIAN_POINT('',(24.8151440545917,17.8649390488863,-2.8));
#6573=CARTESIAN_POINT('',(24.8151440545917,17.8649390488863,-3.));
#6574=CARTESIAN_POINT('Ctrl Pts',(24.8151440545917,17.8649390488863,-2.8));
#6575=CARTESIAN_POINT('Ctrl Pts',(24.7366670285561,17.8316893535607,-2.8));
#6576=CARTESIAN_POINT('Ctrl Pts',(24.5906230342565,17.7698124125003,-2.8));
#6577=CARTESIAN_POINT('Ctrl Pts',(24.4838943559092,17.6529669450359,-2.8));
#6578=CARTESIAN_POINT('Ctrl Pts',(24.4345165416598,17.5989086180925,-2.8));
#6579=CARTESIAN_POINT('Ctrl Pts',(25.4140527173877,17.9631651192904,-3.));
#6580=CARTESIAN_POINT('Ctrl Pts',(25.4140527173877,17.9631651192904,-2.8));
#6581=CARTESIAN_POINT('Ctrl Pts',(25.3064449662986,17.9600342225952,-3.));
#6582=CARTESIAN_POINT('Ctrl Pts',(25.3064449662986,17.9600342225952,-2.8));
#6583=CARTESIAN_POINT('Ctrl Pts',(25.1022770832406,17.9540938647319,-3.));
#6584=CARTESIAN_POINT('Ctrl Pts',(25.1022770832406,17.9540938647319,-2.8));
#6585=CARTESIAN_POINT('Ctrl Pts',(24.907339000701,17.8935655830086,-3.));
#6586=CARTESIAN_POINT('Ctrl Pts',(24.907339000701,17.8935655830086,-2.8));
#6587=CARTESIAN_POINT('Ctrl Pts',(24.8151440545917,17.8649390488863,-3.));
#6588=CARTESIAN_POINT('Ctrl Pts',(24.8151440545917,17.8649390488863,-2.8));
#6589=CARTESIAN_POINT('',(25.4140527173877,17.9631651192904,-3.));
#6590=CARTESIAN_POINT('Ctrl Pts',(25.4140527173877,17.9631651192904,-3.));
#6591=CARTESIAN_POINT('Ctrl Pts',(25.3064449662986,17.9600342225952,-3.));
#6592=CARTESIAN_POINT('Ctrl Pts',(25.1022770832406,17.9540938647319,-3.));
#6593=CARTESIAN_POINT('Ctrl Pts',(24.907339000701,17.8935655830086,-3.));
#6594=CARTESIAN_POINT('Ctrl Pts',(24.8151440545917,17.8649390488863,-3.));
#6595=CARTESIAN_POINT('',(25.4140527173877,17.9631651192904,-2.8));
#6596=CARTESIAN_POINT('',(25.4140527173877,17.9631651192904,-3.));
#6597=CARTESIAN_POINT('Ctrl Pts',(25.4140527173877,17.9631651192904,-2.8));
#6598=CARTESIAN_POINT('Ctrl Pts',(25.3064449662986,17.9600342225952,-2.8));
#6599=CARTESIAN_POINT('Ctrl Pts',(25.1022770832406,17.9540938647319,-2.8));
#6600=CARTESIAN_POINT('Ctrl Pts',(24.907339000701,17.8935655830086,-2.8));
#6601=CARTESIAN_POINT('Ctrl Pts',(24.8151440545917,17.8649390488863,-2.8));
#6602=CARTESIAN_POINT('Ctrl Pts',(25.8383364602923,17.9045022279024,-3.));
#6603=CARTESIAN_POINT('Ctrl Pts',(25.8383364602923,17.9045022279024,-2.8));
#6604=CARTESIAN_POINT('Ctrl Pts',(25.7703519140748,17.9216095718425,-3.));
#6605=CARTESIAN_POINT('Ctrl Pts',(25.7703519140748,17.9216095718425,-2.8));
#6606=CARTESIAN_POINT('Ctrl Pts',(25.6310924998804,17.9566522223868,-3.));
#6607=CARTESIAN_POINT('Ctrl Pts',(25.6310924998804,17.9566522223868,-2.8));
#6608=CARTESIAN_POINT('Ctrl Pts',(25.487529975739,17.9609602248563,-3.));
#6609=CARTESIAN_POINT('Ctrl Pts',(25.487529975739,17.9609602248563,-2.8));
#6610=CARTESIAN_POINT('Ctrl Pts',(25.4140527173877,17.9631651192904,-3.));
#6611=CARTESIAN_POINT('Ctrl Pts',(25.4140527173877,17.9631651192904,-2.8));
#6612=CARTESIAN_POINT('',(25.8383364602923,17.9045022279024,-3.));
#6613=CARTESIAN_POINT('Ctrl Pts',(25.8383364602923,17.9045022279024,-3.));
#6614=CARTESIAN_POINT('Ctrl Pts',(25.7703519140748,17.9216095718425,-3.));
#6615=CARTESIAN_POINT('Ctrl Pts',(25.6310924998804,17.9566522223868,-3.));
#6616=CARTESIAN_POINT('Ctrl Pts',(25.487529975739,17.9609602248563,-3.));
#6617=CARTESIAN_POINT('Ctrl Pts',(25.4140527173877,17.9631651192904,-3.));
#6618=CARTESIAN_POINT('',(25.8383364602923,17.9045022279024,-2.8));
#6619=CARTESIAN_POINT('',(25.8383364602923,17.9045022279024,-3.));
#6620=CARTESIAN_POINT('Ctrl Pts',(25.8383364602923,17.9045022279024,-2.8));
#6621=CARTESIAN_POINT('Ctrl Pts',(25.7703519140748,17.9216095718425,-2.8));
#6622=CARTESIAN_POINT('Ctrl Pts',(25.6310924998804,17.9566522223868,-2.8));
#6623=CARTESIAN_POINT('Ctrl Pts',(25.487529975739,17.9609602248563,-2.8));
#6624=CARTESIAN_POINT('Ctrl Pts',(25.4140527173877,17.9631651192904,-2.8));
#6625=CARTESIAN_POINT('Ctrl Pts',(26.1507512256503,17.7612549811602,-3.));
#6626=CARTESIAN_POINT('Ctrl Pts',(26.1507512256503,17.7612549811602,-2.8));
#6627=CARTESIAN_POINT('Ctrl Pts',(26.1064701572132,17.7891113121049,-3.));
#6628=CARTESIAN_POINT('Ctrl Pts',(26.1064701572132,17.7891113121049,-2.8));
#6629=CARTESIAN_POINT('Ctrl Pts',(26.0087564850805,17.8505810210533,-3.));
#6630=CARTESIAN_POINT('Ctrl Pts',(26.0087564850805,17.8505810210533,-2.8));
#6631=CARTESIAN_POINT('Ctrl Pts',(25.8985826396732,17.8854402268007,-3.));
#6632=CARTESIAN_POINT('Ctrl Pts',(25.8985826396732,17.8854402268007,-2.8));
#6633=CARTESIAN_POINT('Ctrl Pts',(25.8383364602923,17.9045022279024,-3.));
#6634=CARTESIAN_POINT('Ctrl Pts',(25.8383364602923,17.9045022279024,-2.8));
#6635=CARTESIAN_POINT('',(26.1507512256503,17.7612549811602,-3.));
#6636=CARTESIAN_POINT('Ctrl Pts',(26.1507512256503,17.7612549811602,-3.));
#6637=CARTESIAN_POINT('Ctrl Pts',(26.1064701572132,17.7891113121049,-3.));
#6638=CARTESIAN_POINT('Ctrl Pts',(26.0087564850805,17.8505810210533,-3.));
#6639=CARTESIAN_POINT('Ctrl Pts',(25.8985826396732,17.8854402268007,-3.));
#6640=CARTESIAN_POINT('Ctrl Pts',(25.8383364602923,17.9045022279024,-3.));
#6641=CARTESIAN_POINT('',(26.1507512256503,17.7612549811602,-2.8));
#6642=CARTESIAN_POINT('',(26.1507512256503,17.7612549811602,-3.));
#6643=CARTESIAN_POINT('Ctrl Pts',(26.1507512256503,17.7612549811602,-2.8));
#6644=CARTESIAN_POINT('Ctrl Pts',(26.1064701572132,17.7891113121049,-2.8));
#6645=CARTESIAN_POINT('Ctrl Pts',(26.0087564850805,17.8505810210533,-2.8));
#6646=CARTESIAN_POINT('Ctrl Pts',(25.8985826396732,17.8854402268007,-2.8));
#6647=CARTESIAN_POINT('Ctrl Pts',(25.8383364602923,17.9045022279024,-2.8));
#6648=CARTESIAN_POINT('Ctrl Pts',(26.3922245427966,17.4870396405458,-3.));
#6649=CARTESIAN_POINT('Ctrl Pts',(26.3922245427966,17.4870396405458,-2.8));
#6650=CARTESIAN_POINT('Ctrl Pts',(26.3599804862719,17.5397437467113,-3.));
#6651=CARTESIAN_POINT('Ctrl Pts',(26.3599804862719,17.5397437467113,-2.8));
#6652=CARTESIAN_POINT('Ctrl Pts',(26.2954576558368,17.6452087058969,-3.));
#6653=CARTESIAN_POINT('Ctrl Pts',(26.2954576558368,17.6452087058969,-2.8));
#6654=CARTESIAN_POINT('Ctrl Pts',(26.1990040017789,17.7225590162772,-3.));
#6655=CARTESIAN_POINT('Ctrl Pts',(26.1990040017789,17.7225590162772,-2.8));
#6656=CARTESIAN_POINT('Ctrl Pts',(26.1507512256503,17.7612549811602,-3.));
#6657=CARTESIAN_POINT('Ctrl Pts',(26.1507512256503,17.7612549811602,-2.8));
#6658=CARTESIAN_POINT('',(26.3922245427966,17.4870396405458,-3.));
#6659=CARTESIAN_POINT('Ctrl Pts',(26.3922245427966,17.4870396405458,-3.));
#6660=CARTESIAN_POINT('Ctrl Pts',(26.3599804862719,17.5397437467113,-3.));
#6661=CARTESIAN_POINT('Ctrl Pts',(26.2954576558368,17.6452087058969,-3.));
#6662=CARTESIAN_POINT('Ctrl Pts',(26.1990040017789,17.7225590162772,-3.));
#6663=CARTESIAN_POINT('Ctrl Pts',(26.1507512256503,17.7612549811602,-3.));
#6664=CARTESIAN_POINT('',(26.3922245427966,17.4870396405458,-2.8));
#6665=CARTESIAN_POINT('',(26.3922245427966,17.4870396405458,-3.));
#6666=CARTESIAN_POINT('Ctrl Pts',(26.3922245427966,17.4870396405458,-2.8));
#6667=CARTESIAN_POINT('Ctrl Pts',(26.3599804862719,17.5397437467113,-2.8));
#6668=CARTESIAN_POINT('Ctrl Pts',(26.2954576558368,17.6452087058969,-2.8));
#6669=CARTESIAN_POINT('Ctrl Pts',(26.1990040017789,17.7225590162772,-2.8));
#6670=CARTESIAN_POINT('Ctrl Pts',(26.1507512256503,17.7612549811602,-2.8));
#6671=CARTESIAN_POINT('Ctrl Pts',(26.4809013530612,17.1282399445772,-3.));
#6672=CARTESIAN_POINT('Ctrl Pts',(26.4809013530612,17.1282399445772,-2.8));
#6673=CARTESIAN_POINT('Ctrl Pts',(26.4773367896669,17.1913773007349,-3.));
#6674=CARTESIAN_POINT('Ctrl Pts',(26.4773367896669,17.1913773007349,-2.8));
#6675=CARTESIAN_POINT('Ctrl Pts',(26.4702691996211,17.3165620430282,-3.));
#6676=CARTESIAN_POINT('Ctrl Pts',(26.4702691996211,17.3165620430282,-2.8));
#6677=CARTESIAN_POINT('Ctrl Pts',(26.4180879830002,17.4305445859342,-3.));
#6678=CARTESIAN_POINT('Ctrl Pts',(26.4180879830002,17.4305445859342,-2.8));
#6679=CARTESIAN_POINT('Ctrl Pts',(26.3922245427966,17.4870396405458,-3.));
#6680=CARTESIAN_POINT('Ctrl Pts',(26.3922245427966,17.4870396405458,-2.8));
#6681=CARTESIAN_POINT('',(26.4809013530612,17.1282399445772,-3.));
#6682=CARTESIAN_POINT('Ctrl Pts',(26.4809013530612,17.1282399445772,-3.));
#6683=CARTESIAN_POINT('Ctrl Pts',(26.4773367896669,17.1913773007349,-3.));
#6684=CARTESIAN_POINT('Ctrl Pts',(26.4702691996211,17.3165620430282,-3.));
#6685=CARTESIAN_POINT('Ctrl Pts',(26.4180879830002,17.4305445859342,-3.));
#6686=CARTESIAN_POINT('Ctrl Pts',(26.3922245427966,17.4870396405458,-3.));
#6687=CARTESIAN_POINT('',(26.4809013530612,17.1282399445772,-2.8));
#6688=CARTESIAN_POINT('',(26.4809013530612,17.1282399445772,-3.));
#6689=CARTESIAN_POINT('Ctrl Pts',(26.4809013530612,17.1282399445772,-2.8));
#6690=CARTESIAN_POINT('Ctrl Pts',(26.4773367896669,17.1913773007349,-2.8));
#6691=CARTESIAN_POINT('Ctrl Pts',(26.4702691996211,17.3165620430282,-2.8));
#6692=CARTESIAN_POINT('Ctrl Pts',(26.4180879830002,17.4305445859342,-2.8));
#6693=CARTESIAN_POINT('Ctrl Pts',(26.3922245427966,17.4870396405458,-2.8));
#6694=CARTESIAN_POINT('Ctrl Pts',(26.373125128448,16.7394269257784,-3.));
#6695=CARTESIAN_POINT('Ctrl Pts',(26.373125128448,16.7394269257784,-2.8));
#6696=CARTESIAN_POINT('Ctrl Pts',(26.404559157963,16.7999094922286,-3.));
#6697=CARTESIAN_POINT('Ctrl Pts',(26.404559157963,16.7999094922286,-2.8));
#6698=CARTESIAN_POINT('Ctrl Pts',(26.4679436985053,16.9218683929616,-3.));
#6699=CARTESIAN_POINT('Ctrl Pts',(26.4679436985053,16.9218683929616,-2.8));
#6700=CARTESIAN_POINT('Ctrl Pts',(26.476558735336,17.0590767519523,-3.));
#6701=CARTESIAN_POINT('Ctrl Pts',(26.476558735336,17.0590767519523,-2.8));
#6702=CARTESIAN_POINT('Ctrl Pts',(26.4809013530612,17.1282399445772,-3.));
#6703=CARTESIAN_POINT('Ctrl Pts',(26.4809013530612,17.1282399445772,-2.8));
#6704=CARTESIAN_POINT('',(26.373125128448,16.7394269257784,-3.));
#6705=CARTESIAN_POINT('Ctrl Pts',(26.373125128448,16.7394269257784,-3.));
#6706=CARTESIAN_POINT('Ctrl Pts',(26.404559157963,16.7999094922286,-3.));
#6707=CARTESIAN_POINT('Ctrl Pts',(26.4679436985053,16.9218683929616,-3.));
#6708=CARTESIAN_POINT('Ctrl Pts',(26.476558735336,17.0590767519523,-3.));
#6709=CARTESIAN_POINT('Ctrl Pts',(26.4809013530612,17.1282399445772,-3.));
#6710=CARTESIAN_POINT('',(26.373125128448,16.7394269257784,-2.8));
#6711=CARTESIAN_POINT('',(26.373125128448,16.7394269257784,-3.));
#6712=CARTESIAN_POINT('Ctrl Pts',(26.373125128448,16.7394269257784,-2.8));
#6713=CARTESIAN_POINT('Ctrl Pts',(26.404559157963,16.7999094922286,-2.8));
#6714=CARTESIAN_POINT('Ctrl Pts',(26.4679436985053,16.9218683929616,-2.8));
#6715=CARTESIAN_POINT('Ctrl Pts',(26.476558735336,17.0590767519523,-2.8));
#6716=CARTESIAN_POINT('Ctrl Pts',(26.4809013530612,17.1282399445772,-2.8));
#6717=CARTESIAN_POINT('Ctrl Pts',(26.0566176101565,16.4638472348452,-3.));
#6718=CARTESIAN_POINT('Ctrl Pts',(26.0566176101565,16.4638472348452,-2.8));
#6719=CARTESIAN_POINT('Ctrl Pts',(26.1214022878725,16.4992897024079,-3.));
#6720=CARTESIAN_POINT('Ctrl Pts',(26.1214022878725,16.4992897024079,-2.8));
#6721=CARTESIAN_POINT('Ctrl Pts',(26.2471635209103,16.5680912860497,-3.));
#6722=CARTESIAN_POINT('Ctrl Pts',(26.2471635209103,16.5680912860497,-2.8));
#6723=CARTESIAN_POINT('Ctrl Pts',(26.3319941661617,16.6834797219141,-3.));
#6724=CARTESIAN_POINT('Ctrl Pts',(26.3319941661617,16.6834797219141,-2.8));
#6725=CARTESIAN_POINT('Ctrl Pts',(26.373125128448,16.7394269257784,-3.));
#6726=CARTESIAN_POINT('Ctrl Pts',(26.373125128448,16.7394269257784,-2.8));
#6727=CARTESIAN_POINT('',(26.0566176101565,16.4638472348452,-3.));
#6728=CARTESIAN_POINT('Ctrl Pts',(26.0566176101565,16.4638472348452,-3.));
#6729=CARTESIAN_POINT('Ctrl Pts',(26.1214022878725,16.4992897024079,-3.));
#6730=CARTESIAN_POINT('Ctrl Pts',(26.2471635209103,16.5680912860497,-3.));
#6731=CARTESIAN_POINT('Ctrl Pts',(26.3319941661617,16.6834797219141,-3.));
#6732=CARTESIAN_POINT('Ctrl Pts',(26.373125128448,16.7394269257784,-3.));
#6733=CARTESIAN_POINT('',(26.0566176101565,16.4638472348452,-2.8));
#6734=CARTESIAN_POINT('',(26.0566176101565,16.4638472348452,-3.));
#6735=CARTESIAN_POINT('Ctrl Pts',(26.0566176101565,16.4638472348452,-2.8));
#6736=CARTESIAN_POINT('Ctrl Pts',(26.1214022878725,16.4992897024079,-2.8));
#6737=CARTESIAN_POINT('Ctrl Pts',(26.2471635209103,16.5680912860497,-2.8));
#6738=CARTESIAN_POINT('Ctrl Pts',(26.3319941661617,16.6834797219141,-2.8));
#6739=CARTESIAN_POINT('Ctrl Pts',(26.373125128448,16.7394269257784,-2.8));
#6740=CARTESIAN_POINT('Ctrl Pts',(25.3076405450702,16.227830722928,-3.));
#6741=CARTESIAN_POINT('Ctrl Pts',(25.3076405450702,16.227830722928,-2.8));
#6742=CARTESIAN_POINT('Ctrl Pts',(25.4613633426445,16.2663372499567,-3.));
#6743=CARTESIAN_POINT('Ctrl Pts',(25.4613633426445,16.2663372499567,-2.8));
#6744=CARTESIAN_POINT('Ctrl Pts',(25.7158707412874,16.3300896417912,-3.));
#6745=CARTESIAN_POINT('Ctrl Pts',(25.7158707412874,16.3300896417912,-2.8));
#6746=CARTESIAN_POINT('Ctrl Pts',(25.9599589821203,16.4259046251979,-3.));
#6747=CARTESIAN_POINT('Ctrl Pts',(25.9599589821203,16.4259046251979,-2.8));
#6748=CARTESIAN_POINT('Ctrl Pts',(26.0566176101565,16.4638472348452,-3.));
#6749=CARTESIAN_POINT('Ctrl Pts',(26.0566176101565,16.4638472348452,-2.8));
#6750=CARTESIAN_POINT('',(25.3076405450702,16.227830722928,-3.));
#6751=CARTESIAN_POINT('Ctrl Pts',(25.3076405450702,16.227830722928,-3.));
#6752=CARTESIAN_POINT('Ctrl Pts',(25.4613633426445,16.2663372499567,-3.));
#6753=CARTESIAN_POINT('Ctrl Pts',(25.7158707412874,16.3300896417912,-3.));
#6754=CARTESIAN_POINT('Ctrl Pts',(25.9599589821203,16.4259046251979,-3.));
#6755=CARTESIAN_POINT('Ctrl Pts',(26.0566176101565,16.4638472348452,-3.));
#6756=CARTESIAN_POINT('',(25.3076405450702,16.227830722928,-2.8));
#6757=CARTESIAN_POINT('',(25.3076405450702,16.227830722928,-3.));
#6758=CARTESIAN_POINT('Ctrl Pts',(25.3076405450702,16.227830722928,-2.8));
#6759=CARTESIAN_POINT('Ctrl Pts',(25.4613633426445,16.2663372499567,-2.8));
#6760=CARTESIAN_POINT('Ctrl Pts',(25.7158707412874,16.3300896417912,-2.8));
#6761=CARTESIAN_POINT('Ctrl Pts',(25.9599589821203,16.4259046251979,-2.8));
#6762=CARTESIAN_POINT('Ctrl Pts',(26.0566176101565,16.4638472348452,-2.8));
#6763=CARTESIAN_POINT('Ctrl Pts',(24.8055941984057,16.0613919049501,-3.));
#6764=CARTESIAN_POINT('Ctrl Pts',(24.8055941984057,16.0613919049501,-2.8));
#6765=CARTESIAN_POINT('Ctrl Pts',(24.8637843671082,16.0875235694922,-3.));
#6766=CARTESIAN_POINT('Ctrl Pts',(24.8637843671082,16.0875235694922,-2.8));
#6767=CARTESIAN_POINT('Ctrl Pts',(25.0251695215551,16.1599973706879,-3.));
#6768=CARTESIAN_POINT('Ctrl Pts',(25.0251695215551,16.1599973706879,-2.8));
#6769=CARTESIAN_POINT('Ctrl Pts',(25.1974675244354,16.2013734770729,-3.));
#6770=CARTESIAN_POINT('Ctrl Pts',(25.1974675244354,16.2013734770729,-2.8));
#6771=CARTESIAN_POINT('Ctrl Pts',(25.3076405450702,16.227830722928,-3.));
#6772=CARTESIAN_POINT('Ctrl Pts',(25.3076405450702,16.227830722928,-2.8));
#6773=CARTESIAN_POINT('',(24.8055941984057,16.0613919049501,-3.));
#6774=CARTESIAN_POINT('Ctrl Pts',(24.8055941984057,16.0613919049501,-3.));
#6775=CARTESIAN_POINT('Ctrl Pts',(24.8637843671082,16.0875235694922,-3.));
#6776=CARTESIAN_POINT('Ctrl Pts',(25.0251695215551,16.1599973706879,-3.));
#6777=CARTESIAN_POINT('Ctrl Pts',(25.1974675244354,16.2013734770729,-3.));
#6778=CARTESIAN_POINT('Ctrl Pts',(25.3076405450702,16.227830722928,-3.));
#6779=CARTESIAN_POINT('',(24.8055941984057,16.0613919049501,-2.8));
#6780=CARTESIAN_POINT('',(24.8055941984057,16.0613919049501,-3.));
#6781=CARTESIAN_POINT('Ctrl Pts',(24.8055941984057,16.0613919049501,-2.8));
#6782=CARTESIAN_POINT('Ctrl Pts',(24.8637843671082,16.0875235694922,-2.8));
#6783=CARTESIAN_POINT('Ctrl Pts',(25.0251695215551,16.1599973706879,-2.8));
#6784=CARTESIAN_POINT('Ctrl Pts',(25.1974675244354,16.2013734770729,-2.8));
#6785=CARTESIAN_POINT('Ctrl Pts',(25.3076405450702,16.227830722928,-2.8));
#6786=CARTESIAN_POINT('Ctrl Pts',(24.660983197391,15.7994545251131,-3.));
#6787=CARTESIAN_POINT('Ctrl Pts',(24.660983197391,15.7994545251131,-2.8));
#6788=CARTESIAN_POINT('Ctrl Pts',(24.6672958454945,15.852166120126,-3.));
#6789=CARTESIAN_POINT('Ctrl Pts',(24.6672958454945,15.852166120126,-2.8));
#6790=CARTESIAN_POINT('Ctrl Pts',(24.6800762583244,15.958884558118,-3.));
#6791=CARTESIAN_POINT('Ctrl Pts',(24.6800762583244,15.958884558118,-2.8));
#6792=CARTESIAN_POINT('Ctrl Pts',(24.7634177116696,16.0269474283182,-3.));
#6793=CARTESIAN_POINT('Ctrl Pts',(24.7634177116696,16.0269474283182,-2.8));
#6794=CARTESIAN_POINT('Ctrl Pts',(24.8055941984057,16.0613919049501,-3.));
#6795=CARTESIAN_POINT('Ctrl Pts',(24.8055941984057,16.0613919049501,-2.8));
#6796=CARTESIAN_POINT('',(24.660983197391,15.7994545251131,-3.));
#6797=CARTESIAN_POINT('Ctrl Pts',(24.660983197391,15.7994545251131,-3.));
#6798=CARTESIAN_POINT('Ctrl Pts',(24.6672958454945,15.852166120126,-3.));
#6799=CARTESIAN_POINT('Ctrl Pts',(24.6800762583244,15.958884558118,-3.));
#6800=CARTESIAN_POINT('Ctrl Pts',(24.7634177116696,16.0269474283182,-3.));
#6801=CARTESIAN_POINT('Ctrl Pts',(24.8055941984057,16.0613919049501,-3.));
#6802=CARTESIAN_POINT('',(24.660983197391,15.7994545251131,-2.8));
#6803=CARTESIAN_POINT('',(24.660983197391,15.7994545251131,-3.));
#6804=CARTESIAN_POINT('Ctrl Pts',(24.660983197391,15.7994545251131,-2.8));
#6805=CARTESIAN_POINT('Ctrl Pts',(24.6672958454945,15.852166120126,-2.8));
#6806=CARTESIAN_POINT('Ctrl Pts',(24.6800762583244,15.958884558118,-2.8));
#6807=CARTESIAN_POINT('Ctrl Pts',(24.7634177116696,16.0269474283182,-2.8));
#6808=CARTESIAN_POINT('Ctrl Pts',(24.8055941984057,16.0613919049501,-2.8));
#6809=CARTESIAN_POINT('Ctrl Pts',(24.8246939107776,15.4761255532503,-3.));
#6810=CARTESIAN_POINT('Ctrl Pts',(24.8246939107776,15.4761255532503,-2.8));
#6811=CARTESIAN_POINT('Ctrl Pts',(24.7769688544107,15.522673663902,-3.));
#6812=CARTESIAN_POINT('Ctrl Pts',(24.7769688544107,15.522673663902,-2.8));
#6813=CARTESIAN_POINT('Ctrl Pts',(24.6852828461763,15.6120986071371,-3.));
#6814=CARTESIAN_POINT('Ctrl Pts',(24.6852828461763,15.6120986071371,-2.8));
#6815=CARTESIAN_POINT('Ctrl Pts',(24.6688583144585,15.7387355492802,-3.));
#6816=CARTESIAN_POINT('Ctrl Pts',(24.6688583144585,15.7387355492802,-2.8));
#6817=CARTESIAN_POINT('Ctrl Pts',(24.660983197391,15.7994545251131,-3.));
#6818=CARTESIAN_POINT('Ctrl Pts',(24.660983197391,15.7994545251131,-2.8));
#6819=CARTESIAN_POINT('',(24.8246939107776,15.4761255532503,-3.));
#6820=CARTESIAN_POINT('Ctrl Pts',(24.8246939107776,15.4761255532503,-3.));
#6821=CARTESIAN_POINT('Ctrl Pts',(24.7769688544107,15.522673663902,-3.));
#6822=CARTESIAN_POINT('Ctrl Pts',(24.6852828461763,15.6120986071371,-3.));
#6823=CARTESIAN_POINT('Ctrl Pts',(24.6688583144585,15.7387355492802,-3.));
#6824=CARTESIAN_POINT('Ctrl Pts',(24.660983197391,15.7994545251131,-3.));
#6825=CARTESIAN_POINT('',(24.8246939107776,15.4761255532503,-2.8));
#6826=CARTESIAN_POINT('',(24.8246939107776,15.4761255532503,-3.));
#6827=CARTESIAN_POINT('Ctrl Pts',(24.8246939107776,15.4761255532503,-2.8));
#6828=CARTESIAN_POINT('Ctrl Pts',(24.7769688544107,15.522673663902,-2.8));
#6829=CARTESIAN_POINT('Ctrl Pts',(24.6852828461763,15.6120986071371,-2.8));
#6830=CARTESIAN_POINT('Ctrl Pts',(24.6688583144585,15.7387355492802,-2.8));
#6831=CARTESIAN_POINT('Ctrl Pts',(24.660983197391,15.7994545251131,-2.8));
#6832=CARTESIAN_POINT('Ctrl Pts',(25.326740257442,15.3383351117373,-3.));
#6833=CARTESIAN_POINT('Ctrl Pts',(25.326740257442,15.3383351117373,-2.8));
#6834=CARTESIAN_POINT('Ctrl Pts',(25.2257866624382,15.3406572953883,-3.));
#6835=CARTESIAN_POINT('Ctrl Pts',(25.2257866624382,15.3406572953883,-2.8));
#6836=CARTESIAN_POINT('Ctrl Pts',(25.0459953811701,15.3447929418103,-3.));
#6837=CARTESIAN_POINT('Ctrl Pts',(25.0459953811701,15.3447929418103,-2.8));
#6838=CARTESIAN_POINT('Ctrl Pts',(24.8921530823433,15.4360915256788,-3.));
#6839=CARTESIAN_POINT('Ctrl Pts',(24.8921530823433,15.4360915256788,-2.8));
#6840=CARTESIAN_POINT('Ctrl Pts',(24.8246939107776,15.4761255532503,-3.));
#6841=CARTESIAN_POINT('Ctrl Pts',(24.8246939107776,15.4761255532503,-2.8));
#6842=CARTESIAN_POINT('',(25.326740257442,15.3383351117373,-3.));
#6843=CARTESIAN_POINT('Ctrl Pts',(25.326740257442,15.3383351117373,-3.));
#6844=CARTESIAN_POINT('Ctrl Pts',(25.2257866624382,15.3406572953883,-3.));
#6845=CARTESIAN_POINT('Ctrl Pts',(25.0459953811701,15.3447929418103,-3.));
#6846=CARTESIAN_POINT('Ctrl Pts',(24.8921530823433,15.4360915256788,-3.));
#6847=CARTESIAN_POINT('Ctrl Pts',(24.8246939107776,15.4761255532503,-3.));
#6848=CARTESIAN_POINT('',(25.326740257442,15.3383351117373,-2.8));
#6849=CARTESIAN_POINT('',(25.326740257442,15.3383351117373,-3.));
#6850=CARTESIAN_POINT('Ctrl Pts',(25.326740257442,15.3383351117373,-2.8));
#6851=CARTESIAN_POINT('Ctrl Pts',(25.2257866624382,15.3406572953883,-2.8));
#6852=CARTESIAN_POINT('Ctrl Pts',(25.0459953811701,15.3447929418103,-2.8));
#6853=CARTESIAN_POINT('Ctrl Pts',(24.8921530823433,15.4360915256788,-2.8));
#6854=CARTESIAN_POINT('Ctrl Pts',(24.8246939107776,15.4761255532503,-2.8));
#6855=CARTESIAN_POINT('Ctrl Pts',(25.8492506667972,15.4938615113497,-3.));
#6856=CARTESIAN_POINT('Ctrl Pts',(25.8492506667972,15.4938615113497,-2.8));
#6857=CARTESIAN_POINT('Ctrl Pts',(25.7765673294351,15.448590364762,-3.));
#6858=CARTESIAN_POINT('Ctrl Pts',(25.7765673294351,15.448590364762,-2.8));
#6859=CARTESIAN_POINT('Ctrl Pts',(25.6172949127818,15.3493868171073,-3.));
#6860=CARTESIAN_POINT('Ctrl Pts',(25.6172949127818,15.3493868171073,-2.8));
#6861=CARTESIAN_POINT('Ctrl Pts',(25.4290696603972,15.3422273722513,-3.));
#6862=CARTESIAN_POINT('Ctrl Pts',(25.4290696603972,15.3422273722513,-2.8));
#6863=CARTESIAN_POINT('Ctrl Pts',(25.326740257442,15.3383351117373,-3.));
#6864=CARTESIAN_POINT('Ctrl Pts',(25.326740257442,15.3383351117373,-2.8));
#6865=CARTESIAN_POINT('',(25.8492506667972,15.4938615113497,-3.));
#6866=CARTESIAN_POINT('Ctrl Pts',(25.8492506667972,15.4938615113497,-3.));
#6867=CARTESIAN_POINT('Ctrl Pts',(25.7765673294351,15.448590364762,-3.));
#6868=CARTESIAN_POINT('Ctrl Pts',(25.6172949127818,15.3493868171073,-3.));
#6869=CARTESIAN_POINT('Ctrl Pts',(25.4290696603972,15.3422273722513,-3.));
#6870=CARTESIAN_POINT('Ctrl Pts',(25.326740257442,15.3383351117373,-3.));
#6871=CARTESIAN_POINT('',(25.8492506667972,15.4938615113497,-2.8));
#6872=CARTESIAN_POINT('',(25.8492506667972,15.4938615113497,-3.));
#6873=CARTESIAN_POINT('Ctrl Pts',(25.8492506667972,15.4938615113497,-2.8));
#6874=CARTESIAN_POINT('Ctrl Pts',(25.7765673294351,15.448590364762,-2.8));
#6875=CARTESIAN_POINT('Ctrl Pts',(25.6172949127818,15.3493868171073,-2.8));
#6876=CARTESIAN_POINT('Ctrl Pts',(25.4290696603972,15.3422273722513,-2.8));
#6877=CARTESIAN_POINT('Ctrl Pts',(25.326740257442,15.3383351117373,-2.8));
#6878=CARTESIAN_POINT('Ctrl Pts',(26.0770816728473,15.9413374215364,-3.));
#6879=CARTESIAN_POINT('Ctrl Pts',(26.0770816728473,15.9413374215364,-2.8));
#6880=CARTESIAN_POINT('Ctrl Pts',(26.0591623736801,15.8512712346339,-3.));
#6881=CARTESIAN_POINT('Ctrl Pts',(26.0591623736801,15.8512712346339,-2.8));
#6882=CARTESIAN_POINT('Ctrl Pts',(26.0251328006844,15.6802314047245,-3.));
#6883=CARTESIAN_POINT('Ctrl Pts',(26.0251328006844,15.6802314047245,-2.8));
#6884=CARTESIAN_POINT('Ctrl Pts',(25.9057627927397,15.5537434257518,-3.));
#6885=CARTESIAN_POINT('Ctrl Pts',(25.9057627927397,15.5537434257518,-2.8));
#6886=CARTESIAN_POINT('Ctrl Pts',(25.8492506667972,15.4938615113497,-3.));
#6887=CARTESIAN_POINT('Ctrl Pts',(25.8492506667972,15.4938615113497,-2.8));
#6888=CARTESIAN_POINT('',(26.0770816728473,15.9413374215364,-3.));
#6889=CARTESIAN_POINT('Ctrl Pts',(26.0770816728473,15.9413374215364,-3.));
#6890=CARTESIAN_POINT('Ctrl Pts',(26.0591623736801,15.8512712346339,-3.));
#6891=CARTESIAN_POINT('Ctrl Pts',(26.0251328006844,15.6802314047245,-3.));
#6892=CARTESIAN_POINT('Ctrl Pts',(25.9057627927397,15.5537434257518,-3.));
#6893=CARTESIAN_POINT('Ctrl Pts',(25.8492506667972,15.4938615113497,-3.));
#6894=CARTESIAN_POINT('',(26.0770816728473,15.9413374215364,-2.8));
#6895=CARTESIAN_POINT('',(26.0770816728473,15.9413374215364,-3.));
#6896=CARTESIAN_POINT('Ctrl Pts',(26.0770816728473,15.9413374215364,-2.8));
#6897=CARTESIAN_POINT('Ctrl Pts',(26.0591623736801,15.8512712346339,-2.8));
#6898=CARTESIAN_POINT('Ctrl Pts',(26.0251328006844,15.6802314047245,-2.8));
#6899=CARTESIAN_POINT('Ctrl Pts',(25.9057627927397,15.5537434257518,-2.8));
#6900=CARTESIAN_POINT('Ctrl Pts',(25.8492506667972,15.4938615113497,-2.8));
#6901=CARTESIAN_POINT('Origin',(26.5627567097545,15.8649385720491,-3.));
#6902=CARTESIAN_POINT('',(26.5627567097545,15.8649385720491,-3.));
#6903=CARTESIAN_POINT('',(33.5701204422043,14.7626490030661,-3.));
#6904=CARTESIAN_POINT('',(26.5627567097545,15.8649385720491,-2.8));
#6905=CARTESIAN_POINT('',(26.5627567097545,15.8649385720491,-3.));
#6906=CARTESIAN_POINT('',(26.5627567097545,15.8649385720491,-2.8));
#6907=CARTESIAN_POINT('Ctrl Pts',(26.1848575994372,15.1691675931215,-3.));
#6908=CARTESIAN_POINT('Ctrl Pts',(26.1848575994372,15.1691675931215,-2.8));
#6909=CARTESIAN_POINT('Ctrl Pts',(26.2752712796211,15.2609147601087,-3.));
#6910=CARTESIAN_POINT('Ctrl Pts',(26.2752712796211,15.2609147601087,-2.8));
#6911=CARTESIAN_POINT('Ctrl Pts',(26.4674447219014,15.4559225162748,-3.));
#6912=CARTESIAN_POINT('Ctrl Pts',(26.4674447219014,15.4559225162748,-2.8));
#6913=CARTESIAN_POINT('Ctrl Pts',(26.5297596714327,15.7233370928374,-3.));
#6914=CARTESIAN_POINT('Ctrl Pts',(26.5297596714327,15.7233370928374,-2.8));
#6915=CARTESIAN_POINT('Ctrl Pts',(26.5627567097545,15.8649385720491,-3.));
#6916=CARTESIAN_POINT('Ctrl Pts',(26.5627567097545,15.8649385720491,-2.8));
#6917=CARTESIAN_POINT('Ctrl Pts',(26.1848575994372,15.1691675931215,-3.));
#6918=CARTESIAN_POINT('Ctrl Pts',(26.2752712796211,15.2609147601087,-3.));
#6919=CARTESIAN_POINT('Ctrl Pts',(26.4674447219014,15.4559225162748,-3.));
#6920=CARTESIAN_POINT('Ctrl Pts',(26.5297596714327,15.7233370928374,-3.));
#6921=CARTESIAN_POINT('Ctrl Pts',(26.5627567097545,15.8649385720491,-3.));
#6922=CARTESIAN_POINT('Ctrl Pts',(26.1848575994372,15.1691675931215,-2.8));
#6923=CARTESIAN_POINT('Ctrl Pts',(26.2752712796211,15.2609147601087,-2.8));
#6924=CARTESIAN_POINT('Ctrl Pts',(26.4674447219014,15.4559225162748,-2.8));
#6925=CARTESIAN_POINT('Ctrl Pts',(26.5297596714327,15.7233370928374,-2.8));
#6926=CARTESIAN_POINT('Ctrl Pts',(26.5627567097545,15.8649385720491,-2.8));
#6927=CARTESIAN_POINT('Origin',(19.5000015385449,17.0013643056154,-2.8));
#6928=CARTESIAN_POINT('Origin',(19.74420260638,18.1132329255342,-3.));
#6929=CARTESIAN_POINT('',(19.74420260638,18.1132329255342,-3.));
#6930=CARTESIAN_POINT('',(19.8860855028033,15.9931791573763,-3.));
#6931=CARTESIAN_POINT('',(19.9592049128579,14.9006085606415,-3.));
#6932=CARTESIAN_POINT('',(19.74420260638,18.1132329255342,-2.8));
#6933=CARTESIAN_POINT('',(19.74420260638,18.1132329255342,-3.));
#6934=CARTESIAN_POINT('',(19.8860855028033,15.9931791573763,-2.8));
#6935=CARTESIAN_POINT('',(19.74420260638,18.1132329255342,-2.8));
#6936=CARTESIAN_POINT('',(19.8860855028033,15.9931791573763,-3.));
#6937=CARTESIAN_POINT('Origin',(19.74420260638,18.9999998360872,-3.));
#6938=CARTESIAN_POINT('',(19.74420260638,18.9999998360872,-3.));
#6939=CARTESIAN_POINT('',(19.74420260638,16.0234999180436,-3.));
#6940=CARTESIAN_POINT('',(19.74420260638,18.9999998360872,-2.8));
#6941=CARTESIAN_POINT('',(19.74420260638,18.9999998360872,-3.));
#6942=CARTESIAN_POINT('',(19.74420260638,18.9999998360872,-2.8));
#6943=CARTESIAN_POINT('Origin',(20.3526611253619,18.9999998360872,-3.));
#6944=CARTESIAN_POINT('',(20.3526611253619,18.9999998360872,-3.));
#6945=CARTESIAN_POINT('',(30.416830562681,18.9999998360872,-3.));
#6946=CARTESIAN_POINT('',(20.3526611253619,18.9999998360872,-2.8));
#6947=CARTESIAN_POINT('',(20.3526611253619,18.9999998360872,-3.));
#6948=CARTESIAN_POINT('',(20.3526611253619,18.9999998360872,-2.8));
#6949=CARTESIAN_POINT('Origin',(20.3526611253619,18.1132329255342,-3.));
#6950=CARTESIAN_POINT('',(20.3526611253619,18.1132329255342,-3.));
#6951=CARTESIAN_POINT('',(20.3526611253619,15.5801164627671,-3.));
#6952=CARTESIAN_POINT('',(20.3526611253619,18.1132329255342,-2.8));
#6953=CARTESIAN_POINT('',(20.3526611253619,18.1132329255342,-3.));
#6954=CARTESIAN_POINT('',(20.3526611253619,18.1132329255342,-2.8));
#6955=CARTESIAN_POINT('Origin',(20.202593319118,15.9931791573763,-3.));
#6956=CARTESIAN_POINT('',(20.202593319118,15.9931791573763,-3.));
#6957=CARTESIAN_POINT('',(20.1493898955939,15.2415581312252,-3.));
#6958=CARTESIAN_POINT('',(20.202593319118,15.9931791573763,-2.8));
#6959=CARTESIAN_POINT('',(20.202593319118,15.9931791573763,-3.));
#6960=CARTESIAN_POINT('',(20.202593319118,15.9931791573763,-2.8));
#6961=CARTESIAN_POINT('Origin',(19.8860855028033,15.9931791573763,-3.));
#6962=CARTESIAN_POINT('',(30.1835427514017,15.9931791573763,-3.));
#6963=CARTESIAN_POINT('',(19.8860855028033,15.9931791573763,-2.8));
#6964=CARTESIAN_POINT('Origin',(19.5000015385449,17.0013643056154,-2.8));
#6965=CARTESIAN_POINT('Origin',(19.7660310193896,15.5593455582857,-3.));
#6966=CARTESIAN_POINT('',(19.7660310193896,15.5593455582857,-3.));
#6967=CARTESIAN_POINT('',(19.7660310193896,15.0000000745058,-3.));
#6968=CARTESIAN_POINT('',(19.7660310193896,14.3031727791429,-3.));
#6969=CARTESIAN_POINT('',(19.7660310193896,15.5593455582857,-2.8));
#6970=CARTESIAN_POINT('',(19.7660310193896,15.5593455582857,-3.));
#6971=CARTESIAN_POINT('',(19.7660310193896,15.0000000745058,-2.8));
#6972=CARTESIAN_POINT('',(19.7660310193896,15.5593455582857,-2.8));
#6973=CARTESIAN_POINT('',(19.7660310193896,15.0000000745058,-3.));
#6974=CARTESIAN_POINT('Origin',(20.3308327123523,15.5593455582857,-3.));
#6975=CARTESIAN_POINT('',(20.3308327123523,15.5593455582857,-3.));
#6976=CARTESIAN_POINT('',(30.4059163561761,15.5593455582857,-3.));
#6977=CARTESIAN_POINT('',(20.3308327123523,15.5593455582857,-2.8));
#6978=CARTESIAN_POINT('',(20.3308327123523,15.5593455582857,-3.));
#6979=CARTESIAN_POINT('',(20.3308327123523,15.5593455582857,-2.8));
#6980=CARTESIAN_POINT('Origin',(20.3308327123523,15.0000000745058,-3.));
#6981=CARTESIAN_POINT('',(20.3308327123523,15.0000000745058,-3.));
#6982=CARTESIAN_POINT('',(20.3308327123523,14.0235000372529,-3.));
#6983=CARTESIAN_POINT('',(20.3308327123523,15.0000000745058,-2.8));
#6984=CARTESIAN_POINT('',(20.3308327123523,15.0000000745058,-3.));
#6985=CARTESIAN_POINT('',(20.3308327123523,15.0000000745058,-2.8));
#6986=CARTESIAN_POINT('Origin',(19.7660310193896,15.0000000745058,-3.));
#6987=CARTESIAN_POINT('',(30.1235155096948,15.0000000745058,-3.));
#6988=CARTESIAN_POINT('',(19.7660310193896,15.0000000745058,-2.8));
#6989=CARTESIAN_POINT('Origin',(19.5000015385449,17.0013643056154,-2.8));
#6990=CARTESIAN_POINT('Ctrl Pts',(11.8615300580859,15.7830835133791,-3.));
#6991=CARTESIAN_POINT('Ctrl Pts',(11.8615300580859,15.7830835133791,-2.8));
#6992=CARTESIAN_POINT('Ctrl Pts',(11.8385687301621,15.8511895103361,-3.));
#6993=CARTESIAN_POINT('Ctrl Pts',(11.8385687301621,15.8511895103361,-2.8));
#6994=CARTESIAN_POINT('Ctrl Pts',(11.7849952053503,16.0100948807014,-3.));
#6995=CARTESIAN_POINT('Ctrl Pts',(11.7849952053503,16.0100948807014,-2.8));
#6996=CARTESIAN_POINT('Ctrl Pts',(11.7833452825947,16.1781742235069,-3.));
#6997=CARTESIAN_POINT('Ctrl Pts',(11.7833452825947,16.1781742235069,-2.8));
#6998=CARTESIAN_POINT('Ctrl Pts',(11.7824025079608,16.2742156535387,-3.));
#6999=CARTESIAN_POINT('Ctrl Pts',(11.7824025079608,16.2742156535387,-2.8));
#7000=CARTESIAN_POINT('',(11.8615300580859,15.7830835133791,-3.));
#7001=CARTESIAN_POINT('',(11.7824025079608,16.2742156535387,-3.));
#7002=CARTESIAN_POINT('Ctrl Pts',(11.8615300580859,15.7830835133791,-3.));
#7003=CARTESIAN_POINT('Ctrl Pts',(11.8385687301621,15.8511895103361,-3.));
#7004=CARTESIAN_POINT('Ctrl Pts',(11.7849952053503,16.0100948807014,-3.));
#7005=CARTESIAN_POINT('Ctrl Pts',(11.7833452825947,16.1781742235069,-3.));
#7006=CARTESIAN_POINT('Ctrl Pts',(11.7824025079608,16.2742156535387,-3.));
#7007=CARTESIAN_POINT('',(11.8615300580859,15.7830835133791,-2.8));
#7008=CARTESIAN_POINT('',(11.8615300580859,15.7830835133791,-3.));
#7009=CARTESIAN_POINT('',(11.7824025079608,16.2742156535387,-2.8));
#7010=CARTESIAN_POINT('Ctrl Pts',(11.8615300580859,15.7830835133791,-2.8));
#7011=CARTESIAN_POINT('Ctrl Pts',(11.8385687301621,15.8511895103361,-2.8));
#7012=CARTESIAN_POINT('Ctrl Pts',(11.7849952053503,16.0100948807014,-2.8));
#7013=CARTESIAN_POINT('Ctrl Pts',(11.7833452825947,16.1781742235069,-2.8));
#7014=CARTESIAN_POINT('Ctrl Pts',(11.7824025079608,16.2742156535387,-2.8));
#7015=CARTESIAN_POINT('',(11.7824025079608,16.2742156535387,-3.));
#7016=CARTESIAN_POINT('Ctrl Pts',(12.1862227842212,15.4433835297823,-3.));
#7017=CARTESIAN_POINT('Ctrl Pts',(12.1862227842212,15.4433835297823,-2.8));
#7018=CARTESIAN_POINT('Ctrl Pts',(12.11772145581,15.4879993625266,-3.));
#7019=CARTESIAN_POINT('Ctrl Pts',(12.11772145581,15.4879993625266,-2.8));
#7020=CARTESIAN_POINT('Ctrl Pts',(11.9828183133801,15.5758635861693,-3.));
#7021=CARTESIAN_POINT('Ctrl Pts',(11.9828183133801,15.5758635861693,-2.8));
#7022=CARTESIAN_POINT('Ctrl Pts',(11.9015378170243,15.7147306058784,-3.));
#7023=CARTESIAN_POINT('Ctrl Pts',(11.9015378170243,15.7147306058784,-2.8));
#7024=CARTESIAN_POINT('Ctrl Pts',(11.8615300580859,15.7830835133791,-3.));
#7025=CARTESIAN_POINT('Ctrl Pts',(11.8615300580859,15.7830835133791,-2.8));
#7026=CARTESIAN_POINT('',(12.1862227842212,15.4433835297823,-3.));
#7027=CARTESIAN_POINT('Ctrl Pts',(12.1862227842212,15.4433835297823,-3.));
#7028=CARTESIAN_POINT('Ctrl Pts',(12.11772145581,15.4879993625266,-3.));
#7029=CARTESIAN_POINT('Ctrl Pts',(11.9828183133801,15.5758635861693,-3.));
#7030=CARTESIAN_POINT('Ctrl Pts',(11.9015378170243,15.7147306058784,-3.));
#7031=CARTESIAN_POINT('Ctrl Pts',(11.8615300580859,15.7830835133791,-3.));
#7032=CARTESIAN_POINT('',(12.1862227842212,15.4433835297823,-2.8));
#7033=CARTESIAN_POINT('',(12.1862227842212,15.4433835297823,-3.));
#7034=CARTESIAN_POINT('Ctrl Pts',(12.1862227842212,15.4433835297823,-2.8));
#7035=CARTESIAN_POINT('Ctrl Pts',(12.11772145581,15.4879993625266,-2.8));
#7036=CARTESIAN_POINT('Ctrl Pts',(11.9828183133801,15.5758635861693,-2.8));
#7037=CARTESIAN_POINT('Ctrl Pts',(11.9015378170243,15.7147306058784,-2.8));
#7038=CARTESIAN_POINT('Ctrl Pts',(11.8615300580859,15.7830835133791,-2.8));
#7039=CARTESIAN_POINT('Ctrl Pts',(12.6909978315234,15.3192365914583,-3.));
#7040=CARTESIAN_POINT('Ctrl Pts',(12.6909978315234,15.3192365914583,-2.8));
#7041=CARTESIAN_POINT('Ctrl Pts',(12.600185425342,15.3237693196907,-3.));
#7042=CARTESIAN_POINT('Ctrl Pts',(12.600185425342,15.3237693196907,-2.8));
#7043=CARTESIAN_POINT('Ctrl Pts',(12.4237812718226,15.332574196916,-3.));
#7044=CARTESIAN_POINT('Ctrl Pts',(12.4237812718226,15.332574196916,-2.8));
#7045=CARTESIAN_POINT('Ctrl Pts',(12.2638310444353,15.4071830992017,-3.));
#7046=CARTESIAN_POINT('Ctrl Pts',(12.2638310444353,15.4071830992017,-2.8));
#7047=CARTESIAN_POINT('Ctrl Pts',(12.1862227842212,15.4433835297823,-3.));
#7048=CARTESIAN_POINT('Ctrl Pts',(12.1862227842212,15.4433835297823,-2.8));
#7049=CARTESIAN_POINT('',(12.6909978315234,15.3192365914583,-3.));
#7050=CARTESIAN_POINT('Ctrl Pts',(12.6909978315234,15.3192365914583,-3.));
#7051=CARTESIAN_POINT('Ctrl Pts',(12.600185425342,15.3237693196907,-3.));
#7052=CARTESIAN_POINT('Ctrl Pts',(12.4237812718226,15.332574196916,-3.));
#7053=CARTESIAN_POINT('Ctrl Pts',(12.2638310444353,15.4071830992017,-3.));
#7054=CARTESIAN_POINT('Ctrl Pts',(12.1862227842212,15.4433835297823,-3.));
#7055=CARTESIAN_POINT('',(12.6909978315234,15.3192365914583,-2.8));
#7056=CARTESIAN_POINT('',(12.6909978315234,15.3192365914583,-3.));
#7057=CARTESIAN_POINT('Ctrl Pts',(12.6909978315234,15.3192365914583,-2.8));
#7058=CARTESIAN_POINT('Ctrl Pts',(12.600185425342,15.3237693196907,-2.8));
#7059=CARTESIAN_POINT('Ctrl Pts',(12.4237812718226,15.332574196916,-2.8));
#7060=CARTESIAN_POINT('Ctrl Pts',(12.2638310444353,15.4071830992017,-2.8));
#7061=CARTESIAN_POINT('Ctrl Pts',(12.1862227842212,15.4433835297823,-2.8));
#7062=CARTESIAN_POINT('Ctrl Pts',(13.1261951848865,15.4502046853304,-3.));
#7063=CARTESIAN_POINT('Ctrl Pts',(13.1261951848865,15.4502046853304,-2.8));
#7064=CARTESIAN_POINT('Ctrl Pts',(13.0668648931609,15.4121054290561,-3.));
#7065=CARTESIAN_POINT('Ctrl Pts',(13.0668648931609,15.4121054290561,-2.8));
#7066=CARTESIAN_POINT('Ctrl Pts',(12.9349770829772,15.3274129838734,-3.));
#7067=CARTESIAN_POINT('Ctrl Pts',(12.9349770829772,15.3274129838734,-2.8));
#7068=CARTESIAN_POINT('Ctrl Pts',(12.7775859143051,15.3221383879803,-3.));
#7069=CARTESIAN_POINT('Ctrl Pts',(12.7775859143051,15.3221383879803,-2.8));
#7070=CARTESIAN_POINT('Ctrl Pts',(12.6909978315234,15.3192365914583,-3.));
#7071=CARTESIAN_POINT('Ctrl Pts',(12.6909978315234,15.3192365914583,-2.8));
#7072=CARTESIAN_POINT('',(13.1261951848865,15.4502046853304,-3.));
#7073=CARTESIAN_POINT('Ctrl Pts',(13.1261951848865,15.4502046853304,-3.));
#7074=CARTESIAN_POINT('Ctrl Pts',(13.0668648931609,15.4121054290561,-3.));
#7075=CARTESIAN_POINT('Ctrl Pts',(12.9349770829772,15.3274129838734,-3.));
#7076=CARTESIAN_POINT('Ctrl Pts',(12.7775859143051,15.3221383879803,-3.));
#7077=CARTESIAN_POINT('Ctrl Pts',(12.6909978315234,15.3192365914583,-3.));
#7078=CARTESIAN_POINT('',(13.1261951848865,15.4502046853304,-2.8));
#7079=CARTESIAN_POINT('',(13.1261951848865,15.4502046853304,-3.));
#7080=CARTESIAN_POINT('Ctrl Pts',(13.1261951848865,15.4502046853304,-2.8));
#7081=CARTESIAN_POINT('Ctrl Pts',(13.0668648931609,15.4121054290561,-2.8));
#7082=CARTESIAN_POINT('Ctrl Pts',(12.9349770829772,15.3274129838734,-2.8));
#7083=CARTESIAN_POINT('Ctrl Pts',(12.7775859143051,15.3221383879803,-2.8));
#7084=CARTESIAN_POINT('Ctrl Pts',(12.6909978315234,15.3192365914583,-2.8));
#7085=CARTESIAN_POINT('Ctrl Pts',(13.2748992368579,15.7776261121035,-3.));
#7086=CARTESIAN_POINT('Ctrl Pts',(13.2748992368579,15.7776261121035,-2.8));
#7087=CARTESIAN_POINT('Ctrl Pts',(13.2686419967049,15.7148164980567,-3.));
#7088=CARTESIAN_POINT('Ctrl Pts',(13.2686419967049,15.7148164980567,-2.8));
#7089=CARTESIAN_POINT('Ctrl Pts',(13.2560965545522,15.5888864777309,-3.));
#7090=CARTESIAN_POINT('Ctrl Pts',(13.2560965545522,15.5888864777309,-2.8));
#7091=CARTESIAN_POINT('Ctrl Pts',(13.1695668258648,15.4965079454554,-3.));
#7092=CARTESIAN_POINT('Ctrl Pts',(13.1695668258648,15.4965079454554,-2.8));
#7093=CARTESIAN_POINT('Ctrl Pts',(13.1261951848865,15.4502046853304,-3.));
#7094=CARTESIAN_POINT('Ctrl Pts',(13.1261951848865,15.4502046853304,-2.8));
#7095=CARTESIAN_POINT('',(13.2748992368579,15.7776261121035,-3.));
#7096=CARTESIAN_POINT('Ctrl Pts',(13.2748992368579,15.7776261121035,-3.));
#7097=CARTESIAN_POINT('Ctrl Pts',(13.2686419967049,15.7148164980567,-3.));
#7098=CARTESIAN_POINT('Ctrl Pts',(13.2560965545522,15.5888864777309,-3.));
#7099=CARTESIAN_POINT('Ctrl Pts',(13.1695668258648,15.4965079454554,-3.));
#7100=CARTESIAN_POINT('Ctrl Pts',(13.1261951848865,15.4502046853304,-3.));
#7101=CARTESIAN_POINT('',(13.2748992368579,15.7776261121035,-2.8));
#7102=CARTESIAN_POINT('',(13.2748992368579,15.7776261121035,-3.));
#7103=CARTESIAN_POINT('Ctrl Pts',(13.2748992368579,15.7776261121035,-2.8));
#7104=CARTESIAN_POINT('Ctrl Pts',(13.2686419967049,15.7148164980567,-2.8));
#7105=CARTESIAN_POINT('Ctrl Pts',(13.2560965545522,15.5888864777309,-2.8));
#7106=CARTESIAN_POINT('Ctrl Pts',(13.1695668258648,15.4965079454554,-2.8));
#7107=CARTESIAN_POINT('Ctrl Pts',(13.1261951848865,15.4502046853304,-2.8));
#7108=CARTESIAN_POINT('Ctrl Pts',(13.206686489284,16.0109139233828,-3.));
#7109=CARTESIAN_POINT('Ctrl Pts',(13.206686489284,16.0109139233828,-2.8));
#7110=CARTESIAN_POINT('Ctrl Pts',(13.2265817999517,15.974799269417,-3.));
#7111=CARTESIAN_POINT('Ctrl Pts',(13.2265817999517,15.974799269417,-2.8));
#7112=CARTESIAN_POINT('Ctrl Pts',(13.2666236856305,15.9021138577847,-3.));
#7113=CARTESIAN_POINT('Ctrl Pts',(13.2666236856305,15.9021138577847,-2.8));
#7114=CARTESIAN_POINT('Ctrl Pts',(13.2721292040036,15.8192952572783,-3.));
#7115=CARTESIAN_POINT('Ctrl Pts',(13.2721292040036,15.8192952572783,-2.8));
#7116=CARTESIAN_POINT('Ctrl Pts',(13.2748992368579,15.7776261121035,-3.));
#7117=CARTESIAN_POINT('Ctrl Pts',(13.2748992368579,15.7776261121035,-2.8));
#7118=CARTESIAN_POINT('',(13.206686489284,16.0109139233828,-3.));
#7119=CARTESIAN_POINT('Ctrl Pts',(13.206686489284,16.0109139233828,-3.));
#7120=CARTESIAN_POINT('Ctrl Pts',(13.2265817999517,15.974799269417,-3.));
#7121=CARTESIAN_POINT('Ctrl Pts',(13.2666236856305,15.9021138577847,-3.));
#7122=CARTESIAN_POINT('Ctrl Pts',(13.2721292040036,15.8192952572783,-3.));
#7123=CARTESIAN_POINT('Ctrl Pts',(13.2748992368579,15.7776261121035,-3.));
#7124=CARTESIAN_POINT('',(13.206686489284,16.0109139233828,-2.8));
#7125=CARTESIAN_POINT('',(13.206686489284,16.0109139233828,-3.));
#7126=CARTESIAN_POINT('Ctrl Pts',(13.206686489284,16.0109139233828,-2.8));
#7127=CARTESIAN_POINT('Ctrl Pts',(13.2265817999517,15.974799269417,-2.8));
#7128=CARTESIAN_POINT('Ctrl Pts',(13.2666236856305,15.9021138577847,-2.8));
#7129=CARTESIAN_POINT('Ctrl Pts',(13.2721292040036,15.8192952572783,-2.8));
#7130=CARTESIAN_POINT('Ctrl Pts',(13.2748992368579,15.7776261121035,-2.8));
#7131=CARTESIAN_POINT('Ctrl Pts',(13.0129618570209,16.170532181859,-3.));
#7132=CARTESIAN_POINT('Ctrl Pts',(13.0129618570209,16.170532181859,-2.8));
#7133=CARTESIAN_POINT('Ctrl Pts',(13.0521277704021,16.1506701352255,-3.));
#7134=CARTESIAN_POINT('Ctrl Pts',(13.0521277704021,16.1506701352255,-2.8));
#7135=CARTESIAN_POINT('Ctrl Pts',(13.1286522762473,16.1118625810927,-3.));
#7136=CARTESIAN_POINT('Ctrl Pts',(13.1286522762473,16.1118625810927,-2.8));
#7137=CARTESIAN_POINT('Ctrl Pts',(13.1810878850454,16.0440294586919,-3.));
#7138=CARTESIAN_POINT('Ctrl Pts',(13.1810878850454,16.0440294586919,-2.8));
#7139=CARTESIAN_POINT('Ctrl Pts',(13.206686489284,16.0109139233828,-3.));
#7140=CARTESIAN_POINT('Ctrl Pts',(13.206686489284,16.0109139233828,-2.8));
#7141=CARTESIAN_POINT('',(13.0129618570209,16.170532181859,-3.));
#7142=CARTESIAN_POINT('Ctrl Pts',(13.0129618570209,16.170532181859,-3.));
#7143=CARTESIAN_POINT('Ctrl Pts',(13.0521277704021,16.1506701352255,-3.));
#7144=CARTESIAN_POINT('Ctrl Pts',(13.1286522762473,16.1118625810927,-3.));
#7145=CARTESIAN_POINT('Ctrl Pts',(13.1810878850454,16.0440294586919,-3.));
#7146=CARTESIAN_POINT('Ctrl Pts',(13.206686489284,16.0109139233828,-3.));
#7147=CARTESIAN_POINT('',(13.0129618570209,16.170532181859,-2.8));
#7148=CARTESIAN_POINT('',(13.0129618570209,16.170532181859,-3.));
#7149=CARTESIAN_POINT('Ctrl Pts',(13.0129618570209,16.170532181859,-2.8));
#7150=CARTESIAN_POINT('Ctrl Pts',(13.0521277704021,16.1506701352255,-2.8));
#7151=CARTESIAN_POINT('Ctrl Pts',(13.1286522762473,16.1118625810927,-2.8));
#7152=CARTESIAN_POINT('Ctrl Pts',(13.1810878850454,16.0440294586919,-2.8));
#7153=CARTESIAN_POINT('Ctrl Pts',(13.206686489284,16.0109139233828,-2.8));
#7154=CARTESIAN_POINT('Ctrl Pts',(12.5845856592059,16.2687588483095,-3.));
#7155=CARTESIAN_POINT('Ctrl Pts',(12.5845856592059,16.2687588483095,-2.8));
#7156=CARTESIAN_POINT('Ctrl Pts',(12.6714884201529,16.2563092354736,-3.));
#7157=CARTESIAN_POINT('Ctrl Pts',(12.6714884201529,16.2563092354736,-2.8));
#7158=CARTESIAN_POINT('Ctrl Pts',(12.817147391562,16.235442259783,-3.));
#7159=CARTESIAN_POINT('Ctrl Pts',(12.817147391562,16.235442259783,-2.8));
#7160=CARTESIAN_POINT('Ctrl Pts',(12.9566777990624,16.1891896522323,-3.));
#7161=CARTESIAN_POINT('Ctrl Pts',(12.9566777990624,16.1891896522323,-2.8));
#7162=CARTESIAN_POINT('Ctrl Pts',(13.0129618570209,16.170532181859,-3.));
#7163=CARTESIAN_POINT('Ctrl Pts',(13.0129618570209,16.170532181859,-2.8));
#7164=CARTESIAN_POINT('',(12.5845856592059,16.2687588483095,-3.));
#7165=CARTESIAN_POINT('Ctrl Pts',(12.5845856592059,16.2687588483095,-3.));
#7166=CARTESIAN_POINT('Ctrl Pts',(12.6714884201529,16.2563092354736,-3.));
#7167=CARTESIAN_POINT('Ctrl Pts',(12.817147391562,16.235442259783,-3.));
#7168=CARTESIAN_POINT('Ctrl Pts',(12.9566777990624,16.1891896522323,-3.));
#7169=CARTESIAN_POINT('Ctrl Pts',(13.0129618570209,16.170532181859,-3.));
#7170=CARTESIAN_POINT('',(12.5845856592059,16.2687588483095,-2.8));
#7171=CARTESIAN_POINT('',(12.5845856592059,16.2687588483095,-3.));
#7172=CARTESIAN_POINT('Ctrl Pts',(12.5845856592059,16.2687588483095,-2.8));
#7173=CARTESIAN_POINT('Ctrl Pts',(12.6714884201529,16.2563092354736,-2.8));
#7174=CARTESIAN_POINT('Ctrl Pts',(12.817147391562,16.235442259783,-2.8));
#7175=CARTESIAN_POINT('Ctrl Pts',(12.9566777990624,16.1891896522323,-2.8));
#7176=CARTESIAN_POINT('Ctrl Pts',(13.0129618570209,16.170532181859,-2.8));
#7177=CARTESIAN_POINT('Ctrl Pts',(11.7824025079608,16.4542973786592,-3.));
#7178=CARTESIAN_POINT('Ctrl Pts',(11.7824025079608,16.4542973786592,-2.8));
#7179=CARTESIAN_POINT('Ctrl Pts',(11.8931576455493,16.4179044895968,-3.));
#7180=CARTESIAN_POINT('Ctrl Pts',(11.8931576455493,16.4179044895968,-2.8));
#7181=CARTESIAN_POINT('Ctrl Pts',(12.1547518873854,16.3319475721137,-3.));
#7182=CARTESIAN_POINT('Ctrl Pts',(12.1547518873854,16.3319475721137,-2.8));
#7183=CARTESIAN_POINT('Ctrl Pts',(12.4273827033043,16.2918688382938,-3.));
#7184=CARTESIAN_POINT('Ctrl Pts',(12.4273827033043,16.2918688382938,-2.8));
#7185=CARTESIAN_POINT('Ctrl Pts',(12.5845856592059,16.2687588483095,-3.));
#7186=CARTESIAN_POINT('Ctrl Pts',(12.5845856592059,16.2687588483095,-2.8));
#7187=CARTESIAN_POINT('',(11.7824025079608,16.4542973786592,-3.));
#7188=CARTESIAN_POINT('Ctrl Pts',(11.7824025079608,16.4542973786592,-3.));
#7189=CARTESIAN_POINT('Ctrl Pts',(11.8931576455493,16.4179044895968,-3.));
#7190=CARTESIAN_POINT('Ctrl Pts',(12.1547518873854,16.3319475721137,-3.));
#7191=CARTESIAN_POINT('Ctrl Pts',(12.4273827033043,16.2918688382938,-3.));
#7192=CARTESIAN_POINT('Ctrl Pts',(12.5845856592059,16.2687588483095,-3.));
#7193=CARTESIAN_POINT('',(11.7824025079608,16.4542973786592,-2.8));
#7194=CARTESIAN_POINT('',(11.7824025079608,16.4542973786592,-3.));
#7195=CARTESIAN_POINT('Ctrl Pts',(11.7824025079608,16.4542973786592,-2.8));
#7196=CARTESIAN_POINT('Ctrl Pts',(11.8931576455493,16.4179044895968,-2.8));
#7197=CARTESIAN_POINT('Ctrl Pts',(12.1547518873854,16.3319475721137,-2.8));
#7198=CARTESIAN_POINT('Ctrl Pts',(12.4273827033043,16.2918688382938,-2.8));
#7199=CARTESIAN_POINT('Ctrl Pts',(12.5845856592059,16.2687588483095,-2.8));
#7200=CARTESIAN_POINT('Origin',(11.7824025079608,16.2742156535387,-3.));
#7201=CARTESIAN_POINT('',(11.7824025079608,14.6606078267694,-3.));
#7202=CARTESIAN_POINT('',(11.7824025079608,16.2742156535387,-2.8));
#7203=CARTESIAN_POINT('Origin',(11.1302883550525,15.0000000745058,-3.));
#7204=CARTESIAN_POINT('',(11.1302883550525,15.0000000745058,-3.));
#7205=CARTESIAN_POINT('',(11.6432483121753,15.0000000745058,-3.));
#7206=CARTESIAN_POINT('',(25.8056441775262,15.0000000745058,-3.));
#7207=CARTESIAN_POINT('',(11.1302883550525,15.0000000745058,-2.8));
#7208=CARTESIAN_POINT('',(11.1302883550525,15.0000000745058,-3.));
#7209=CARTESIAN_POINT('',(11.6432483121753,15.0000000745058,-2.8));
#7210=CARTESIAN_POINT('',(11.1302883550525,15.0000000745058,-2.8));
#7211=CARTESIAN_POINT('',(11.6432483121753,15.0000000745058,-3.));
#7212=CARTESIAN_POINT('Ctrl Pts',(11.2544352933764,15.3478849679232,-3.));
#7213=CARTESIAN_POINT('Ctrl Pts',(11.2544352933764,15.3478849679232,-2.8));
#7214=CARTESIAN_POINT('Ctrl Pts',(11.2412851455477,15.2877901093185,-3.));
#7215=CARTESIAN_POINT('Ctrl Pts',(11.2412851455477,15.2877901093185,-2.8));
#7216=CARTESIAN_POINT('Ctrl Pts',(11.2147531208431,15.1665414135715,-3.));
#7217=CARTESIAN_POINT('Ctrl Pts',(11.2147531208431,15.1665414135715,-2.8));
#7218=CARTESIAN_POINT('Ctrl Pts',(11.1586067366539,15.0558361518089,-3.));
#7219=CARTESIAN_POINT('Ctrl Pts',(11.1586067366539,15.0558361518089,-2.8));
#7220=CARTESIAN_POINT('Ctrl Pts',(11.1302883550525,15.0000000745058,-3.));
#7221=CARTESIAN_POINT('Ctrl Pts',(11.1302883550525,15.0000000745058,-2.8));
#7222=CARTESIAN_POINT('',(11.2544352933764,15.3478849679232,-3.));
#7223=CARTESIAN_POINT('Ctrl Pts',(11.2544352933764,15.3478849679232,-3.));
#7224=CARTESIAN_POINT('Ctrl Pts',(11.2412851455477,15.2877901093185,-3.));
#7225=CARTESIAN_POINT('Ctrl Pts',(11.2147531208431,15.1665414135715,-3.));
#7226=CARTESIAN_POINT('Ctrl Pts',(11.1586067366539,15.0558361518089,-3.));
#7227=CARTESIAN_POINT('Ctrl Pts',(11.1302883550525,15.0000000745058,-3.));
#7228=CARTESIAN_POINT('',(11.2544352933764,15.3478849679232,-2.8));
#7229=CARTESIAN_POINT('',(11.2544352933764,15.3478849679232,-3.));
#7230=CARTESIAN_POINT('Ctrl Pts',(11.2544352933764,15.3478849679232,-2.8));
#7231=CARTESIAN_POINT('Ctrl Pts',(11.2412851455477,15.2877901093185,-2.8));
#7232=CARTESIAN_POINT('Ctrl Pts',(11.2147531208431,15.1665414135715,-2.8));
#7233=CARTESIAN_POINT('Ctrl Pts',(11.1586067366539,15.0558361518089,-2.8));
#7234=CARTESIAN_POINT('Ctrl Pts',(11.1302883550525,15.0000000745058,-2.8));
#7235=CARTESIAN_POINT('Ctrl Pts',(11.285813562572,16.2141884118319,-3.));
#7236=CARTESIAN_POINT('Ctrl Pts',(11.285813562572,16.2141884118319,-2.8));
#7237=CARTESIAN_POINT('Ctrl Pts',(11.2869427211668,16.0276841032631,-3.));
#7238=CARTESIAN_POINT('Ctrl Pts',(11.2869427211668,16.0276841032631,-2.8));
#7239=CARTESIAN_POINT('Ctrl Pts',(11.2886943631156,15.7383635666801,-3.));
#7240=CARTESIAN_POINT('Ctrl Pts',(11.2886943631156,15.7383635666801,-2.8));
#7241=CARTESIAN_POINT('Ctrl Pts',(11.2634178439656,15.450266433445,-3.));
#7242=CARTESIAN_POINT('Ctrl Pts',(11.2634178439656,15.450266433445,-2.8));
#7243=CARTESIAN_POINT('Ctrl Pts',(11.2544352933764,15.3478849679232,-3.));
#7244=CARTESIAN_POINT('Ctrl Pts',(11.2544352933764,15.3478849679232,-2.8));
#7245=CARTESIAN_POINT('',(11.285813562572,16.2141884118319,-3.));
#7246=CARTESIAN_POINT('Ctrl Pts',(11.285813562572,16.2141884118319,-3.));
#7247=CARTESIAN_POINT('Ctrl Pts',(11.2869427211668,16.0276841032631,-3.));
#7248=CARTESIAN_POINT('Ctrl Pts',(11.2886943631156,15.7383635666801,-3.));
#7249=CARTESIAN_POINT('Ctrl Pts',(11.2634178439656,15.450266433445,-3.));
#7250=CARTESIAN_POINT('Ctrl Pts',(11.2544352933764,15.3478849679232,-3.));
#7251=CARTESIAN_POINT('',(11.285813562572,16.2141884118319,-2.8));
#7252=CARTESIAN_POINT('',(11.285813562572,16.2141884118319,-3.));
#7253=CARTESIAN_POINT('Ctrl Pts',(11.285813562572,16.2141884118319,-2.8));
#7254=CARTESIAN_POINT('Ctrl Pts',(11.2869427211668,16.0276841032631,-2.8));
#7255=CARTESIAN_POINT('Ctrl Pts',(11.2886943631156,15.7383635666801,-2.8));
#7256=CARTESIAN_POINT('Ctrl Pts',(11.2634178439656,15.450266433445,-2.8));
#7257=CARTESIAN_POINT('Ctrl Pts',(11.2544352933764,15.3478849679232,-2.8));
#7258=CARTESIAN_POINT('Origin',(11.285813562572,16.869031265378,-3.));
#7259=CARTESIAN_POINT('',(11.285813562572,16.869031265378,-3.));
#7260=CARTESIAN_POINT('',(11.285813562572,14.958015632689,-3.));
#7261=CARTESIAN_POINT('',(11.285813562572,16.869031265378,-2.8));
#7262=CARTESIAN_POINT('',(11.285813562572,16.869031265378,-3.));
#7263=CARTESIAN_POINT('',(11.285813562572,16.869031265378,-2.8));
#7264=CARTESIAN_POINT('Ctrl Pts',(11.3103706762195,17.3219645768404,-3.));
#7265=CARTESIAN_POINT('Ctrl Pts',(11.3103706762195,17.3219645768404,-2.8));
#7266=CARTESIAN_POINT('Ctrl Pts',(11.3032896519985,17.2633611023965,-3.));
#7267=CARTESIAN_POINT('Ctrl Pts',(11.3032896519985,17.2633611023965,-2.8));
#7268=CARTESIAN_POINT('Ctrl Pts',(11.2851234345137,17.1130151314062,-3.));
#7269=CARTESIAN_POINT('Ctrl Pts',(11.2851234345137,17.1130151314062,-2.8));
#7270=CARTESIAN_POINT('Ctrl Pts',(11.2855520297875,16.9614920472328,-3.));
#7271=CARTESIAN_POINT('Ctrl Pts',(11.2855520297875,16.9614920472328,-2.8));
#7272=CARTESIAN_POINT('Ctrl Pts',(11.285813562572,16.869031265378,-3.));
#7273=CARTESIAN_POINT('Ctrl Pts',(11.285813562572,16.869031265378,-2.8));
#7274=CARTESIAN_POINT('',(11.3103706762195,17.3219645768404,-3.));
#7275=CARTESIAN_POINT('Ctrl Pts',(11.3103706762195,17.3219645768404,-3.));
#7276=CARTESIAN_POINT('Ctrl Pts',(11.3032896519985,17.2633611023965,-3.));
#7277=CARTESIAN_POINT('Ctrl Pts',(11.2851234345137,17.1130151314062,-3.));
#7278=CARTESIAN_POINT('Ctrl Pts',(11.2855520297875,16.9614920472328,-3.));
#7279=CARTESIAN_POINT('Ctrl Pts',(11.285813562572,16.869031265378,-3.));
#7280=CARTESIAN_POINT('',(11.3103706762195,17.3219645768404,-2.8));
#7281=CARTESIAN_POINT('',(11.3103706762195,17.3219645768404,-3.));
#7282=CARTESIAN_POINT('Ctrl Pts',(11.3103706762195,17.3219645768404,-2.8));
#7283=CARTESIAN_POINT('Ctrl Pts',(11.3032896519985,17.2633611023965,-2.8));
#7284=CARTESIAN_POINT('Ctrl Pts',(11.2851234345137,17.1130151314062,-2.8));
#7285=CARTESIAN_POINT('Ctrl Pts',(11.2855520297875,16.9614920472328,-2.8));
#7286=CARTESIAN_POINT('Ctrl Pts',(11.285813562572,16.869031265378,-2.8));
#7287=CARTESIAN_POINT('Ctrl Pts',(11.4631671831012,17.6562071591616,-3.));
#7288=CARTESIAN_POINT('Ctrl Pts',(11.4631671831012,17.6562071591616,-2.8));
#7289=CARTESIAN_POINT('Ctrl Pts',(11.4292081571716,17.6077072377518,-3.));
#7290=CARTESIAN_POINT('Ctrl Pts',(11.4292081571716,17.6077072377518,-2.8));
#7291=CARTESIAN_POINT('Ctrl Pts',(11.3578398568279,17.5057797865642,-3.));
#7292=CARTESIAN_POINT('Ctrl Pts',(11.3578398568279,17.5057797865642,-2.8));
#7293=CARTESIAN_POINT('Ctrl Pts',(11.3266956182633,17.3851797536575,-3.));
#7294=CARTESIAN_POINT('Ctrl Pts',(11.3266956182633,17.3851797536575,-2.8));
#7295=CARTESIAN_POINT('Ctrl Pts',(11.3103706762195,17.3219645768404,-3.));
#7296=CARTESIAN_POINT('Ctrl Pts',(11.3103706762195,17.3219645768404,-2.8));
#7297=CARTESIAN_POINT('',(11.4631671831012,17.6562071591616,-3.));
#7298=CARTESIAN_POINT('Ctrl Pts',(11.4631671831012,17.6562071591616,-3.));
#7299=CARTESIAN_POINT('Ctrl Pts',(11.4292081571716,17.6077072377518,-3.));
#7300=CARTESIAN_POINT('Ctrl Pts',(11.3578398568279,17.5057797865642,-3.));
#7301=CARTESIAN_POINT('Ctrl Pts',(11.3266956182633,17.3851797536575,-3.));
#7302=CARTESIAN_POINT('Ctrl Pts',(11.3103706762195,17.3219645768404,-3.));
#7303=CARTESIAN_POINT('',(11.4631671831012,17.6562071591616,-2.8));
#7304=CARTESIAN_POINT('',(11.4631671831012,17.6562071591616,-3.));
#7305=CARTESIAN_POINT('Ctrl Pts',(11.4631671831012,17.6562071591616,-2.8));
#7306=CARTESIAN_POINT('Ctrl Pts',(11.4292081571716,17.6077072377518,-2.8));
#7307=CARTESIAN_POINT('Ctrl Pts',(11.3578398568279,17.5057797865642,-2.8));
#7308=CARTESIAN_POINT('Ctrl Pts',(11.3266956182633,17.3851797536575,-2.8));
#7309=CARTESIAN_POINT('Ctrl Pts',(11.3103706762195,17.3219645768404,-2.8));
#7310=CARTESIAN_POINT('Ctrl Pts',(11.8042309209704,17.8758526593447,-3.));
#7311=CARTESIAN_POINT('Ctrl Pts',(11.8042309209704,17.8758526593447,-2.8));
#7312=CARTESIAN_POINT('Ctrl Pts',(11.7342489144005,17.8473885152414,-3.));
#7313=CARTESIAN_POINT('Ctrl Pts',(11.7342489144005,17.8473885152414,-2.8));
#7314=CARTESIAN_POINT('Ctrl Pts',(11.6064972628816,17.7954274241482,-3.));
#7315=CARTESIAN_POINT('Ctrl Pts',(11.6064972628816,17.7954274241482,-2.8));
#7316=CARTESIAN_POINT('Ctrl Pts',(11.5077988667788,17.6995590838791,-3.));
#7317=CARTESIAN_POINT('Ctrl Pts',(11.5077988667788,17.6995590838791,-2.8));
#7318=CARTESIAN_POINT('Ctrl Pts',(11.4631671831012,17.6562071591616,-3.));
#7319=CARTESIAN_POINT('Ctrl Pts',(11.4631671831012,17.6562071591616,-2.8));
#7320=CARTESIAN_POINT('',(11.8042309209704,17.8758526593447,-3.));
#7321=CARTESIAN_POINT('Ctrl Pts',(11.8042309209704,17.8758526593447,-3.));
#7322=CARTESIAN_POINT('Ctrl Pts',(11.7342489144005,17.8473885152414,-3.));
#7323=CARTESIAN_POINT('Ctrl Pts',(11.6064972628816,17.7954274241482,-3.));
#7324=CARTESIAN_POINT('Ctrl Pts',(11.5077988667788,17.6995590838791,-3.));
#7325=CARTESIAN_POINT('Ctrl Pts',(11.4631671831012,17.6562071591616,-3.));
#7326=CARTESIAN_POINT('',(11.8042309209704,17.8758526593447,-2.8));
#7327=CARTESIAN_POINT('',(11.8042309209704,17.8758526593447,-3.));
#7328=CARTESIAN_POINT('Ctrl Pts',(11.8042309209704,17.8758526593447,-2.8));
#7329=CARTESIAN_POINT('Ctrl Pts',(11.7342489144005,17.8473885152414,-2.8));
#7330=CARTESIAN_POINT('Ctrl Pts',(11.6064972628816,17.7954274241482,-2.8));
#7331=CARTESIAN_POINT('Ctrl Pts',(11.5077988667788,17.6995590838791,-2.8));
#7332=CARTESIAN_POINT('Ctrl Pts',(11.4631671831012,17.6562071591616,-2.8));
#7333=CARTESIAN_POINT('Ctrl Pts',(12.4072320386767,17.9631651192904,-3.));
#7334=CARTESIAN_POINT('Ctrl Pts',(12.4072320386767,17.9631651192904,-2.8));
#7335=CARTESIAN_POINT('Ctrl Pts',(12.2943079583418,17.9612634283625,-3.));
#7336=CARTESIAN_POINT('Ctrl Pts',(12.2943079583418,17.9612634283625,-2.8));
#7337=CARTESIAN_POINT('Ctrl Pts',(12.089357324063,17.9578119699959,-3.));
#7338=CARTESIAN_POINT('Ctrl Pts',(12.089357324063,17.9578119699959,-2.8));
#7339=CARTESIAN_POINT('Ctrl Pts',(11.8925851830336,17.9012500070938,-3.));
#7340=CARTESIAN_POINT('Ctrl Pts',(11.8925851830336,17.9012500070938,-2.8));
#7341=CARTESIAN_POINT('Ctrl Pts',(11.8042309209704,17.8758526593447,-3.));
#7342=CARTESIAN_POINT('Ctrl Pts',(11.8042309209704,17.8758526593447,-2.8));
#7343=CARTESIAN_POINT('',(12.4072320386767,17.9631651192904,-3.));
#7344=CARTESIAN_POINT('Ctrl Pts',(12.4072320386767,17.9631651192904,-3.));
#7345=CARTESIAN_POINT('Ctrl Pts',(12.2943079583418,17.9612634283625,-3.));
#7346=CARTESIAN_POINT('Ctrl Pts',(12.089357324063,17.9578119699959,-3.));
#7347=CARTESIAN_POINT('Ctrl Pts',(11.8925851830336,17.9012500070938,-3.));
#7348=CARTESIAN_POINT('Ctrl Pts',(11.8042309209704,17.8758526593447,-3.));
#7349=CARTESIAN_POINT('',(12.4072320386767,17.9631651192904,-2.8));
#7350=CARTESIAN_POINT('',(12.4072320386767,17.9631651192904,-3.));
#7351=CARTESIAN_POINT('Ctrl Pts',(12.4072320386767,17.9631651192904,-2.8));
#7352=CARTESIAN_POINT('Ctrl Pts',(12.2943079583418,17.9612634283625,-2.8));
#7353=CARTESIAN_POINT('Ctrl Pts',(12.089357324063,17.9578119699959,-2.8));
#7354=CARTESIAN_POINT('Ctrl Pts',(11.8925851830336,17.9012500070938,-2.8));
#7355=CARTESIAN_POINT('Ctrl Pts',(11.8042309209704,17.8758526593447,-2.8));
#7356=CARTESIAN_POINT('Ctrl Pts',(13.0648035928607,17.8608454018831,-3.));
#7357=CARTESIAN_POINT('Ctrl Pts',(13.0648035928607,17.8608454018831,-2.8));
#7358=CARTESIAN_POINT('Ctrl Pts',(12.9633921505497,17.8906645325969,-3.));
#7359=CARTESIAN_POINT('Ctrl Pts',(12.9633921505497,17.8906645325969,-2.8));
#7360=CARTESIAN_POINT('Ctrl Pts',(12.7488510977522,17.9537484169304,-3.));
#7361=CARTESIAN_POINT('Ctrl Pts',(12.7488510977522,17.9537484169304,-2.8));
#7362=CARTESIAN_POINT('Ctrl Pts',(12.5251773887445,17.9599139650388,-3.));
#7363=CARTESIAN_POINT('Ctrl Pts',(12.5251773887445,17.9599139650388,-2.8));
#7364=CARTESIAN_POINT('Ctrl Pts',(12.4072320386767,17.9631651192904,-3.));
#7365=CARTESIAN_POINT('Ctrl Pts',(12.4072320386767,17.9631651192904,-2.8));
#7366=CARTESIAN_POINT('',(13.0648035928607,17.8608454018831,-3.));
#7367=CARTESIAN_POINT('Ctrl Pts',(13.0648035928607,17.8608454018831,-3.));
#7368=CARTESIAN_POINT('Ctrl Pts',(12.9633921505497,17.8906645325969,-3.));
#7369=CARTESIAN_POINT('Ctrl Pts',(12.7488510977522,17.9537484169304,-3.));
#7370=CARTESIAN_POINT('Ctrl Pts',(12.5251773887445,17.9599139650388,-3.));
#7371=CARTESIAN_POINT('Ctrl Pts',(12.4072320386767,17.9631651192904,-3.));
#7372=CARTESIAN_POINT('',(13.0648035928607,17.8608454018831,-2.8));
#7373=CARTESIAN_POINT('',(13.0648035928607,17.8608454018831,-3.));
#7374=CARTESIAN_POINT('Ctrl Pts',(13.0648035928607,17.8608454018831,-2.8));
#7375=CARTESIAN_POINT('Ctrl Pts',(12.9633921505497,17.8906645325969,-2.8));
#7376=CARTESIAN_POINT('Ctrl Pts',(12.7488510977522,17.9537484169304,-2.8));
#7377=CARTESIAN_POINT('Ctrl Pts',(12.5251773887445,17.9599139650388,-2.8));
#7378=CARTESIAN_POINT('Ctrl Pts',(12.4072320386767,17.9631651192904,-2.8));
#7379=CARTESIAN_POINT('Ctrl Pts',(13.4986371919513,17.5688946992159,-3.));
#7380=CARTESIAN_POINT('Ctrl Pts',(13.4986371919513,17.5688946992159,-2.8));
#7381=CARTESIAN_POINT('Ctrl Pts',(13.4405551674287,17.6293285487006,-3.));
#7382=CARTESIAN_POINT('Ctrl Pts',(13.4405551674287,17.6293285487006,-2.8));
#7383=CARTESIAN_POINT('Ctrl Pts',(13.3172004880815,17.7576780369663,-3.));
#7384=CARTESIAN_POINT('Ctrl Pts',(13.3172004880815,17.7576780369663,-2.8));
#7385=CARTESIAN_POINT('Ctrl Pts',(13.1521430842069,17.8251453384276,-3.));
#7386=CARTESIAN_POINT('Ctrl Pts',(13.1521430842069,17.8251453384276,-2.8));
#7387=CARTESIAN_POINT('Ctrl Pts',(13.0648035928607,17.8608454018831,-3.));
#7388=CARTESIAN_POINT('Ctrl Pts',(13.0648035928607,17.8608454018831,-2.8));
#7389=CARTESIAN_POINT('',(13.4986371919513,17.5688946992159,-3.));
#7390=CARTESIAN_POINT('Ctrl Pts',(13.4986371919513,17.5688946992159,-3.));
#7391=CARTESIAN_POINT('Ctrl Pts',(13.4405551674287,17.6293285487006,-3.));
#7392=CARTESIAN_POINT('Ctrl Pts',(13.3172004880815,17.7576780369663,-3.));
#7393=CARTESIAN_POINT('Ctrl Pts',(13.1521430842069,17.8251453384276,-3.));
#7394=CARTESIAN_POINT('Ctrl Pts',(13.0648035928607,17.8608454018831,-3.));
#7395=CARTESIAN_POINT('',(13.4986371919513,17.5688946992159,-2.8));
#7396=CARTESIAN_POINT('',(13.4986371919513,17.5688946992159,-3.));
#7397=CARTESIAN_POINT('Ctrl Pts',(13.4986371919513,17.5688946992159,-2.8));
#7398=CARTESIAN_POINT('Ctrl Pts',(13.4405551674287,17.6293285487006,-2.8));
#7399=CARTESIAN_POINT('Ctrl Pts',(13.3172004880815,17.7576780369663,-2.8));
#7400=CARTESIAN_POINT('Ctrl Pts',(13.1521430842069,17.8251453384276,-2.8));
#7401=CARTESIAN_POINT('Ctrl Pts',(13.0648035928607,17.8608454018831,-2.8));
#7402=CARTESIAN_POINT('Ctrl Pts',(13.7141902372241,17.0709414035082,-3.));
#7403=CARTESIAN_POINT('Ctrl Pts',(13.7141902372241,17.0709414035082,-2.8));
#7404=CARTESIAN_POINT('Ctrl Pts',(13.6907673890026,17.1662368584218,-3.));
#7405=CARTESIAN_POINT('Ctrl Pts',(13.6907673890026,17.1662368584218,-2.8));
#7406=CARTESIAN_POINT('Ctrl Pts',(13.6469248177714,17.3446096050047,-3.));
#7407=CARTESIAN_POINT('Ctrl Pts',(13.6469248177714,17.3446096050047,-2.8));
#7408=CARTESIAN_POINT('Ctrl Pts',(13.545756459646,17.497626787712,-3.));
#7409=CARTESIAN_POINT('Ctrl Pts',(13.545756459646,17.497626787712,-2.8));
#7410=CARTESIAN_POINT('Ctrl Pts',(13.4986371919513,17.5688946992159,-3.));
#7411=CARTESIAN_POINT('Ctrl Pts',(13.4986371919513,17.5688946992159,-2.8));
#7412=CARTESIAN_POINT('',(13.7141902372241,17.0709414035082,-3.));
#7413=CARTESIAN_POINT('Ctrl Pts',(13.7141902372241,17.0709414035082,-3.));
#7414=CARTESIAN_POINT('Ctrl Pts',(13.6907673890026,17.1662368584218,-3.));
#7415=CARTESIAN_POINT('Ctrl Pts',(13.6469248177714,17.3446096050047,-3.));
#7416=CARTESIAN_POINT('Ctrl Pts',(13.545756459646,17.497626787712,-3.));
#7417=CARTESIAN_POINT('Ctrl Pts',(13.4986371919513,17.5688946992159,-3.));
#7418=CARTESIAN_POINT('',(13.7141902372241,17.0709414035082,-2.8));
#7419=CARTESIAN_POINT('',(13.7141902372241,17.0709414035082,-3.));
#7420=CARTESIAN_POINT('Ctrl Pts',(13.7141902372241,17.0709414035082,-2.8));
#7421=CARTESIAN_POINT('Ctrl Pts',(13.6907673890026,17.1662368584218,-2.8));
#7422=CARTESIAN_POINT('Ctrl Pts',(13.6469248177714,17.3446096050047,-2.8));
#7423=CARTESIAN_POINT('Ctrl Pts',(13.545756459646,17.497626787712,-2.8));
#7424=CARTESIAN_POINT('Ctrl Pts',(13.4986371919513,17.5688946992159,-2.8));
#7425=CARTESIAN_POINT('Origin',(13.2339723035693,17.0054567605257,-3.));
#7426=CARTESIAN_POINT('',(13.2339723035693,17.0054567605257,-3.));
#7427=CARTESIAN_POINT('',(26.3438090296436,18.79317212349,-3.));
#7428=CARTESIAN_POINT('',(13.2339723035693,17.0054567605257,-2.8));
#7429=CARTESIAN_POINT('',(13.2339723035693,17.0054567605257,-3.));
#7430=CARTESIAN_POINT('',(13.2339723035693,17.0054567605257,-2.8));
#7431=CARTESIAN_POINT('Ctrl Pts',(12.9897696897388,17.435197904706,-3.));
#7432=CARTESIAN_POINT('Ctrl Pts',(12.9897696897388,17.435197904706,-2.8));
#7433=CARTESIAN_POINT('Ctrl Pts',(13.0423523517038,17.3819594840318,-3.));
#7434=CARTESIAN_POINT('Ctrl Pts',(13.0423523517038,17.3819594840318,-2.8));
#7435=CARTESIAN_POINT('Ctrl Pts',(13.161588075969,17.2612367702967,-3.));
#7436=CARTESIAN_POINT('Ctrl Pts',(13.161588075969,17.2612367702967,-2.8));
#7437=CARTESIAN_POINT('Ctrl Pts',(13.2080179115862,17.0971703127061,-3.));
#7438=CARTESIAN_POINT('Ctrl Pts',(13.2080179115862,17.0971703127061,-2.8));
#7439=CARTESIAN_POINT('Ctrl Pts',(13.2339723035693,17.0054567605257,-3.));
#7440=CARTESIAN_POINT('Ctrl Pts',(13.2339723035693,17.0054567605257,-2.8));
#7441=CARTESIAN_POINT('',(12.9897696897388,17.435197904706,-3.));
#7442=CARTESIAN_POINT('Ctrl Pts',(12.9897696897388,17.435197904706,-3.));
#7443=CARTESIAN_POINT('Ctrl Pts',(13.0423523517038,17.3819594840318,-3.));
#7444=CARTESIAN_POINT('Ctrl Pts',(13.161588075969,17.2612367702967,-3.));
#7445=CARTESIAN_POINT('Ctrl Pts',(13.2080179115862,17.0971703127061,-3.));
#7446=CARTESIAN_POINT('Ctrl Pts',(13.2339723035693,17.0054567605257,-3.));
#7447=CARTESIAN_POINT('',(12.9897696897388,17.435197904706,-2.8));
#7448=CARTESIAN_POINT('',(12.9897696897388,17.435197904706,-3.));
#7449=CARTESIAN_POINT('Ctrl Pts',(12.9897696897388,17.435197904706,-2.8));
#7450=CARTESIAN_POINT('Ctrl Pts',(13.0423523517038,17.3819594840318,-2.8));
#7451=CARTESIAN_POINT('Ctrl Pts',(13.161588075969,17.2612367702967,-2.8));
#7452=CARTESIAN_POINT('Ctrl Pts',(13.2080179115862,17.0971703127061,-2.8));
#7453=CARTESIAN_POINT('Ctrl Pts',(13.2339723035693,17.0054567605257,-2.8));
#7454=CARTESIAN_POINT('Ctrl Pts',(12.4781734868884,17.5566167384386,-3.));
#7455=CARTESIAN_POINT('Ctrl Pts',(12.4781734868884,17.5566167384386,-2.8));
#7456=CARTESIAN_POINT('Ctrl Pts',(12.5807760598567,17.5550194751536,-3.));
#7457=CARTESIAN_POINT('Ctrl Pts',(12.5807760598567,17.5550194751536,-2.8));
#7458=CARTESIAN_POINT('Ctrl Pts',(12.7611037152923,17.5522122283667,-3.));
#7459=CARTESIAN_POINT('Ctrl Pts',(12.7611037152923,17.5522122283667,-2.8));
#7460=CARTESIAN_POINT('Ctrl Pts',(12.9208958546237,17.4704424366195,-3.));
#7461=CARTESIAN_POINT('Ctrl Pts',(12.9208958546237,17.4704424366195,-2.8));
#7462=CARTESIAN_POINT('Ctrl Pts',(12.9897696897388,17.435197904706,-3.));
#7463=CARTESIAN_POINT('Ctrl Pts',(12.9897696897388,17.435197904706,-2.8));
#7464=CARTESIAN_POINT('',(12.4781734868884,17.5566167384386,-3.));
#7465=CARTESIAN_POINT('Ctrl Pts',(12.4781734868884,17.5566167384386,-3.));
#7466=CARTESIAN_POINT('Ctrl Pts',(12.5807760598567,17.5550194751536,-3.));
#7467=CARTESIAN_POINT('Ctrl Pts',(12.7611037152923,17.5522122283667,-3.));
#7468=CARTESIAN_POINT('Ctrl Pts',(12.9208958546237,17.4704424366195,-3.));
#7469=CARTESIAN_POINT('Ctrl Pts',(12.9897696897388,17.435197904706,-3.));
#7470=CARTESIAN_POINT('',(12.4781734868884,17.5566167384386,-2.8));
#7471=CARTESIAN_POINT('',(12.4781734868884,17.5566167384386,-3.));
#7472=CARTESIAN_POINT('Ctrl Pts',(12.4781734868884,17.5566167384386,-2.8));
#7473=CARTESIAN_POINT('Ctrl Pts',(12.5807760598567,17.5550194751536,-2.8));
#7474=CARTESIAN_POINT('Ctrl Pts',(12.7611037152923,17.5522122283667,-2.8));
#7475=CARTESIAN_POINT('Ctrl Pts',(12.9208958546237,17.4704424366195,-2.8));
#7476=CARTESIAN_POINT('Ctrl Pts',(12.9897696897388,17.435197904706,-2.8));
#7477=CARTESIAN_POINT('Ctrl Pts',(11.9188291952014,17.3901773244143,-3.));
#7478=CARTESIAN_POINT('Ctrl Pts',(11.9188291952014,17.3901773244143,-2.8));
#7479=CARTESIAN_POINT('Ctrl Pts',(11.9946528133699,17.4385813609132,-3.));
#7480=CARTESIAN_POINT('Ctrl Pts',(11.9946528133699,17.4385813609132,-2.8));
#7481=CARTESIAN_POINT('Ctrl Pts',(12.1642668122693,17.5468589977733,-3.));
#7482=CARTESIAN_POINT('Ctrl Pts',(12.1642668122693,17.5468589977733,-2.8));
#7483=CARTESIAN_POINT('Ctrl Pts',(12.3664007571873,17.5531423003394,-3.));
#7484=CARTESIAN_POINT('Ctrl Pts',(12.3664007571873,17.5531423003394,-2.8));
#7485=CARTESIAN_POINT('Ctrl Pts',(12.4781734868884,17.5566167384386,-3.));
#7486=CARTESIAN_POINT('Ctrl Pts',(12.4781734868884,17.5566167384386,-2.8));
#7487=CARTESIAN_POINT('',(11.9188291952014,17.3901773244143,-3.));
#7488=CARTESIAN_POINT('Ctrl Pts',(11.9188291952014,17.3901773244143,-3.));
#7489=CARTESIAN_POINT('Ctrl Pts',(11.9946528133699,17.4385813609132,-3.));
#7490=CARTESIAN_POINT('Ctrl Pts',(12.1642668122693,17.5468589977733,-3.));
#7491=CARTESIAN_POINT('Ctrl Pts',(12.3664007571873,17.5531423003394,-3.));
#7492=CARTESIAN_POINT('Ctrl Pts',(12.4781734868884,17.5566167384386,-3.));
#7493=CARTESIAN_POINT('',(11.9188291952014,17.3901773244143,-2.8));
#7494=CARTESIAN_POINT('',(11.9188291952014,17.3901773244143,-3.));
#7495=CARTESIAN_POINT('Ctrl Pts',(11.9188291952014,17.3901773244143,-2.8));
#7496=CARTESIAN_POINT('Ctrl Pts',(11.9946528133699,17.4385813609132,-2.8));
#7497=CARTESIAN_POINT('Ctrl Pts',(12.1642668122693,17.5468589977733,-2.8));
#7498=CARTESIAN_POINT('Ctrl Pts',(12.3664007571873,17.5531423003394,-2.8));
#7499=CARTESIAN_POINT('Ctrl Pts',(12.4781734868884,17.5566167384386,-2.8));
#7500=CARTESIAN_POINT('Ctrl Pts',(11.779673807323,16.9672579318285,-3.));
#7501=CARTESIAN_POINT('Ctrl Pts',(11.779673807323,16.9672579318285,-2.8));
#7502=CARTESIAN_POINT('Ctrl Pts',(11.7816339121896,17.056005432912,-3.));
#7503=CARTESIAN_POINT('Ctrl Pts',(11.7816339121896,17.056005432912,-2.8));
#7504=CARTESIAN_POINT('Ctrl Pts',(11.7850900498064,17.2124886813913,-3.));
#7505=CARTESIAN_POINT('Ctrl Pts',(11.7850900498064,17.2124886813913,-2.8));
#7506=CARTESIAN_POINT('Ctrl Pts',(11.878427083266,17.3364982282613,-3.));
#7507=CARTESIAN_POINT('Ctrl Pts',(11.878427083266,17.3364982282613,-2.8));
#7508=CARTESIAN_POINT('Ctrl Pts',(11.9188291952014,17.3901773244143,-3.));
#7509=CARTESIAN_POINT('Ctrl Pts',(11.9188291952014,17.3901773244143,-2.8));
#7510=CARTESIAN_POINT('',(11.779673807323,16.9672579318285,-3.));
#7511=CARTESIAN_POINT('Ctrl Pts',(11.779673807323,16.9672579318285,-3.));
#7512=CARTESIAN_POINT('Ctrl Pts',(11.7816339121896,17.056005432912,-3.));
#7513=CARTESIAN_POINT('Ctrl Pts',(11.7850900498064,17.2124886813913,-3.));
#7514=CARTESIAN_POINT('Ctrl Pts',(11.878427083266,17.3364982282613,-3.));
#7515=CARTESIAN_POINT('Ctrl Pts',(11.9188291952014,17.3901773244143,-3.));
#7516=CARTESIAN_POINT('',(11.779673807323,16.9672579318285,-2.8));
#7517=CARTESIAN_POINT('',(11.779673807323,16.9672579318285,-3.));
#7518=CARTESIAN_POINT('Ctrl Pts',(11.779673807323,16.9672579318285,-2.8));
#7519=CARTESIAN_POINT('Ctrl Pts',(11.7816339121896,17.056005432912,-2.8));
#7520=CARTESIAN_POINT('Ctrl Pts',(11.7850900498064,17.2124886813913,-2.8));
#7521=CARTESIAN_POINT('Ctrl Pts',(11.878427083266,17.3364982282613,-2.8));
#7522=CARTESIAN_POINT('Ctrl Pts',(11.9188291952014,17.3901773244143,-2.8));
#7523=CARTESIAN_POINT('Ctrl Pts',(11.7824025079608,16.8390179425478,-3.));
#7524=CARTESIAN_POINT('Ctrl Pts',(11.7824025079608,16.8390179425478,-2.8));
#7525=CARTESIAN_POINT('Ctrl Pts',(11.7816327867899,16.8665285178956,-3.));
#7526=CARTESIAN_POINT('Ctrl Pts',(11.7816327867899,16.8665285178956,-2.8));
#7527=CARTESIAN_POINT('Ctrl Pts',(11.780436932649,16.9092694956621,-3.));
#7528=CARTESIAN_POINT('Ctrl Pts',(11.780436932649,16.9092694956621,-2.8));
#7529=CARTESIAN_POINT('Ctrl Pts',(11.7798742977335,16.9520230484149,-3.));
#7530=CARTESIAN_POINT('Ctrl Pts',(11.7798742977335,16.9520230484149,-2.8));
#7531=CARTESIAN_POINT('Ctrl Pts',(11.779673807323,16.9672579318285,-3.));
#7532=CARTESIAN_POINT('Ctrl Pts',(11.779673807323,16.9672579318285,-2.8));
#7533=CARTESIAN_POINT('',(11.7824025079608,16.8390179425478,-3.));
#7534=CARTESIAN_POINT('Ctrl Pts',(11.7824025079608,16.8390179425478,-3.));
#7535=CARTESIAN_POINT('Ctrl Pts',(11.7816327867899,16.8665285178956,-3.));
#7536=CARTESIAN_POINT('Ctrl Pts',(11.780436932649,16.9092694956621,-3.));
#7537=CARTESIAN_POINT('Ctrl Pts',(11.7798742977335,16.9520230484149,-3.));
#7538=CARTESIAN_POINT('Ctrl Pts',(11.779673807323,16.9672579318285,-3.));
#7539=CARTESIAN_POINT('',(11.7824025079608,16.8390179425478,-2.8));
#7540=CARTESIAN_POINT('',(11.7824025079608,16.8390179425478,-3.));
#7541=CARTESIAN_POINT('Ctrl Pts',(11.7824025079608,16.8390179425478,-2.8));
#7542=CARTESIAN_POINT('Ctrl Pts',(11.7816327867899,16.8665285178956,-2.8));
#7543=CARTESIAN_POINT('Ctrl Pts',(11.780436932649,16.9092694956621,-2.8));
#7544=CARTESIAN_POINT('Ctrl Pts',(11.7798742977335,16.9520230484149,-2.8));
#7545=CARTESIAN_POINT('Ctrl Pts',(11.779673807323,16.9672579318285,-2.8));
#7546=CARTESIAN_POINT('Ctrl Pts',(12.6582558080554,16.6698498278856,-3.));
#7547=CARTESIAN_POINT('Ctrl Pts',(12.6582558080554,16.6698498278856,-2.8));
#7548=CARTESIAN_POINT('Ctrl Pts',(12.4851304242147,16.6908089344049,-3.));
#7549=CARTESIAN_POINT('Ctrl Pts',(12.4851304242147,16.6908089344049,-2.8));
#7550=CARTESIAN_POINT('Ctrl Pts',(12.1890315351171,16.7266556024046,-3.));
#7551=CARTESIAN_POINT('Ctrl Pts',(12.1890315351171,16.7266556024046,-2.8));
#7552=CARTESIAN_POINT('Ctrl Pts',(11.9017246047685,16.8060460956487,-3.));
#7553=CARTESIAN_POINT('Ctrl Pts',(11.9017246047685,16.8060460956487,-2.8));
#7554=CARTESIAN_POINT('Ctrl Pts',(11.7824025079608,16.8390179425478,-3.));
#7555=CARTESIAN_POINT('Ctrl Pts',(11.7824025079608,16.8390179425478,-2.8));
#7556=CARTESIAN_POINT('',(12.6582558080554,16.6698498278856,-3.));
#7557=CARTESIAN_POINT('Ctrl Pts',(12.6582558080554,16.6698498278856,-3.));
#7558=CARTESIAN_POINT('Ctrl Pts',(12.4851304242147,16.6908089344049,-3.));
#7559=CARTESIAN_POINT('Ctrl Pts',(12.1890315351171,16.7266556024046,-3.));
#7560=CARTESIAN_POINT('Ctrl Pts',(11.9017246047685,16.8060460956487,-3.));
#7561=CARTESIAN_POINT('Ctrl Pts',(11.7824025079608,16.8390179425478,-3.));
#7562=CARTESIAN_POINT('',(12.6582558080554,16.6698498278856,-2.8));
#7563=CARTESIAN_POINT('',(12.6582558080554,16.6698498278856,-3.));
#7564=CARTESIAN_POINT('Ctrl Pts',(12.6582558080554,16.6698498278856,-2.8));
#7565=CARTESIAN_POINT('Ctrl Pts',(12.4851304242147,16.6908089344049,-2.8));
#7566=CARTESIAN_POINT('Ctrl Pts',(12.1890315351171,16.7266556024046,-2.8));
#7567=CARTESIAN_POINT('Ctrl Pts',(11.9017246047685,16.8060460956487,-2.8));
#7568=CARTESIAN_POINT('Ctrl Pts',(11.7824025079608,16.8390179425478,-2.8));
#7569=CARTESIAN_POINT('Ctrl Pts',(13.0948181077838,16.5961802750826,-3.));
#7570=CARTESIAN_POINT('Ctrl Pts',(13.0948181077838,16.5961802750826,-2.8));
#7571=CARTESIAN_POINT('Ctrl Pts',(13.0344754624795,16.6094887726789,-3.));
#7572=CARTESIAN_POINT('Ctrl Pts',(13.0344754624795,16.6094887726789,-2.8));
#7573=CARTESIAN_POINT('Ctrl Pts',(12.8902182308646,16.6413045310124,-3.));
#7574=CARTESIAN_POINT('Ctrl Pts',(12.8902182308646,16.6413045310124,-2.8));
#7575=CARTESIAN_POINT('Ctrl Pts',(12.7435644624134,16.6593517444676,-3.));
#7576=CARTESIAN_POINT('Ctrl Pts',(12.7435644624134,16.6593517444676,-2.8));
#7577=CARTESIAN_POINT('Ctrl Pts',(12.6582558080554,16.6698498278856,-3.));
#7578=CARTESIAN_POINT('Ctrl Pts',(12.6582558080554,16.6698498278856,-2.8));
#7579=CARTESIAN_POINT('',(13.0948181077838,16.5961802750826,-3.));
#7580=CARTESIAN_POINT('Ctrl Pts',(13.0948181077838,16.5961802750826,-3.));
#7581=CARTESIAN_POINT('Ctrl Pts',(13.0344754624795,16.6094887726789,-3.));
#7582=CARTESIAN_POINT('Ctrl Pts',(12.8902182308646,16.6413045310124,-3.));
#7583=CARTESIAN_POINT('Ctrl Pts',(12.7435644624134,16.6593517444676,-3.));
#7584=CARTESIAN_POINT('Ctrl Pts',(12.6582558080554,16.6698498278856,-3.));
#7585=CARTESIAN_POINT('',(13.0948181077838,16.5961802750826,-2.8));
#7586=CARTESIAN_POINT('',(13.0948181077838,16.5961802750826,-3.));
#7587=CARTESIAN_POINT('Ctrl Pts',(13.0948181077838,16.5961802750826,-2.8));
#7588=CARTESIAN_POINT('Ctrl Pts',(13.0344754624795,16.6094887726789,-2.8));
#7589=CARTESIAN_POINT('Ctrl Pts',(12.8902182308646,16.6413045310124,-2.8));
#7590=CARTESIAN_POINT('Ctrl Pts',(12.7435644624134,16.6593517444676,-2.8));
#7591=CARTESIAN_POINT('Ctrl Pts',(12.6582558080554,16.6698498278856,-2.8));
#7592=CARTESIAN_POINT('Ctrl Pts',(13.4481604024768,16.4351976662874,-3.));
#7593=CARTESIAN_POINT('Ctrl Pts',(13.4481604024768,16.4351976662874,-2.8));
#7594=CARTESIAN_POINT('Ctrl Pts',(13.3936285693165,16.4686694802257,-3.));
#7595=CARTESIAN_POINT('Ctrl Pts',(13.3936285693165,16.4686694802257,-2.8));
#7596=CARTESIAN_POINT('Ctrl Pts',(13.2825028044209,16.5368788308154,-3.));
#7597=CARTESIAN_POINT('Ctrl Pts',(13.2825028044209,16.5368788308154,-2.8));
#7598=CARTESIAN_POINT('Ctrl Pts',(13.1581488621472,16.5761700916869,-3.));
#7599=CARTESIAN_POINT('Ctrl Pts',(13.1581488621472,16.5761700916869,-2.8));
#7600=CARTESIAN_POINT('Ctrl Pts',(13.0948181077838,16.5961802750826,-3.));
#7601=CARTESIAN_POINT('Ctrl Pts',(13.0948181077838,16.5961802750826,-2.8));
#7602=CARTESIAN_POINT('',(13.4481604024768,16.4351976662874,-3.));
#7603=CARTESIAN_POINT('Ctrl Pts',(13.4481604024768,16.4351976662874,-3.));
#7604=CARTESIAN_POINT('Ctrl Pts',(13.3936285693165,16.4686694802257,-3.));
#7605=CARTESIAN_POINT('Ctrl Pts',(13.2825028044209,16.5368788308154,-3.));
#7606=CARTESIAN_POINT('Ctrl Pts',(13.1581488621472,16.5761700916869,-3.));
#7607=CARTESIAN_POINT('Ctrl Pts',(13.0948181077838,16.5961802750826,-3.));
#7608=CARTESIAN_POINT('',(13.4481604024768,16.4351976662874,-2.8));
#7609=CARTESIAN_POINT('',(13.4481604024768,16.4351976662874,-3.));
#7610=CARTESIAN_POINT('Ctrl Pts',(13.4481604024768,16.4351976662874,-2.8));
#7611=CARTESIAN_POINT('Ctrl Pts',(13.3936285693165,16.4686694802257,-2.8));
#7612=CARTESIAN_POINT('Ctrl Pts',(13.2825028044209,16.5368788308154,-2.8));
#7613=CARTESIAN_POINT('Ctrl Pts',(13.1581488621472,16.5761700916869,-2.8));
#7614=CARTESIAN_POINT('Ctrl Pts',(13.0948181077838,16.5961802750826,-2.8));
#7615=CARTESIAN_POINT('Ctrl Pts',(13.7019116804004,16.1527968198061,-3.));
#7616=CARTESIAN_POINT('Ctrl Pts',(13.7019116804004,16.1527968198061,-2.8));
#7617=CARTESIAN_POINT('Ctrl Pts',(13.6675292734528,16.2082834451265,-3.));
#7618=CARTESIAN_POINT('Ctrl Pts',(13.6675292734528,16.2082834451265,-2.8));
#7619=CARTESIAN_POINT('Ctrl Pts',(13.5997874949979,16.317605712337,-3.));
#7620=CARTESIAN_POINT('Ctrl Pts',(13.5997874949979,16.317605712337,-2.8));
#7621=CARTESIAN_POINT('Ctrl Pts',(13.498191332015,16.3963969832134,-3.));
#7622=CARTESIAN_POINT('Ctrl Pts',(13.498191332015,16.3963969832134,-2.8));
#7623=CARTESIAN_POINT('Ctrl Pts',(13.4481604024768,16.4351976662874,-3.));
#7624=CARTESIAN_POINT('Ctrl Pts',(13.4481604024768,16.4351976662874,-2.8));
#7625=CARTESIAN_POINT('',(13.7019116804004,16.1527968198061,-3.));
#7626=CARTESIAN_POINT('Ctrl Pts',(13.7019116804004,16.1527968198061,-3.));
#7627=CARTESIAN_POINT('Ctrl Pts',(13.6675292734528,16.2082834451265,-3.));
#7628=CARTESIAN_POINT('Ctrl Pts',(13.5997874949979,16.317605712337,-3.));
#7629=CARTESIAN_POINT('Ctrl Pts',(13.498191332015,16.3963969832134,-3.));
#7630=CARTESIAN_POINT('Ctrl Pts',(13.4481604024768,16.4351976662874,-3.));
#7631=CARTESIAN_POINT('',(13.7019116804004,16.1527968198061,-2.8));
#7632=CARTESIAN_POINT('',(13.7019116804004,16.1527968198061,-3.));
#7633=CARTESIAN_POINT('Ctrl Pts',(13.7019116804004,16.1527968198061,-2.8));
#7634=CARTESIAN_POINT('Ctrl Pts',(13.6675292734528,16.2082834451265,-2.8));
#7635=CARTESIAN_POINT('Ctrl Pts',(13.5997874949979,16.317605712337,-2.8));
#7636=CARTESIAN_POINT('Ctrl Pts',(13.498191332015,16.3963969832134,-2.8));
#7637=CARTESIAN_POINT('Ctrl Pts',(13.4481604024768,16.4351976662874,-2.8));
#7638=CARTESIAN_POINT('Ctrl Pts',(13.798773996532,15.7639838010073,-3.));
#7639=CARTESIAN_POINT('Ctrl Pts',(13.798773996532,15.7639838010073,-2.8));
#7640=CARTESIAN_POINT('Ctrl Pts',(13.7949883052805,15.8329321952928,-3.));
#7641=CARTESIAN_POINT('Ctrl Pts',(13.7949883052805,15.8329321952928,-2.8));
#7642=CARTESIAN_POINT('Ctrl Pts',(13.787529794123,15.9687732699867,-3.));
#7643=CARTESIAN_POINT('Ctrl Pts',(13.787529794123,15.9687732699867,-2.8));
#7644=CARTESIAN_POINT('Ctrl Pts',(13.7301616633178,16.092077634195,-3.));
#7645=CARTESIAN_POINT('Ctrl Pts',(13.7301616633178,16.092077634195,-2.8));
#7646=CARTESIAN_POINT('Ctrl Pts',(13.7019116804004,16.1527968198061,-3.));
#7647=CARTESIAN_POINT('Ctrl Pts',(13.7019116804004,16.1527968198061,-2.8));
#7648=CARTESIAN_POINT('',(13.798773996532,15.7639838010073,-3.));
#7649=CARTESIAN_POINT('Ctrl Pts',(13.798773996532,15.7639838010073,-3.));
#7650=CARTESIAN_POINT('Ctrl Pts',(13.7949883052805,15.8329321952928,-3.));
#7651=CARTESIAN_POINT('Ctrl Pts',(13.787529794123,15.9687732699867,-3.));
#7652=CARTESIAN_POINT('Ctrl Pts',(13.7301616633178,16.092077634195,-3.));
#7653=CARTESIAN_POINT('Ctrl Pts',(13.7019116804004,16.1527968198061,-3.));
#7654=CARTESIAN_POINT('',(13.798773996532,15.7639838010073,-2.8));
#7655=CARTESIAN_POINT('',(13.798773996532,15.7639838010073,-3.));
#7656=CARTESIAN_POINT('Ctrl Pts',(13.798773996532,15.7639838010073,-2.8));
#7657=CARTESIAN_POINT('Ctrl Pts',(13.7949883052805,15.8329321952928,-2.8));
#7658=CARTESIAN_POINT('Ctrl Pts',(13.787529794123,15.9687732699867,-2.8));
#7659=CARTESIAN_POINT('Ctrl Pts',(13.7301616633178,16.092077634195,-2.8));
#7660=CARTESIAN_POINT('Ctrl Pts',(13.7019116804004,16.1527968198061,-2.8));
#7661=CARTESIAN_POINT('Ctrl Pts',(13.5422940179706,15.1678038388491,-3.));
#7662=CARTESIAN_POINT('Ctrl Pts',(13.5422940179706,15.1678038388491,-2.8));
#7663=CARTESIAN_POINT('Ctrl Pts',(13.6170969652232,15.2517344777697,-3.));
#7664=CARTESIAN_POINT('Ctrl Pts',(13.6170969652232,15.2517344777697,-2.8));
#7665=CARTESIAN_POINT('Ctrl Pts',(13.7686732642462,15.4218065951054,-3.));
#7666=CARTESIAN_POINT('Ctrl Pts',(13.7686732642462,15.4218065951054,-2.8));
#7667=CARTESIAN_POINT('Ctrl Pts',(13.7886538404455,15.6489405289671,-3.));
#7668=CARTESIAN_POINT('Ctrl Pts',(13.7886538404455,15.6489405289671,-2.8));
#7669=CARTESIAN_POINT('Ctrl Pts',(13.798773996532,15.7639838010073,-3.));
#7670=CARTESIAN_POINT('Ctrl Pts',(13.798773996532,15.7639838010073,-2.8));
#7671=CARTESIAN_POINT('',(13.5422940179706,15.1678038388491,-3.));
#7672=CARTESIAN_POINT('Ctrl Pts',(13.5422940179706,15.1678038388491,-3.));
#7673=CARTESIAN_POINT('Ctrl Pts',(13.6170969652232,15.2517344777697,-3.));
#7674=CARTESIAN_POINT('Ctrl Pts',(13.7686732642462,15.4218065951054,-3.));
#7675=CARTESIAN_POINT('Ctrl Pts',(13.7886538404455,15.6489405289671,-3.));
#7676=CARTESIAN_POINT('Ctrl Pts',(13.798773996532,15.7639838010073,-3.));
#7677=CARTESIAN_POINT('',(13.5422940179706,15.1678038388491,-2.8));
#7678=CARTESIAN_POINT('',(13.5422940179706,15.1678038388491,-3.));
#7679=CARTESIAN_POINT('Ctrl Pts',(13.5422940179706,15.1678038388491,-2.8));
#7680=CARTESIAN_POINT('Ctrl Pts',(13.6170969652232,15.2517344777697,-2.8));
#7681=CARTESIAN_POINT('Ctrl Pts',(13.7686732642462,15.4218065951054,-2.8));
#7682=CARTESIAN_POINT('Ctrl Pts',(13.7886538404455,15.6489405289671,-2.8));
#7683=CARTESIAN_POINT('Ctrl Pts',(13.798773996532,15.7639838010073,-2.8));
#7684=CARTESIAN_POINT('Ctrl Pts',(12.8083236142993,14.9345160275698,-3.));
#7685=CARTESIAN_POINT('Ctrl Pts',(12.8083236142993,14.9345160275698,-2.8));
#7686=CARTESIAN_POINT('Ctrl Pts',(12.9536505560101,14.9403323821732,-3.));
#7687=CARTESIAN_POINT('Ctrl Pts',(12.9536505560101,14.9403323821732,-2.8));
#7688=CARTESIAN_POINT('Ctrl Pts',(13.2208577648275,14.9510266957037,-3.));
#7689=CARTESIAN_POINT('Ctrl Pts',(13.2208577648275,14.9510266957037,-2.8));
#7690=CARTESIAN_POINT('Ctrl Pts',(13.4416052556356,15.0998991702487,-3.));
#7691=CARTESIAN_POINT('Ctrl Pts',(13.4416052556356,15.0998991702487,-2.8));
#7692=CARTESIAN_POINT('Ctrl Pts',(13.5422940179706,15.1678038388491,-3.));
#7693=CARTESIAN_POINT('Ctrl Pts',(13.5422940179706,15.1678038388491,-2.8));
#7694=CARTESIAN_POINT('',(12.8083236142993,14.9345160275698,-3.));
#7695=CARTESIAN_POINT('Ctrl Pts',(12.8083236142993,14.9345160275698,-3.));
#7696=CARTESIAN_POINT('Ctrl Pts',(12.9536505560101,14.9403323821732,-3.));
#7697=CARTESIAN_POINT('Ctrl Pts',(13.2208577648275,14.9510266957037,-3.));
#7698=CARTESIAN_POINT('Ctrl Pts',(13.4416052556356,15.0998991702487,-3.));
#7699=CARTESIAN_POINT('Ctrl Pts',(13.5422940179706,15.1678038388491,-3.));
#7700=CARTESIAN_POINT('',(12.8083236142993,14.9345160275698,-2.8));
#7701=CARTESIAN_POINT('',(12.8083236142993,14.9345160275698,-3.));
#7702=CARTESIAN_POINT('Ctrl Pts',(12.8083236142993,14.9345160275698,-2.8));
#7703=CARTESIAN_POINT('Ctrl Pts',(12.9536505560101,14.9403323821732,-2.8));
#7704=CARTESIAN_POINT('Ctrl Pts',(13.2208577648275,14.9510266957037,-2.8));
#7705=CARTESIAN_POINT('Ctrl Pts',(13.4416052556356,15.0998991702487,-2.8));
#7706=CARTESIAN_POINT('Ctrl Pts',(13.5422940179706,15.1678038388491,-2.8));
#7707=CARTESIAN_POINT('Ctrl Pts',(12.2667140886188,15.030013397336,-3.));
#7708=CARTESIAN_POINT('Ctrl Pts',(12.2667140886188,15.030013397336,-2.8));
#7709=CARTESIAN_POINT('Ctrl Pts',(12.3532050837714,15.0021623152347,-3.));
#7710=CARTESIAN_POINT('Ctrl Pts',(12.3532050837714,15.0021623152347,-2.8));
#7711=CARTESIAN_POINT('Ctrl Pts',(12.5293137175751,14.9454533363388,-3.));
#7712=CARTESIAN_POINT('Ctrl Pts',(12.5293137175751,14.9454533363388,-2.8));
#7713=CARTESIAN_POINT('Ctrl Pts',(12.7142260007148,14.9382046947686,-3.));
#7714=CARTESIAN_POINT('Ctrl Pts',(12.7142260007148,14.9382046947686,-2.8));
#7715=CARTESIAN_POINT('Ctrl Pts',(12.8083236142993,14.9345160275698,-3.));
#7716=CARTESIAN_POINT('Ctrl Pts',(12.8083236142993,14.9345160275698,-2.8));
#7717=CARTESIAN_POINT('',(12.2667140886188,15.030013397336,-3.));
#7718=CARTESIAN_POINT('Ctrl Pts',(12.2667140886188,15.030013397336,-3.));
#7719=CARTESIAN_POINT('Ctrl Pts',(12.3532050837714,15.0021623152347,-3.));
#7720=CARTESIAN_POINT('Ctrl Pts',(12.5293137175751,14.9454533363388,-3.));
#7721=CARTESIAN_POINT('Ctrl Pts',(12.7142260007148,14.9382046947686,-3.));
#7722=CARTESIAN_POINT('Ctrl Pts',(12.8083236142993,14.9345160275698,-3.));
#7723=CARTESIAN_POINT('',(12.2667140886188,15.030013397336,-2.8));
#7724=CARTESIAN_POINT('',(12.2667140886188,15.030013397336,-3.));
#7725=CARTESIAN_POINT('Ctrl Pts',(12.2667140886188,15.030013397336,-2.8));
#7726=CARTESIAN_POINT('Ctrl Pts',(12.3532050837714,15.0021623152347,-2.8));
#7727=CARTESIAN_POINT('Ctrl Pts',(12.5293137175751,14.9454533363388,-2.8));
#7728=CARTESIAN_POINT('Ctrl Pts',(12.7142260007148,14.9382046947686,-2.8));
#7729=CARTESIAN_POINT('Ctrl Pts',(12.8083236142993,14.9345160275698,-2.8));
#7730=CARTESIAN_POINT('Ctrl Pts',(11.7414755746722,15.3574348241091,-3.));
#7731=CARTESIAN_POINT('Ctrl Pts',(11.7414755746722,15.3574348241091,-2.8));
#7732=CARTESIAN_POINT('Ctrl Pts',(11.828075420744,15.2871943636206,-3.));
#7733=CARTESIAN_POINT('Ctrl Pts',(11.828075420744,15.2871943636206,-2.8));
#7734=CARTESIAN_POINT('Ctrl Pts',(11.9896709278453,15.1561255067284,-3.));
#7735=CARTESIAN_POINT('Ctrl Pts',(11.9896709278453,15.1561255067284,-2.8));
#7736=CARTESIAN_POINT('Ctrl Pts',(12.1788957852557,15.0699889428411,-3.));
#7737=CARTESIAN_POINT('Ctrl Pts',(12.1788957852557,15.0699889428411,-2.8));
#7738=CARTESIAN_POINT('Ctrl Pts',(12.2667140886188,15.030013397336,-3.));
#7739=CARTESIAN_POINT('Ctrl Pts',(12.2667140886188,15.030013397336,-2.8));
#7740=CARTESIAN_POINT('',(11.7414755746722,15.3574348241091,-3.));
#7741=CARTESIAN_POINT('Ctrl Pts',(11.7414755746722,15.3574348241091,-3.));
#7742=CARTESIAN_POINT('Ctrl Pts',(11.828075420744,15.2871943636206,-3.));
#7743=CARTESIAN_POINT('Ctrl Pts',(11.9896709278453,15.1561255067284,-3.));
#7744=CARTESIAN_POINT('Ctrl Pts',(12.1788957852557,15.0699889428411,-3.));
#7745=CARTESIAN_POINT('Ctrl Pts',(12.2667140886188,15.030013397336,-3.));
#7746=CARTESIAN_POINT('',(11.7414755746722,15.3574348241091,-2.8));
#7747=CARTESIAN_POINT('',(11.7414755746722,15.3574348241091,-3.));
#7748=CARTESIAN_POINT('Ctrl Pts',(11.7414755746722,15.3574348241091,-2.8));
#7749=CARTESIAN_POINT('Ctrl Pts',(11.828075420744,15.2871943636206,-2.8));
#7750=CARTESIAN_POINT('Ctrl Pts',(11.9896709278453,15.1561255067284,-2.8));
#7751=CARTESIAN_POINT('Ctrl Pts',(12.1788957852557,15.0699889428411,-2.8));
#7752=CARTESIAN_POINT('Ctrl Pts',(12.2667140886188,15.030013397336,-2.8));
#7753=CARTESIAN_POINT('Ctrl Pts',(11.6432483121753,15.0000000745058,-3.));
#7754=CARTESIAN_POINT('Ctrl Pts',(11.6432483121753,15.0000000745058,-2.8));
#7755=CARTESIAN_POINT('Ctrl Pts',(11.66658841546,15.054575879003,-3.));
#7756=CARTESIAN_POINT('Ctrl Pts',(11.66658841546,15.054575879003,-2.8));
#7757=CARTESIAN_POINT('Ctrl Pts',(11.7155985527873,15.1691755292503,-3.));
#7758=CARTESIAN_POINT('Ctrl Pts',(11.7155985527873,15.1691755292503,-2.8));
#7759=CARTESIAN_POINT('Ctrl Pts',(11.7325807901461,15.2927239052772,-3.));
#7760=CARTESIAN_POINT('Ctrl Pts',(11.7325807901461,15.2927239052772,-2.8));
#7761=CARTESIAN_POINT('Ctrl Pts',(11.7414755746722,15.3574348241091,-3.));
#7762=CARTESIAN_POINT('Ctrl Pts',(11.7414755746722,15.3574348241091,-2.8));
#7763=CARTESIAN_POINT('Ctrl Pts',(11.6432483121753,15.0000000745058,-3.));
#7764=CARTESIAN_POINT('Ctrl Pts',(11.66658841546,15.054575879003,-3.));
#7765=CARTESIAN_POINT('Ctrl Pts',(11.7155985527873,15.1691755292503,-3.));
#7766=CARTESIAN_POINT('Ctrl Pts',(11.7325807901461,15.2927239052772,-3.));
#7767=CARTESIAN_POINT('Ctrl Pts',(11.7414755746722,15.3574348241091,-3.));
#7768=CARTESIAN_POINT('Ctrl Pts',(11.6432483121753,15.0000000745058,-2.8));
#7769=CARTESIAN_POINT('Ctrl Pts',(11.66658841546,15.054575879003,-2.8));
#7770=CARTESIAN_POINT('Ctrl Pts',(11.7155985527873,15.1691755292503,-2.8));
#7771=CARTESIAN_POINT('Ctrl Pts',(11.7325807901461,15.2927239052772,-2.8));
#7772=CARTESIAN_POINT('Ctrl Pts',(11.7414755746722,15.3574348241091,-2.8));
#7773=CARTESIAN_POINT('Origin',(19.5000015385449,17.0013643056154,-2.8));
#7774=CARTESIAN_POINT('Origin',(15.7442040368915,18.5279674082994,-3.));
#7775=CARTESIAN_POINT('',(15.7442040368915,18.5279674082994,-3.));
#7776=CARTESIAN_POINT('',(16.7673964425921,18.5279674082994,-3.));
#7777=CARTESIAN_POINT('',(28.1126020184457,18.5279674082994,-3.));
#7778=CARTESIAN_POINT('',(15.7442040368915,18.5279674082994,-2.8));
#7779=CARTESIAN_POINT('',(15.7442040368915,18.5279674082994,-3.));
#7780=CARTESIAN_POINT('',(16.7673964425921,18.5279674082994,-2.8));
#7781=CARTESIAN_POINT('',(15.7442040368915,18.5279674082994,-2.8));
#7782=CARTESIAN_POINT('',(16.7673964425921,18.5279674082994,-3.));
#7783=CARTESIAN_POINT('Ctrl Pts',(15.2503426000476,18.4924966841936,-3.));
#7784=CARTESIAN_POINT('Ctrl Pts',(15.2503426000476,18.4924966841936,-2.8));
#7785=CARTESIAN_POINT('Ctrl Pts',(15.3136663959904,18.5027201273834,-3.));
#7786=CARTESIAN_POINT('Ctrl Pts',(15.3136663959904,18.5027201273834,-2.8));
#7787=CARTESIAN_POINT('Ctrl Pts',(15.477060633876,18.5290996531791,-3.));
#7788=CARTESIAN_POINT('Ctrl Pts',(15.477060633876,18.5290996531791,-2.8));
#7789=CARTESIAN_POINT('Ctrl Pts',(15.6427363243341,18.5283974630816,-3.));
#7790=CARTESIAN_POINT('Ctrl Pts',(15.6427363243341,18.5283974630816,-2.8));
#7791=CARTESIAN_POINT('Ctrl Pts',(15.7442040368915,18.5279674082994,-3.));
#7792=CARTESIAN_POINT('Ctrl Pts',(15.7442040368915,18.5279674082994,-2.8));
#7793=CARTESIAN_POINT('',(15.2503426000476,18.4924966841936,-3.));
#7794=CARTESIAN_POINT('Ctrl Pts',(15.2503426000476,18.4924966841936,-3.));
#7795=CARTESIAN_POINT('Ctrl Pts',(15.3136663959904,18.5027201273834,-3.));
#7796=CARTESIAN_POINT('Ctrl Pts',(15.477060633876,18.5290996531791,-3.));
#7797=CARTESIAN_POINT('Ctrl Pts',(15.6427363243341,18.5283974630816,-3.));
#7798=CARTESIAN_POINT('Ctrl Pts',(15.7442040368915,18.5279674082994,-3.));
#7799=CARTESIAN_POINT('',(15.2503426000476,18.4924966841936,-2.8));
#7800=CARTESIAN_POINT('',(15.2503426000476,18.4924966841936,-3.));
#7801=CARTESIAN_POINT('Ctrl Pts',(15.2503426000476,18.4924966841936,-2.8));
#7802=CARTESIAN_POINT('Ctrl Pts',(15.3136663959904,18.5027201273834,-2.8));
#7803=CARTESIAN_POINT('Ctrl Pts',(15.477060633876,18.5290996531791,-2.8));
#7804=CARTESIAN_POINT('Ctrl Pts',(15.6427363243341,18.5283974630816,-2.8));
#7805=CARTESIAN_POINT('Ctrl Pts',(15.7442040368915,18.5279674082994,-2.8));
#7806=CARTESIAN_POINT('Ctrl Pts',(14.9161000177264,18.2564801722765,-3.));
#7807=CARTESIAN_POINT('Ctrl Pts',(14.9161000177264,18.2564801722765,-2.8));
#7808=CARTESIAN_POINT('Ctrl Pts',(14.9615685556078,18.3109444696972,-3.));
#7809=CARTESIAN_POINT('Ctrl Pts',(14.9615685556078,18.3109444696972,-2.8));
#7810=CARTESIAN_POINT('Ctrl Pts',(15.0520464994984,18.4193230953511,-3.));
#7811=CARTESIAN_POINT('Ctrl Pts',(15.0520464994984,18.4193230953511,-2.8));
#7812=CARTESIAN_POINT('Ctrl Pts',(15.1844678914031,18.4681881434199,-3.));
#7813=CARTESIAN_POINT('Ctrl Pts',(15.1844678914031,18.4681881434199,-2.8));
#7814=CARTESIAN_POINT('Ctrl Pts',(15.2503426000476,18.4924966841936,-3.));
#7815=CARTESIAN_POINT('Ctrl Pts',(15.2503426000476,18.4924966841936,-2.8));
#7816=CARTESIAN_POINT('',(14.9161000177264,18.2564801722765,-3.));
#7817=CARTESIAN_POINT('Ctrl Pts',(14.9161000177264,18.2564801722765,-3.));
#7818=CARTESIAN_POINT('Ctrl Pts',(14.9615685556078,18.3109444696972,-3.));
#7819=CARTESIAN_POINT('Ctrl Pts',(15.0520464994984,18.4193230953511,-3.));
#7820=CARTESIAN_POINT('Ctrl Pts',(15.1844678914031,18.4681881434199,-3.));
#7821=CARTESIAN_POINT('Ctrl Pts',(15.2503426000476,18.4924966841936,-3.));
#7822=CARTESIAN_POINT('',(14.9161000177264,18.2564801722765,-2.8));
#7823=CARTESIAN_POINT('',(14.9161000177264,18.2564801722765,-3.));
#7824=CARTESIAN_POINT('Ctrl Pts',(14.9161000177264,18.2564801722765,-2.8));
#7825=CARTESIAN_POINT('Ctrl Pts',(14.9615685556078,18.3109444696972,-2.8));
#7826=CARTESIAN_POINT('Ctrl Pts',(15.0520464994984,18.4193230953511,-2.8));
#7827=CARTESIAN_POINT('Ctrl Pts',(15.1844678914031,18.4681881434199,-2.8));
#7828=CARTESIAN_POINT('Ctrl Pts',(15.2503426000476,18.4924966841936,-2.8));
#7829=CARTESIAN_POINT('Ctrl Pts',(14.7892243787646,17.8267396241426,-3.));
#7830=CARTESIAN_POINT('Ctrl Pts',(14.7892243787646,17.8267396241426,-2.8));
#7831=CARTESIAN_POINT('Ctrl Pts',(14.7936982618294,17.9062274717653,-3.));
#7832=CARTESIAN_POINT('Ctrl Pts',(14.7936982618294,17.9062274717653,-2.8));
#7833=CARTESIAN_POINT('Ctrl Pts',(14.8023319701277,18.0596232757471,-3.));
#7834=CARTESIAN_POINT('Ctrl Pts',(14.8023319701277,18.0596232757471,-2.8));
#7835=CARTESIAN_POINT('Ctrl Pts',(14.8791082676367,18.1924720322621,-3.));
#7836=CARTESIAN_POINT('Ctrl Pts',(14.8791082676367,18.1924720322621,-2.8));
#7837=CARTESIAN_POINT('Ctrl Pts',(14.9161000177264,18.2564801722765,-3.));
#7838=CARTESIAN_POINT('Ctrl Pts',(14.9161000177264,18.2564801722765,-2.8));
#7839=CARTESIAN_POINT('',(14.7892243787646,17.8267396241426,-3.));
#7840=CARTESIAN_POINT('Ctrl Pts',(14.7892243787646,17.8267396241426,-3.));
#7841=CARTESIAN_POINT('Ctrl Pts',(14.7936982618294,17.9062274717653,-3.));
#7842=CARTESIAN_POINT('Ctrl Pts',(14.8023319701277,18.0596232757471,-3.));
#7843=CARTESIAN_POINT('Ctrl Pts',(14.8791082676367,18.1924720322621,-3.));
#7844=CARTESIAN_POINT('Ctrl Pts',(14.9161000177264,18.2564801722765,-3.));
#7845=CARTESIAN_POINT('',(14.7892243787646,17.8267396241426,-2.8));
#7846=CARTESIAN_POINT('',(14.7892243787646,17.8267396241426,-3.));
#7847=CARTESIAN_POINT('Ctrl Pts',(14.7892243787646,17.8267396241426,-2.8));
#7848=CARTESIAN_POINT('Ctrl Pts',(14.7936982618294,17.9062274717653,-2.8));
#7849=CARTESIAN_POINT('Ctrl Pts',(14.8023319701277,18.0596232757471,-2.8));
#7850=CARTESIAN_POINT('Ctrl Pts',(14.8791082676367,18.1924720322621,-2.8));
#7851=CARTESIAN_POINT('Ctrl Pts',(14.9161000177264,18.2564801722765,-2.8));
#7852=CARTESIAN_POINT('Ctrl Pts',(15.0047762319446,17.2892225533724,-3.));
#7853=CARTESIAN_POINT('Ctrl Pts',(15.0047762319446,17.2892225533724,-2.8));
#7854=CARTESIAN_POINT('Ctrl Pts',(14.9419546871757,17.3621429881396,-3.));
#7855=CARTESIAN_POINT('Ctrl Pts',(14.9419546871757,17.3621429881396,-2.8));
#7856=CARTESIAN_POINT('Ctrl Pts',(14.8093164486659,17.5161035132189,-3.));
#7857=CARTESIAN_POINT('Ctrl Pts',(14.8093164486659,17.5161035132189,-2.8));
#7858=CARTESIAN_POINT('Ctrl Pts',(14.7961531400219,17.7196165919688,-3.));
#7859=CARTESIAN_POINT('Ctrl Pts',(14.7961531400219,17.7196165919688,-2.8));
#7860=CARTESIAN_POINT('Ctrl Pts',(14.7892243787646,17.8267396241426,-3.));
#7861=CARTESIAN_POINT('Ctrl Pts',(14.7892243787646,17.8267396241426,-2.8));
#7862=CARTESIAN_POINT('',(15.0047762319446,17.2892225533724,-3.));
#7863=CARTESIAN_POINT('Ctrl Pts',(15.0047762319446,17.2892225533724,-3.));
#7864=CARTESIAN_POINT('Ctrl Pts',(14.9419546871757,17.3621429881396,-3.));
#7865=CARTESIAN_POINT('Ctrl Pts',(14.8093164486659,17.5161035132189,-3.));
#7866=CARTESIAN_POINT('Ctrl Pts',(14.7961531400219,17.7196165919688,-3.));
#7867=CARTESIAN_POINT('Ctrl Pts',(14.7892243787646,17.8267396241426,-3.));
#7868=CARTESIAN_POINT('',(15.0047762319446,17.2892225533724,-2.8));
#7869=CARTESIAN_POINT('',(15.0047762319446,17.2892225533724,-3.));
#7870=CARTESIAN_POINT('Ctrl Pts',(15.0047762319446,17.2892225533724,-2.8));
#7871=CARTESIAN_POINT('Ctrl Pts',(14.9419546871757,17.3621429881396,-2.8));
#7872=CARTESIAN_POINT('Ctrl Pts',(14.8093164486659,17.5161035132189,-2.8));
#7873=CARTESIAN_POINT('Ctrl Pts',(14.7961531400219,17.7196165919688,-2.8));
#7874=CARTESIAN_POINT('Ctrl Pts',(14.7892243787646,17.8267396241426,-2.8));
#7875=CARTESIAN_POINT('Ctrl Pts',(15.7332892343402,17.098226621747,-3.));
#7876=CARTESIAN_POINT('Ctrl Pts',(15.7332892343402,17.098226621747,-2.8));
#7877=CARTESIAN_POINT('Ctrl Pts',(15.5829451659411,17.0999380486456,-3.));
#7878=CARTESIAN_POINT('Ctrl Pts',(15.5829451659411,17.0999380486456,-2.8));
#7879=CARTESIAN_POINT('Ctrl Pts',(15.3224107309841,17.1029038167317,-3.));
#7880=CARTESIAN_POINT('Ctrl Pts',(15.3224107309841,17.1029038167317,-2.8));
#7881=CARTESIAN_POINT('Ctrl Pts',(15.0991865916981,17.2338431188076,-3.));
#7882=CARTESIAN_POINT('Ctrl Pts',(15.0991865916981,17.2338431188076,-2.8));
#7883=CARTESIAN_POINT('Ctrl Pts',(15.0047762319446,17.2892225533724,-3.));
#7884=CARTESIAN_POINT('Ctrl Pts',(15.0047762319446,17.2892225533724,-2.8));
#7885=CARTESIAN_POINT('',(15.7332892343402,17.098226621747,-3.));
#7886=CARTESIAN_POINT('Ctrl Pts',(15.7332892343402,17.098226621747,-3.));
#7887=CARTESIAN_POINT('Ctrl Pts',(15.5829451659411,17.0999380486456,-3.));
#7888=CARTESIAN_POINT('Ctrl Pts',(15.3224107309841,17.1029038167317,-3.));
#7889=CARTESIAN_POINT('Ctrl Pts',(15.0991865916981,17.2338431188076,-3.));
#7890=CARTESIAN_POINT('Ctrl Pts',(15.0047762319446,17.2892225533724,-3.));
#7891=CARTESIAN_POINT('',(15.7332892343402,17.098226621747,-2.8));
#7892=CARTESIAN_POINT('',(15.7332892343402,17.098226621747,-3.));
#7893=CARTESIAN_POINT('Ctrl Pts',(15.7332892343402,17.098226621747,-2.8));
#7894=CARTESIAN_POINT('Ctrl Pts',(15.5829451659411,17.0999380486456,-2.8));
#7895=CARTESIAN_POINT('Ctrl Pts',(15.3224107309841,17.1029038167317,-2.8));
#7896=CARTESIAN_POINT('Ctrl Pts',(15.0991865916981,17.2338431188076,-2.8));
#7897=CARTESIAN_POINT('Ctrl Pts',(15.0047762319446,17.2892225533724,-2.8));
#7898=CARTESIAN_POINT('Origin',(16.7673964425921,17.098226621747,-3.));
#7899=CARTESIAN_POINT('',(16.7673964425921,17.098226621747,-3.));
#7900=CARTESIAN_POINT('',(28.6241982212961,17.098226621747,-3.));
#7901=CARTESIAN_POINT('',(16.7673964425921,17.098226621747,-2.8));
#7902=CARTESIAN_POINT('',(16.7673964425921,17.098226621747,-3.));
#7903=CARTESIAN_POINT('',(16.7673964425921,17.098226621747,-2.8));
#7904=CARTESIAN_POINT('Origin',(16.7673964425921,18.5279674082994,-3.));
#7905=CARTESIAN_POINT('',(16.7673964425921,15.7874837041497,-3.));
#7906=CARTESIAN_POINT('',(16.7673964425921,18.5279674082994,-2.8));
#7907=CARTESIAN_POINT('Origin',(16.7673964425921,16.6261935979128,-3.));
#7908=CARTESIAN_POINT('',(16.7673964425921,16.6261935979128,-3.));
#7909=CARTESIAN_POINT('',(16.7673964425921,15.0000000745058,-3.));
#7910=CARTESIAN_POINT('',(16.7673964425921,14.8365967989564,-3.));
#7911=CARTESIAN_POINT('',(16.7673964425921,16.6261935979128,-2.8));
#7912=CARTESIAN_POINT('',(16.7673964425921,16.6261935979128,-3.));
#7913=CARTESIAN_POINT('',(16.7673964425921,15.0000000745058,-2.8));
#7914=CARTESIAN_POINT('',(16.7673964425921,16.6261935979128,-2.8));
#7915=CARTESIAN_POINT('',(16.7673964425921,15.0000000745058,-3.));
#7916=CARTESIAN_POINT('Origin',(15.7414753362536,16.6261935979128,-3.));
#7917=CARTESIAN_POINT('',(15.7414753362536,16.6261935979128,-3.));
#7918=CARTESIAN_POINT('',(28.1112376681268,16.6261935979128,-3.));
#7919=CARTESIAN_POINT('',(15.7414753362536,16.6261935979128,-2.8));
#7920=CARTESIAN_POINT('',(15.7414753362536,16.6261935979128,-3.));
#7921=CARTESIAN_POINT('',(15.7414753362536,16.6261935979128,-2.8));
#7922=CARTESIAN_POINT('Ctrl Pts',(14.5682151243091,16.9795358926058,-3.));
#7923=CARTESIAN_POINT('Ctrl Pts',(14.5682151243091,16.9795358926058,-2.8));
#7924=CARTESIAN_POINT('Ctrl Pts',(14.7153577807518,16.8771026597049,-3.));
#7925=CARTESIAN_POINT('Ctrl Pts',(14.7153577807518,16.8771026597049,-2.8));
#7926=CARTESIAN_POINT('Ctrl Pts',(15.064326359586,16.6341684856522,-3.));
#7927=CARTESIAN_POINT('Ctrl Pts',(15.064326359586,16.6341684856522,-2.8));
#7928=CARTESIAN_POINT('Ctrl Pts',(15.4933497349481,16.6291158113162,-3.));
#7929=CARTESIAN_POINT('Ctrl Pts',(15.4933497349481,16.6291158113162,-2.8));
#7930=CARTESIAN_POINT('Ctrl Pts',(15.7414753362536,16.6261935979128,-3.));
#7931=CARTESIAN_POINT('Ctrl Pts',(15.7414753362536,16.6261935979128,-2.8));
#7932=CARTESIAN_POINT('',(14.5682151243091,16.9795358926058,-3.));
#7933=CARTESIAN_POINT('Ctrl Pts',(14.5682151243091,16.9795358926058,-3.));
#7934=CARTESIAN_POINT('Ctrl Pts',(14.7153577807518,16.8771026597049,-3.));
#7935=CARTESIAN_POINT('Ctrl Pts',(15.064326359586,16.6341684856522,-3.));
#7936=CARTESIAN_POINT('Ctrl Pts',(15.4933497349481,16.6291158113162,-3.));
#7937=CARTESIAN_POINT('Ctrl Pts',(15.7414753362536,16.6261935979128,-3.));
#7938=CARTESIAN_POINT('',(14.5682151243091,16.9795358926058,-2.8));
#7939=CARTESIAN_POINT('',(14.5682151243091,16.9795358926058,-3.));
#7940=CARTESIAN_POINT('Ctrl Pts',(14.5682151243091,16.9795358926058,-2.8));
#7941=CARTESIAN_POINT('Ctrl Pts',(14.7153577807518,16.8771026597049,-2.8));
#7942=CARTESIAN_POINT('Ctrl Pts',(15.064326359586,16.6341684856522,-2.8));
#7943=CARTESIAN_POINT('Ctrl Pts',(15.4933497349481,16.6291158113162,-2.8));
#7944=CARTESIAN_POINT('Ctrl Pts',(15.7414753362536,16.6261935979128,-2.8));
#7945=CARTESIAN_POINT('Ctrl Pts',(14.2435212060809,17.8431106358767,-3.));
#7946=CARTESIAN_POINT('Ctrl Pts',(14.2435212060809,17.8431106358767,-2.8));
#7947=CARTESIAN_POINT('Ctrl Pts',(14.2561054354402,17.6806107835697,-3.));
#7948=CARTESIAN_POINT('Ctrl Pts',(14.2561054354402,17.6806107835697,-2.8));
#7949=CARTESIAN_POINT('Ctrl Pts',(14.2808528824013,17.3610475936975,-3.));
#7950=CARTESIAN_POINT('Ctrl Pts',(14.2808528824013,17.3610475936975,-2.8));
#7951=CARTESIAN_POINT('Ctrl Pts',(14.4735202842066,17.1052559221136,-3.));
#7952=CARTESIAN_POINT('Ctrl Pts',(14.4735202842066,17.1052559221136,-2.8));
#7953=CARTESIAN_POINT('Ctrl Pts',(14.5682151243091,16.9795358926058,-3.));
#7954=CARTESIAN_POINT('Ctrl Pts',(14.5682151243091,16.9795358926058,-2.8));
#7955=CARTESIAN_POINT('',(14.2435212060809,17.8431106358767,-3.));
#7956=CARTESIAN_POINT('Ctrl Pts',(14.2435212060809,17.8431106358767,-3.));
#7957=CARTESIAN_POINT('Ctrl Pts',(14.2561054354402,17.6806107835697,-3.));
#7958=CARTESIAN_POINT('Ctrl Pts',(14.2808528824013,17.3610475936975,-3.));
#7959=CARTESIAN_POINT('Ctrl Pts',(14.4735202842066,17.1052559221136,-3.));
#7960=CARTESIAN_POINT('Ctrl Pts',(14.5682151243091,16.9795358926058,-3.));
#7961=CARTESIAN_POINT('',(14.2435212060809,17.8431106358767,-2.8));
#7962=CARTESIAN_POINT('',(14.2435212060809,17.8431106358767,-3.));
#7963=CARTESIAN_POINT('Ctrl Pts',(14.2435212060809,17.8431106358767,-2.8));
#7964=CARTESIAN_POINT('Ctrl Pts',(14.2561054354402,17.6806107835697,-2.8));
#7965=CARTESIAN_POINT('Ctrl Pts',(14.2808528824013,17.3610475936975,-2.8));
#7966=CARTESIAN_POINT('Ctrl Pts',(14.4735202842066,17.1052559221136,-2.8));
#7967=CARTESIAN_POINT('Ctrl Pts',(14.5682151243091,16.9795358926058,-2.8));
#7968=CARTESIAN_POINT('Ctrl Pts',(14.36494063586,18.3888132125139,-3.));
#7969=CARTESIAN_POINT('Ctrl Pts',(14.36494063586,18.3888132125139,-2.8));
#7970=CARTESIAN_POINT('Ctrl Pts',(14.3295305284882,18.3030920595437,-3.));
#7971=CARTESIAN_POINT('Ctrl Pts',(14.3295305284882,18.3030920595437,-2.8));
#7972=CARTESIAN_POINT('Ctrl Pts',(14.2573359000589,18.1283225587842,-3.));
#7973=CARTESIAN_POINT('Ctrl Pts',(14.2573359000589,18.1283225587842,-2.8));
#7974=CARTESIAN_POINT('Ctrl Pts',(14.2481841797225,17.9393802804228,-3.));
#7975=CARTESIAN_POINT('Ctrl Pts',(14.2481841797225,17.9393802804228,-2.8));
#7976=CARTESIAN_POINT('Ctrl Pts',(14.2435212060809,17.8431106358767,-3.));
#7977=CARTESIAN_POINT('Ctrl Pts',(14.2435212060809,17.8431106358767,-2.8));
#7978=CARTESIAN_POINT('',(14.36494063586,18.3888132125139,-3.));
#7979=CARTESIAN_POINT('Ctrl Pts',(14.36494063586,18.3888132125139,-3.));
#7980=CARTESIAN_POINT('Ctrl Pts',(14.3295305284882,18.3030920595437,-3.));
#7981=CARTESIAN_POINT('Ctrl Pts',(14.2573359000589,18.1283225587842,-3.));
#7982=CARTESIAN_POINT('Ctrl Pts',(14.2481841797225,17.9393802804228,-3.));
#7983=CARTESIAN_POINT('Ctrl Pts',(14.2435212060809,17.8431106358767,-3.));
#7984=CARTESIAN_POINT('',(14.36494063586,18.3888132125139,-2.8));
#7985=CARTESIAN_POINT('',(14.36494063586,18.3888132125139,-3.));
#7986=CARTESIAN_POINT('Ctrl Pts',(14.36494063586,18.3888132125139,-2.8));
#7987=CARTESIAN_POINT('Ctrl Pts',(14.3295305284882,18.3030920595437,-2.8));
#7988=CARTESIAN_POINT('Ctrl Pts',(14.2573359000589,18.1283225587842,-2.8));
#7989=CARTESIAN_POINT('Ctrl Pts',(14.2481841797225,17.9393802804228,-2.8));
#7990=CARTESIAN_POINT('Ctrl Pts',(14.2435212060809,17.8431106358767,-2.8));
#7991=CARTESIAN_POINT('Ctrl Pts',(14.6855409070849,18.7748981267214,-3.));
#7992=CARTESIAN_POINT('Ctrl Pts',(14.6855409070849,18.7748981267214,-2.8));
#7993=CARTESIAN_POINT('Ctrl Pts',(14.6217406999264,18.7230163774035,-3.));
#7994=CARTESIAN_POINT('Ctrl Pts',(14.6217406999264,18.7230163774035,-2.8));
#7995=CARTESIAN_POINT('Ctrl Pts',(14.4895642003717,18.6155316477915,-3.));
#7996=CARTESIAN_POINT('Ctrl Pts',(14.4895642003717,18.6155316477915,-2.8));
#7997=CARTESIAN_POINT('Ctrl Pts',(14.4074296842727,18.4661103963195,-3.));
#7998=CARTESIAN_POINT('Ctrl Pts',(14.4074296842727,18.4661103963195,-2.8));
#7999=CARTESIAN_POINT('Ctrl Pts',(14.36494063586,18.3888132125139,-3.));
#8000=CARTESIAN_POINT('Ctrl Pts',(14.36494063586,18.3888132125139,-2.8));
#8001=CARTESIAN_POINT('',(14.6855409070849,18.7748981267214,-3.));
#8002=CARTESIAN_POINT('Ctrl Pts',(14.6855409070849,18.7748981267214,-3.));
#8003=CARTESIAN_POINT('Ctrl Pts',(14.6217406999264,18.7230163774035,-3.));
#8004=CARTESIAN_POINT('Ctrl Pts',(14.4895642003717,18.6155316477915,-3.));
#8005=CARTESIAN_POINT('Ctrl Pts',(14.4074296842727,18.4661103963195,-3.));
#8006=CARTESIAN_POINT('Ctrl Pts',(14.36494063586,18.3888132125139,-3.));
#8007=CARTESIAN_POINT('',(14.6855409070849,18.7748981267214,-2.8));
#8008=CARTESIAN_POINT('',(14.6855409070849,18.7748981267214,-3.));
#8009=CARTESIAN_POINT('Ctrl Pts',(14.6855409070849,18.7748981267214,-2.8));
#8010=CARTESIAN_POINT('Ctrl Pts',(14.6217406999264,18.7230163774035,-2.8));
#8011=CARTESIAN_POINT('Ctrl Pts',(14.4895642003717,18.6155316477915,-2.8));
#8012=CARTESIAN_POINT('Ctrl Pts',(14.4074296842727,18.4661103963195,-2.8));
#8013=CARTESIAN_POINT('Ctrl Pts',(14.36494063586,18.3888132125139,-2.8));
#8014=CARTESIAN_POINT('Ctrl Pts',(15.1794011518359,18.9618004113436,-3.));
#8015=CARTESIAN_POINT('Ctrl Pts',(15.1794011518359,18.9618004113436,-2.8));
#8016=CARTESIAN_POINT('Ctrl Pts',(15.0871837517631,18.9430984424958,-3.));
#8017=CARTESIAN_POINT('Ctrl Pts',(15.0871837517631,18.9430984424958,-2.8));
#8018=CARTESIAN_POINT('Ctrl Pts',(14.9122291914357,18.907617126232,-3.));
#8019=CARTESIAN_POINT('Ctrl Pts',(14.9122291914357,18.907617126232,-2.8));
#8020=CARTESIAN_POINT('Ctrl Pts',(14.7583237845007,18.8175102568532,-3.));
#8021=CARTESIAN_POINT('Ctrl Pts',(14.7583237845007,18.8175102568532,-2.8));
#8022=CARTESIAN_POINT('Ctrl Pts',(14.6855409070849,18.7748981267214,-3.));
#8023=CARTESIAN_POINT('Ctrl Pts',(14.6855409070849,18.7748981267214,-2.8));
#8024=CARTESIAN_POINT('',(15.1794011518359,18.9618004113436,-3.));
#8025=CARTESIAN_POINT('Ctrl Pts',(15.1794011518359,18.9618004113436,-3.));
#8026=CARTESIAN_POINT('Ctrl Pts',(15.0871837517631,18.9430984424958,-3.));
#8027=CARTESIAN_POINT('Ctrl Pts',(14.9122291914357,18.907617126232,-3.));
#8028=CARTESIAN_POINT('Ctrl Pts',(14.7583237845007,18.8175102568532,-3.));
#8029=CARTESIAN_POINT('Ctrl Pts',(14.6855409070849,18.7748981267214,-3.));
#8030=CARTESIAN_POINT('',(15.1794011518359,18.9618004113436,-2.8));
#8031=CARTESIAN_POINT('',(15.1794011518359,18.9618004113436,-3.));
#8032=CARTESIAN_POINT('Ctrl Pts',(15.1794011518359,18.9618004113436,-2.8));
#8033=CARTESIAN_POINT('Ctrl Pts',(15.0871837517631,18.9430984424958,-2.8));
#8034=CARTESIAN_POINT('Ctrl Pts',(14.9122291914357,18.907617126232,-2.8));
#8035=CARTESIAN_POINT('Ctrl Pts',(14.7583237845007,18.8175102568532,-2.8));
#8036=CARTESIAN_POINT('Ctrl Pts',(14.6855409070849,18.7748981267214,-2.8));
#8037=CARTESIAN_POINT('Ctrl Pts',(15.7878596708179,18.9999998360872,-3.));
#8038=CARTESIAN_POINT('Ctrl Pts',(15.7878596708179,18.9999998360872,-2.8));
#8039=CARTESIAN_POINT('Ctrl Pts',(15.6705658289059,18.9996348827645,-3.));
#8040=CARTESIAN_POINT('Ctrl Pts',(15.6705658289059,18.9996348827645,-2.8));
#8041=CARTESIAN_POINT('Ctrl Pts',(15.4669093583934,18.9990012168841,-3.));
#8042=CARTESIAN_POINT('Ctrl Pts',(15.4669093583934,18.9990012168841,-2.8));
#8043=CARTESIAN_POINT('Ctrl Pts',(15.2650160804336,18.9728781622999,-3.));
#8044=CARTESIAN_POINT('Ctrl Pts',(15.2650160804336,18.9728781622999,-2.8));
#8045=CARTESIAN_POINT('Ctrl Pts',(15.1794011518359,18.9618004113436,-3.));
#8046=CARTESIAN_POINT('Ctrl Pts',(15.1794011518359,18.9618004113436,-2.8));
#8047=CARTESIAN_POINT('',(15.7878596708179,18.9999998360872,-3.));
#8048=CARTESIAN_POINT('Ctrl Pts',(15.7878596708179,18.9999998360872,-3.));
#8049=CARTESIAN_POINT('Ctrl Pts',(15.6705658289059,18.9996348827645,-3.));
#8050=CARTESIAN_POINT('Ctrl Pts',(15.4669093583934,18.9990012168841,-3.));
#8051=CARTESIAN_POINT('Ctrl Pts',(15.2650160804336,18.9728781622999,-3.));
#8052=CARTESIAN_POINT('Ctrl Pts',(15.1794011518359,18.9618004113436,-3.));
#8053=CARTESIAN_POINT('',(15.7878596708179,18.9999998360872,-2.8));
#8054=CARTESIAN_POINT('',(15.7878596708179,18.9999998360872,-3.));
#8055=CARTESIAN_POINT('Ctrl Pts',(15.7878596708179,18.9999998360872,-2.8));
#8056=CARTESIAN_POINT('Ctrl Pts',(15.6705658289059,18.9996348827645,-2.8));
#8057=CARTESIAN_POINT('Ctrl Pts',(15.4669093583934,18.9990012168841,-2.8));
#8058=CARTESIAN_POINT('Ctrl Pts',(15.2650160804336,18.9728781622999,-2.8));
#8059=CARTESIAN_POINT('Ctrl Pts',(15.1794011518359,18.9618004113436,-2.8));
#8060=CARTESIAN_POINT('Origin',(17.296727411449,18.9999998360872,-3.));
#8061=CARTESIAN_POINT('',(17.296727411449,18.9999998360872,-3.));
#8062=CARTESIAN_POINT('',(28.8888637057245,18.9999998360872,-3.));
#8063=CARTESIAN_POINT('',(17.296727411449,18.9999998360872,-2.8));
#8064=CARTESIAN_POINT('',(17.296727411449,18.9999998360872,-3.));
#8065=CARTESIAN_POINT('',(17.296727411449,18.9999998360872,-2.8));
#8066=CARTESIAN_POINT('Origin',(17.296727411449,15.0000000745058,-3.));
#8067=CARTESIAN_POINT('',(17.296727411449,15.0000000745058,-3.));
#8068=CARTESIAN_POINT('',(17.296727411449,14.0235000372529,-3.));
#8069=CARTESIAN_POINT('',(17.296727411449,15.0000000745058,-2.8));
#8070=CARTESIAN_POINT('',(17.296727411449,15.0000000745058,-3.));
#8071=CARTESIAN_POINT('',(17.296727411449,15.0000000745058,-2.8));
#8072=CARTESIAN_POINT('Origin',(16.7673964425921,15.0000000745058,-3.));
#8073=CARTESIAN_POINT('',(28.6241982212961,15.0000000745058,-3.));
#8074=CARTESIAN_POINT('',(16.7673964425921,15.0000000745058,-2.8));
#8075=CARTESIAN_POINT('Origin',(19.5000015385449,17.0013643056154,-2.8));
#8076=CARTESIAN_POINT('Ctrl Pts',(9.4304258748889,17.5566167384386,-3.));
#8077=CARTESIAN_POINT('Ctrl Pts',(9.4304258748889,17.5566167384386,-2.8));
#8078=CARTESIAN_POINT('Ctrl Pts',(9.53564092599914,17.5447784610752,-3.));
#8079=CARTESIAN_POINT('Ctrl Pts',(9.53564092599914,17.5447784610752,-2.8));
#8080=CARTESIAN_POINT('Ctrl Pts',(9.74949633617169,17.5207165076325,-3.));
#8081=CARTESIAN_POINT('Ctrl Pts',(9.74949633617169,17.5207165076325,-2.8));
#8082=CARTESIAN_POINT('Ctrl Pts',(9.90068598701467,17.3672067897896,-3.));
#8083=CARTESIAN_POINT('Ctrl Pts',(9.90068598701467,17.3672067897896,-2.8));
#8084=CARTESIAN_POINT('Ctrl Pts',(9.97749160975218,17.2892225533724,-3.));
#8085=CARTESIAN_POINT('Ctrl Pts',(9.97749160975218,17.2892225533724,-2.8));
#8086=CARTESIAN_POINT('',(9.4304258748889,17.5566167384386,-3.));
#8087=CARTESIAN_POINT('',(9.97749160975218,17.2892225533724,-3.));
#8088=CARTESIAN_POINT('Ctrl Pts',(9.4304258748889,17.5566167384386,-3.));
#8089=CARTESIAN_POINT('Ctrl Pts',(9.53564092599914,17.5447784610752,-3.));
#8090=CARTESIAN_POINT('Ctrl Pts',(9.74949633617169,17.5207165076325,-3.));
#8091=CARTESIAN_POINT('Ctrl Pts',(9.90068598701467,17.3672067897896,-3.));
#8092=CARTESIAN_POINT('Ctrl Pts',(9.97749160975218,17.2892225533724,-3.));
#8093=CARTESIAN_POINT('',(9.4304258748889,17.5566167384386,-2.8));
#8094=CARTESIAN_POINT('',(9.4304258748889,17.5566167384386,-3.));
#8095=CARTESIAN_POINT('',(9.97749160975218,17.2892225533724,-2.8));
#8096=CARTESIAN_POINT('Ctrl Pts',(9.4304258748889,17.5566167384386,-2.8));
#8097=CARTESIAN_POINT('Ctrl Pts',(9.53564092599914,17.5447784610752,-2.8));
#8098=CARTESIAN_POINT('Ctrl Pts',(9.74949633617169,17.5207165076325,-2.8));
#8099=CARTESIAN_POINT('Ctrl Pts',(9.90068598701467,17.3672067897896,-2.8));
#8100=CARTESIAN_POINT('Ctrl Pts',(9.97749160975218,17.2892225533724,-2.8));
#8101=CARTESIAN_POINT('',(9.97749160975218,17.2892225533724,-3.));
#8102=CARTESIAN_POINT('Ctrl Pts',(8.86562179774046,17.2783083468676,-3.));
#8103=CARTESIAN_POINT('Ctrl Pts',(8.86562179774046,17.2783083468676,-2.8));
#8104=CARTESIAN_POINT('Ctrl Pts',(8.94524940579033,17.359471445173,-3.));
#8105=CARTESIAN_POINT('Ctrl Pts',(8.94524940579033,17.359471445173,-2.8));
#8106=CARTESIAN_POINT('Ctrl Pts',(9.10126952814602,17.518500164464,-3.));
#8107=CARTESIAN_POINT('Ctrl Pts',(9.10126952814602,17.518500164464,-2.8));
#8108=CARTESIAN_POINT('Ctrl Pts',(9.32223433552768,17.5440880697549,-3.));
#8109=CARTESIAN_POINT('Ctrl Pts',(9.32223433552768,17.5440880697549,-2.8));
#8110=CARTESIAN_POINT('Ctrl Pts',(9.4304258748889,17.5566167384386,-3.));
#8111=CARTESIAN_POINT('Ctrl Pts',(9.4304258748889,17.5566167384386,-2.8));
#8112=CARTESIAN_POINT('',(8.86562179774046,17.2783083468676,-3.));
#8113=CARTESIAN_POINT('Ctrl Pts',(8.86562179774046,17.2783083468676,-3.));
#8114=CARTESIAN_POINT('Ctrl Pts',(8.94524940579033,17.359471445173,-3.));
#8115=CARTESIAN_POINT('Ctrl Pts',(9.10126952814602,17.518500164464,-3.));
#8116=CARTESIAN_POINT('Ctrl Pts',(9.32223433552768,17.5440880697549,-3.));
#8117=CARTESIAN_POINT('Ctrl Pts',(9.4304258748889,17.5566167384386,-3.));
#8118=CARTESIAN_POINT('',(8.86562179774046,17.2783083468676,-2.8));
#8119=CARTESIAN_POINT('',(8.86562179774046,17.2783083468676,-3.));
#8120=CARTESIAN_POINT('Ctrl Pts',(8.86562179774046,17.2783083468676,-2.8));
#8121=CARTESIAN_POINT('Ctrl Pts',(8.94524940579033,17.359471445173,-2.8));
#8122=CARTESIAN_POINT('Ctrl Pts',(9.10126952814602,17.518500164464,-2.8));
#8123=CARTESIAN_POINT('Ctrl Pts',(9.32223433552768,17.5440880697549,-2.8));
#8124=CARTESIAN_POINT('Ctrl Pts',(9.4304258748889,17.5566167384386,-2.8));
#8125=CARTESIAN_POINT('Ctrl Pts',(8.63642763346434,16.4051843434572,-3.));
#8126=CARTESIAN_POINT('Ctrl Pts',(8.63642763346434,16.4051843434572,-2.8));
#8127=CARTESIAN_POINT('Ctrl Pts',(8.63969808920677,16.5816230730453,-3.));
#8128=CARTESIAN_POINT('Ctrl Pts',(8.63969808920677,16.5816230730453,-2.8));
#8129=CARTESIAN_POINT('Ctrl Pts',(8.6454684962403,16.8929323725378,-3.));
#8130=CARTESIAN_POINT('Ctrl Pts',(8.6454684962403,16.8929323725378,-2.8));
#8131=CARTESIAN_POINT('Ctrl Pts',(8.79907419378916,17.1618174855573,-3.));
#8132=CARTESIAN_POINT('Ctrl Pts',(8.79907419378916,17.1618174855573,-2.8));
#8133=CARTESIAN_POINT('Ctrl Pts',(8.86562179774046,17.2783083468676,-3.));
#8134=CARTESIAN_POINT('Ctrl Pts',(8.86562179774046,17.2783083468676,-2.8));
#8135=CARTESIAN_POINT('',(8.63642763346434,16.4051843434572,-3.));
#8136=CARTESIAN_POINT('Ctrl Pts',(8.63642763346434,16.4051843434572,-3.));
#8137=CARTESIAN_POINT('Ctrl Pts',(8.63969808920677,16.5816230730453,-3.));
#8138=CARTESIAN_POINT('Ctrl Pts',(8.6454684962403,16.8929323725378,-3.));
#8139=CARTESIAN_POINT('Ctrl Pts',(8.79907419378916,17.1618174855573,-3.));
#8140=CARTESIAN_POINT('Ctrl Pts',(8.86562179774046,17.2783083468676,-3.));
#8141=CARTESIAN_POINT('',(8.63642763346434,16.4051843434572,-2.8));
#8142=CARTESIAN_POINT('',(8.63642763346434,16.4051843434572,-3.));
#8143=CARTESIAN_POINT('Ctrl Pts',(8.63642763346434,16.4051843434572,-2.8));
#8144=CARTESIAN_POINT('Ctrl Pts',(8.63969808920677,16.5816230730453,-2.8));
#8145=CARTESIAN_POINT('Ctrl Pts',(8.6454684962403,16.8929323725378,-2.8));
#8146=CARTESIAN_POINT('Ctrl Pts',(8.79907419378916,17.1618174855573,-2.8));
#8147=CARTESIAN_POINT('Ctrl Pts',(8.86562179774046,17.2783083468676,-2.8));
#8148=CARTESIAN_POINT('Ctrl Pts',(8.86153053492308,15.6016374379396,-3.));
#8149=CARTESIAN_POINT('Ctrl Pts',(8.86153053492308,15.6016374379396,-2.8));
#8150=CARTESIAN_POINT('Ctrl Pts',(8.79611583110522,15.7097128101284,-3.));
#8151=CARTESIAN_POINT('Ctrl Pts',(8.79611583110522,15.7097128101284,-2.8));
#8152=CARTESIAN_POINT('Ctrl Pts',(8.64749712676408,15.9552542686758,-3.));
#8153=CARTESIAN_POINT('Ctrl Pts',(8.64749712676408,15.9552542686758,-2.8));
#8154=CARTESIAN_POINT('Ctrl Pts',(8.64040060982505,16.2436989436581,-3.));
#8155=CARTESIAN_POINT('Ctrl Pts',(8.64040060982505,16.2436989436581,-2.8));
#8156=CARTESIAN_POINT('Ctrl Pts',(8.63642763346434,16.4051843434572,-3.));
#8157=CARTESIAN_POINT('Ctrl Pts',(8.63642763346434,16.4051843434572,-2.8));
#8158=CARTESIAN_POINT('',(8.86153053492308,15.6016374379396,-3.));
#8159=CARTESIAN_POINT('Ctrl Pts',(8.86153053492308,15.6016374379396,-3.));
#8160=CARTESIAN_POINT('Ctrl Pts',(8.79611583110522,15.7097128101284,-3.));
#8161=CARTESIAN_POINT('Ctrl Pts',(8.64749712676408,15.9552542686758,-3.));
#8162=CARTESIAN_POINT('Ctrl Pts',(8.64040060982505,16.2436989436581,-3.));
#8163=CARTESIAN_POINT('Ctrl Pts',(8.63642763346434,16.4051843434572,-3.));
#8164=CARTESIAN_POINT('',(8.86153053492308,15.6016374379396,-2.8));
#8165=CARTESIAN_POINT('',(8.86153053492308,15.6016374379396,-3.));
#8166=CARTESIAN_POINT('Ctrl Pts',(8.86153053492308,15.6016374379396,-2.8));
#8167=CARTESIAN_POINT('Ctrl Pts',(8.79611583110522,15.7097128101284,-2.8));
#8168=CARTESIAN_POINT('Ctrl Pts',(8.64749712676408,15.9552542686758,-2.8));
#8169=CARTESIAN_POINT('Ctrl Pts',(8.64040060982505,16.2436989436581,-2.8));
#8170=CARTESIAN_POINT('Ctrl Pts',(8.63642763346434,16.4051843434572,-2.8));
#8171=CARTESIAN_POINT('Ctrl Pts',(9.40859626978636,15.3383351117373,-3.));
#8172=CARTESIAN_POINT('Ctrl Pts',(9.40859626978636,15.3383351117373,-2.8));
#8173=CARTESIAN_POINT('Ctrl Pts',(9.30455799609616,15.3502016148584,-3.));
#8174=CARTESIAN_POINT('Ctrl Pts',(9.30455799609616,15.3502016148584,-2.8));
#8175=CARTESIAN_POINT('Ctrl Pts',(9.09200676670475,15.3744449989276,-3.));
#8176=CARTESIAN_POINT('Ctrl Pts',(9.09200676670475,15.3744449989276,-2.8));
#8177=CARTESIAN_POINT('Ctrl Pts',(8.93942666376813,15.5248511621268,-3.));
#8178=CARTESIAN_POINT('Ctrl Pts',(8.93942666376813,15.5248511621268,-2.8));
#8179=CARTESIAN_POINT('Ctrl Pts',(8.86153053492308,15.6016374379396,-3.));
#8180=CARTESIAN_POINT('Ctrl Pts',(8.86153053492308,15.6016374379396,-2.8));
#8181=CARTESIAN_POINT('',(9.40859626978636,15.3383351117373,-3.));
#8182=CARTESIAN_POINT('Ctrl Pts',(9.40859626978636,15.3383351117373,-3.));
#8183=CARTESIAN_POINT('Ctrl Pts',(9.30455799609616,15.3502016148584,-3.));
#8184=CARTESIAN_POINT('Ctrl Pts',(9.09200676670475,15.3744449989276,-3.));
#8185=CARTESIAN_POINT('Ctrl Pts',(8.93942666376813,15.5248511621268,-3.));
#8186=CARTESIAN_POINT('Ctrl Pts',(8.86153053492308,15.6016374379396,-3.));
#8187=CARTESIAN_POINT('',(9.40859626978636,15.3383351117373,-2.8));
#8188=CARTESIAN_POINT('',(9.40859626978636,15.3383351117373,-3.));
#8189=CARTESIAN_POINT('Ctrl Pts',(9.40859626978636,15.3383351117373,-2.8));
#8190=CARTESIAN_POINT('Ctrl Pts',(9.30455799609616,15.3502016148584,-2.8));
#8191=CARTESIAN_POINT('Ctrl Pts',(9.09200676670475,15.3744449989276,-2.8));
#8192=CARTESIAN_POINT('Ctrl Pts',(8.93942666376813,15.5248511621268,-2.8));
#8193=CARTESIAN_POINT('Ctrl Pts',(8.86153053492308,15.6016374379396,-2.8));
#8194=CARTESIAN_POINT('Ctrl Pts',(9.96248554438353,15.6139159947634,-3.));
#8195=CARTESIAN_POINT('Ctrl Pts',(9.96248554438353,15.6139159947634,-2.8));
#8196=CARTESIAN_POINT('Ctrl Pts',(9.88279930875393,15.5335689716063,-3.));
#8197=CARTESIAN_POINT('Ctrl Pts',(9.88279930875393,15.5335689716063,-2.8));
#8198=CARTESIAN_POINT('Ctrl Pts',(9.72897893366576,15.3784730614835,-3.));
#8199=CARTESIAN_POINT('Ctrl Pts',(9.72897893366576,15.3784730614835,-2.8));
#8200=CARTESIAN_POINT('Ctrl Pts',(9.51278939415317,15.3513885595709,-3.));
#8201=CARTESIAN_POINT('Ctrl Pts',(9.51278939415317,15.3513885595709,-2.8));
#8202=CARTESIAN_POINT('Ctrl Pts',(9.40859626978636,15.3383351117373,-3.));
#8203=CARTESIAN_POINT('Ctrl Pts',(9.40859626978636,15.3383351117373,-2.8));
#8204=CARTESIAN_POINT('',(9.96248554438353,15.6139159947634,-3.));
#8205=CARTESIAN_POINT('Ctrl Pts',(9.96248554438353,15.6139159947634,-3.));
#8206=CARTESIAN_POINT('Ctrl Pts',(9.88279930875393,15.5335689716063,-3.));
#8207=CARTESIAN_POINT('Ctrl Pts',(9.72897893366576,15.3784730614835,-3.));
#8208=CARTESIAN_POINT('Ctrl Pts',(9.51278939415317,15.3513885595709,-3.));
#8209=CARTESIAN_POINT('Ctrl Pts',(9.40859626978636,15.3383351117373,-3.));
#8210=CARTESIAN_POINT('',(9.96248554438353,15.6139159947634,-2.8));
#8211=CARTESIAN_POINT('',(9.96248554438353,15.6139159947634,-3.));
#8212=CARTESIAN_POINT('Ctrl Pts',(9.96248554438353,15.6139159947634,-2.8));
#8213=CARTESIAN_POINT('Ctrl Pts',(9.88279930875393,15.5335689716063,-2.8));
#8214=CARTESIAN_POINT('Ctrl Pts',(9.72897893366576,15.3784730614835,-2.8));
#8215=CARTESIAN_POINT('Ctrl Pts',(9.51278939415317,15.3513885595709,-2.8));
#8216=CARTESIAN_POINT('Ctrl Pts',(9.40859626978636,15.3383351117373,-2.8));
#8217=CARTESIAN_POINT('Ctrl Pts',(10.1971371099353,16.4461118727922,-3.));
#8218=CARTESIAN_POINT('Ctrl Pts',(10.1971371099353,16.4461118727922,-2.8));
#8219=CARTESIAN_POINT('Ctrl Pts',(10.1927895244049,16.2793658912339,-3.));
#8220=CARTESIAN_POINT('Ctrl Pts',(10.1927895244049,16.2793658912339,-2.8));
#8221=CARTESIAN_POINT('Ctrl Pts',(10.1849981545019,15.9805380445887,-3.));
#8222=CARTESIAN_POINT('Ctrl Pts',(10.1849981545019,15.9805380445887,-2.8));
#8223=CARTESIAN_POINT('Ctrl Pts',(10.0306898102647,15.7262924922162,-3.));
#8224=CARTESIAN_POINT('Ctrl Pts',(10.0306898102647,15.7262924922162,-2.8));
#8225=CARTESIAN_POINT('Ctrl Pts',(9.96248554438353,15.6139159947634,-3.));
#8226=CARTESIAN_POINT('Ctrl Pts',(9.96248554438353,15.6139159947634,-2.8));
#8227=CARTESIAN_POINT('',(10.1971371099353,16.4461118727922,-3.));
#8228=CARTESIAN_POINT('Ctrl Pts',(10.1971371099353,16.4461118727922,-3.));
#8229=CARTESIAN_POINT('Ctrl Pts',(10.1927895244049,16.2793658912339,-3.));
#8230=CARTESIAN_POINT('Ctrl Pts',(10.1849981545019,15.9805380445887,-3.));
#8231=CARTESIAN_POINT('Ctrl Pts',(10.0306898102647,15.7262924922162,-3.));
#8232=CARTESIAN_POINT('Ctrl Pts',(9.96248554438353,15.6139159947634,-3.));
#8233=CARTESIAN_POINT('',(10.1971371099353,16.4461118727922,-2.8));
#8234=CARTESIAN_POINT('',(10.1971371099353,16.4461118727922,-3.));
#8235=CARTESIAN_POINT('Ctrl Pts',(10.1971371099353,16.4461118727922,-2.8));
#8236=CARTESIAN_POINT('Ctrl Pts',(10.1927895244049,16.2793658912339,-2.8));
#8237=CARTESIAN_POINT('Ctrl Pts',(10.1849981545019,15.9805380445887,-2.8));
#8238=CARTESIAN_POINT('Ctrl Pts',(10.0306898102647,15.7262924922162,-2.8));
#8239=CARTESIAN_POINT('Ctrl Pts',(9.96248554438353,15.6139159947634,-2.8));
#8240=CARTESIAN_POINT('Ctrl Pts',(9.97749160975218,17.2892225533724,-3.));
#8241=CARTESIAN_POINT('Ctrl Pts',(9.97749160975218,17.2892225533724,-2.8));
#8242=CARTESIAN_POINT('Ctrl Pts',(10.0412579065385,17.1769236143089,-3.));
#8243=CARTESIAN_POINT('Ctrl Pts',(10.0412579065385,17.1769236143089,-2.8));
#8244=CARTESIAN_POINT('Ctrl Pts',(10.1887990516972,16.9170886402775,-3.));
#8245=CARTESIAN_POINT('Ctrl Pts',(10.1887990516972,16.9170886402775,-2.8));
#8246=CARTESIAN_POINT('Ctrl Pts',(10.1941173465633,16.6166837674576,-3.));
#8247=CARTESIAN_POINT('Ctrl Pts',(10.1941173465633,16.6166837674576,-2.8));
#8248=CARTESIAN_POINT('Ctrl Pts',(10.1971371099353,16.4461118727922,-3.));
#8249=CARTESIAN_POINT('Ctrl Pts',(10.1971371099353,16.4461118727922,-2.8));
#8250=CARTESIAN_POINT('Ctrl Pts',(9.97749160975218,17.2892225533724,-3.));
#8251=CARTESIAN_POINT('Ctrl Pts',(10.0412579065385,17.1769236143089,-3.));
#8252=CARTESIAN_POINT('Ctrl Pts',(10.1887990516972,16.9170886402775,-3.));
#8253=CARTESIAN_POINT('Ctrl Pts',(10.1941173465633,16.6166837674576,-3.));
#8254=CARTESIAN_POINT('Ctrl Pts',(10.1971371099353,16.4461118727922,-3.));
#8255=CARTESIAN_POINT('Ctrl Pts',(9.97749160975218,17.2892225533724,-2.8));
#8256=CARTESIAN_POINT('Ctrl Pts',(10.0412579065385,17.1769236143089,-2.8));
#8257=CARTESIAN_POINT('Ctrl Pts',(10.1887990516972,16.9170886402775,-2.8));
#8258=CARTESIAN_POINT('Ctrl Pts',(10.1941173465633,16.6166837674576,-2.8));
#8259=CARTESIAN_POINT('Ctrl Pts',(10.1971371099353,16.4461118727922,-2.8));
#8260=CARTESIAN_POINT('Origin',(8.18895172327757,18.9999998360872,-3.));
#8261=CARTESIAN_POINT('',(8.18895172327757,18.9999998360872,-3.));
#8262=CARTESIAN_POINT('',(8.18895172327757,15.0000000745058,-3.));
#8263=CARTESIAN_POINT('',(8.18895172327757,16.0234999180436,-3.));
#8264=CARTESIAN_POINT('',(8.18895172327757,18.9999998360872,-2.8));
#8265=CARTESIAN_POINT('',(8.18895172327757,18.9999998360872,-3.));
#8266=CARTESIAN_POINT('',(8.18895172327757,15.0000000745058,-2.8));
#8267=CARTESIAN_POINT('',(8.18895172327757,18.9999998360872,-2.8));
#8268=CARTESIAN_POINT('',(8.18895172327757,15.0000000745058,-3.));
#8269=CARTESIAN_POINT('Origin',(8.67735456675291,18.9999998360872,-3.));
#8270=CARTESIAN_POINT('',(8.67735456675291,18.9999998360872,-3.));
#8271=CARTESIAN_POINT('',(24.5791772833765,18.9999998360872,-3.));
#8272=CARTESIAN_POINT('',(8.67735456675291,18.9999998360872,-2.8));
#8273=CARTESIAN_POINT('',(8.67735456675291,18.9999998360872,-3.));
#8274=CARTESIAN_POINT('',(8.67735456675291,18.9999998360872,-2.8));
#8275=CARTESIAN_POINT('Origin',(8.67735456675291,17.5648022443056,-3.));
#8276=CARTESIAN_POINT('',(8.67735456675291,17.5648022443056,-3.));
#8277=CARTESIAN_POINT('',(8.67735456675291,15.3059011221528,-3.));
#8278=CARTESIAN_POINT('',(8.67735456675291,17.5648022443056,-2.8));
#8279=CARTESIAN_POINT('',(8.67735456675291,17.5648022443056,-3.));
#8280=CARTESIAN_POINT('',(8.67735456675291,17.5648022443056,-2.8));
#8281=CARTESIAN_POINT('Ctrl Pts',(9.01023458689451,17.8526604920626,-3.));
#8282=CARTESIAN_POINT('Ctrl Pts',(9.01023458689451,17.8526604920626,-2.8));
#8283=CARTESIAN_POINT('Ctrl Pts',(8.94555420518725,17.8135200790122,-3.));
#8284=CARTESIAN_POINT('Ctrl Pts',(8.94555420518725,17.8135200790122,-2.8));
#8285=CARTESIAN_POINT('Ctrl Pts',(8.81820183832418,17.7364546055195,-3.));
#8286=CARTESIAN_POINT('Ctrl Pts',(8.81820183832418,17.7364546055195,-2.8));
#8287=CARTESIAN_POINT('Ctrl Pts',(8.7238074451307,17.6214149579903,-3.));
#8288=CARTESIAN_POINT('Ctrl Pts',(8.7238074451307,17.6214149579903,-2.8));
#8289=CARTESIAN_POINT('Ctrl Pts',(8.67735456675291,17.5648022443056,-3.));
#8290=CARTESIAN_POINT('Ctrl Pts',(8.67735456675291,17.5648022443056,-2.8));
#8291=CARTESIAN_POINT('',(9.01023458689451,17.8526604920626,-3.));
#8292=CARTESIAN_POINT('Ctrl Pts',(9.01023458689451,17.8526604920626,-3.));
#8293=CARTESIAN_POINT('Ctrl Pts',(8.94555420518725,17.8135200790122,-3.));
#8294=CARTESIAN_POINT('Ctrl Pts',(8.81820183832418,17.7364546055195,-3.));
#8295=CARTESIAN_POINT('Ctrl Pts',(8.7238074451307,17.6214149579903,-3.));
#8296=CARTESIAN_POINT('Ctrl Pts',(8.67735456675291,17.5648022443056,-3.));
#8297=CARTESIAN_POINT('',(9.01023458689451,17.8526604920626,-2.8));
#8298=CARTESIAN_POINT('',(9.01023458689451,17.8526604920626,-3.));
#8299=CARTESIAN_POINT('Ctrl Pts',(9.01023458689451,17.8526604920626,-2.8));
#8300=CARTESIAN_POINT('Ctrl Pts',(8.94555420518725,17.8135200790122,-2.8));
#8301=CARTESIAN_POINT('Ctrl Pts',(8.81820183832418,17.7364546055195,-2.8));
#8302=CARTESIAN_POINT('Ctrl Pts',(8.7238074451307,17.6214149579903,-2.8));
#8303=CARTESIAN_POINT('Ctrl Pts',(8.67735456675291,17.5648022443056,-2.8));
#8304=CARTESIAN_POINT('Ctrl Pts',(9.47681020945311,17.9631651192904,-3.));
#8305=CARTESIAN_POINT('Ctrl Pts',(9.47681020945311,17.9631651192904,-2.8));
#8306=CARTESIAN_POINT('Ctrl Pts',(9.39301867615759,17.9591609066183,-3.));
#8307=CARTESIAN_POINT('Ctrl Pts',(9.39301867615759,17.9591609066183,-2.8));
#8308=CARTESIAN_POINT('Ctrl Pts',(9.2304885794296,17.9513939515655,-3.));
#8309=CARTESIAN_POINT('Ctrl Pts',(9.2304885794296,17.9513939515655,-2.8));
#8310=CARTESIAN_POINT('Ctrl Pts',(9.082114966845,17.884882375994,-3.));
#8311=CARTESIAN_POINT('Ctrl Pts',(9.082114966845,17.884882375994,-2.8));
#8312=CARTESIAN_POINT('Ctrl Pts',(9.01023458689451,17.8526604920626,-3.));
#8313=CARTESIAN_POINT('Ctrl Pts',(9.01023458689451,17.8526604920626,-2.8));
#8314=CARTESIAN_POINT('',(9.47681020945311,17.9631651192904,-3.));
#8315=CARTESIAN_POINT('Ctrl Pts',(9.47681020945311,17.9631651192904,-3.));
#8316=CARTESIAN_POINT('Ctrl Pts',(9.39301867615759,17.9591609066183,-3.));
#8317=CARTESIAN_POINT('Ctrl Pts',(9.2304885794296,17.9513939515655,-3.));
#8318=CARTESIAN_POINT('Ctrl Pts',(9.082114966845,17.884882375994,-3.));
#8319=CARTESIAN_POINT('Ctrl Pts',(9.01023458689451,17.8526604920626,-3.));
#8320=CARTESIAN_POINT('',(9.47681020945311,17.9631651192904,-2.8));
#8321=CARTESIAN_POINT('',(9.47681020945311,17.9631651192904,-3.));
#8322=CARTESIAN_POINT('Ctrl Pts',(9.47681020945311,17.9631651192904,-2.8));
#8323=CARTESIAN_POINT('Ctrl Pts',(9.39301867615759,17.9591609066183,-2.8));
#8324=CARTESIAN_POINT('Ctrl Pts',(9.2304885794296,17.9513939515655,-2.8));
#8325=CARTESIAN_POINT('Ctrl Pts',(9.082114966845,17.884882375994,-2.8));
#8326=CARTESIAN_POINT('Ctrl Pts',(9.01023458689451,17.8526604920626,-2.8));
#8327=CARTESIAN_POINT('Ctrl Pts',(10.1234681531787,17.7748978883028,-3.));
#8328=CARTESIAN_POINT('Ctrl Pts',(10.1234681531787,17.7748978883028,-2.8));
#8329=CARTESIAN_POINT('Ctrl Pts',(10.0236709592199,17.8298078074274,-3.));
#8330=CARTESIAN_POINT('Ctrl Pts',(10.0236709592199,17.8298078074274,-2.8));
#8331=CARTESIAN_POINT('Ctrl Pts',(9.82219435385523,17.9406632700634,-3.));
#8332=CARTESIAN_POINT('Ctrl Pts',(9.82219435385523,17.9406632700634,-2.8));
#8333=CARTESIAN_POINT('Ctrl Pts',(9.59265305791716,17.9556179334904,-3.));
#8334=CARTESIAN_POINT('Ctrl Pts',(9.59265305791716,17.9556179334904,-2.8));
#8335=CARTESIAN_POINT('Ctrl Pts',(9.47681020945311,17.9631651192904,-3.));
#8336=CARTESIAN_POINT('Ctrl Pts',(9.47681020945311,17.9631651192904,-2.8));
#8337=CARTESIAN_POINT('',(10.1234681531787,17.7748978883028,-3.));
#8338=CARTESIAN_POINT('Ctrl Pts',(10.1234681531787,17.7748978883028,-3.));
#8339=CARTESIAN_POINT('Ctrl Pts',(10.0236709592199,17.8298078074274,-3.));
#8340=CARTESIAN_POINT('Ctrl Pts',(9.82219435385523,17.9406632700634,-3.));
#8341=CARTESIAN_POINT('Ctrl Pts',(9.59265305791716,17.9556179334904,-3.));
#8342=CARTESIAN_POINT('Ctrl Pts',(9.47681020945311,17.9631651192904,-3.));
#8343=CARTESIAN_POINT('',(10.1234681531787,17.7748978883028,-2.8));
#8344=CARTESIAN_POINT('',(10.1234681531787,17.7748978883028,-3.));
#8345=CARTESIAN_POINT('Ctrl Pts',(10.1234681531787,17.7748978883028,-2.8));
#8346=CARTESIAN_POINT('Ctrl Pts',(10.0236709592199,17.8298078074274,-2.8));
#8347=CARTESIAN_POINT('Ctrl Pts',(9.82219435385523,17.9406632700634,-2.8));
#8348=CARTESIAN_POINT('Ctrl Pts',(9.59265305791716,17.9556179334904,-2.8));
#8349=CARTESIAN_POINT('Ctrl Pts',(9.47681020945311,17.9631651192904,-2.8));
#8350=CARTESIAN_POINT('Ctrl Pts',(10.5573017522693,17.2332877665758,-3.));
#8351=CARTESIAN_POINT('Ctrl Pts',(10.5573017522693,17.2332877665758,-2.8));
#8352=CARTESIAN_POINT('Ctrl Pts',(10.504438037311,17.3432845609071,-3.));
#8353=CARTESIAN_POINT('Ctrl Pts',(10.504438037311,17.3432845609071,-2.8));
#8354=CARTESIAN_POINT('Ctrl Pts',(10.4014941686914,17.5574862217844,-3.));
#8355=CARTESIAN_POINT('Ctrl Pts',(10.4014941686914,17.5574862217844,-2.8));
#8356=CARTESIAN_POINT('Ctrl Pts',(10.2144576943708,17.7037455979323,-3.));
#8357=CARTESIAN_POINT('Ctrl Pts',(10.2144576943708,17.7037455979323,-2.8));
#8358=CARTESIAN_POINT('Ctrl Pts',(10.1234681531787,17.7748978883028,-3.));
#8359=CARTESIAN_POINT('Ctrl Pts',(10.1234681531787,17.7748978883028,-2.8));
#8360=CARTESIAN_POINT('',(10.5573017522693,17.2332877665758,-3.));
#8361=CARTESIAN_POINT('Ctrl Pts',(10.5573017522693,17.2332877665758,-3.));
#8362=CARTESIAN_POINT('Ctrl Pts',(10.504438037311,17.3432845609071,-3.));
#8363=CARTESIAN_POINT('Ctrl Pts',(10.4014941686914,17.5574862217844,-3.));
#8364=CARTESIAN_POINT('Ctrl Pts',(10.2144576943708,17.7037455979323,-3.));
#8365=CARTESIAN_POINT('Ctrl Pts',(10.1234681531787,17.7748978883028,-3.));
#8366=CARTESIAN_POINT('',(10.5573017522693,17.2332877665758,-2.8));
#8367=CARTESIAN_POINT('',(10.5573017522693,17.2332877665758,-3.));
#8368=CARTESIAN_POINT('Ctrl Pts',(10.5573017522693,17.2332877665758,-2.8));
#8369=CARTESIAN_POINT('Ctrl Pts',(10.504438037311,17.3432845609071,-2.8));
#8370=CARTESIAN_POINT('Ctrl Pts',(10.4014941686914,17.5574862217844,-2.8));
#8371=CARTESIAN_POINT('Ctrl Pts',(10.2144576943708,17.7037455979323,-2.8));
#8372=CARTESIAN_POINT('Ctrl Pts',(10.1234681531787,17.7748978883028,-2.8));
#8373=CARTESIAN_POINT('Ctrl Pts',(10.7019121572375,16.4461118727922,-3.));
#8374=CARTESIAN_POINT('Ctrl Pts',(10.7019121572375,16.4461118727922,-2.8));
#8375=CARTESIAN_POINT('Ctrl Pts',(10.6967173640271,16.5852977722834,-3.));
#8376=CARTESIAN_POINT('Ctrl Pts',(10.6967173640271,16.5852977722834,-2.8));
#8377=CARTESIAN_POINT('Ctrl Pts',(10.6866579164378,16.854824046843,-3.));
#8378=CARTESIAN_POINT('Ctrl Pts',(10.6866579164378,16.854824046843,-2.8));
#8379=CARTESIAN_POINT('Ctrl Pts',(10.5994666364146,17.1099238820767,-3.));
#8380=CARTESIAN_POINT('Ctrl Pts',(10.5994666364146,17.1099238820767,-2.8));
#8381=CARTESIAN_POINT('Ctrl Pts',(10.5573017522693,17.2332877665758,-3.));
#8382=CARTESIAN_POINT('Ctrl Pts',(10.5573017522693,17.2332877665758,-2.8));
#8383=CARTESIAN_POINT('',(10.7019121572375,16.4461118727922,-3.));
#8384=CARTESIAN_POINT('Ctrl Pts',(10.7019121572375,16.4461118727922,-3.));
#8385=CARTESIAN_POINT('Ctrl Pts',(10.6967173640271,16.5852977722834,-3.));
#8386=CARTESIAN_POINT('Ctrl Pts',(10.6866579164378,16.854824046843,-3.));
#8387=CARTESIAN_POINT('Ctrl Pts',(10.5994666364146,17.1099238820767,-3.));
#8388=CARTESIAN_POINT('Ctrl Pts',(10.5573017522693,17.2332877665758,-3.));
#8389=CARTESIAN_POINT('',(10.7019121572375,16.4461118727922,-2.8));
#8390=CARTESIAN_POINT('',(10.7019121572375,16.4461118727922,-3.));
#8391=CARTESIAN_POINT('Ctrl Pts',(10.7019121572375,16.4461118727922,-2.8));
#8392=CARTESIAN_POINT('Ctrl Pts',(10.6967173640271,16.5852977722834,-2.8));
#8393=CARTESIAN_POINT('Ctrl Pts',(10.6866579164378,16.854824046843,-2.8));
#8394=CARTESIAN_POINT('Ctrl Pts',(10.5994666364146,17.1099238820767,-2.8));
#8395=CARTESIAN_POINT('Ctrl Pts',(10.5573017522693,17.2332877665758,-2.8));
#8396=CARTESIAN_POINT('Ctrl Pts',(10.5422933027148,15.6589353829622,-3.));
#8397=CARTESIAN_POINT('Ctrl Pts',(10.5422933027148,15.6589353829622,-2.8));
#8398=CARTESIAN_POINT('Ctrl Pts',(10.5888263993896,15.7802287906451,-3.));
#8399=CARTESIAN_POINT('Ctrl Pts',(10.5888263993896,15.7802287906451,-2.8));
#8400=CARTESIAN_POINT('Ctrl Pts',(10.6859895368347,16.0334947214348,-3.));
#8401=CARTESIAN_POINT('Ctrl Pts',(10.6859895368347,16.0334947214348,-2.8));
#8402=CARTESIAN_POINT('Ctrl Pts',(10.696457487882,16.3047601307971,-3.));
#8403=CARTESIAN_POINT('Ctrl Pts',(10.696457487882,16.3047601307971,-2.8));
#8404=CARTESIAN_POINT('Ctrl Pts',(10.7019121572375,16.4461118727922,-3.));
#8405=CARTESIAN_POINT('Ctrl Pts',(10.7019121572375,16.4461118727922,-2.8));
#8406=CARTESIAN_POINT('',(10.5422933027148,15.6589353829622,-3.));
#8407=CARTESIAN_POINT('Ctrl Pts',(10.5422933027148,15.6589353829622,-3.));
#8408=CARTESIAN_POINT('Ctrl Pts',(10.5888263993896,15.7802287906451,-3.));
#8409=CARTESIAN_POINT('Ctrl Pts',(10.6859895368347,16.0334947214348,-3.));
#8410=CARTESIAN_POINT('Ctrl Pts',(10.696457487882,16.3047601307971,-3.));
#8411=CARTESIAN_POINT('Ctrl Pts',(10.7019121572375,16.4461118727922,-3.));
#8412=CARTESIAN_POINT('',(10.5422933027148,15.6589353829622,-2.8));
#8413=CARTESIAN_POINT('',(10.5422933027148,15.6589353829622,-3.));
#8414=CARTESIAN_POINT('Ctrl Pts',(10.5422933027148,15.6589353829622,-2.8));
#8415=CARTESIAN_POINT('Ctrl Pts',(10.5888263993896,15.7802287906451,-2.8));
#8416=CARTESIAN_POINT('Ctrl Pts',(10.6859895368347,16.0334947214348,-2.8));
#8417=CARTESIAN_POINT('Ctrl Pts',(10.696457487882,16.3047601307971,-2.8));
#8418=CARTESIAN_POINT('Ctrl Pts',(10.7019121572375,16.4461118727922,-2.8));
#8419=CARTESIAN_POINT('Ctrl Pts',(10.0920898839831,15.1255119591951,-3.));
#8420=CARTESIAN_POINT('Ctrl Pts',(10.0920898839831,15.1255119591951,-2.8));
#8421=CARTESIAN_POINT('Ctrl Pts',(10.1840479103868,15.1966914615288,-3.));
#8422=CARTESIAN_POINT('Ctrl Pts',(10.1840479103868,15.1966914615288,-2.8));
#8423=CARTESIAN_POINT('Ctrl Pts',(10.3720914723717,15.3422453373848,-3.));
#8424=CARTESIAN_POINT('Ctrl Pts',(10.3720914723717,15.3422453373848,-2.8));
#8425=CARTESIAN_POINT('Ctrl Pts',(10.4847351921042,15.5518385283873,-3.));
#8426=CARTESIAN_POINT('Ctrl Pts',(10.4847351921042,15.5518385283873,-2.8));
#8427=CARTESIAN_POINT('Ctrl Pts',(10.5422933027148,15.6589353829622,-3.));
#8428=CARTESIAN_POINT('Ctrl Pts',(10.5422933027148,15.6589353829622,-2.8));
#8429=CARTESIAN_POINT('',(10.0920898839831,15.1255119591951,-3.));
#8430=CARTESIAN_POINT('Ctrl Pts',(10.0920898839831,15.1255119591951,-3.));
#8431=CARTESIAN_POINT('Ctrl Pts',(10.1840479103868,15.1966914615288,-3.));
#8432=CARTESIAN_POINT('Ctrl Pts',(10.3720914723717,15.3422453373848,-3.));
#8433=CARTESIAN_POINT('Ctrl Pts',(10.4847351921042,15.5518385283873,-3.));
#8434=CARTESIAN_POINT('Ctrl Pts',(10.5422933027148,15.6589353829622,-3.));
#8435=CARTESIAN_POINT('',(10.0920898839831,15.1255119591951,-2.8));
#8436=CARTESIAN_POINT('',(10.0920898839831,15.1255119591951,-3.));
#8437=CARTESIAN_POINT('Ctrl Pts',(10.0920898839831,15.1255119591951,-2.8));
#8438=CARTESIAN_POINT('Ctrl Pts',(10.1840479103868,15.1966914615288,-2.8));
#8439=CARTESIAN_POINT('Ctrl Pts',(10.3720914723717,15.3422453373848,-2.8));
#8440=CARTESIAN_POINT('Ctrl Pts',(10.4847351921042,15.5518385283873,-2.8));
#8441=CARTESIAN_POINT('Ctrl Pts',(10.5422933027148,15.6589353829622,-2.8));
#8442=CARTESIAN_POINT('Ctrl Pts',(9.45498060435057,14.9345160275698,-3.));
#8443=CARTESIAN_POINT('Ctrl Pts',(9.45498060435057,14.9345160275698,-2.8));
#8444=CARTESIAN_POINT('Ctrl Pts',(9.56820263101738,14.9425038855076,-3.));
#8445=CARTESIAN_POINT('Ctrl Pts',(9.56820263101738,14.9425038855076,-2.8));
#8446=CARTESIAN_POINT('Ctrl Pts',(9.79485734536433,14.9584944635997,-3.));
#8447=CARTESIAN_POINT('Ctrl Pts',(9.79485734536433,14.9584944635997,-2.8));
#8448=CARTESIAN_POINT('Ctrl Pts',(9.99295099933008,15.0698049753372,-3.));
#8449=CARTESIAN_POINT('Ctrl Pts',(9.99295099933008,15.0698049753372,-2.8));
#8450=CARTESIAN_POINT('Ctrl Pts',(10.0920898839831,15.1255119591951,-3.));
#8451=CARTESIAN_POINT('Ctrl Pts',(10.0920898839831,15.1255119591951,-2.8));
#8452=CARTESIAN_POINT('',(9.45498060435057,14.9345160275698,-3.));
#8453=CARTESIAN_POINT('Ctrl Pts',(9.45498060435057,14.9345160275698,-3.));
#8454=CARTESIAN_POINT('Ctrl Pts',(9.56820263101738,14.9425038855076,-3.));
#8455=CARTESIAN_POINT('Ctrl Pts',(9.79485734536433,14.9584944635997,-3.));
#8456=CARTESIAN_POINT('Ctrl Pts',(9.99295099933008,15.0698049753372,-3.));
#8457=CARTESIAN_POINT('Ctrl Pts',(10.0920898839831,15.1255119591951,-3.));
#8458=CARTESIAN_POINT('',(9.45498060435057,14.9345160275698,-2.8));
#8459=CARTESIAN_POINT('',(9.45498060435057,14.9345160275698,-3.));
#8460=CARTESIAN_POINT('Ctrl Pts',(9.45498060435057,14.9345160275698,-2.8));
#8461=CARTESIAN_POINT('Ctrl Pts',(9.56820263101738,14.9425038855076,-2.8));
#8462=CARTESIAN_POINT('Ctrl Pts',(9.79485734536433,14.9584944635997,-2.8));
#8463=CARTESIAN_POINT('Ctrl Pts',(9.99295099933008,15.0698049753372,-2.8));
#8464=CARTESIAN_POINT('Ctrl Pts',(10.0920898839831,15.1255119591951,-2.8));
#8465=CARTESIAN_POINT('Ctrl Pts',(8.64461254328489,15.3656209260225,-3.));
#8466=CARTESIAN_POINT('Ctrl Pts',(8.64461254328489,15.3656209260225,-2.8));
#8467=CARTESIAN_POINT('Ctrl Pts',(8.74843658312374,15.2398881772548,-3.));
#8468=CARTESIAN_POINT('Ctrl Pts',(8.74843658312374,15.2398881772548,-2.8));
#8469=CARTESIAN_POINT('Ctrl Pts',(8.95889637813322,14.9850176427167,-3.));
#8470=CARTESIAN_POINT('Ctrl Pts',(8.95889637813322,14.9850176427167,-2.8));
#8471=CARTESIAN_POINT('Ctrl Pts',(9.28815292083095,14.9514991667702,-3.));
#8472=CARTESIAN_POINT('Ctrl Pts',(9.28815292083095,14.9514991667702,-2.8));
#8473=CARTESIAN_POINT('Ctrl Pts',(9.45498060435057,14.9345160275698,-3.));
#8474=CARTESIAN_POINT('Ctrl Pts',(9.45498060435057,14.9345160275698,-2.8));
#8475=CARTESIAN_POINT('',(8.64461254328489,15.3656209260225,-3.));
#8476=CARTESIAN_POINT('Ctrl Pts',(8.64461254328489,15.3656209260225,-3.));
#8477=CARTESIAN_POINT('Ctrl Pts',(8.74843658312374,15.2398881772548,-3.));
#8478=CARTESIAN_POINT('Ctrl Pts',(8.95889637813322,14.9850176427167,-3.));
#8479=CARTESIAN_POINT('Ctrl Pts',(9.28815292083095,14.9514991667702,-3.));
#8480=CARTESIAN_POINT('Ctrl Pts',(9.45498060435057,14.9345160275698,-3.));
#8481=CARTESIAN_POINT('',(8.64461254328489,15.3656209260225,-2.8));
#8482=CARTESIAN_POINT('',(8.64461254328489,15.3656209260225,-3.));
#8483=CARTESIAN_POINT('Ctrl Pts',(8.64461254328489,15.3656209260225,-2.8));
#8484=CARTESIAN_POINT('Ctrl Pts',(8.74843658312374,15.2398881772548,-2.8));
#8485=CARTESIAN_POINT('Ctrl Pts',(8.95889637813322,14.9850176427167,-2.8));
#8486=CARTESIAN_POINT('Ctrl Pts',(9.28815292083095,14.9514991667702,-2.8));
#8487=CARTESIAN_POINT('Ctrl Pts',(9.45498060435057,14.9345160275698,-2.8));
#8488=CARTESIAN_POINT('Origin',(8.64461254328489,15.0000000745058,-3.));
#8489=CARTESIAN_POINT('',(8.64461254328489,15.0000000745058,-3.));
#8490=CARTESIAN_POINT('',(8.64461254328489,14.0235000372529,-3.));
#8491=CARTESIAN_POINT('',(8.64461254328489,15.0000000745058,-2.8));
#8492=CARTESIAN_POINT('',(8.64461254328489,15.0000000745058,-3.));
#8493=CARTESIAN_POINT('',(8.64461254328489,15.0000000745058,-2.8));
#8494=CARTESIAN_POINT('Origin',(8.18895172327757,15.0000000745058,-3.));
#8495=CARTESIAN_POINT('',(24.3349758616388,15.0000000745058,-3.));
#8496=CARTESIAN_POINT('',(8.18895172327757,15.0000000745058,-2.8));
#8497=CARTESIAN_POINT('Origin',(19.5000015385449,17.0013643056154,-2.8));
#8498=CARTESIAN_POINT('Origin',(21.2339706346393,17.8976810723543,-3.));
#8499=CARTESIAN_POINT('',(21.2339706346393,17.8976810723543,-3.));
#8500=CARTESIAN_POINT('',(21.2339706346393,15.0000000745058,-3.));
#8501=CARTESIAN_POINT('',(21.2339706346393,15.4723405361772,-3.));
#8502=CARTESIAN_POINT('',(21.2339706346393,17.8976810723543,-2.8));
#8503=CARTESIAN_POINT('',(21.2339706346393,17.8976810723543,-3.));
#8504=CARTESIAN_POINT('',(21.2339706346393,15.0000000745058,-2.8));
#8505=CARTESIAN_POINT('',(21.2339706346393,17.8976810723543,-2.8));
#8506=CARTESIAN_POINT('',(21.2339706346393,15.0000000745058,-3.));
#8507=CARTESIAN_POINT('Origin',(21.7251033708453,17.8976810723543,-3.));
#8508=CARTESIAN_POINT('',(21.7251033708453,17.8976810723543,-3.));
#8509=CARTESIAN_POINT('',(31.1030516854227,17.8976810723543,-3.));
#8510=CARTESIAN_POINT('',(21.7251033708453,17.8976810723543,-2.8));
#8511=CARTESIAN_POINT('',(21.7251033708453,17.8976810723543,-3.));
#8512=CARTESIAN_POINT('',(21.7251033708453,17.8976810723543,-2.8));
#8513=CARTESIAN_POINT('Origin',(21.7251033708453,16.3451571017504,-3.));
#8514=CARTESIAN_POINT('',(21.7251033708453,16.3451571017504,-3.));
#8515=CARTESIAN_POINT('',(21.7251033708453,14.6960785508752,-3.));
#8516=CARTESIAN_POINT('',(21.7251033708453,16.3451571017504,-2.8));
#8517=CARTESIAN_POINT('',(21.7251033708453,16.3451571017504,-3.));
#8518=CARTESIAN_POINT('',(21.7251033708453,16.3451571017504,-2.8));
#8519=CARTESIAN_POINT('Ctrl Pts',(21.8055940791965,15.7789910584688,-3.));
#8520=CARTESIAN_POINT('Ctrl Pts',(21.8055940791965,15.7789910584688,-2.8));
#8521=CARTESIAN_POINT('Ctrl Pts',(21.7822347909833,15.8581827570241,-3.));
#8522=CARTESIAN_POINT('Ctrl Pts',(21.7822347909833,15.8581827570241,-2.8));
#8523=CARTESIAN_POINT('Ctrl Pts',(21.7278328544144,16.042613965812,-3.));
#8524=CARTESIAN_POINT('Ctrl Pts',(21.7278328544144,16.042613965812,-2.8));
#8525=CARTESIAN_POINT('Ctrl Pts',(21.7260950123719,16.2352409474423,-3.));
#8526=CARTESIAN_POINT('Ctrl Pts',(21.7260950123719,16.2352409474423,-2.8));
#8527=CARTESIAN_POINT('Ctrl Pts',(21.7251033708453,16.3451571017504,-3.));
#8528=CARTESIAN_POINT('Ctrl Pts',(21.7251033708453,16.3451571017504,-2.8));
#8529=CARTESIAN_POINT('',(21.8055940791965,15.7789910584688,-3.));
#8530=CARTESIAN_POINT('Ctrl Pts',(21.8055940791965,15.7789910584688,-3.));
#8531=CARTESIAN_POINT('Ctrl Pts',(21.7822347909833,15.8581827570241,-3.));
#8532=CARTESIAN_POINT('Ctrl Pts',(21.7278328544144,16.042613965812,-3.));
#8533=CARTESIAN_POINT('Ctrl Pts',(21.7260950123719,16.2352409474423,-3.));
#8534=CARTESIAN_POINT('Ctrl Pts',(21.7251033708453,16.3451571017504,-3.));
#8535=CARTESIAN_POINT('',(21.8055940791965,15.7789910584688,-2.8));
#8536=CARTESIAN_POINT('',(21.8055940791965,15.7789910584688,-3.));
#8537=CARTESIAN_POINT('Ctrl Pts',(21.8055940791965,15.7789910584688,-2.8));
#8538=CARTESIAN_POINT('Ctrl Pts',(21.7822347909833,15.8581827570241,-2.8));
#8539=CARTESIAN_POINT('Ctrl Pts',(21.7278328544144,16.042613965812,-2.8));
#8540=CARTESIAN_POINT('Ctrl Pts',(21.7260950123719,16.2352409474423,-2.8));
#8541=CARTESIAN_POINT('Ctrl Pts',(21.7251033708453,16.3451571017504,-2.8));
#8542=CARTESIAN_POINT('Ctrl Pts',(22.0798094198108,15.4706681519747,-3.));
#8543=CARTESIAN_POINT('Ctrl Pts',(22.0798094198108,15.4706681519747,-2.8));
#8544=CARTESIAN_POINT('Ctrl Pts',(22.0201858223614,15.511267585518,-3.));
#8545=CARTESIAN_POINT('Ctrl Pts',(22.0201858223614,15.511267585518,-2.8));
#8546=CARTESIAN_POINT('Ctrl Pts',(21.9028855703668,15.5911407228192,-3.));
#8547=CARTESIAN_POINT('Ctrl Pts',(21.9028855703668,15.5911407228192,-2.8));
#8548=CARTESIAN_POINT('Ctrl Pts',(21.837663726771,15.7170710078191,-3.));
#8549=CARTESIAN_POINT('Ctrl Pts',(21.837663726771,15.7170710078191,-2.8));
#8550=CARTESIAN_POINT('Ctrl Pts',(21.8055940791965,15.7789910584688,-3.));
#8551=CARTESIAN_POINT('Ctrl Pts',(21.8055940791965,15.7789910584688,-2.8));
#8552=CARTESIAN_POINT('',(22.0798094198108,15.4706681519747,-3.));
#8553=CARTESIAN_POINT('Ctrl Pts',(22.0798094198108,15.4706681519747,-3.));
#8554=CARTESIAN_POINT('Ctrl Pts',(22.0201858223614,15.511267585518,-3.));
#8555=CARTESIAN_POINT('Ctrl Pts',(21.9028855703668,15.5911407228192,-3.));
#8556=CARTESIAN_POINT('Ctrl Pts',(21.837663726771,15.7170710078191,-3.));
#8557=CARTESIAN_POINT('Ctrl Pts',(21.8055940791965,15.7789910584688,-3.));
#8558=CARTESIAN_POINT('',(22.0798094198108,15.4706681519747,-2.8));
#8559=CARTESIAN_POINT('',(22.0798094198108,15.4706681519747,-3.));
#8560=CARTESIAN_POINT('Ctrl Pts',(22.0798094198108,15.4706681519747,-2.8));
#8561=CARTESIAN_POINT('Ctrl Pts',(22.0201858223614,15.511267585518,-2.8));
#8562=CARTESIAN_POINT('Ctrl Pts',(21.9028855703668,15.5911407228192,-2.8));
#8563=CARTESIAN_POINT('Ctrl Pts',(21.837663726771,15.7170710078191,-2.8));
#8564=CARTESIAN_POINT('Ctrl Pts',(21.8055940791965,15.7789910584688,-2.8));
#8565=CARTESIAN_POINT('Ctrl Pts',(22.494543902576,15.3574348241091,-3.));
#8566=CARTESIAN_POINT('Ctrl Pts',(22.494543902576,15.3574348241091,-2.8));
#8567=CARTESIAN_POINT('Ctrl Pts',(22.4218827145652,15.3622280441949,-3.));
#8568=CARTESIAN_POINT('Ctrl Pts',(22.4218827145652,15.3622280441949,-2.8));
#8569=CARTESIAN_POINT('Ctrl Pts',(22.2759768843453,15.371852972925,-3.));
#8570=CARTESIAN_POINT('Ctrl Pts',(22.2759768843453,15.371852972925,-2.8));
#8571=CARTESIAN_POINT('Ctrl Pts',(22.1453726631551,15.4376420655871,-3.));
#8572=CARTESIAN_POINT('Ctrl Pts',(22.1453726631551,15.4376420655871,-2.8));
#8573=CARTESIAN_POINT('Ctrl Pts',(22.0798094198108,15.4706681519747,-3.));
#8574=CARTESIAN_POINT('Ctrl Pts',(22.0798094198108,15.4706681519747,-2.8));
#8575=CARTESIAN_POINT('',(22.494543902576,15.3574348241091,-3.));
#8576=CARTESIAN_POINT('Ctrl Pts',(22.494543902576,15.3574348241091,-3.));
#8577=CARTESIAN_POINT('Ctrl Pts',(22.4218827145652,15.3622280441949,-3.));
#8578=CARTESIAN_POINT('Ctrl Pts',(22.2759768843453,15.371852972925,-3.));
#8579=CARTESIAN_POINT('Ctrl Pts',(22.1453726631551,15.4376420655871,-3.));
#8580=CARTESIAN_POINT('Ctrl Pts',(22.0798094198108,15.4706681519747,-3.));
#8581=CARTESIAN_POINT('',(22.494543902576,15.3574348241091,-2.8));
#8582=CARTESIAN_POINT('',(22.494543902576,15.3574348241091,-3.));
#8583=CARTESIAN_POINT('Ctrl Pts',(22.494543902576,15.3574348241091,-2.8));
#8584=CARTESIAN_POINT('Ctrl Pts',(22.4218827145652,15.3622280441949,-2.8));
#8585=CARTESIAN_POINT('Ctrl Pts',(22.2759768843453,15.371852972925,-2.8));
#8586=CARTESIAN_POINT('Ctrl Pts',(22.1453726631551,15.4376420655871,-2.8));
#8587=CARTESIAN_POINT('Ctrl Pts',(22.0798094198108,15.4706681519747,-2.8));
#8588=CARTESIAN_POINT('Ctrl Pts',(22.8656215593219,15.4679406434298,-3.));
#8589=CARTESIAN_POINT('Ctrl Pts',(22.8656215593219,15.4679406434298,-2.8));
#8590=CARTESIAN_POINT('Ctrl Pts',(22.811090082331,15.4357284357744,-3.));
#8591=CARTESIAN_POINT('Ctrl Pts',(22.811090082331,15.4357284357744,-2.8));
#8592=CARTESIAN_POINT('Ctrl Pts',(22.6967860923346,15.3682080958756,-3.));
#8593=CARTESIAN_POINT('Ctrl Pts',(22.6967860923346,15.3682080958756,-2.8));
#8594=CARTESIAN_POINT('Ctrl Pts',(22.5639876454657,15.3611340340293,-3.));
#8595=CARTESIAN_POINT('Ctrl Pts',(22.5639876454657,15.3611340340293,-2.8));
#8596=CARTESIAN_POINT('Ctrl Pts',(22.494543902576,15.3574348241091,-3.));
#8597=CARTESIAN_POINT('Ctrl Pts',(22.494543902576,15.3574348241091,-2.8));
#8598=CARTESIAN_POINT('',(22.8656215593219,15.4679406434298,-3.));
#8599=CARTESIAN_POINT('Ctrl Pts',(22.8656215593219,15.4679406434298,-3.));
#8600=CARTESIAN_POINT('Ctrl Pts',(22.811090082331,15.4357284357744,-3.));
#8601=CARTESIAN_POINT('Ctrl Pts',(22.6967860923346,15.3682080958756,-3.));
#8602=CARTESIAN_POINT('Ctrl Pts',(22.5639876454657,15.3611340340293,-3.));
#8603=CARTESIAN_POINT('Ctrl Pts',(22.494543902576,15.3574348241091,-3.));
#8604=CARTESIAN_POINT('',(22.8656215593219,15.4679406434298,-2.8));
#8605=CARTESIAN_POINT('',(22.8656215593219,15.4679406434298,-3.));
#8606=CARTESIAN_POINT('Ctrl Pts',(22.8656215593219,15.4679406434298,-2.8));
#8607=CARTESIAN_POINT('Ctrl Pts',(22.811090082331,15.4357284357744,-2.8));
#8608=CARTESIAN_POINT('Ctrl Pts',(22.6967860923346,15.3682080958756,-2.8));
#8609=CARTESIAN_POINT('Ctrl Pts',(22.5639876454657,15.3611340340293,-2.8));
#8610=CARTESIAN_POINT('Ctrl Pts',(22.494543902576,15.3574348241091,-2.8));
#8611=CARTESIAN_POINT('Ctrl Pts',(23.0620742961764,15.7721699029207,-3.));
#8612=CARTESIAN_POINT('Ctrl Pts',(23.0620742961764,15.7721699029207,-2.8));
#8613=CARTESIAN_POINT('Ctrl Pts',(23.0427632891123,15.7114134453277,-3.));
#8614=CARTESIAN_POINT('Ctrl Pts',(23.0427632891123,15.7114134453277,-2.8));
#8615=CARTESIAN_POINT('Ctrl Pts',(23.0048339653852,15.592079878678,-3.));
#8616=CARTESIAN_POINT('Ctrl Pts',(23.0048339653852,15.592079878678,-2.8));
#8617=CARTESIAN_POINT('Ctrl Pts',(22.9114572589483,15.5088134999488,-3.));
#8618=CARTESIAN_POINT('Ctrl Pts',(22.9114572589483,15.5088134999488,-2.8));
#8619=CARTESIAN_POINT('Ctrl Pts',(22.8656215593219,15.4679406434298,-3.));
#8620=CARTESIAN_POINT('Ctrl Pts',(22.8656215593219,15.4679406434298,-2.8));
#8621=CARTESIAN_POINT('',(23.0620742961764,15.7721699029207,-3.));
#8622=CARTESIAN_POINT('Ctrl Pts',(23.0620742961764,15.7721699029207,-3.));
#8623=CARTESIAN_POINT('Ctrl Pts',(23.0427632891123,15.7114134453277,-3.));
#8624=CARTESIAN_POINT('Ctrl Pts',(23.0048339653852,15.592079878678,-3.));
#8625=CARTESIAN_POINT('Ctrl Pts',(22.9114572589483,15.5088134999488,-3.));
#8626=CARTESIAN_POINT('Ctrl Pts',(22.8656215593219,15.4679406434298,-3.));
#8627=CARTESIAN_POINT('',(23.0620742961764,15.7721699029207,-2.8));
#8628=CARTESIAN_POINT('',(23.0620742961764,15.7721699029207,-3.));
#8629=CARTESIAN_POINT('Ctrl Pts',(23.0620742961764,15.7721699029207,-2.8));
#8630=CARTESIAN_POINT('Ctrl Pts',(23.0427632891123,15.7114134453277,-2.8));
#8631=CARTESIAN_POINT('Ctrl Pts',(23.0048339653852,15.592079878678,-2.8));
#8632=CARTESIAN_POINT('Ctrl Pts',(22.9114572589483,15.5088134999488,-2.8));
#8633=CARTESIAN_POINT('Ctrl Pts',(22.8656215593219,15.4679406434298,-2.8));
#8634=CARTESIAN_POINT('Ctrl Pts',(23.0920882150531,16.2905866652727,-3.));
#8635=CARTESIAN_POINT('Ctrl Pts',(23.0920882150531,16.2905866652727,-2.8));
#8636=CARTESIAN_POINT('Ctrl Pts',(23.0925980186976,16.1830579601543,-3.));
#8637=CARTESIAN_POINT('Ctrl Pts',(23.0925980186976,16.1830579601543,-2.8));
#8638=CARTESIAN_POINT('Ctrl Pts',(23.0934208380408,16.0095074187357,-3.));
#8639=CARTESIAN_POINT('Ctrl Pts',(23.0934208380408,16.0095074187357,-2.8));
#8640=CARTESIAN_POINT('Ctrl Pts',(23.0707128390471,15.8375758514956,-3.));
#8641=CARTESIAN_POINT('Ctrl Pts',(23.0707128390471,15.8375758514956,-2.8));
#8642=CARTESIAN_POINT('Ctrl Pts',(23.0620742961764,15.7721699029207,-3.));
#8643=CARTESIAN_POINT('Ctrl Pts',(23.0620742961764,15.7721699029207,-2.8));
#8644=CARTESIAN_POINT('',(23.0920882150531,16.2905866652727,-3.));
#8645=CARTESIAN_POINT('Ctrl Pts',(23.0920882150531,16.2905866652727,-3.));
#8646=CARTESIAN_POINT('Ctrl Pts',(23.0925980186976,16.1830579601543,-3.));
#8647=CARTESIAN_POINT('Ctrl Pts',(23.0934208380408,16.0095074187357,-3.));
#8648=CARTESIAN_POINT('Ctrl Pts',(23.0707128390471,15.8375758514956,-3.));
#8649=CARTESIAN_POINT('Ctrl Pts',(23.0620742961764,15.7721699029207,-3.));
#8650=CARTESIAN_POINT('',(23.0920882150531,16.2905866652727,-2.8));
#8651=CARTESIAN_POINT('',(23.0920882150531,16.2905866652727,-3.));
#8652=CARTESIAN_POINT('Ctrl Pts',(23.0920882150531,16.2905866652727,-2.8));
#8653=CARTESIAN_POINT('Ctrl Pts',(23.0925980186976,16.1830579601543,-2.8));
#8654=CARTESIAN_POINT('Ctrl Pts',(23.0934208380408,16.0095074187357,-2.8));
#8655=CARTESIAN_POINT('Ctrl Pts',(23.0707128390471,15.8375758514956,-2.8));
#8656=CARTESIAN_POINT('Ctrl Pts',(23.0620742961764,15.7721699029207,-2.8));
#8657=CARTESIAN_POINT('Origin',(23.0920882150531,17.8976810723543,-3.));
#8658=CARTESIAN_POINT('',(23.0920882150531,17.8976810723543,-3.));
#8659=CARTESIAN_POINT('',(23.0920882150531,15.4723405361772,-3.));
#8660=CARTESIAN_POINT('',(23.0920882150531,17.8976810723543,-2.8));
#8661=CARTESIAN_POINT('',(23.0920882150531,17.8976810723543,-3.));
#8662=CARTESIAN_POINT('',(23.0920882150531,17.8976810723543,-2.8));
#8663=CARTESIAN_POINT('Origin',(23.5832203552127,17.8976810723543,-3.));
#8664=CARTESIAN_POINT('',(23.5832203552127,17.8976810723543,-3.));
#8665=CARTESIAN_POINT('',(32.0321101776063,17.8976810723543,-3.));
#8666=CARTESIAN_POINT('',(23.5832203552127,17.8976810723543,-2.8));
#8667=CARTESIAN_POINT('',(23.5832203552127,17.8976810723543,-3.));
#8668=CARTESIAN_POINT('',(23.5832203552127,17.8976810723543,-2.8));
#8669=CARTESIAN_POINT('Origin',(23.5832203552127,16.1023194342852,-3.));
#8670=CARTESIAN_POINT('',(23.5832203552127,16.1023194342852,-3.));
#8671=CARTESIAN_POINT('',(23.5832203552127,14.5746597171426,-3.));
#8672=CARTESIAN_POINT('',(23.5832203552127,16.1023194342852,-2.8));
#8673=CARTESIAN_POINT('',(23.5832203552127,16.1023194342852,-3.));
#8674=CARTESIAN_POINT('',(23.5832203552127,16.1023194342852,-2.8));
#8675=CARTESIAN_POINT('Ctrl Pts',(23.553206436336,15.6439293175936,-3.));
#8676=CARTESIAN_POINT('Ctrl Pts',(23.553206436336,15.6439293175936,-2.8));
#8677=CARTESIAN_POINT('Ctrl Pts',(23.5618908824814,15.7061428248749,-3.));
#8678=CARTESIAN_POINT('Ctrl Pts',(23.5618908824814,15.7061428248749,-2.8));
#8679=CARTESIAN_POINT('Ctrl Pts',(23.5831043312025,15.8581114161231,-3.));
#8680=CARTESIAN_POINT('Ctrl Pts',(23.5831043312025,15.8581114161231,-2.8));
#8681=CARTESIAN_POINT('Ctrl Pts',(23.5831772740177,16.0116418820925,-3.));
#8682=CARTESIAN_POINT('Ctrl Pts',(23.5831772740177,16.0116418820925,-2.8));
#8683=CARTESIAN_POINT('Ctrl Pts',(23.5832203552127,16.1023194342852,-3.));
#8684=CARTESIAN_POINT('Ctrl Pts',(23.5832203552127,16.1023194342852,-2.8));
#8685=CARTESIAN_POINT('',(23.553206436336,15.6439293175936,-3.));
#8686=CARTESIAN_POINT('Ctrl Pts',(23.553206436336,15.6439293175936,-3.));
#8687=CARTESIAN_POINT('Ctrl Pts',(23.5618908824814,15.7061428248749,-3.));
#8688=CARTESIAN_POINT('Ctrl Pts',(23.5831043312025,15.8581114161231,-3.));
#8689=CARTESIAN_POINT('Ctrl Pts',(23.5831772740177,16.0116418820925,-3.));
#8690=CARTESIAN_POINT('Ctrl Pts',(23.5832203552127,16.1023194342852,-3.));
#8691=CARTESIAN_POINT('',(23.553206436336,15.6439293175936,-2.8));
#8692=CARTESIAN_POINT('',(23.553206436336,15.6439293175936,-3.));
#8693=CARTESIAN_POINT('Ctrl Pts',(23.553206436336,15.6439293175936,-2.8));
#8694=CARTESIAN_POINT('Ctrl Pts',(23.5618908824814,15.7061428248749,-2.8));
#8695=CARTESIAN_POINT('Ctrl Pts',(23.5831043312025,15.8581114161231,-2.8));
#8696=CARTESIAN_POINT('Ctrl Pts',(23.5831772740177,16.0116418820925,-2.8));
#8697=CARTESIAN_POINT('Ctrl Pts',(23.5832203552127,16.1023194342852,-2.8));
#8698=CARTESIAN_POINT('Ctrl Pts',(23.4017742797732,15.2796722203493,-3.));
#8699=CARTESIAN_POINT('Ctrl Pts',(23.4017742797732,15.2796722203493,-2.8));
#8700=CARTESIAN_POINT('Ctrl Pts',(23.4353253900642,15.3335591122256,-3.));
#8701=CARTESIAN_POINT('Ctrl Pts',(23.4353253900642,15.3335591122256,-2.8));
#8702=CARTESIAN_POINT('Ctrl Pts',(23.5057001655999,15.4465889907369,-3.));
#8703=CARTESIAN_POINT('Ctrl Pts',(23.5057001655999,15.4465889907369,-2.8));
#8704=CARTESIAN_POINT('Ctrl Pts',(23.5368875888055,15.5761410728901,-3.));
#8705=CARTESIAN_POINT('Ctrl Pts',(23.5368875888055,15.5761410728901,-2.8));
#8706=CARTESIAN_POINT('Ctrl Pts',(23.553206436336,15.6439293175936,-3.));
#8707=CARTESIAN_POINT('Ctrl Pts',(23.553206436336,15.6439293175936,-2.8));
#8708=CARTESIAN_POINT('',(23.4017742797732,15.2796722203493,-3.));
#8709=CARTESIAN_POINT('Ctrl Pts',(23.4017742797732,15.2796722203493,-3.));
#8710=CARTESIAN_POINT('Ctrl Pts',(23.4353253900642,15.3335591122256,-3.));
#8711=CARTESIAN_POINT('Ctrl Pts',(23.5057001655999,15.4465889907369,-3.));
#8712=CARTESIAN_POINT('Ctrl Pts',(23.5368875888055,15.5761410728901,-3.));
#8713=CARTESIAN_POINT('Ctrl Pts',(23.553206436336,15.6439293175936,-3.));
#8714=CARTESIAN_POINT('',(23.4017742797732,15.2796722203493,-2.8));
#8715=CARTESIAN_POINT('',(23.4017742797732,15.2796722203493,-3.));
#8716=CARTESIAN_POINT('Ctrl Pts',(23.4017742797732,15.2796722203493,-2.8));
#8717=CARTESIAN_POINT('Ctrl Pts',(23.4353253900642,15.3335591122256,-2.8));
#8718=CARTESIAN_POINT('Ctrl Pts',(23.5057001655999,15.4465889907369,-2.8));
#8719=CARTESIAN_POINT('Ctrl Pts',(23.5368875888055,15.5761410728901,-2.8));
#8720=CARTESIAN_POINT('Ctrl Pts',(23.553206436336,15.6439293175936,-2.8));
#8721=CARTESIAN_POINT('Ctrl Pts',(23.0716241523623,15.0327420979738,-3.));
#8722=CARTESIAN_POINT('Ctrl Pts',(23.0716241523623,15.0327420979738,-2.8));
#8723=CARTESIAN_POINT('Ctrl Pts',(23.139392374955,15.0655065018602,-3.));
#8724=CARTESIAN_POINT('Ctrl Pts',(23.139392374955,15.0655065018602,-2.8));
#8725=CARTESIAN_POINT('Ctrl Pts',(23.2656681073801,15.1265579643294,-3.));
#8726=CARTESIAN_POINT('Ctrl Pts',(23.2656681073801,15.1265579643294,-2.8));
#8727=CARTESIAN_POINT('Ctrl Pts',(23.3586792830503,15.2311919916764,-3.));
#8728=CARTESIAN_POINT('Ctrl Pts',(23.3586792830503,15.2311919916764,-2.8));
#8729=CARTESIAN_POINT('Ctrl Pts',(23.4017742797732,15.2796722203493,-3.));
#8730=CARTESIAN_POINT('Ctrl Pts',(23.4017742797732,15.2796722203493,-2.8));
#8731=CARTESIAN_POINT('',(23.0716241523623,15.0327420979738,-3.));
#8732=CARTESIAN_POINT('Ctrl Pts',(23.0716241523623,15.0327420979738,-3.));
#8733=CARTESIAN_POINT('Ctrl Pts',(23.139392374955,15.0655065018602,-3.));
#8734=CARTESIAN_POINT('Ctrl Pts',(23.2656681073801,15.1265579643294,-3.));
#8735=CARTESIAN_POINT('Ctrl Pts',(23.3586792830503,15.2311919916764,-3.));
#8736=CARTESIAN_POINT('Ctrl Pts',(23.4017742797732,15.2796722203493,-3.));
#8737=CARTESIAN_POINT('',(23.0716241523623,15.0327420979738,-2.8));
#8738=CARTESIAN_POINT('',(23.0716241523623,15.0327420979738,-3.));
#8739=CARTESIAN_POINT('Ctrl Pts',(23.0716241523623,15.0327420979738,-2.8));
#8740=CARTESIAN_POINT('Ctrl Pts',(23.139392374955,15.0655065018602,-2.8));
#8741=CARTESIAN_POINT('Ctrl Pts',(23.2656681073801,15.1265579643294,-2.8));
#8742=CARTESIAN_POINT('Ctrl Pts',(23.3586792830503,15.2311919916764,-2.8));
#8743=CARTESIAN_POINT('Ctrl Pts',(23.4017742797732,15.2796722203493,-2.8));
#8744=CARTESIAN_POINT('Ctrl Pts',(22.59276997298,14.9345160275698,-3.));
#8745=CARTESIAN_POINT('Ctrl Pts',(22.59276997298,14.9345160275698,-2.8));
#8746=CARTESIAN_POINT('Ctrl Pts',(22.6763146647375,14.9383778813578,-3.));
#8747=CARTESIAN_POINT('Ctrl Pts',(22.6763146647375,14.9383778813578,-2.8));
#8748=CARTESIAN_POINT('Ctrl Pts',(22.8411244765222,14.9459962157194,-3.));
#8749=CARTESIAN_POINT('Ctrl Pts',(22.8411244765222,14.9459962157194,-2.8));
#8750=CARTESIAN_POINT('Ctrl Pts',(22.995502689337,15.0040946673665,-3.));
#8751=CARTESIAN_POINT('Ctrl Pts',(22.995502689337,15.0040946673665,-2.8));
#8752=CARTESIAN_POINT('Ctrl Pts',(23.0716241523623,15.0327420979738,-3.));
#8753=CARTESIAN_POINT('Ctrl Pts',(23.0716241523623,15.0327420979738,-2.8));
#8754=CARTESIAN_POINT('',(22.59276997298,14.9345160275698,-3.));
#8755=CARTESIAN_POINT('Ctrl Pts',(22.59276997298,14.9345160275698,-3.));
#8756=CARTESIAN_POINT('Ctrl Pts',(22.6763146647375,14.9383778813578,-3.));
#8757=CARTESIAN_POINT('Ctrl Pts',(22.8411244765222,14.9459962157194,-3.));
#8758=CARTESIAN_POINT('Ctrl Pts',(22.995502689337,15.0040946673665,-3.));
#8759=CARTESIAN_POINT('Ctrl Pts',(23.0716241523623,15.0327420979738,-3.));
#8760=CARTESIAN_POINT('',(22.59276997298,14.9345160275698,-2.8));
#8761=CARTESIAN_POINT('',(22.59276997298,14.9345160275698,-3.));
#8762=CARTESIAN_POINT('Ctrl Pts',(22.59276997298,14.9345160275698,-2.8));
#8763=CARTESIAN_POINT('Ctrl Pts',(22.6763146647375,14.9383778813578,-2.8));
#8764=CARTESIAN_POINT('Ctrl Pts',(22.8411244765222,14.9459962157194,-2.8));
#8765=CARTESIAN_POINT('Ctrl Pts',(22.995502689337,15.0040946673665,-2.8));
#8766=CARTESIAN_POINT('Ctrl Pts',(23.0716241523623,15.0327420979738,-2.8));
#8767=CARTESIAN_POINT('Ctrl Pts',(21.6732616350055,15.4256475716829,-3.));
#8768=CARTESIAN_POINT('Ctrl Pts',(21.6732616350055,15.4256475716829,-2.8));
#8769=CARTESIAN_POINT('Ctrl Pts',(21.7954008922667,15.2824034743445,-3.));
#8770=CARTESIAN_POINT('Ctrl Pts',(21.7954008922667,15.2824034743445,-2.8));
#8771=CARTESIAN_POINT('Ctrl Pts',(22.0378098888094,14.9981078377481,-3.));
#8772=CARTESIAN_POINT('Ctrl Pts',(22.0378098888094,14.9981078377481,-2.8));
#8773=CARTESIAN_POINT('Ctrl Pts',(22.4087368383018,14.955604031015,-3.));
#8774=CARTESIAN_POINT('Ctrl Pts',(22.4087368383018,14.955604031015,-2.8));
#8775=CARTESIAN_POINT('Ctrl Pts',(22.59276997298,14.9345160275698,-3.));
#8776=CARTESIAN_POINT('Ctrl Pts',(22.59276997298,14.9345160275698,-2.8));
#8777=CARTESIAN_POINT('',(21.6732616350055,15.4256475716829,-3.));
#8778=CARTESIAN_POINT('Ctrl Pts',(21.6732616350055,15.4256475716829,-3.));
#8779=CARTESIAN_POINT('Ctrl Pts',(21.7954008922667,15.2824034743445,-3.));
#8780=CARTESIAN_POINT('Ctrl Pts',(22.0378098888094,14.9981078377481,-3.));
#8781=CARTESIAN_POINT('Ctrl Pts',(22.4087368383018,14.955604031015,-3.));
#8782=CARTESIAN_POINT('Ctrl Pts',(22.59276997298,14.9345160275698,-3.));
#8783=CARTESIAN_POINT('',(21.6732616350055,15.4256475716829,-2.8));
#8784=CARTESIAN_POINT('',(21.6732616350055,15.4256475716829,-3.));
#8785=CARTESIAN_POINT('Ctrl Pts',(21.6732616350055,15.4256475716829,-2.8));
#8786=CARTESIAN_POINT('Ctrl Pts',(21.7954008922667,15.2824034743445,-2.8));
#8787=CARTESIAN_POINT('Ctrl Pts',(22.0378098888094,14.9981078377481,-2.8));
#8788=CARTESIAN_POINT('Ctrl Pts',(22.4087368383018,14.955604031015,-2.8));
#8789=CARTESIAN_POINT('Ctrl Pts',(22.59276997298,14.9345160275698,-2.8));
#8790=CARTESIAN_POINT('Origin',(21.6732616350055,15.0000000745058,-3.));
#8791=CARTESIAN_POINT('',(21.6732616350055,15.0000000745058,-3.));
#8792=CARTESIAN_POINT('',(21.6732616350055,14.0235000372529,-3.));
#8793=CARTESIAN_POINT('',(21.6732616350055,15.0000000745058,-2.8));
#8794=CARTESIAN_POINT('',(21.6732616350055,15.0000000745058,-3.));
#8795=CARTESIAN_POINT('',(21.6732616350055,15.0000000745058,-2.8));
#8796=CARTESIAN_POINT('Origin',(21.2339706346393,15.0000000745058,-3.));
#8797=CARTESIAN_POINT('',(30.8574853173196,15.0000000745058,-3.));
#8798=CARTESIAN_POINT('',(21.2339706346393,15.0000000745058,-2.8));
#8799=CARTESIAN_POINT('Origin',(19.5000015385449,17.0013643056154,-2.8));
#8800=CARTESIAN_POINT('Ctrl Pts',(28.8929068669677,18.6152798682451,-3.));
#8801=CARTESIAN_POINT('Ctrl Pts',(28.8929068669677,18.6152798682451,-2.8));
#8802=CARTESIAN_POINT('Ctrl Pts',(29.0736468935168,18.5992698108297,-3.));
#8803=CARTESIAN_POINT('Ctrl Pts',(29.0736468935168,18.5992698108297,-2.8));
#8804=CARTESIAN_POINT('Ctrl Pts',(29.4346963014045,18.5672878428037,-3.));
#8805=CARTESIAN_POINT('Ctrl Pts',(29.4346963014045,18.5672878428037,-2.8));
#8806=CARTESIAN_POINT('Ctrl Pts',(29.7184546755819,18.3418029338499,-3.));
#8807=CARTESIAN_POINT('Ctrl Pts',(29.7184546755819,18.3418029338499,-2.8));
#8808=CARTESIAN_POINT('Ctrl Pts',(29.8601646348834,18.2291949540377,-3.));
#8809=CARTESIAN_POINT('Ctrl Pts',(29.8601646348834,18.2291949540377,-2.8));
#8810=CARTESIAN_POINT('',(28.8929068669677,18.6152798682451,-3.));
#8811=CARTESIAN_POINT('',(29.8601646348834,18.2291949540377,-3.));
#8812=CARTESIAN_POINT('Ctrl Pts',(28.8929068669677,18.6152798682451,-3.));
#8813=CARTESIAN_POINT('Ctrl Pts',(29.0736468935168,18.5992698108297,-3.));
#8814=CARTESIAN_POINT('Ctrl Pts',(29.4346963014045,18.5672878428037,-3.));
#8815=CARTESIAN_POINT('Ctrl Pts',(29.7184546755819,18.3418029338499,-3.));
#8816=CARTESIAN_POINT('Ctrl Pts',(29.8601646348834,18.2291949540377,-3.));
#8817=CARTESIAN_POINT('',(28.8929068669677,18.6152798682451,-2.8));
#8818=CARTESIAN_POINT('',(28.8929068669677,18.6152798682451,-3.));
#8819=CARTESIAN_POINT('',(29.8601646348834,18.2291949540377,-2.8));
#8820=CARTESIAN_POINT('Ctrl Pts',(28.8929068669677,18.6152798682451,-2.8));
#8821=CARTESIAN_POINT('Ctrl Pts',(29.0736468935168,18.5992698108297,-2.8));
#8822=CARTESIAN_POINT('Ctrl Pts',(29.4346963014045,18.5672878428037,-2.8));
#8823=CARTESIAN_POINT('Ctrl Pts',(29.7184546755819,18.3418029338499,-2.8));
#8824=CARTESIAN_POINT('Ctrl Pts',(29.8601646348834,18.2291949540377,-2.8));
#8825=CARTESIAN_POINT('',(29.8601646348834,18.2291949540377,-3.));
#8826=CARTESIAN_POINT('Ctrl Pts',(28.1794006749988,18.4147340804338,-3.));
#8827=CARTESIAN_POINT('Ctrl Pts',(28.1794006749988,18.4147340804338,-2.8));
#8828=CARTESIAN_POINT('Ctrl Pts',(28.2894725585379,18.4732235470614,-3.));
#8829=CARTESIAN_POINT('Ctrl Pts',(28.2894725585379,18.4732235470614,-2.8));
#8830=CARTESIAN_POINT('Ctrl Pts',(28.5126542066795,18.591816734905,-3.));
#8831=CARTESIAN_POINT('Ctrl Pts',(28.5126542066795,18.591816734905,-2.8));
#8832=CARTESIAN_POINT('Ctrl Pts',(28.7650109788636,18.6073881725658,-3.));
#8833=CARTESIAN_POINT('Ctrl Pts',(28.7650109788636,18.6073881725658,-2.8));
#8834=CARTESIAN_POINT('Ctrl Pts',(28.8929068669677,18.6152798682451,-3.));
#8835=CARTESIAN_POINT('Ctrl Pts',(28.8929068669677,18.6152798682451,-2.8));
#8836=CARTESIAN_POINT('',(28.1794006749988,18.4147340804338,-3.));
#8837=CARTESIAN_POINT('Ctrl Pts',(28.1794006749988,18.4147340804338,-3.));
#8838=CARTESIAN_POINT('Ctrl Pts',(28.2894725585379,18.4732235470614,-3.));
#8839=CARTESIAN_POINT('Ctrl Pts',(28.5126542066795,18.591816734905,-3.));
#8840=CARTESIAN_POINT('Ctrl Pts',(28.7650109788636,18.6073881725658,-3.));
#8841=CARTESIAN_POINT('Ctrl Pts',(28.8929068669677,18.6152798682451,-3.));
#8842=CARTESIAN_POINT('',(28.1794006749988,18.4147340804338,-2.8));
#8843=CARTESIAN_POINT('',(28.1794006749988,18.4147340804338,-3.));
#8844=CARTESIAN_POINT('Ctrl Pts',(28.1794006749988,18.4147340804338,-2.8));
#8845=CARTESIAN_POINT('Ctrl Pts',(28.2894725585379,18.4732235470614,-2.8));
#8846=CARTESIAN_POINT('Ctrl Pts',(28.5126542066795,18.591816734905,-2.8));
#8847=CARTESIAN_POINT('Ctrl Pts',(28.7650109788636,18.6073881725658,-2.8));
#8848=CARTESIAN_POINT('Ctrl Pts',(28.8929068669677,18.6152798682451,-2.8));
#8849=CARTESIAN_POINT('Ctrl Pts',(27.6964537426829,17.8499317914248,-3.));
#8850=CARTESIAN_POINT('Ctrl Pts',(27.6964537426829,17.8499317914248,-2.8));
#8851=CARTESIAN_POINT('Ctrl Pts',(27.7569433622727,17.963954386743,-3.));
#8852=CARTESIAN_POINT('Ctrl Pts',(27.7569433622727,17.963954386743,-2.8));
#8853=CARTESIAN_POINT('Ctrl Pts',(27.8759547919649,18.1882902674785,-3.));
#8854=CARTESIAN_POINT('Ctrl Pts',(27.8759547919649,18.1882902674785,-2.8));
#8855=CARTESIAN_POINT('Ctrl Pts',(28.0793731964049,18.340089457061,-3.));
#8856=CARTESIAN_POINT('Ctrl Pts',(28.0793731964049,18.340089457061,-2.8));
#8857=CARTESIAN_POINT('Ctrl Pts',(28.1794006749988,18.4147340804338,-3.));
#8858=CARTESIAN_POINT('Ctrl Pts',(28.1794006749988,18.4147340804338,-2.8));
#8859=CARTESIAN_POINT('',(27.6964537426829,17.8499317914248,-3.));
#8860=CARTESIAN_POINT('Ctrl Pts',(27.6964537426829,17.8499317914248,-3.));
#8861=CARTESIAN_POINT('Ctrl Pts',(27.7569433622727,17.963954386743,-3.));
#8862=CARTESIAN_POINT('Ctrl Pts',(27.8759547919649,18.1882902674785,-3.));
#8863=CARTESIAN_POINT('Ctrl Pts',(28.0793731964049,18.340089457061,-3.));
#8864=CARTESIAN_POINT('Ctrl Pts',(28.1794006749988,18.4147340804338,-3.));
#8865=CARTESIAN_POINT('',(27.6964537426829,17.8499317914248,-2.8));
#8866=CARTESIAN_POINT('',(27.6964537426829,17.8499317914248,-3.));
#8867=CARTESIAN_POINT('Ctrl Pts',(27.6964537426829,17.8499317914248,-2.8));
#8868=CARTESIAN_POINT('Ctrl Pts',(27.7569433622727,17.963954386743,-2.8));
#8869=CARTESIAN_POINT('Ctrl Pts',(27.8759547919649,18.1882902674785,-2.8));
#8870=CARTESIAN_POINT('Ctrl Pts',(28.0793731964049,18.340089457061,-2.8));
#8871=CARTESIAN_POINT('Ctrl Pts',(28.1794006749988,18.4147340804338,-2.8));
#8872=CARTESIAN_POINT('Ctrl Pts',(27.5313786789775,16.9972718507051,-3.));
#8873=CARTESIAN_POINT('Ctrl Pts',(27.5313786789775,16.9972718507051,-2.8));
#8874=CARTESIAN_POINT('Ctrl Pts',(27.5367239958961,17.1514040088683,-3.));
#8875=CARTESIAN_POINT('Ctrl Pts',(27.5367239958961,17.1514040088683,-2.8));
#8876=CARTESIAN_POINT('Ctrl Pts',(27.546890871546,17.4445657632684,-3.));
#8877=CARTESIAN_POINT('Ctrl Pts',(27.546890871546,17.4445657632684,-2.8));
#8878=CARTESIAN_POINT('Ctrl Pts',(27.6483415683982,17.719531506598,-3.));
#8879=CARTESIAN_POINT('Ctrl Pts',(27.6483415683982,17.719531506598,-2.8));
#8880=CARTESIAN_POINT('Ctrl Pts',(27.6964537426829,17.8499317914248,-3.));
#8881=CARTESIAN_POINT('Ctrl Pts',(27.6964537426829,17.8499317914248,-2.8));
#8882=CARTESIAN_POINT('',(27.5313786789775,16.9972718507051,-3.));
#8883=CARTESIAN_POINT('Ctrl Pts',(27.5313786789775,16.9972718507051,-3.));
#8884=CARTESIAN_POINT('Ctrl Pts',(27.5367239958961,17.1514040088683,-3.));
#8885=CARTESIAN_POINT('Ctrl Pts',(27.546890871546,17.4445657632684,-3.));
#8886=CARTESIAN_POINT('Ctrl Pts',(27.6483415683982,17.719531506598,-3.));
#8887=CARTESIAN_POINT('Ctrl Pts',(27.6964537426829,17.8499317914248,-3.));
#8888=CARTESIAN_POINT('',(27.5313786789775,16.9972718507051,-2.8));
#8889=CARTESIAN_POINT('',(27.5313786789775,16.9972718507051,-3.));
#8890=CARTESIAN_POINT('Ctrl Pts',(27.5313786789775,16.9972718507051,-2.8));
#8891=CARTESIAN_POINT('Ctrl Pts',(27.5367239958961,17.1514040088683,-2.8));
#8892=CARTESIAN_POINT('Ctrl Pts',(27.546890871546,17.4445657632684,-2.8));
#8893=CARTESIAN_POINT('Ctrl Pts',(27.6483415683982,17.719531506598,-2.8));
#8894=CARTESIAN_POINT('Ctrl Pts',(27.6964537426829,17.8499317914248,-2.8));
#8895=CARTESIAN_POINT('Ctrl Pts',(27.9174632951617,15.8049119263887,-3.));
#8896=CARTESIAN_POINT('Ctrl Pts',(27.9174632951617,15.8049119263887,-2.8));
#8897=CARTESIAN_POINT('Ctrl Pts',(27.8050605094622,15.9688842193206,-3.));
#8898=CARTESIAN_POINT('Ctrl Pts',(27.8050605094622,15.9688842193206,-2.8));
#8899=CARTESIAN_POINT('Ctrl Pts',(27.5598731520819,16.3265615930384,-3.));
#8900=CARTESIAN_POINT('Ctrl Pts',(27.5598731520819,16.3265615930384,-2.8));
#8901=CARTESIAN_POINT('Ctrl Pts',(27.5413890160304,16.7616459551329,-3.));
#8902=CARTESIAN_POINT('Ctrl Pts',(27.5413890160304,16.7616459551329,-2.8));
#8903=CARTESIAN_POINT('Ctrl Pts',(27.5313786789775,16.9972718507051,-3.));
#8904=CARTESIAN_POINT('Ctrl Pts',(27.5313786789775,16.9972718507051,-2.8));
#8905=CARTESIAN_POINT('',(27.9174632951617,15.8049119263887,-3.));
#8906=CARTESIAN_POINT('Ctrl Pts',(27.9174632951617,15.8049119263887,-3.));
#8907=CARTESIAN_POINT('Ctrl Pts',(27.8050605094622,15.9688842193206,-3.));
#8908=CARTESIAN_POINT('Ctrl Pts',(27.5598731520819,16.3265615930384,-3.));
#8909=CARTESIAN_POINT('Ctrl Pts',(27.5413890160304,16.7616459551329,-3.));
#8910=CARTESIAN_POINT('Ctrl Pts',(27.5313786789775,16.9972718507051,-3.));
#8911=CARTESIAN_POINT('',(27.9174632951617,15.8049119263887,-2.8));
#8912=CARTESIAN_POINT('',(27.9174632951617,15.8049119263887,-3.));
#8913=CARTESIAN_POINT('Ctrl Pts',(27.9174632951617,15.8049119263887,-2.8));
#8914=CARTESIAN_POINT('Ctrl Pts',(27.8050605094622,15.9688842193206,-2.8));
#8915=CARTESIAN_POINT('Ctrl Pts',(27.5598731520819,16.3265615930384,-2.8));
#8916=CARTESIAN_POINT('Ctrl Pts',(27.5413890160304,16.7616459551329,-2.8));
#8917=CARTESIAN_POINT('Ctrl Pts',(27.5313786789775,16.9972718507051,-2.8));
#8918=CARTESIAN_POINT('Ctrl Pts',(28.9010923728347,15.3847206383944,-3.));
#8919=CARTESIAN_POINT('Ctrl Pts',(28.9010923728347,15.3847206383944,-2.8));
#8920=CARTESIAN_POINT('Ctrl Pts',(28.7115905546328,15.4012920856635,-3.));
#8921=CARTESIAN_POINT('Ctrl Pts',(28.7115905546328,15.4012920856635,-2.8));
#8922=CARTESIAN_POINT('Ctrl Pts',(28.3374903945181,15.4340061837949,-3.));
#8923=CARTESIAN_POINT('Ctrl Pts',(28.3374903945181,15.4340061837949,-2.8));
#8924=CARTESIAN_POINT('Ctrl Pts',(28.0562435242446,15.6823617766384,-3.));
#8925=CARTESIAN_POINT('Ctrl Pts',(28.0562435242446,15.6823617766384,-2.8));
#8926=CARTESIAN_POINT('Ctrl Pts',(27.9174632951617,15.8049119263887,-3.));
#8927=CARTESIAN_POINT('Ctrl Pts',(27.9174632951617,15.8049119263887,-2.8));
#8928=CARTESIAN_POINT('',(28.9010923728347,15.3847206383944,-3.));
#8929=CARTESIAN_POINT('Ctrl Pts',(28.9010923728347,15.3847206383944,-3.));
#8930=CARTESIAN_POINT('Ctrl Pts',(28.7115905546328,15.4012920856635,-3.));
#8931=CARTESIAN_POINT('Ctrl Pts',(28.3374903945181,15.4340061837949,-3.));
#8932=CARTESIAN_POINT('Ctrl Pts',(28.0562435242446,15.6823617766384,-3.));
#8933=CARTESIAN_POINT('Ctrl Pts',(27.9174632951617,15.8049119263887,-3.));
#8934=CARTESIAN_POINT('',(28.9010923728347,15.3847206383944,-2.8));
#8935=CARTESIAN_POINT('',(28.9010923728347,15.3847206383944,-3.));
#8936=CARTESIAN_POINT('Ctrl Pts',(28.9010923728347,15.3847206383944,-2.8));
#8937=CARTESIAN_POINT('Ctrl Pts',(28.7115905546328,15.4012920856635,-2.8));
#8938=CARTESIAN_POINT('Ctrl Pts',(28.3374903945181,15.4340061837949,-2.8));
#8939=CARTESIAN_POINT('Ctrl Pts',(28.0562435242446,15.6823617766384,-2.8));
#8940=CARTESIAN_POINT('Ctrl Pts',(27.9174632951617,15.8049119263887,-2.8));
#8941=CARTESIAN_POINT('Ctrl Pts',(29.8765356466174,15.8008182793856,-3.));
#8942=CARTESIAN_POINT('Ctrl Pts',(29.8765356466174,15.8008182793856,-2.8));
#8943=CARTESIAN_POINT('Ctrl Pts',(29.7378786365538,15.679458903124,-3.));
#8944=CARTESIAN_POINT('Ctrl Pts',(29.7378786365538,15.679458903124,-2.8));
#8945=CARTESIAN_POINT('Ctrl Pts',(29.4582108314255,15.434680003195,-3.));
#8946=CARTESIAN_POINT('Ctrl Pts',(29.4582108314255,15.434680003195,-2.8));
#8947=CARTESIAN_POINT('Ctrl Pts',(29.0878375905735,15.4014669377028,-3.));
#8948=CARTESIAN_POINT('Ctrl Pts',(29.0878375905735,15.4014669377028,-2.8));
#8949=CARTESIAN_POINT('Ctrl Pts',(28.9010923728347,15.3847206383944,-3.));
#8950=CARTESIAN_POINT('Ctrl Pts',(28.9010923728347,15.3847206383944,-2.8));
#8951=CARTESIAN_POINT('',(29.8765356466174,15.8008182793856,-3.));
#8952=CARTESIAN_POINT('Ctrl Pts',(29.8765356466174,15.8008182793856,-3.));
#8953=CARTESIAN_POINT('Ctrl Pts',(29.7378786365538,15.679458903124,-3.));
#8954=CARTESIAN_POINT('Ctrl Pts',(29.4582108314255,15.434680003195,-3.));
#8955=CARTESIAN_POINT('Ctrl Pts',(29.0878375905735,15.4014669377028,-3.));
#8956=CARTESIAN_POINT('Ctrl Pts',(28.9010923728347,15.3847206383944,-3.));
#8957=CARTESIAN_POINT('',(29.8765356466174,15.8008182793856,-2.8));
#8958=CARTESIAN_POINT('',(29.8765356466174,15.8008182793856,-3.));
#8959=CARTESIAN_POINT('Ctrl Pts',(29.8765356466174,15.8008182793856,-2.8));
#8960=CARTESIAN_POINT('Ctrl Pts',(29.7378786365538,15.679458903124,-2.8));
#8961=CARTESIAN_POINT('Ctrl Pts',(29.4582108314255,15.434680003195,-2.8));
#8962=CARTESIAN_POINT('Ctrl Pts',(29.0878375905735,15.4014669377028,-2.8));
#8963=CARTESIAN_POINT('Ctrl Pts',(28.9010923728347,15.3847206383944,-2.8));
#8964=CARTESIAN_POINT('Ctrl Pts',(30.2653488144279,16.9399727135897,-3.));
#8965=CARTESIAN_POINT('Ctrl Pts',(30.2653488144279,16.9399727135897,-2.8));
#8966=CARTESIAN_POINT('Ctrl Pts',(30.2538789355351,16.7170877346605,-3.));
#8967=CARTESIAN_POINT('Ctrl Pts',(30.2538789355351,16.7170877346605,-2.8));
#8968=CARTESIAN_POINT('Ctrl Pts',(30.2323595568386,16.2989188671262,-3.));
#8969=CARTESIAN_POINT('Ctrl Pts',(30.2323595568386,16.2989188671262,-2.8));
#8970=CARTESIAN_POINT('Ctrl Pts',(29.9898070862698,15.9593814592181,-3.));
#8971=CARTESIAN_POINT('Ctrl Pts',(29.9898070862698,15.9593814592181,-2.8));
#8972=CARTESIAN_POINT('Ctrl Pts',(29.8765356466174,15.8008182793856,-3.));
#8973=CARTESIAN_POINT('Ctrl Pts',(29.8765356466174,15.8008182793856,-2.8));
#8974=CARTESIAN_POINT('',(30.2653488144279,16.9399727135897,-3.));
#8975=CARTESIAN_POINT('Ctrl Pts',(30.2653488144279,16.9399727135897,-3.));
#8976=CARTESIAN_POINT('Ctrl Pts',(30.2538789355351,16.7170877346605,-3.));
#8977=CARTESIAN_POINT('Ctrl Pts',(30.2323595568386,16.2989188671262,-3.));
#8978=CARTESIAN_POINT('Ctrl Pts',(29.9898070862698,15.9593814592181,-3.));
#8979=CARTESIAN_POINT('Ctrl Pts',(29.8765356466174,15.8008182793856,-3.));
#8980=CARTESIAN_POINT('',(30.2653488144279,16.9399727135897,-2.8));
#8981=CARTESIAN_POINT('',(30.2653488144279,16.9399727135897,-3.));
#8982=CARTESIAN_POINT('Ctrl Pts',(30.2653488144279,16.9399727135897,-2.8));
#8983=CARTESIAN_POINT('Ctrl Pts',(30.2538789355351,16.7170877346605,-2.8));
#8984=CARTESIAN_POINT('Ctrl Pts',(30.2323595568386,16.2989188671262,-2.8));
#8985=CARTESIAN_POINT('Ctrl Pts',(29.9898070862698,15.9593814592181,-2.8));
#8986=CARTESIAN_POINT('Ctrl Pts',(29.8765356466174,15.8008182793856,-2.8));
#8987=CARTESIAN_POINT('Ctrl Pts',(29.8601646348834,18.2291949540377,-3.));
#8988=CARTESIAN_POINT('Ctrl Pts',(29.8601646348834,18.2291949540377,-2.8));
#8989=CARTESIAN_POINT('Ctrl Pts',(29.9778225312755,18.0630436816749,-3.));
#8990=CARTESIAN_POINT('Ctrl Pts',(29.9778225312755,18.0630436816749,-2.8));
#8991=CARTESIAN_POINT('Ctrl Pts',(30.248970662708,17.680140294671,-3.));
#8992=CARTESIAN_POINT('Ctrl Pts',(30.248970662708,17.680140294671,-2.8));
#8993=CARTESIAN_POINT('Ctrl Pts',(30.2594287503086,17.2075144737304,-3.));
#8994=CARTESIAN_POINT('Ctrl Pts',(30.2594287503086,17.2075144737304,-2.8));
#8995=CARTESIAN_POINT('Ctrl Pts',(30.2653488144279,16.9399727135897,-3.));
#8996=CARTESIAN_POINT('Ctrl Pts',(30.2653488144279,16.9399727135897,-2.8));
#8997=CARTESIAN_POINT('Ctrl Pts',(29.8601646348834,18.2291949540377,-3.));
#8998=CARTESIAN_POINT('Ctrl Pts',(29.9778225312755,18.0630436816749,-3.));
#8999=CARTESIAN_POINT('Ctrl Pts',(30.248970662708,17.680140294671,-3.));
#9000=CARTESIAN_POINT('Ctrl Pts',(30.2594287503086,17.2075144737304,-3.));
#9001=CARTESIAN_POINT('Ctrl Pts',(30.2653488144279,16.9399727135897,-3.));
#9002=CARTESIAN_POINT('Ctrl Pts',(29.8601646348834,18.2291949540377,-2.8));
#9003=CARTESIAN_POINT('Ctrl Pts',(29.9778225312755,18.0630436816749,-2.8));
#9004=CARTESIAN_POINT('Ctrl Pts',(30.248970662708,17.680140294671,-2.8));
#9005=CARTESIAN_POINT('Ctrl Pts',(30.2594287503086,17.2075144737304,-2.8));
#9006=CARTESIAN_POINT('Ctrl Pts',(30.2653488144279,16.9399727135897,-2.8));
#9007=CARTESIAN_POINT('Ctrl Pts',(29.9079136177897,15.2046383172274,-3.));
#9008=CARTESIAN_POINT('Ctrl Pts',(29.9079136177897,15.2046383172274,-2.8));
#9009=CARTESIAN_POINT('Ctrl Pts',(30.0472386245196,15.3040060366482,-3.));
#9010=CARTESIAN_POINT('Ctrl Pts',(30.0472386245196,15.3040060366482,-2.8));
#9011=CARTESIAN_POINT('Ctrl Pts',(30.3263077700435,15.5030404038612,-3.));
#9012=CARTESIAN_POINT('Ctrl Pts',(30.3263077700435,15.5030404038612,-2.8));
#9013=CARTESIAN_POINT('Ctrl Pts',(30.4965881811572,15.8005460816026,-3.));
#9014=CARTESIAN_POINT('Ctrl Pts',(30.4965881811572,15.8005460816026,-2.8));
#9015=CARTESIAN_POINT('Ctrl Pts',(30.5818562582135,15.949522331357,-3.));
#9016=CARTESIAN_POINT('Ctrl Pts',(30.5818562582135,15.949522331357,-2.8));
#9017=CARTESIAN_POINT('',(29.9079136177897,15.2046383172274,-3.));
#9018=CARTESIAN_POINT('',(30.5818562582135,15.949522331357,-3.));
#9019=CARTESIAN_POINT('Ctrl Pts',(29.9079136177897,15.2046383172274,-3.));
#9020=CARTESIAN_POINT('Ctrl Pts',(30.0472386245196,15.3040060366482,-3.));
#9021=CARTESIAN_POINT('Ctrl Pts',(30.3263077700435,15.5030404038612,-3.));
#9022=CARTESIAN_POINT('Ctrl Pts',(30.4965881811572,15.8005460816026,-3.));
#9023=CARTESIAN_POINT('Ctrl Pts',(30.5818562582135,15.949522331357,-3.));
#9024=CARTESIAN_POINT('',(29.9079136177897,15.2046383172274,-2.8));
#9025=CARTESIAN_POINT('',(29.9079136177897,15.2046383172274,-3.));
#9026=CARTESIAN_POINT('',(30.5818562582135,15.949522331357,-2.8));
#9027=CARTESIAN_POINT('Ctrl Pts',(29.9079136177897,15.2046383172274,-2.8));
#9028=CARTESIAN_POINT('Ctrl Pts',(30.0472386245196,15.3040060366482,-2.8));
#9029=CARTESIAN_POINT('Ctrl Pts',(30.3263077700435,15.5030404038612,-2.8));
#9030=CARTESIAN_POINT('Ctrl Pts',(30.4965881811572,15.8005460816026,-2.8));
#9031=CARTESIAN_POINT('Ctrl Pts',(30.5818562582135,15.949522331357,-2.8));
#9032=CARTESIAN_POINT('',(30.5818562582135,15.949522331357,-3.));
#9033=CARTESIAN_POINT('Ctrl Pts',(28.8983638212085,14.931787326932,-3.));
#9034=CARTESIAN_POINT('Ctrl Pts',(28.8983638212085,14.931787326932,-2.8));
#9035=CARTESIAN_POINT('Ctrl Pts',(29.0800044193757,14.9421723960551,-3.));
#9036=CARTESIAN_POINT('Ctrl Pts',(29.0800044193757,14.9421723960551,-2.8));
#9037=CARTESIAN_POINT('Ctrl Pts',(29.4358278952342,14.9625161486616,-3.));
#9038=CARTESIAN_POINT('Ctrl Pts',(29.4358278952342,14.9625161486616,-2.8));
#9039=CARTESIAN_POINT('Ctrl Pts',(29.7527659499911,15.1250665615471,-3.));
#9040=CARTESIAN_POINT('Ctrl Pts',(29.7527659499911,15.1250665615471,-2.8));
#9041=CARTESIAN_POINT('Ctrl Pts',(29.9079136177897,15.2046383172274,-3.));
#9042=CARTESIAN_POINT('Ctrl Pts',(29.9079136177897,15.2046383172274,-2.8));
#9043=CARTESIAN_POINT('',(28.8983638212085,14.931787326932,-3.));
#9044=CARTESIAN_POINT('Ctrl Pts',(28.8983638212085,14.931787326932,-3.));
#9045=CARTESIAN_POINT('Ctrl Pts',(29.0800044193757,14.9421723960551,-3.));
#9046=CARTESIAN_POINT('Ctrl Pts',(29.4358278952342,14.9625161486616,-3.));
#9047=CARTESIAN_POINT('Ctrl Pts',(29.7527659499911,15.1250665615471,-3.));
#9048=CARTESIAN_POINT('Ctrl Pts',(29.9079136177897,15.2046383172274,-3.));
#9049=CARTESIAN_POINT('',(28.8983638212085,14.931787326932,-2.8));
#9050=CARTESIAN_POINT('',(28.8983638212085,14.931787326932,-3.));
#9051=CARTESIAN_POINT('Ctrl Pts',(28.8983638212085,14.931787326932,-2.8));
#9052=CARTESIAN_POINT('Ctrl Pts',(29.0800044193757,14.9421723960551,-2.8));
#9053=CARTESIAN_POINT('Ctrl Pts',(29.4358278952342,14.9625161486616,-2.8));
#9054=CARTESIAN_POINT('Ctrl Pts',(29.7527659499911,15.1250665615471,-2.8));
#9055=CARTESIAN_POINT('Ctrl Pts',(29.9079136177897,15.2046383172274,-2.8));
#9056=CARTESIAN_POINT('Ctrl Pts',(27.9270131513476,15.1787174493074,-3.));
#9057=CARTESIAN_POINT('Ctrl Pts',(27.9270131513476,15.1787174493074,-2.8));
#9058=CARTESIAN_POINT('Ctrl Pts',(28.0803722306652,15.1066964731104,-3.));
#9059=CARTESIAN_POINT('Ctrl Pts',(28.0803722306652,15.1066964731104,-2.8));
#9060=CARTESIAN_POINT('Ctrl Pts',(28.3882868638544,14.9620926285495,-3.));
#9061=CARTESIAN_POINT('Ctrl Pts',(28.3882868638544,14.9620926285495,-2.8));
#9062=CARTESIAN_POINT('Ctrl Pts',(28.7278982887986,14.9419152288115,-3.));
#9063=CARTESIAN_POINT('Ctrl Pts',(28.7278982887986,14.9419152288115,-2.8));
#9064=CARTESIAN_POINT('Ctrl Pts',(28.8983638212085,14.931787326932,-3.));
#9065=CARTESIAN_POINT('Ctrl Pts',(28.8983638212085,14.931787326932,-2.8));
#9066=CARTESIAN_POINT('',(27.9270131513476,15.1787174493074,-3.));
#9067=CARTESIAN_POINT('Ctrl Pts',(27.9270131513476,15.1787174493074,-3.));
#9068=CARTESIAN_POINT('Ctrl Pts',(28.0803722306652,15.1066964731104,-3.));
#9069=CARTESIAN_POINT('Ctrl Pts',(28.3882868638544,14.9620926285495,-3.));
#9070=CARTESIAN_POINT('Ctrl Pts',(28.7278982887986,14.9419152288115,-3.));
#9071=CARTESIAN_POINT('Ctrl Pts',(28.8983638212085,14.931787326932,-3.));
#9072=CARTESIAN_POINT('',(27.9270131513476,15.1787174493074,-2.8));
#9073=CARTESIAN_POINT('',(27.9270131513476,15.1787174493074,-3.));
#9074=CARTESIAN_POINT('Ctrl Pts',(27.9270131513476,15.1787174493074,-2.8));
#9075=CARTESIAN_POINT('Ctrl Pts',(28.0803722306652,15.1066964731104,-2.8));
#9076=CARTESIAN_POINT('Ctrl Pts',(28.3882868638544,14.9620926285495,-2.8));
#9077=CARTESIAN_POINT('Ctrl Pts',(28.7278982887986,14.9419152288115,-2.8));
#9078=CARTESIAN_POINT('Ctrl Pts',(28.8983638212085,14.931787326932,-2.8));
#9079=CARTESIAN_POINT('Ctrl Pts',(27.23124217242,15.9058666974306,-3.));
#9080=CARTESIAN_POINT('Ctrl Pts',(27.23124217242,15.9058666974306,-2.8));
#9081=CARTESIAN_POINT('Ctrl Pts',(27.3206146253614,15.7560726695655,-3.));
#9082=CARTESIAN_POINT('Ctrl Pts',(27.3206146253614,15.7560726695655,-2.8));
#9083=CARTESIAN_POINT('Ctrl Pts',(27.4970404511939,15.460371542416,-3.));
#9084=CARTESIAN_POINT('Ctrl Pts',(27.4970404511939,15.460371542416,-2.8));
#9085=CARTESIAN_POINT('Ctrl Pts',(27.7849504231292,15.2717757966551,-3.));
#9086=CARTESIAN_POINT('Ctrl Pts',(27.7849504231292,15.2717757966551,-2.8));
#9087=CARTESIAN_POINT('Ctrl Pts',(27.9270131513476,15.1787174493074,-3.));
#9088=CARTESIAN_POINT('Ctrl Pts',(27.9270131513476,15.1787174493074,-2.8));
#9089=CARTESIAN_POINT('',(27.23124217242,15.9058666974306,-3.));
#9090=CARTESIAN_POINT('Ctrl Pts',(27.23124217242,15.9058666974306,-3.));
#9091=CARTESIAN_POINT('Ctrl Pts',(27.3206146253614,15.7560726695655,-3.));
#9092=CARTESIAN_POINT('Ctrl Pts',(27.4970404511939,15.460371542416,-3.));
#9093=CARTESIAN_POINT('Ctrl Pts',(27.7849504231292,15.2717757966551,-3.));
#9094=CARTESIAN_POINT('Ctrl Pts',(27.9270131513476,15.1787174493074,-3.));
#9095=CARTESIAN_POINT('',(27.23124217242,15.9058666974306,-2.8));
#9096=CARTESIAN_POINT('',(27.23124217242,15.9058666974306,-3.));
#9097=CARTESIAN_POINT('Ctrl Pts',(27.23124217242,15.9058666974306,-2.8));
#9098=CARTESIAN_POINT('Ctrl Pts',(27.3206146253614,15.7560726695655,-2.8));
#9099=CARTESIAN_POINT('Ctrl Pts',(27.4970404511939,15.460371542416,-2.8));
#9100=CARTESIAN_POINT('Ctrl Pts',(27.7849504231292,15.2717757966551,-2.8));
#9101=CARTESIAN_POINT('Ctrl Pts',(27.9270131513476,15.1787174493074,-2.8));
#9102=CARTESIAN_POINT('Ctrl Pts',(26.9856761023402,16.9945431500673,-3.));
#9103=CARTESIAN_POINT('Ctrl Pts',(26.9856761023402,16.9945431500673,-2.8));
#9104=CARTESIAN_POINT('Ctrl Pts',(26.9945610708835,16.7997526793337,-3.));
#9105=CARTESIAN_POINT('Ctrl Pts',(26.9945610708835,16.7997526793337,-2.8));
#9106=CARTESIAN_POINT('Ctrl Pts',(27.0117902536892,16.4220270168601,-3.));
#9107=CARTESIAN_POINT('Ctrl Pts',(27.0117902536892,16.4220270168601,-2.8));
#9108=CARTESIAN_POINT('Ctrl Pts',(27.1596383168467,16.0742820349627,-3.));
#9109=CARTESIAN_POINT('Ctrl Pts',(27.1596383168467,16.0742820349627,-2.8));
#9110=CARTESIAN_POINT('Ctrl Pts',(27.23124217242,15.9058666974306,-3.));
#9111=CARTESIAN_POINT('Ctrl Pts',(27.23124217242,15.9058666974306,-2.8));
#9112=CARTESIAN_POINT('',(26.9856761023402,16.9945431500673,-3.));
#9113=CARTESIAN_POINT('Ctrl Pts',(26.9856761023402,16.9945431500673,-3.));
#9114=CARTESIAN_POINT('Ctrl Pts',(26.9945610708835,16.7997526793337,-3.));
#9115=CARTESIAN_POINT('Ctrl Pts',(27.0117902536892,16.4220270168601,-3.));
#9116=CARTESIAN_POINT('Ctrl Pts',(27.1596383168467,16.0742820349627,-3.));
#9117=CARTESIAN_POINT('Ctrl Pts',(27.23124217242,15.9058666974306,-3.));
#9118=CARTESIAN_POINT('',(26.9856761023402,16.9945431500673,-2.8));
#9119=CARTESIAN_POINT('',(26.9856761023402,16.9945431500673,-3.));
#9120=CARTESIAN_POINT('Ctrl Pts',(26.9856761023402,16.9945431500673,-2.8));
#9121=CARTESIAN_POINT('Ctrl Pts',(26.9945610708835,16.7997526793337,-2.8));
#9122=CARTESIAN_POINT('Ctrl Pts',(27.0117902536892,16.4220270168601,-2.8));
#9123=CARTESIAN_POINT('Ctrl Pts',(27.1596383168467,16.0742820349627,-2.8));
#9124=CARTESIAN_POINT('Ctrl Pts',(27.23124217242,15.9058666974306,-2.8));
#9125=CARTESIAN_POINT('Ctrl Pts',(27.2189639136195,18.0682129412889,-3.));
#9126=CARTESIAN_POINT('Ctrl Pts',(27.2189639136195,18.0682129412889,-2.8));
#9127=CARTESIAN_POINT('Ctrl Pts',(27.1509426570489,17.9019876850116,-3.));
#9128=CARTESIAN_POINT('Ctrl Pts',(27.1509426570489,17.9019876850116,-2.8));
#9129=CARTESIAN_POINT('Ctrl Pts',(27.0101951431618,17.5580394437442,-3.));
#9130=CARTESIAN_POINT('Ctrl Pts',(27.0101951431618,17.5580394437442,-2.8));
#9131=CARTESIAN_POINT('Ctrl Pts',(26.9940292506539,17.1865151015617,-3.));
#9132=CARTESIAN_POINT('Ctrl Pts',(26.9940292506539,17.1865151015617,-2.8));
#9133=CARTESIAN_POINT('Ctrl Pts',(26.9856761023402,16.9945431500673,-3.));
#9134=CARTESIAN_POINT('Ctrl Pts',(26.9856761023402,16.9945431500673,-2.8));
#9135=CARTESIAN_POINT('',(27.2189639136195,18.0682129412889,-3.));
#9136=CARTESIAN_POINT('Ctrl Pts',(27.2189639136195,18.0682129412889,-3.));
#9137=CARTESIAN_POINT('Ctrl Pts',(27.1509426570489,17.9019876850116,-3.));
#9138=CARTESIAN_POINT('Ctrl Pts',(27.0101951431618,17.5580394437442,-3.));
#9139=CARTESIAN_POINT('Ctrl Pts',(26.9940292506539,17.1865151015617,-3.));
#9140=CARTESIAN_POINT('Ctrl Pts',(26.9856761023402,16.9945431500673,-3.));
#9141=CARTESIAN_POINT('',(27.2189639136195,18.0682129412889,-2.8));
#9142=CARTESIAN_POINT('',(27.2189639136195,18.0682129412889,-3.));
#9143=CARTESIAN_POINT('Ctrl Pts',(27.2189639136195,18.0682129412889,-2.8));
#9144=CARTESIAN_POINT('Ctrl Pts',(27.1509426570489,17.9019876850116,-2.8));
#9145=CARTESIAN_POINT('Ctrl Pts',(27.0101951431618,17.5580394437442,-2.8));
#9146=CARTESIAN_POINT('Ctrl Pts',(26.9940292506539,17.1865151015617,-2.8));
#9147=CARTESIAN_POINT('Ctrl Pts',(26.9856761023402,16.9945431500673,-2.8));
#9148=CARTESIAN_POINT('Ctrl Pts',(27.8969995304942,18.8062757998705,-3.));
#9149=CARTESIAN_POINT('Ctrl Pts',(27.8969995304942,18.8062757998705,-2.8));
#9150=CARTESIAN_POINT('Ctrl Pts',(27.7573613515517,18.7089500533781,-3.));
#9151=CARTESIAN_POINT('Ctrl Pts',(27.7573613515517,18.7089500533781,-2.8));
#9152=CARTESIAN_POINT('Ctrl Pts',(27.4766247757658,18.5132808101024,-3.));
#9153=CARTESIAN_POINT('Ctrl Pts',(27.4766247757658,18.5132808101024,-2.8));
#9154=CARTESIAN_POINT('Ctrl Pts',(27.3051481727186,18.217082444414,-3.));
#9155=CARTESIAN_POINT('Ctrl Pts',(27.3051481727186,18.217082444414,-2.8));
#9156=CARTESIAN_POINT('Ctrl Pts',(27.2189639136195,18.0682129412889,-3.));
#9157=CARTESIAN_POINT('Ctrl Pts',(27.2189639136195,18.0682129412889,-2.8));
#9158=CARTESIAN_POINT('',(27.8969995304942,18.8062757998705,-3.));
#9159=CARTESIAN_POINT('Ctrl Pts',(27.8969995304942,18.8062757998705,-3.));
#9160=CARTESIAN_POINT('Ctrl Pts',(27.7573613515517,18.7089500533781,-3.));
#9161=CARTESIAN_POINT('Ctrl Pts',(27.4766247757658,18.5132808101024,-3.));
#9162=CARTESIAN_POINT('Ctrl Pts',(27.3051481727186,18.217082444414,-3.));
#9163=CARTESIAN_POINT('Ctrl Pts',(27.2189639136195,18.0682129412889,-3.));
#9164=CARTESIAN_POINT('',(27.8969995304942,18.8062757998705,-2.8));
#9165=CARTESIAN_POINT('',(27.8969995304942,18.8062757998705,-3.));
#9166=CARTESIAN_POINT('Ctrl Pts',(27.8969995304942,18.8062757998705,-2.8));
#9167=CARTESIAN_POINT('Ctrl Pts',(27.7573613515517,18.7089500533781,-2.8));
#9168=CARTESIAN_POINT('Ctrl Pts',(27.4766247757658,18.5132808101024,-2.8));
#9169=CARTESIAN_POINT('Ctrl Pts',(27.3051481727186,18.217082444414,-2.8));
#9170=CARTESIAN_POINT('Ctrl Pts',(27.2189639136195,18.0682129412889,-2.8));
#9171=CARTESIAN_POINT('Ctrl Pts',(28.8956352695823,19.0709412842989,-3.));
#9172=CARTESIAN_POINT('Ctrl Pts',(28.8956352695823,19.0709412842989,-2.8));
#9173=CARTESIAN_POINT('Ctrl Pts',(28.7169320445025,19.0607249278874,-3.));
#9174=CARTESIAN_POINT('Ctrl Pts',(28.7169320445025,19.0607249278874,-2.8));
#9175=CARTESIAN_POINT('Ctrl Pts',(28.3658127078726,19.0406516455816,-3.));
#9176=CARTESIAN_POINT('Ctrl Pts',(28.3658127078726,19.0406516455816,-2.8));
#9177=CARTESIAN_POINT('Ctrl Pts',(28.0513939375359,18.8834628787956,-3.));
#9178=CARTESIAN_POINT('Ctrl Pts',(28.0513939375359,18.8834628787956,-2.8));
#9179=CARTESIAN_POINT('Ctrl Pts',(27.8969995304942,18.8062757998705,-3.));
#9180=CARTESIAN_POINT('Ctrl Pts',(27.8969995304942,18.8062757998705,-2.8));
#9181=CARTESIAN_POINT('',(28.8956352695823,19.0709412842989,-3.));
#9182=CARTESIAN_POINT('Ctrl Pts',(28.8956352695823,19.0709412842989,-3.));
#9183=CARTESIAN_POINT('Ctrl Pts',(28.7169320445025,19.0607249278874,-3.));
#9184=CARTESIAN_POINT('Ctrl Pts',(28.3658127078726,19.0406516455816,-3.));
#9185=CARTESIAN_POINT('Ctrl Pts',(28.0513939375359,18.8834628787956,-3.));
#9186=CARTESIAN_POINT('Ctrl Pts',(27.8969995304942,18.8062757998705,-3.));
#9187=CARTESIAN_POINT('',(28.8956352695823,19.0709412842989,-2.8));
#9188=CARTESIAN_POINT('',(28.8956352695823,19.0709412842989,-3.));
#9189=CARTESIAN_POINT('Ctrl Pts',(28.8956352695823,19.0709412842989,-2.8));
#9190=CARTESIAN_POINT('Ctrl Pts',(28.7169320445025,19.0607249278874,-2.8));
#9191=CARTESIAN_POINT('Ctrl Pts',(28.3658127078726,19.0406516455816,-2.8));
#9192=CARTESIAN_POINT('Ctrl Pts',(28.0513939375359,18.8834628787956,-2.8));
#9193=CARTESIAN_POINT('Ctrl Pts',(27.8969995304942,18.8062757998705,-2.8));
#9194=CARTESIAN_POINT('Ctrl Pts',(30.2762628719211,18.5075033456087,-3.));
#9195=CARTESIAN_POINT('Ctrl Pts',(30.2762628719211,18.5075033456087,-2.8));
#9196=CARTESIAN_POINT('Ctrl Pts',(30.0817907087053,18.6718128385948,-3.));
#9197=CARTESIAN_POINT('Ctrl Pts',(30.0817907087053,18.6718128385948,-2.8));
#9198=CARTESIAN_POINT('Ctrl Pts',(29.6832519394459,19.0085381674516,-3.));
#9199=CARTESIAN_POINT('Ctrl Pts',(29.6832519394459,19.0085381674516,-2.8));
#9200=CARTESIAN_POINT('Ctrl Pts',(29.1623541991995,19.0498090594906,-3.));
#9201=CARTESIAN_POINT('Ctrl Pts',(29.1623541991995,19.0498090594906,-2.8));
#9202=CARTESIAN_POINT('Ctrl Pts',(28.8956352695823,19.0709412842989,-3.));
#9203=CARTESIAN_POINT('Ctrl Pts',(28.8956352695823,19.0709412842989,-2.8));
#9204=CARTESIAN_POINT('',(30.2762628719211,18.5075033456087,-3.));
#9205=CARTESIAN_POINT('Ctrl Pts',(30.2762628719211,18.5075033456087,-3.));
#9206=CARTESIAN_POINT('Ctrl Pts',(30.0817907087053,18.6718128385948,-3.));
#9207=CARTESIAN_POINT('Ctrl Pts',(29.6832519394459,19.0085381674516,-3.));
#9208=CARTESIAN_POINT('Ctrl Pts',(29.1623541991995,19.0498090594906,-3.));
#9209=CARTESIAN_POINT('Ctrl Pts',(28.8956352695823,19.0709412842989,-3.));
#9210=CARTESIAN_POINT('',(30.2762628719211,18.5075033456087,-2.8));
#9211=CARTESIAN_POINT('',(30.2762628719211,18.5075033456087,-3.));
#9212=CARTESIAN_POINT('Ctrl Pts',(30.2762628719211,18.5075033456087,-2.8));
#9213=CARTESIAN_POINT('Ctrl Pts',(30.0817907087053,18.6718128385948,-2.8));
#9214=CARTESIAN_POINT('Ctrl Pts',(29.6832519394459,19.0085381674516,-2.8));
#9215=CARTESIAN_POINT('Ctrl Pts',(29.1623541991995,19.0498090594906,-2.8));
#9216=CARTESIAN_POINT('Ctrl Pts',(28.8956352695823,19.0709412842989,-2.8));
#9217=CARTESIAN_POINT('Ctrl Pts',(30.8110513538122,16.9481582194567,-3.));
#9218=CARTESIAN_POINT('Ctrl Pts',(30.8110513538122,16.9481582194567,-2.8));
#9219=CARTESIAN_POINT('Ctrl Pts',(30.7955803340604,17.2545090300222,-3.));
#9220=CARTESIAN_POINT('Ctrl Pts',(30.7955803340604,17.2545090300222,-2.8));
#9221=CARTESIAN_POINT('Ctrl Pts',(30.766630070876,17.8277703104624,-3.));
#9222=CARTESIAN_POINT('Ctrl Pts',(30.766630070876,17.8277703104624,-2.8));
#9223=CARTESIAN_POINT('Ctrl Pts',(30.4320454716516,18.2915619458505,-3.));
#9224=CARTESIAN_POINT('Ctrl Pts',(30.4320454716516,18.2915619458505,-2.8));
#9225=CARTESIAN_POINT('Ctrl Pts',(30.2762628719211,18.5075033456087,-3.));
#9226=CARTESIAN_POINT('Ctrl Pts',(30.2762628719211,18.5075033456087,-2.8));
#9227=CARTESIAN_POINT('',(30.8110513538122,16.9481582194567,-3.));
#9228=CARTESIAN_POINT('Ctrl Pts',(30.8110513538122,16.9481582194567,-3.));
#9229=CARTESIAN_POINT('Ctrl Pts',(30.7955803340604,17.2545090300222,-3.));
#9230=CARTESIAN_POINT('Ctrl Pts',(30.766630070876,17.8277703104624,-3.));
#9231=CARTESIAN_POINT('Ctrl Pts',(30.4320454716516,18.2915619458505,-3.));
#9232=CARTESIAN_POINT('Ctrl Pts',(30.2762628719211,18.5075033456087,-3.));
#9233=CARTESIAN_POINT('',(30.8110513538122,16.9481582194567,-2.8));
#9234=CARTESIAN_POINT('',(30.8110513538122,16.9481582194567,-3.));
#9235=CARTESIAN_POINT('Ctrl Pts',(30.8110513538122,16.9481582194567,-2.8));
#9236=CARTESIAN_POINT('Ctrl Pts',(30.7955803340604,17.2545090300222,-2.8));
#9237=CARTESIAN_POINT('Ctrl Pts',(30.766630070876,17.8277703104624,-2.8));
#9238=CARTESIAN_POINT('Ctrl Pts',(30.4320454716516,18.2915619458505,-2.8));
#9239=CARTESIAN_POINT('Ctrl Pts',(30.2762628719211,18.5075033456087,-2.8));
#9240=CARTESIAN_POINT('Ctrl Pts',(30.5818562582135,15.949522331357,-3.));
#9241=CARTESIAN_POINT('Ctrl Pts',(30.5818562582135,15.949522331357,-2.8));
#9242=CARTESIAN_POINT('Ctrl Pts',(30.6487048161266,16.1092212890192,-3.));
#9243=CARTESIAN_POINT('Ctrl Pts',(30.6487048161266,16.1092212890192,-2.8));
#9244=CARTESIAN_POINT('Ctrl Pts',(30.7825255769819,16.4289145881619,-3.));
#9245=CARTESIAN_POINT('Ctrl Pts',(30.7825255769819,16.4289145881619,-2.8));
#9246=CARTESIAN_POINT('Ctrl Pts',(30.8015369062996,16.7749704284412,-3.));
#9247=CARTESIAN_POINT('Ctrl Pts',(30.8015369062996,16.7749704284412,-2.8));
#9248=CARTESIAN_POINT('Ctrl Pts',(30.8110513538122,16.9481582194567,-3.));
#9249=CARTESIAN_POINT('Ctrl Pts',(30.8110513538122,16.9481582194567,-2.8));
#9250=CARTESIAN_POINT('Ctrl Pts',(30.5818562582135,15.949522331357,-3.));
#9251=CARTESIAN_POINT('Ctrl Pts',(30.6487048161266,16.1092212890192,-3.));
#9252=CARTESIAN_POINT('Ctrl Pts',(30.7825255769819,16.4289145881619,-3.));
#9253=CARTESIAN_POINT('Ctrl Pts',(30.8015369062996,16.7749704284412,-3.));
#9254=CARTESIAN_POINT('Ctrl Pts',(30.8110513538122,16.9481582194567,-3.));
#9255=CARTESIAN_POINT('Ctrl Pts',(30.5818562582135,15.949522331357,-2.8));
#9256=CARTESIAN_POINT('Ctrl Pts',(30.6487048161266,16.1092212890192,-2.8));
#9257=CARTESIAN_POINT('Ctrl Pts',(30.7825255769819,16.4289145881619,-2.8));
#9258=CARTESIAN_POINT('Ctrl Pts',(30.8015369062996,16.7749704284412,-2.8));
#9259=CARTESIAN_POINT('Ctrl Pts',(30.8110513538122,16.9481582194567,-2.8));
#9260=CARTESIAN_POINT('Origin',(19.5000015385449,17.0013643056154,-2.8));
#9261=CARTESIAN_POINT('Origin',(40.481,13.047,-3.));
#9262=CARTESIAN_POINT('',(44.3,54.744,-3.));
#9263=CARTESIAN_POINT('',(-9.50000000000001,54.744,-3.));
#9264=CARTESIAN_POINT('',(14.9905,54.744,-3.));
#9265=CARTESIAN_POINT('',(44.3,23.744,-3.));
#9266=CARTESIAN_POINT('',(44.3,34.3955,-3.));
#9267=CARTESIAN_POINT('',(82.463,23.744,-3.));
#9268=CARTESIAN_POINT('',(42.8905,23.744,-3.));
#9269=CARTESIAN_POINT('',(82.463,54.744,-3.));
#9270=CARTESIAN_POINT('',(82.463,18.8955,-3.));
#9271=CARTESIAN_POINT('',(90.463,54.744,-3.));
#9272=CARTESIAN_POINT('',(60.972,54.744,-3.));
#9273=CARTESIAN_POINT('',(90.463,-9.5,-3.));
#9274=CARTESIAN_POINT('',(90.463,34.3955,-3.));
#9275=CARTESIAN_POINT('',(-9.5,-9.5,-3.));
#9276=CARTESIAN_POINT('',(65.972,-9.5,-3.));
#9277=CARTESIAN_POINT('',(-9.5,1.2735,-3.));
#9278=CARTESIAN_POINT('Origin',(40.481,13.047,-3.));
#9279=CARTESIAN_POINT('Origin',(40.481,13.047,-3.));
#9280=CARTESIAN_POINT('Origin',(40.481,13.047,-3.));
#9281=CARTESIAN_POINT('Origin',(45.3,54.744,-2.));
#9282=CARTESIAN_POINT('',(44.3,55.744,-2.));
#9283=CARTESIAN_POINT('',(44.3,55.744,-2.));
#9284=CARTESIAN_POINT('',(45.3,54.744,-2.));
#9285=CARTESIAN_POINT('',(45.3,54.744,-2.));
#9286=CARTESIAN_POINT('',(44.3,54.744,-3.));
#9287=CARTESIAN_POINT('Origin',(44.8,55.244,0.));
#9288=CARTESIAN_POINT('',(44.3,55.744,9.));
#9289=CARTESIAN_POINT('',(45.3,54.744,9.));
#9290=CARTESIAN_POINT('',(51.875875,48.168125,9.));
#9291=CARTESIAN_POINT('',(45.3,54.744,0.));
#9292=CARTESIAN_POINT('',(44.3,55.744,0.));
#9293=CARTESIAN_POINT('Origin',(-9.50000000000001,55.744,-2.));
#9294=CARTESIAN_POINT('',(-10.5,54.744,-2.));
#9295=CARTESIAN_POINT('',(-10.5,54.744,-2.));
#9296=CARTESIAN_POINT('',(-9.50000000000001,55.744,-2.));
#9297=CARTESIAN_POINT('',(-9.50000000000001,55.744,-2.));
#9298=CARTESIAN_POINT('',(-9.50000000000001,54.744,-3.));
#9299=CARTESIAN_POINT('Origin',(-10.,55.244,0.));
#9300=CARTESIAN_POINT('',(-10.5,54.744,9.));
#9301=CARTESIAN_POINT('',(-9.50000000000001,55.744,9.));
#9302=CARTESIAN_POINT('',(-5.53512499999997,59.708875,9.));
#9303=CARTESIAN_POINT('',(-9.50000000000001,55.744,0.));
#9304=CARTESIAN_POINT('',(-10.5,54.744,0.));
#9305=CARTESIAN_POINT('Origin',(14.9905,55.244,-2.5));
#9306=CARTESIAN_POINT('',(14.9905,55.744,-2.));
#9307=CARTESIAN_POINT('Origin',(-10.5,-9.5,-2.));
#9308=CARTESIAN_POINT('',(-9.49999999999999,-10.5,-2.));
#9309=CARTESIAN_POINT('',(-9.49999999999999,-10.5,-2.));
#9310=CARTESIAN_POINT('',(-10.5,-9.5,-2.));
#9311=CARTESIAN_POINT('',(-10.5,-9.5,-2.));
#9312=CARTESIAN_POINT('',(-9.5,-9.5,-3.));
#9313=CARTESIAN_POINT('Origin',(-10.,-10.,0.));
#9314=CARTESIAN_POINT('',(-9.49999999999999,-10.5,9.));
#9315=CARTESIAN_POINT('',(-10.5,-9.5,9.));
#9316=CARTESIAN_POINT('',(-5.53512499999995,-14.464875,9.));
#9317=CARTESIAN_POINT('',(-10.5,-9.5,0.));
#9318=CARTESIAN_POINT('',(-9.49999999999999,-10.5,0.));
#9319=CARTESIAN_POINT('Origin',(-10.,1.2735,-2.5));
#9320=CARTESIAN_POINT('',(-10.5,1.2735,-2.));
#9321=CARTESIAN_POINT('Origin',(90.463,-10.5,-2.));
#9322=CARTESIAN_POINT('',(91.463,-9.5,-2.));
#9323=CARTESIAN_POINT('',(91.463,-9.5,-2.));
#9324=CARTESIAN_POINT('',(90.463,-10.5,-2.));
#9325=CARTESIAN_POINT('',(90.463,-10.5,-2.));
#9326=CARTESIAN_POINT('',(90.463,-9.5,-3.));
#9327=CARTESIAN_POINT('Origin',(90.963,-10.,0.));
#9328=CARTESIAN_POINT('',(91.463,-9.5,9.));
#9329=CARTESIAN_POINT('',(90.463,-10.5,9.));
#9330=CARTESIAN_POINT('',(86.498125,-14.464875,9.));
#9331=CARTESIAN_POINT('',(90.463,-10.5,0.));
#9332=CARTESIAN_POINT('',(91.463,-9.5,0.));
#9333=CARTESIAN_POINT('Origin',(65.972,-10.,-2.5));
#9334=CARTESIAN_POINT('',(65.972,-10.5,-2.));
#9335=CARTESIAN_POINT('Origin',(82.463,55.744,-2.));
#9336=CARTESIAN_POINT('',(81.463,54.744,-2.));
#9337=CARTESIAN_POINT('',(81.463,54.744,-2.));
#9338=CARTESIAN_POINT('',(82.463,55.744,-2.));
#9339=CARTESIAN_POINT('',(82.463,55.744,-2.));
#9340=CARTESIAN_POINT('',(82.463,54.744,-3.));
#9341=CARTESIAN_POINT('Origin',(81.963,55.244,0.));
#9342=CARTESIAN_POINT('',(81.463,54.744,9.));
#9343=CARTESIAN_POINT('',(82.463,55.744,9.));
#9344=CARTESIAN_POINT('',(63.437125,36.718125,9.));
#9345=CARTESIAN_POINT('',(82.463,55.744,0.));
#9346=CARTESIAN_POINT('',(81.463,54.744,0.));
#9347=CARTESIAN_POINT('Origin',(91.463,54.744,-2.));
#9348=CARTESIAN_POINT('',(90.463,55.744,-2.));
#9349=CARTESIAN_POINT('',(90.463,55.744,-2.));
#9350=CARTESIAN_POINT('',(91.463,54.744,-2.));
#9351=CARTESIAN_POINT('',(91.463,54.744,-2.));
#9352=CARTESIAN_POINT('',(90.463,54.744,-3.));
#9353=CARTESIAN_POINT('Origin',(90.963,55.244,0.));
#9354=CARTESIAN_POINT('',(90.463,55.744,9.));
#9355=CARTESIAN_POINT('',(91.463,54.744,9.));
#9356=CARTESIAN_POINT('',(86.4981249999998,59.7088750000001,9.));
#9357=CARTESIAN_POINT('',(91.463,54.744,0.));
#9358=CARTESIAN_POINT('',(90.463,55.744,0.));
#9359=CARTESIAN_POINT('Origin',(90.963,34.3955,-2.5));
#9360=CARTESIAN_POINT('',(91.463,34.3955,-2.));
#9361=CARTESIAN_POINT('Origin',(60.972,55.244,-2.5));
#9362=CARTESIAN_POINT('',(60.972,55.744,-2.));
#9363=CARTESIAN_POINT('Origin',(81.963,18.8955,-2.5));
#9364=CARTESIAN_POINT('',(81.463,24.744,-2.));
#9365=CARTESIAN_POINT('',(81.463,18.8955,-2.));
#9366=CARTESIAN_POINT('',(82.463,23.744,-3.));
#9367=CARTESIAN_POINT('Origin',(42.8905,24.244,-2.5));
#9368=CARTESIAN_POINT('',(45.3,24.744,-2.));
#9369=CARTESIAN_POINT('',(42.8905,24.744,-2.));
#9370=CARTESIAN_POINT('',(44.3,23.744,-3.));
#9371=CARTESIAN_POINT('Origin',(44.8,34.3955,-2.5));
#9372=CARTESIAN_POINT('',(45.3,34.3955,-2.));
#9373=CARTESIAN_POINT('Origin',(-10.5,-10.5,0.));
#9374=CARTESIAN_POINT('',(-10.5,55.744,9.));
#9375=CARTESIAN_POINT('Origin',(91.463,-10.5,0.));
#9376=CARTESIAN_POINT('',(-10.5,-10.5,9.));
#9377=CARTESIAN_POINT('Origin',(91.463,55.744,0.));
#9378=CARTESIAN_POINT('',(91.463,-10.5,9.));
#9379=CARTESIAN_POINT('Origin',(40.4815,22.622,9.));
#9380=CARTESIAN_POINT('',(91.463,55.744,9.));
#9381=CARTESIAN_POINT('',(81.463,-0.499999999999998,9.));
#9382=CARTESIAN_POINT('',(81.463,45.744,9.));
#9383=CARTESIAN_POINT('',(-0.500000000000007,-0.499999999999998,9.));
#9384=CARTESIAN_POINT('',(-0.5,-0.5,9.));
#9385=CARTESIAN_POINT('',(-0.500000000000007,45.744,9.));
#9386=CARTESIAN_POINT('',(-0.500000000000007,45.744,9.));
#9387=CARTESIAN_POINT('',(45.3,45.744,9.));
#9388=CARTESIAN_POINT('',(45.3,45.744,9.));
#9389=CARTESIAN_POINT('',(45.3,55.744,9.));
#9390=CARTESIAN_POINT('',(45.3,55.744,9.));
#9391=CARTESIAN_POINT('',(-7.20000000000001,50.744,9.));
#9392=CARTESIAN_POINT('Origin',(-5.5,50.744,9.));
#9393=CARTESIAN_POINT('',(-7.20000000000001,-5.5,9.));
#9394=CARTESIAN_POINT('Origin',(-5.5,-5.5,9.));
#9395=CARTESIAN_POINT('',(84.7616681698284,-5.48776723163215,9.));
#9396=CARTESIAN_POINT('Origin',(86.4616681698284,-5.48776723163215,9.));
#9397=CARTESIAN_POINT('',(84.7616681698284,50.7317672316321,9.));
#9398=CARTESIAN_POINT('Origin',(86.4616681698284,50.7317672316321,9.));
#9399=CARTESIAN_POINT('Origin',(40.481,13.047,-3.));
#9400=CARTESIAN_POINT('Origin',(-5.5,50.744,0.));
#9401=CARTESIAN_POINT('',(-7.2,50.744,0.));
#9402=CARTESIAN_POINT('',(-7.2,50.744,0.));
#9403=CARTESIAN_POINT('Origin',(-5.5,50.744,0.));
#9404=CARTESIAN_POINT('Origin',(-5.5,-5.5,0.));
#9405=CARTESIAN_POINT('',(-7.2,-5.5,0.));
#9406=CARTESIAN_POINT('',(-7.2,-5.5,0.));
#9407=CARTESIAN_POINT('Origin',(-5.5,-5.5,0.));
#9408=CARTESIAN_POINT('Origin',(86.4616681698284,-5.48776723163215,0.));
#9409=CARTESIAN_POINT('',(84.7616681698284,-5.48776723163215,0.));
#9410=CARTESIAN_POINT('',(84.7616681698284,-5.48776723163215,0.));
#9411=CARTESIAN_POINT('Origin',(86.4616681698284,-5.48776723163215,0.));
#9412=CARTESIAN_POINT('Origin',(86.4616681698284,50.7317672316321,0.));
#9413=CARTESIAN_POINT('',(84.7616681698284,50.7317672316321,0.));
#9414=CARTESIAN_POINT('',(84.7616681698284,50.7317672316321,0.));
#9415=CARTESIAN_POINT('Origin',(86.4616681698284,50.7317672316321,0.));
#9416=CARTESIAN_POINT('Origin',(-0.500000000000007,45.744,0.));
#9417=CARTESIAN_POINT('',(45.3,45.744,0.));
#9418=CARTESIAN_POINT('',(-0.500000000000007,45.744,0.));
#9419=CARTESIAN_POINT('',(19.9905,45.744,0.));
#9420=CARTESIAN_POINT('',(45.3,45.744,0.));
#9421=CARTESIAN_POINT('',(-0.500000000000007,45.744,0.));
#9422=CARTESIAN_POINT('Origin',(-0.5,-0.499999999999998,0.));
#9423=CARTESIAN_POINT('',(-0.5,-0.499999999999998,0.));
#9424=CARTESIAN_POINT('',(-0.499999999999998,6.2735,0.));
#9425=CARTESIAN_POINT('',(-0.5,-0.499999999999998,0.));
#9426=CARTESIAN_POINT('Origin',(81.463,-0.5,0.));
#9427=CARTESIAN_POINT('',(81.463,-0.5,0.));
#9428=CARTESIAN_POINT('',(60.972,-0.5,0.));
#9429=CARTESIAN_POINT('',(81.463,-0.5,0.));
#9430=CARTESIAN_POINT('Origin',(40.481,13.047,0.));
#9431=CARTESIAN_POINT('Origin',(40.481,13.047,0.));
#9432=CARTESIAN_POINT('Origin',(40.481,13.047,0.));
#9433=CARTESIAN_POINT('Origin',(40.481,13.047,0.));
#9434=CARTESIAN_POINT('Origin',(-10.5,55.744,0.));
#9435=CARTESIAN_POINT('Origin',(81.463,55.744,0.));
#9436=CARTESIAN_POINT('Origin',(81.463,24.744,0.));
#9437=CARTESIAN_POINT('',(81.463,24.744,0.));
#9438=CARTESIAN_POINT('',(81.463,24.744,0.));
#9439=CARTESIAN_POINT('',(81.463,34.3955,0.));
#9440=CARTESIAN_POINT('Origin',(45.3,24.744,0.));
#9441=CARTESIAN_POINT('',(45.3,24.744,0.));
#9442=CARTESIAN_POINT('',(45.3,24.744,0.));
#9443=CARTESIAN_POINT('',(80.963,24.744,0.));
#9444=CARTESIAN_POINT('Origin',(45.3,55.744,0.));
#9445=CARTESIAN_POINT('',(45.3,55.744,0.));
#9446=CARTESIAN_POINT('Origin',(40.481,13.047,0.));
#9447=CARTESIAN_POINT('Origin',(40.8,27.97,13.));
#9448=CARTESIAN_POINT('',(41.3,28.47,13.));
#9449=CARTESIAN_POINT('',(40.3,27.47,13.));
#9450=CARTESIAN_POINT('',(39.383375,26.553375,13.));
#9451=CARTESIAN_POINT('',(40.3,27.47,14.5));
#9452=CARTESIAN_POINT('',(40.3,27.47,13.));
#9453=CARTESIAN_POINT('',(41.3,28.47,14.5));
#9454=CARTESIAN_POINT('',(39.383375,26.553375,14.5));
#9455=CARTESIAN_POINT('',(41.3,28.47,13.));
#9456=CARTESIAN_POINT('Origin',(41.3,27.47,13.));
#9457=CARTESIAN_POINT('',(6.,27.47,13.));
#9458=CARTESIAN_POINT('',(41.3,27.47,13.));
#9459=CARTESIAN_POINT('',(6.,27.47,14.5));
#9460=CARTESIAN_POINT('',(6.,27.47,13.));
#9461=CARTESIAN_POINT('',(41.3,27.47,14.5));
#9462=CARTESIAN_POINT('Origin',(5.5,27.97,13.));
#9463=CARTESIAN_POINT('',(5.,28.47,13.));
#9464=CARTESIAN_POINT('',(15.582375,17.887625,13.));
#9465=CARTESIAN_POINT('',(5.,28.47,14.5));
#9466=CARTESIAN_POINT('',(5.,28.47,13.));
#9467=CARTESIAN_POINT('',(15.582375,17.887625,14.5));
#9468=CARTESIAN_POINT('Origin',(5.,27.47,13.));
#9469=CARTESIAN_POINT('',(5.,39.47,13.));
#9470=CARTESIAN_POINT('',(5.,27.47,13.));
#9471=CARTESIAN_POINT('',(5.,39.47,14.5));
#9472=CARTESIAN_POINT('',(5.,39.47,13.));
#9473=CARTESIAN_POINT('',(5.,27.47,14.5));
#9474=CARTESIAN_POINT('Origin',(5.5,39.97,13.));
#9475=CARTESIAN_POINT('',(6.,40.47,13.));
#9476=CARTESIAN_POINT('',(9.908375,44.378375,13.));
#9477=CARTESIAN_POINT('',(6.,40.47,14.5));
#9478=CARTESIAN_POINT('',(6.,40.47,13.));
#9479=CARTESIAN_POINT('',(9.908375,44.378375,14.5));
#9480=CARTESIAN_POINT('Origin',(5.,40.47,13.));
#9481=CARTESIAN_POINT('',(40.3,40.47,13.));
#9482=CARTESIAN_POINT('',(5.,40.47,13.));
#9483=CARTESIAN_POINT('',(40.3,40.47,14.5));
#9484=CARTESIAN_POINT('',(40.3,40.47,13.));
#9485=CARTESIAN_POINT('',(5.,40.47,14.5));
#9486=CARTESIAN_POINT('Origin',(40.8,39.97,13.));
#9487=CARTESIAN_POINT('',(41.3,39.47,13.));
#9488=CARTESIAN_POINT('',(45.057375,35.712625,13.));
#9489=CARTESIAN_POINT('',(41.3,39.47,14.5));
#9490=CARTESIAN_POINT('',(41.3,39.47,13.));
#9491=CARTESIAN_POINT('',(45.057375,35.712625,14.5));
#9492=CARTESIAN_POINT('Origin',(41.3,40.47,13.));
#9493=CARTESIAN_POINT('',(41.3,40.47,14.5));
#9494=CARTESIAN_POINT('',(41.3,40.47,13.));
#9495=CARTESIAN_POINT('Origin',(-10.,-10.,13.));
#9496=CARTESIAN_POINT('',(-9.5,-10.5,14.5));
#9497=CARTESIAN_POINT('',(-10.5,-9.5,14.5));
#9498=CARTESIAN_POINT('',(-5.53512500000004,-14.464875,14.5));
#9499=CARTESIAN_POINT('',(-10.5,-9.5,13.));
#9500=CARTESIAN_POINT('',(-10.5,-9.5,13.));
#9501=CARTESIAN_POINT('',(-9.5,-10.5,13.));
#9502=CARTESIAN_POINT('',(-5.53512500000004,-14.464875,13.));
#9503=CARTESIAN_POINT('',(-9.5,-10.5,13.));
#9504=CARTESIAN_POINT('Origin',(40.4815,22.622,13.));
#9505=CARTESIAN_POINT('',(-10.5,54.744,13.));
#9506=CARTESIAN_POINT('',(-10.5,55.744,13.));
#9507=CARTESIAN_POINT('',(-9.50000000000001,55.744,13.));
#9508=CARTESIAN_POINT('',(-5.53512499999998,59.708875,13.));
#9509=CARTESIAN_POINT('',(44.3,55.744,13.));
#9510=CARTESIAN_POINT('',(45.3,55.744,13.));
#9511=CARTESIAN_POINT('',(45.3,54.744,13.));
#9512=CARTESIAN_POINT('',(51.875875,48.168125,13.));
#9513=CARTESIAN_POINT('',(45.3,25.744,13.));
#9514=CARTESIAN_POINT('',(45.3,45.744,13.));
#9515=CARTESIAN_POINT('',(46.3,24.744,13.));
#9516=CARTESIAN_POINT('',(45.125875,25.918125,13.));
#9517=CARTESIAN_POINT('',(80.463,24.744,13.));
#9518=CARTESIAN_POINT('',(80.963,24.744,13.));
#9519=CARTESIAN_POINT('',(81.463,25.744,13.));
#9520=CARTESIAN_POINT('',(70.1871249999999,14.468125,13.));
#9521=CARTESIAN_POINT('',(81.463,54.744,13.));
#9522=CARTESIAN_POINT('',(81.463,45.744,13.));
#9523=CARTESIAN_POINT('',(82.463,55.744,13.));
#9524=CARTESIAN_POINT('',(63.437125,36.718125,13.));
#9525=CARTESIAN_POINT('',(90.463,55.744,13.));
#9526=CARTESIAN_POINT('',(91.463,55.744,13.));
#9527=CARTESIAN_POINT('',(91.463,54.744,13.));
#9528=CARTESIAN_POINT('',(86.4981249999998,59.7088750000001,13.));
#9529=CARTESIAN_POINT('',(91.463,-9.5,13.));
#9530=CARTESIAN_POINT('',(91.463,-10.5,13.));
#9531=CARTESIAN_POINT('',(90.463,-10.5,13.));
#9532=CARTESIAN_POINT('',(86.498125,-14.464875,13.));
#9533=CARTESIAN_POINT('',(-10.5,-10.5,13.));
#9534=CARTESIAN_POINT('',(84.7616681698284,-5.48776723163215,13.));
#9535=CARTESIAN_POINT('Origin',(86.4616681698284,-5.48776723163215,13.));
#9536=CARTESIAN_POINT('',(62.056,19.547,13.));
#9537=CARTESIAN_POINT('',(62.556,20.047,13.));
#9538=CARTESIAN_POINT('Origin',(62.556,19.547,13.));
#9539=CARTESIAN_POINT('',(62.056,6.547,13.));
#9540=CARTESIAN_POINT('',(62.056,19.547,13.));
#9541=CARTESIAN_POINT('',(62.556,6.047,13.));
#9542=CARTESIAN_POINT('Origin',(62.556,6.547,13.));
#9543=CARTESIAN_POINT('',(75.556,6.047,13.));
#9544=CARTESIAN_POINT('',(62.556,6.047,13.));
#9545=CARTESIAN_POINT('',(76.056,6.547,13.));
#9546=CARTESIAN_POINT('Origin',(75.556,6.547,13.));
#9547=CARTESIAN_POINT('',(76.056,19.547,13.));
#9548=CARTESIAN_POINT('',(76.056,19.547,13.));
#9549=CARTESIAN_POINT('',(75.556,20.047,13.));
#9550=CARTESIAN_POINT('Origin',(75.556,19.547,13.));
#9551=CARTESIAN_POINT('',(62.556,20.047,13.));
#9552=CARTESIAN_POINT('',(23.956,19.547,13.));
#9553=CARTESIAN_POINT('',(24.456,20.047,13.));
#9554=CARTESIAN_POINT('Origin',(24.456,19.547,13.));
#9555=CARTESIAN_POINT('',(23.956,6.547,13.));
#9556=CARTESIAN_POINT('',(23.956,19.547,13.));
#9557=CARTESIAN_POINT('',(24.456,6.047,13.));
#9558=CARTESIAN_POINT('Origin',(24.456,6.547,13.));
#9559=CARTESIAN_POINT('',(37.456,6.047,13.));
#9560=CARTESIAN_POINT('',(24.456,6.047,13.));
#9561=CARTESIAN_POINT('',(37.956,6.547,13.));
#9562=CARTESIAN_POINT('Origin',(37.456,6.547,13.));
#9563=CARTESIAN_POINT('',(37.956,19.547,13.));
#9564=CARTESIAN_POINT('',(37.956,19.547,13.));
#9565=CARTESIAN_POINT('',(37.456,20.047,13.));
#9566=CARTESIAN_POINT('Origin',(37.456,19.547,13.));
#9567=CARTESIAN_POINT('',(24.456,20.047,13.));
#9568=CARTESIAN_POINT('',(-7.2,50.744,13.));
#9569=CARTESIAN_POINT('Origin',(-5.5,50.744,13.));
#9570=CARTESIAN_POINT('',(-7.2,-5.5,13.));
#9571=CARTESIAN_POINT('Origin',(-5.5,-5.5,13.));
#9572=CARTESIAN_POINT('',(4.906,19.547,13.));
#9573=CARTESIAN_POINT('',(5.406,20.047,13.));
#9574=CARTESIAN_POINT('Origin',(5.406,19.547,13.));
#9575=CARTESIAN_POINT('',(4.906,6.547,13.));
#9576=CARTESIAN_POINT('',(4.906,19.547,13.));
#9577=CARTESIAN_POINT('',(5.406,6.047,13.));
#9578=CARTESIAN_POINT('Origin',(5.406,6.547,13.));
#9579=CARTESIAN_POINT('',(18.406,6.047,13.));
#9580=CARTESIAN_POINT('',(5.406,6.047,13.));
#9581=CARTESIAN_POINT('',(18.906,6.547,13.));
#9582=CARTESIAN_POINT('Origin',(18.406,6.547,13.));
#9583=CARTESIAN_POINT('',(18.906,19.547,13.));
#9584=CARTESIAN_POINT('',(18.906,19.547,13.));
#9585=CARTESIAN_POINT('',(18.406,20.047,13.));
#9586=CARTESIAN_POINT('Origin',(18.406,19.547,13.));
#9587=CARTESIAN_POINT('',(5.406,20.047,13.));
#9588=CARTESIAN_POINT('',(84.7616681698284,50.7317672316321,13.));
#9589=CARTESIAN_POINT('Origin',(86.4616681698284,50.7317672316321,13.));
#9590=CARTESIAN_POINT('',(43.006,6.547,13.));
#9591=CARTESIAN_POINT('',(43.006,19.547,13.));
#9592=CARTESIAN_POINT('',(43.006,19.547,13.));
#9593=CARTESIAN_POINT('',(43.506,6.047,13.));
#9594=CARTESIAN_POINT('Origin',(43.506,6.547,13.));
#9595=CARTESIAN_POINT('',(56.506,6.047,13.));
#9596=CARTESIAN_POINT('',(43.506,6.047,13.));
#9597=CARTESIAN_POINT('',(57.006,6.547,13.));
#9598=CARTESIAN_POINT('Origin',(56.506,6.547,13.));
#9599=CARTESIAN_POINT('',(57.006,19.547,13.));
#9600=CARTESIAN_POINT('',(57.006,19.547,13.));
#9601=CARTESIAN_POINT('',(56.506,20.047,13.));
#9602=CARTESIAN_POINT('Origin',(56.506,19.547,13.));
#9603=CARTESIAN_POINT('',(43.506,20.047,13.));
#9604=CARTESIAN_POINT('',(43.506,20.047,13.));
#9605=CARTESIAN_POINT('Origin',(43.506,19.547,13.));
#9606=CARTESIAN_POINT('Origin',(-10.5,55.744,13.));
#9607=CARTESIAN_POINT('',(-10.5,54.744,14.5));
#9608=CARTESIAN_POINT('',(-10.5,55.744,14.5));
#9609=CARTESIAN_POINT('',(-10.5,54.744,13.));
#9610=CARTESIAN_POINT('Origin',(-10.,55.244,13.));
#9611=CARTESIAN_POINT('',(-9.50000000000001,55.744,14.5));
#9612=CARTESIAN_POINT('',(-5.53512499999998,59.708875,14.5));
#9613=CARTESIAN_POINT('',(-9.50000000000001,55.744,13.));
#9614=CARTESIAN_POINT('Origin',(44.8,55.244,13.));
#9615=CARTESIAN_POINT('',(44.3,55.744,14.5));
#9616=CARTESIAN_POINT('',(45.3,54.744,14.5));
#9617=CARTESIAN_POINT('',(51.875875,48.168125,14.5));
#9618=CARTESIAN_POINT('',(45.3,54.744,13.));
#9619=CARTESIAN_POINT('',(44.3,55.744,13.));
#9620=CARTESIAN_POINT('Origin',(45.3,24.744,13.));
#9621=CARTESIAN_POINT('',(45.3,25.744,14.5));
#9622=CARTESIAN_POINT('',(45.3,45.744,14.5));
#9623=CARTESIAN_POINT('',(45.3,25.744,13.));
#9624=CARTESIAN_POINT('Origin',(45.8,25.244,13.));
#9625=CARTESIAN_POINT('',(46.3,24.744,14.5));
#9626=CARTESIAN_POINT('',(45.125875,25.918125,14.5));
#9627=CARTESIAN_POINT('',(46.3,24.744,13.));
#9628=CARTESIAN_POINT('Origin',(90.963,-10.,13.));
#9629=CARTESIAN_POINT('',(91.463,-9.5,14.5));
#9630=CARTESIAN_POINT('',(90.463,-10.5,14.5));
#9631=CARTESIAN_POINT('',(86.498125,-14.464875,14.5));
#9632=CARTESIAN_POINT('',(90.463,-10.5,13.));
#9633=CARTESIAN_POINT('',(91.463,-9.5,13.));
#9634=CARTESIAN_POINT('Origin',(91.463,-10.5,13.));
#9635=CARTESIAN_POINT('',(91.463,54.744,14.5));
#9636=CARTESIAN_POINT('',(91.463,54.744,13.));
#9637=CARTESIAN_POINT('',(91.463,-10.5,14.5));
#9638=CARTESIAN_POINT('Origin',(90.963,55.244,13.));
#9639=CARTESIAN_POINT('',(90.463,55.744,14.5));
#9640=CARTESIAN_POINT('',(86.4981249999998,59.7088750000001,14.5));
#9641=CARTESIAN_POINT('',(90.463,55.744,13.));
#9642=CARTESIAN_POINT('Origin',(91.463,55.744,13.));
#9643=CARTESIAN_POINT('',(82.463,55.744,14.5));
#9644=CARTESIAN_POINT('',(82.463,55.744,13.));
#9645=CARTESIAN_POINT('',(91.463,55.744,14.5));
#9646=CARTESIAN_POINT('Origin',(81.963,55.244,13.));
#9647=CARTESIAN_POINT('',(81.463,54.744,14.5));
#9648=CARTESIAN_POINT('',(63.437125,36.718125,14.5));
#9649=CARTESIAN_POINT('',(81.463,54.744,13.));
#9650=CARTESIAN_POINT('Origin',(80.963,25.244,13.));
#9651=CARTESIAN_POINT('',(80.463,24.744,14.5));
#9652=CARTESIAN_POINT('',(80.463,24.744,13.));
#9653=CARTESIAN_POINT('',(81.463,25.744,14.5));
#9654=CARTESIAN_POINT('',(70.1871249999999,14.468125,14.5));
#9655=CARTESIAN_POINT('',(81.463,25.744,13.));
#9656=CARTESIAN_POINT('Origin',(81.463,24.744,13.));
#9657=CARTESIAN_POINT('',(80.963,24.744,14.5));
#9658=CARTESIAN_POINT('Origin',(43.506,6.547,13.));
#9659=CARTESIAN_POINT('',(43.006,6.547,14.5));
#9660=CARTESIAN_POINT('',(43.006,6.547,13.));
#9661=CARTESIAN_POINT('',(43.506,6.047,14.5));
#9662=CARTESIAN_POINT('Origin',(43.506,6.547,14.5));
#9663=CARTESIAN_POINT('',(43.506,6.047,13.));
#9664=CARTESIAN_POINT('Origin',(56.506,6.047,13.));
#9665=CARTESIAN_POINT('',(56.506,6.047,14.5));
#9666=CARTESIAN_POINT('',(43.506,6.047,14.5));
#9667=CARTESIAN_POINT('',(56.506,6.047,13.));
#9668=CARTESIAN_POINT('Origin',(56.506,6.547,13.));
#9669=CARTESIAN_POINT('',(57.006,6.547,14.5));
#9670=CARTESIAN_POINT('Origin',(56.506,6.547,14.5));
#9671=CARTESIAN_POINT('',(57.006,6.547,13.));
#9672=CARTESIAN_POINT('Origin',(57.006,19.547,13.));
#9673=CARTESIAN_POINT('',(57.006,19.547,14.5));
#9674=CARTESIAN_POINT('',(57.006,19.547,14.5));
#9675=CARTESIAN_POINT('',(57.006,19.547,13.));
#9676=CARTESIAN_POINT('Origin',(56.506,19.547,13.));
#9677=CARTESIAN_POINT('',(56.506,20.047,14.5));
#9678=CARTESIAN_POINT('Origin',(56.506,19.547,14.5));
#9679=CARTESIAN_POINT('',(56.506,20.047,13.));
#9680=CARTESIAN_POINT('Origin',(43.506,20.047,13.));
#9681=CARTESIAN_POINT('',(43.506,20.047,14.5));
#9682=CARTESIAN_POINT('',(43.506,20.047,14.5));
#9683=CARTESIAN_POINT('',(43.506,20.047,13.));
#9684=CARTESIAN_POINT('Origin',(43.506,19.547,13.));
#9685=CARTESIAN_POINT('',(43.006,19.547,14.5));
#9686=CARTESIAN_POINT('Origin',(43.506,19.547,14.5));
#9687=CARTESIAN_POINT('',(43.006,19.547,13.));
#9688=CARTESIAN_POINT('Origin',(43.006,6.547,13.));
#9689=CARTESIAN_POINT('',(43.006,19.547,14.5));
#9690=CARTESIAN_POINT('Origin',(86.4616681698284,50.7317672316321,13.));
#9691=CARTESIAN_POINT('',(84.7616681698284,50.7317672316321,14.5));
#9692=CARTESIAN_POINT('Origin',(86.4616681698284,50.7317672316321,14.5));
#9693=CARTESIAN_POINT('',(84.7616681698284,50.7317672316321,13.));
#9694=CARTESIAN_POINT('Origin',(4.906,6.547,13.));
#9695=CARTESIAN_POINT('',(4.906,19.547,14.5));
#9696=CARTESIAN_POINT('',(4.906,19.547,13.));
#9697=CARTESIAN_POINT('',(4.906,6.547,14.5));
#9698=CARTESIAN_POINT('',(4.906,19.547,14.5));
#9699=CARTESIAN_POINT('',(4.906,6.547,13.));
#9700=CARTESIAN_POINT('Origin',(5.406,6.547,13.));
#9701=CARTESIAN_POINT('',(5.406,6.047,14.5));
#9702=CARTESIAN_POINT('Origin',(5.406,6.547,14.5));
#9703=CARTESIAN_POINT('',(5.406,6.047,13.));
#9704=CARTESIAN_POINT('Origin',(18.406,6.047,13.));
#9705=CARTESIAN_POINT('',(18.406,6.047,14.5));
#9706=CARTESIAN_POINT('',(5.406,6.047,14.5));
#9707=CARTESIAN_POINT('',(18.406,6.047,13.));
#9708=CARTESIAN_POINT('Origin',(18.406,6.547,13.));
#9709=CARTESIAN_POINT('',(18.906,6.547,14.5));
#9710=CARTESIAN_POINT('Origin',(18.406,6.547,14.5));
#9711=CARTESIAN_POINT('',(18.906,6.547,13.));
#9712=CARTESIAN_POINT('Origin',(18.906,19.547,13.));
#9713=CARTESIAN_POINT('',(18.906,19.547,14.5));
#9714=CARTESIAN_POINT('',(18.906,19.547,14.5));
#9715=CARTESIAN_POINT('',(18.906,19.547,13.));
#9716=CARTESIAN_POINT('Origin',(18.406,19.547,13.));
#9717=CARTESIAN_POINT('',(18.406,20.047,14.5));
#9718=CARTESIAN_POINT('Origin',(18.406,19.547,14.5));
#9719=CARTESIAN_POINT('',(18.406,20.047,13.));
#9720=CARTESIAN_POINT('Origin',(5.406,20.047,13.));
#9721=CARTESIAN_POINT('',(5.406,20.047,14.5));
#9722=CARTESIAN_POINT('',(5.406,20.047,14.5));
#9723=CARTESIAN_POINT('',(5.406,20.047,13.));
#9724=CARTESIAN_POINT('Origin',(5.406,19.547,13.));
#9725=CARTESIAN_POINT('Origin',(5.406,19.547,14.5));
#9726=CARTESIAN_POINT('Origin',(-5.5,-5.5,13.));
#9727=CARTESIAN_POINT('',(-7.2,-5.5,14.5));
#9728=CARTESIAN_POINT('Origin',(-5.5,-5.5,14.5));
#9729=CARTESIAN_POINT('',(-7.2,-5.5,13.));
#9730=CARTESIAN_POINT('Origin',(-5.5,50.744,13.));
#9731=CARTESIAN_POINT('',(-7.2,50.744,14.5));
#9732=CARTESIAN_POINT('Origin',(-5.5,50.744,14.5));
#9733=CARTESIAN_POINT('',(-7.2,50.744,13.));
#9734=CARTESIAN_POINT('Origin',(23.956,6.547,13.));
#9735=CARTESIAN_POINT('',(23.956,19.547,14.5));
#9736=CARTESIAN_POINT('',(23.956,19.547,13.));
#9737=CARTESIAN_POINT('',(23.956,6.547,14.5));
#9738=CARTESIAN_POINT('',(23.956,19.547,14.5));
#9739=CARTESIAN_POINT('',(23.956,6.547,13.));
#9740=CARTESIAN_POINT('Origin',(24.456,6.547,13.));
#9741=CARTESIAN_POINT('',(24.456,6.047,14.5));
#9742=CARTESIAN_POINT('Origin',(24.456,6.547,14.5));
#9743=CARTESIAN_POINT('',(24.456,6.047,13.));
#9744=CARTESIAN_POINT('Origin',(37.456,6.047,13.));
#9745=CARTESIAN_POINT('',(37.456,6.047,14.5));
#9746=CARTESIAN_POINT('',(24.456,6.047,14.5));
#9747=CARTESIAN_POINT('',(37.456,6.047,13.));
#9748=CARTESIAN_POINT('Origin',(37.456,6.547,13.));
#9749=CARTESIAN_POINT('',(37.956,6.547,14.5));
#9750=CARTESIAN_POINT('Origin',(37.456,6.547,14.5));
#9751=CARTESIAN_POINT('',(37.956,6.547,13.));
#9752=CARTESIAN_POINT('Origin',(37.956,19.547,13.));
#9753=CARTESIAN_POINT('',(37.956,19.547,14.5));
#9754=CARTESIAN_POINT('',(37.956,19.547,14.5));
#9755=CARTESIAN_POINT('',(37.956,19.547,13.));
#9756=CARTESIAN_POINT('Origin',(37.456,19.547,13.));
#9757=CARTESIAN_POINT('',(37.456,20.047,14.5));
#9758=CARTESIAN_POINT('Origin',(37.456,19.547,14.5));
#9759=CARTESIAN_POINT('',(37.456,20.047,13.));
#9760=CARTESIAN_POINT('Origin',(24.456,20.047,13.));
#9761=CARTESIAN_POINT('',(24.456,20.047,14.5));
#9762=CARTESIAN_POINT('',(24.456,20.047,14.5));
#9763=CARTESIAN_POINT('',(24.456,20.047,13.));
#9764=CARTESIAN_POINT('Origin',(24.456,19.547,13.));
#9765=CARTESIAN_POINT('Origin',(24.456,19.547,14.5));
#9766=CARTESIAN_POINT('Origin',(62.056,6.547,13.));
#9767=CARTESIAN_POINT('',(62.056,19.547,14.5));
#9768=CARTESIAN_POINT('',(62.056,19.547,13.));
#9769=CARTESIAN_POINT('',(62.056,6.547,14.5));
#9770=CARTESIAN_POINT('',(62.056,19.547,14.5));
#9771=CARTESIAN_POINT('',(62.056,6.547,13.));
#9772=CARTESIAN_POINT('Origin',(62.556,6.547,13.));
#9773=CARTESIAN_POINT('',(62.556,6.047,14.5));
#9774=CARTESIAN_POINT('Origin',(62.556,6.547,14.5));
#9775=CARTESIAN_POINT('',(62.556,6.047,13.));
#9776=CARTESIAN_POINT('Origin',(75.556,6.047,13.));
#9777=CARTESIAN_POINT('',(75.556,6.047,14.5));
#9778=CARTESIAN_POINT('',(62.556,6.047,14.5));
#9779=CARTESIAN_POINT('',(75.556,6.047,13.));
#9780=CARTESIAN_POINT('Origin',(75.556,6.547,13.));
#9781=CARTESIAN_POINT('',(76.056,6.547,14.5));
#9782=CARTESIAN_POINT('Origin',(75.556,6.547,14.5));
#9783=CARTESIAN_POINT('',(76.056,6.547,13.));
#9784=CARTESIAN_POINT('Origin',(76.056,19.547,13.));
#9785=CARTESIAN_POINT('',(76.056,19.547,14.5));
#9786=CARTESIAN_POINT('',(76.056,19.547,14.5));
#9787=CARTESIAN_POINT('',(76.056,19.547,13.));
#9788=CARTESIAN_POINT('Origin',(75.556,19.547,13.));
#9789=CARTESIAN_POINT('',(75.556,20.047,14.5));
#9790=CARTESIAN_POINT('Origin',(75.556,19.547,14.5));
#9791=CARTESIAN_POINT('',(75.556,20.047,13.));
#9792=CARTESIAN_POINT('Origin',(62.556,20.047,13.));
#9793=CARTESIAN_POINT('',(62.556,20.047,14.5));
#9794=CARTESIAN_POINT('',(62.556,20.047,14.5));
#9795=CARTESIAN_POINT('',(62.556,20.047,13.));
#9796=CARTESIAN_POINT('Origin',(62.556,19.547,13.));
#9797=CARTESIAN_POINT('Origin',(62.556,19.547,14.5));
#9798=CARTESIAN_POINT('Origin',(86.4616681698284,-5.48776723163215,13.));
#9799=CARTESIAN_POINT('',(84.7616681698284,-5.48776723163215,14.5));
#9800=CARTESIAN_POINT('Origin',(86.4616681698284,-5.48776723163215,14.5));
#9801=CARTESIAN_POINT('',(84.7616681698284,-5.48776723163215,13.));
#9802=CARTESIAN_POINT('Origin',(81.463,55.744,13.));
#9803=CARTESIAN_POINT('',(81.463,45.744,14.5));
#9804=CARTESIAN_POINT('Origin',(-10.5,-10.5,13.));
#9805=CARTESIAN_POINT('',(-10.5,-10.5,14.5));
#9806=CARTESIAN_POINT('Origin',(45.3,55.744,13.));
#9807=CARTESIAN_POINT('',(45.3,55.744,14.5));
#9808=CARTESIAN_POINT('Origin',(40.4815,22.622,14.5));
#9809=UNCERTAINTY_MEASURE_WITH_UNIT(LENGTH_MEASURE(0.01),#9813,
'DISTANCE_ACCURACY_VALUE',
'Maximum model space distance between geometric entities at asserted c
onnectivities');
#9810=UNCERTAINTY_MEASURE_WITH_UNIT(LENGTH_MEASURE(0.01),#9813,
'DISTANCE_ACCURACY_VALUE',
'Maximum model space distance between geometric entities at asserted c
onnectivities');
#9811=(
GEOMETRIC_REPRESENTATION_CONTEXT(3)
GLOBAL_UNCERTAINTY_ASSIGNED_CONTEXT((#9809))
GLOBAL_UNIT_ASSIGNED_CONTEXT((#9813,#9815,#9816))
REPRESENTATION_CONTEXT('','3D')
);
#9812=(
GEOMETRIC_REPRESENTATION_CONTEXT(3)
GLOBAL_UNCERTAINTY_ASSIGNED_CONTEXT((#9810))
GLOBAL_UNIT_ASSIGNED_CONTEXT((#9813,#9815,#9816))
REPRESENTATION_CONTEXT('','3D')
);
#9813=(
LENGTH_UNIT()
NAMED_UNIT(*)
SI_UNIT(.MILLI.,.METRE.)
);
#9814=(
LENGTH_UNIT()
NAMED_UNIT(*)
SI_UNIT($,.METRE.)
);
#9815=(
NAMED_UNIT(*)
PLANE_ANGLE_UNIT()
SI_UNIT($,.RADIAN.)
);
#9816=(
NAMED_UNIT(*)
SI_UNIT($,.STERADIAN.)
SOLID_ANGLE_UNIT()
);
#9817=SHAPE_DEFINITION_REPRESENTATION(#9818,#9819);
#9818=PRODUCT_DEFINITION_SHAPE('',$,#9821);
#9819=SHAPE_REPRESENTATION('',(#5141),#9811);
#9820=PRODUCT_DEFINITION_CONTEXT('part definition',#9825,'design');
#9821=PRODUCT_DEFINITION('osupad','osupad v1',#9822,#9820);
#9822=PRODUCT_DEFINITION_FORMATION('',$,#9827);
#9823=PRODUCT_RELATED_PRODUCT_CATEGORY('osupad v1','osupad v1',(#9827));
#9824=APPLICATION_PROTOCOL_DEFINITION('international standard',
'automotive_design',2009,#9825);
#9825=APPLICATION_CONTEXT(
'Core Data for Automotive Mechanical Design Process');
#9826=PRODUCT_CONTEXT('part definition',#9825,'mechanical');
#9827=PRODUCT('osupad','osupad v1',$,(#9826));
#9828=PRESENTATION_STYLE_ASSIGNMENT((#9829));
#9829=SURFACE_STYLE_USAGE(.BOTH.,#9830);
#9830=SURFACE_SIDE_STYLE('',(#9831));
#9831=SURFACE_STYLE_FILL_AREA(#9832);
#9832=FILL_AREA_STYLE('Steel - Satin',(#9833));
#9833=FILL_AREA_STYLE_COLOUR('Steel - Satin',#9834);
#9834=COLOUR_RGB('Steel - Satin',0.627450980392157,0.627450980392157,0.627450980392157);
ENDSEC;
END-ISO-10303-21;
